i,address,price,status,event,score,coc_6.75,dscr,novice,crime,drive_wb,drive_ec,flood,historic,why,note,url
w37,"321-323 Slack St, Steubenville, OH 43952",27500,ACTIVE (for sale),weekly sweep 2026-09-28 ENTRANT UNREVIEWED [pitt],109.2,113.7,7.09,YELLOW / photo C4; flood factor 1,C-,7.22,,1,,YELLOW -4; drive 7.22h tier B -0.5,"YELLOW: $27,500 with no condition statement, so heavy deferred maintenance is implied and every system needs an inspection, a sewer scope and written bids; the Sep 2025 'Sold $290,000' in the history is a portfolio transfer to verify; downtown Steubenville off State Route 7; 43952 crime C-",https://www.redfin.com/OH/Steubenville/321-Slack-St-43952/home/120109839
w38,"426 Washington Ave, Huntington, WV 25701",40000,ACTIVE (for sale),weekly sweep 2026-09-28 ENTRANT UNREVIEWED [pitt],79.9,84.9,5.54,YELLOW / photo n/a,D+,6.78,,,,YELLOW -4; crime D+ -0.5; drive 6.78h tier B -0.5,"UNVERIFIED: the Zillow detail page returned only navigation text on three fetches, so there is no photo, no remarks and no status detail; unit count, condition and legal status all unverified; graded YELLOW only so the row reaches Najum's review, not as a condition finding; 25701 crime D+",https://www.zillow.com/homedetails/426-Washington-Ave-Huntington-WV-25701/22402022_zpid/
w39,"313-315 Village St, Johnstown, PA 15902",42500,ACTIVE (for sale),weekly sweep 2026-09-28 ENTRANT UNREVIEWED [pitt],66.6,71.1,4.81,YELLOW / photo C4; flood factor 1,B-,5.56,,1,,YELLOW -4; drive 5.56h tier B -0.5,"YELLOW: documented updates (newer metal roof and 22 windows with transferable warranties, new front porch, updated panel on 315 only, partial bath remodel) but both units are vacant and the porch railing is unfinished in the photo, so finish scope and rent-up need bids; 15902 crime B-",https://www.redfin.com/PA/Johnstown/315-Village-St-15902/home/118315330
w41,"106-108 Messenger St, Johnstown, PA 15902",39000,ACTIVE (for sale),weekly sweep 2026-09-28 ENTRANT UNREVIEWED [pitt],54.6,59.1,4.17,YELLOW / photo C4; flood factor 1,B-,5.56,,1,,YELLOW -4; drive 5.56h tier B -0.5,"YELLOW: 'handyman special' sold strictly as-is; plumbing and heating repaired and utilities working per owner, some flooring and paint done; buyer must obtain the Johnstown sewer lateral certification; scope needs written bids; 15902 crime B-",https://www.redfin.com/PA/Johnstown/108-Messenger-St-15902/home/117992765
w43,"227 Munson Ave, Mc Kees Rocks, PA 15136",55800,ACTIVE (for sale),weekly sweep 2026-09-28 ENTRANT UNREVIEWED [pitt],52.3,57.8,4.09,YELLOW / photo C4; flood factor 9,C-,6.65,,9,,YELLOW -4; drive 6.65h tier B -0.5; flood 9 -1,"YELLOW: Redfin flood factor 9 (Chartiers Creek, McKees Rocks), which costs a score point and flood insurance; upstairs unit 'requires some work'; no gas service; roof 2016; 15136 crime C-",https://www.redfin.com/PA/Mc-Kees-Rocks/227-Munson-Ave-15136/home/74726770
w40,"713 Mcmillen St, Johnstown, PA 15902",24900,ACTIVE (for sale),weekly sweep 2026-09-28 ENTRANT UNREVIEWED [pitt],51.6,56.1,4.0,YELLOW / photo C4; flood factor 1,B-,5.56,,1,,YELLOW -4; drive 5.56h tier B -0.5,"YELLOW: pre-1980 with no renovation evidence, overgrown shrub over the porch; Redfin shows $1,666 a year of taxes on a $24,900 price (6.7%), which the rate-times-price tax line understates; 15902 crime B-",https://www.redfin.com/PA/Johnstown/713-McMillen-St-15902/home/118079489
w42,"822 Lamont St, Mc Kees Rocks, PA 15136",59000,ACTIVE (for sale),weekly sweep 2026-09-28 ENTRANT UNREVIEWED [pitt],51.4,55.9,3.99,YELLOW / photo C4; flood factor 1,C-,6.65,,1,,YELLOW -4; drive 6.65h tier B -0.5,"YELLOW: small cottage with a fallen fence section and yard debris in the photo, no condition statement; verify that the second unit is a permitted dwelling unit; last sale $7,000 in 2013; 15136 crime C-",https://www.redfin.com/PA/Mc-Kees-Rocks/822-Lamont-St-15136/home/74723907
w44,"1500 Grandview Ave, McKeesport, PA 15132",55000,ACTIVE (for sale),weekly sweep 2026-09-28 ENTRANT UNREVIEWED [pitt],50.0,55.5,3.97,YELLOW / photo C4,D,6.35,,,,YELLOW -4; crime D -1; drive 6.35h tier B -0.5,"YELLOW: roof shows moss and dark staining (age; an insurance issue under file 08), otherwise intact; verify the second-floor unit is a permitted unit; 15132 crime D",https://www.zillow.com/homedetails/1500-Grandview-Ave-McKeesport-PA-15132/11462872_zpid/
w45,"509 Transverse Ave, Pittsburgh, PA 15210",80000,ACTIVE (for sale),weekly sweep 2026-09-28 ENTRANT UNREVIEWED [pitt],46.9,51.4,3.75,YELLOW / photo C4; flood factor 1,C-,6.6,,1,,YELLOW -4; drive 6.6h tier B -0.5,"YELLOW: pre-1980 brick with no renovation evidence, tenanted, sold as-is; owner pays water and sewer; 15210 crime C-",https://www.redfin.com/PA/Pittsburgh/509-Transverse-Ave-15210/home/74590525
w46,"530/532 Woodside Ave, Cumberland, MD 21502",57000,ACTIVE (for sale),weekly sweep 2026-09-28 ENTRANT UNREVIEWED [pitt],45.8,51.3,3.74,YELLOW / photo C4,D,4.65,,,,YELLOW -4; crime D -1; drive 4.65h tier A -0.5; [MD flag: Renters' Rights and Stabilization Act 2024],"[Renters' Rights and Stabilization Act 2024: tenant right of first refusal on sale of rentals with three or fewer units] YELLOW: 'investor special', block foundation with a rough stoop, one upstairs window open, no interior evidence; Maryland right-of-first-refusal flag applies to a tenanted sale; 2",https://www.zillow.com/homedetails/530-532-Woodside-Ave-Cumberland-MD-21502/458974345_zpid/
w47,"509-511 Naylor Rd, Johnstown, PA 15906",79900,ACTIVE (status unverified),weekly sweep 2026-09-28 ENTRANT UNREVIEWED [pitt],39.7,40.2,3.15,GREEN-verify / photo C3,B-,5.7,,,,drive 5.7h tier B -0.5,"GREEN-verify: 'has been updated' with new doors, roof and landscaping visible; verify the update scope, oil-tank age and insurance; status shows UNKNOWN on Zillow (Redfin twin not fetched); 15906 crime B-",https://www.zillow.com/homedetails/509-511-Naylor-Rd-Johnstown-PA-15906/465108691_zpid/
w48,"604-606 Highland Ave, Johnstown, PA 15902",64999,ACTIVE (for sale),weekly sweep 2026-09-28 ENTRANT UNREVIEWED [pitt],37.4,41.9,3.24,YELLOW / photo C4; flood factor 1,B-,5.56,,1,,YELLOW -4; drive 5.56h tier B -0.5,"YELLOW: the vacant side 'needs repairs and renovation' of unstated scope, which must be bid before the due-diligence deadline; bought Jun 2025 for $12,500 and relisted after remodeling one side; 15902 crime B-",https://www.redfin.com/PA/Johnstown/604-606-Highland-Ave-15902/home/195271637
w60,"1992 Starr Ave, Toledo, OH 43605",74900,ACTIVE (for sale),weekly sweep 2026-09-28 ENTRANT UNREVIEWED [ohio],37.0,43.5,3.33,YELLOW / photo C3; flood factor 1,D-,9.94,,1,,YELLOW -4; crime D- -2; drive 9.94h tier C -0.5,YELLOW: C3 but built 1904 with no renovation documented (re-sided); rents not stated; unit count unverified (Redfin facts read as a 2bd/1ba single); went contingent in June and was relisted in August; same agent as 1996 Starr; East Toledo 43605 crime D-,https://www.redfin.com/OH/Toledo/1992-Starr-Ave-43605/home/122339124
w61,"1996 Starr Ave, Toledo, OH 43605",79900,ACTIVE (for sale),weekly sweep 2026-09-28 ENTRANT UNREVIEWED [ohio],32.7,39.2,3.1,YELLOW / photo C4,D-,9.94,,,,YELLOW -4; crime D- -2; drive 9.94h tier C -0.5,"YELLOW: the upper tenant is 'in the process of eviction', the lower unit rents for $650 a month and the owner pays all utilities (not separately metered); four price cuts since April; East Toledo 43605 crime D-",https://www.redfin.com/OH/Toledo/1996-Starr-Ave-43605/home/201261400
w10,"276 Harry L Dr Dr, Johnson City, NY 13790",100000,ACTIVE (for sale),weekly sweep 2026-09-28 ENTRANT UNREVIEWED [phila],32.3,36.8,2.97,YELLOW / photo C4; flood factor 1,C-,7.89,,1,,YELLOW -4; drive 7.89h tier B -0.5,"YELLOW: 1910 build with worn porch paint and older shingle siding, no renovation evidence; no RED item visible; the stated $2,750 rent (2.75% of price) looks high for two 2-bed units in Johnson City and needs leases; Redfin history shows a $185,000 sale on 1/29/2026 while listed at $119,900, which r",https://www.redfin.com/NY/Johnson-City/276-Harry-L-Dr-13790/home/114524447
w49,"708 Lookout Ave, Charleroi, PA 15022",70000,ACTIVE (for sale),weekly sweep 2026-09-28 ENTRANT UNREVIEWED [pitt],30.2,34.7,2.86,YELLOW / photo C4; flood factor 1,C+,6.19,,1,,YELLOW -4; drive 6.19h tier B -0.5,"YELLOW: the second unit is a basement apartment (verify legal egress and permits); heavy dark staining on the upper siding and an open upper window in the photo; flipped four times since 2019 ($5,000 to $60,000); 15022 crime C+",https://www.redfin.com/PA/Charleroi/708-Lookout-Ave-15022/home/70047629
w50,"806 Lynn St, Parkersburg, WV 26101",49900,ACTIVE (for sale),weekly sweep 2026-09-28 ENTRANT UNREVIEWED [pitt],29.8,34.3,2.84,YELLOW / photo C4,C-,7.05,,,,YELLOW -4; drive 7.05h tier B -0.5,"YELLOW: rusticated concrete-block 2-story, an upstairs window covered with cardboard or paper in the photo, metal awning; no interior evidence; tiny lot with no parking; 26101 crime C-",https://www.redfin.com/WV/Parkersburg/806-Lynn-St-26101/home/128570579
w54,"422 E Division St, New Castle, PA 16101",59500,ACTIVE (for sale),weekly sweep 2026-09-28 ENTRANT UNREVIEWED [pitt],29.3,33.8,2.81,YELLOW / photo C4; flood factor 1,B,7.18,,1,,YELLOW -4; drive 7.18h tier B -0.5,"YELLOW: no condition statement or renovation evidence, occupied and tidy in the photo; the Feb 2022 'Sold $804,000' is a portfolio transfer; 16101 crime B",https://www.redfin.com/PA/New-Castle/422-E-Division-St-16101/home/73596861
w12,"47 Lydia St, Binghamton, NY 13905",80000,ACTIVE (for sale),weekly sweep 2026-09-28 ENTRANT UNREVIEWED [phila],27.1,31.6,2.69,YELLOW / photo C4,C,7.86,,,,YELLOW -4; drive 7.86h tier B -0.5; [NY flag: Good Cause Eviction opted in 2025-04-02; rent increases above the lower of 10% or CPI + 5% presumptively unreasonable],"[Good Cause Eviction opted in 2025-04-02; rent increases above the lower of 10% or CPI + 5% presumptively unreasonable] YELLOW: 1900 build, no renovation evidence beyond vinyl siding and new brick steps, garage needs work; no RED item visible; Zillow listing so days on market and flood factor were n",https://www.zillow.com/homedetails/47-Lydia-St-Binghamton-NY-13905/29719019_zpid/
w56,"934 Ridge St, Mc Kees Rocks, PA 15136",89900,ACTIVE (for sale),weekly sweep 2026-09-28 ENTRANT UNREVIEWED [pitt],27.1,31.6,2.69,YELLOW / photo C4; flood factor 1,C-,6.65,,1,,YELLOW -4; drive 6.65h tier B -0.5,"YELLOW: peeling porch columns, worn wood stairs, no renovation evidence; cut from $115,000 to $89,900 over four months; 15136 crime C-",https://www.redfin.com/PA/Mc-Kees-Rocks/934-Ridge-Ave-15136/home/74723466
w55,"811 10th St, Mc Kees Rocks, PA 15136",89900,ACTIVE (for sale),weekly sweep 2026-09-28 ENTRANT UNREVIEWED [pitt],26.8,31.3,2.68,YELLOW / photo C4; flood factor 1,C-,6.65,,1,,YELLOW -4; drive 6.65h tier B -0.5,"YELLOW: aluminum siding streaked with rust and soot, old metal awning, rusted fence; cut from $107,000 to $89,900 over five months; 15136 crime C-",https://www.redfin.com/PA/Mc-Kees-Rocks/811-10th-St-15136/home/74723422
w53,"731 Lincoln Ave, Charleroi, PA 15022",75000,ACTIVE (for sale),weekly sweep 2026-09-28 ENTRANT UNREVIEWED [pitt],26.6,32.1,2.72,YELLOW / photo C4; flood factor 5,C+,6.19,,5,,YELLOW -4; drive 6.19h tier B -0.5; flood 5 -1,"YELLOW: Redfin flood factor 5 (score -1), pre-1980 with no renovation evidence, one unit vacant; 15022 crime C+",https://www.redfin.com/PA/Charleroi/731-Lincoln-Ave-15022/home/70047600
w57,"750 Quincy St, Parkersburg, WV 26101",70000,ACTIVE (for sale),weekly sweep 2026-09-28 ENTRANT UNREVIEWED [pitt],26.5,31.0,2.66,YELLOW / photo C4; flood factor 1,C-,7.05,,1,,YELLOW -4; drive 7.05h tier B -0.5,"YELLOW: porch roof fascia and trim deteriorating and vines on the walls in the photo, pre-1980 with partial updates; 26101 crime C-",https://www.redfin.com/WV/Parkersburg/750-Quincy-St-26101/home/128451048
w63,"11910 Chesterfield Ave, Cleveland, OH 44108",59900,ACTIVE (for sale),weekly sweep 2026-09-28 ENTRANT UNREVIEWED [ohio],25.4,32.9,2.76,YELLOW / photo C4; flood factor 1,F,8.57,,1,,YELLOW -4; crime F -3; drive 8.57h tier C -0.5,"YELLOW: 'Interior and exterior repairs and updates are needed', sold as-is, scope unstated; sold $105,900 in Sep 2021 and now $59,900; peeling porch ceiling and cracked steps; Cleveland 44108 crime F",https://www.redfin.com/OH/Cleveland/11910-Chesterfield-Ave-44108/home/70765944
w62,"1115 Lincoln Ave, Toledo, OH 43607",54900,ACTIVE (for sale),weekly sweep 2026-09-28 ENTRANT UNREVIEWED [ohio],23.8,31.3,2.67,YELLOW / photo C4; flood factor 1,F,10.06,,1,,YELLOW -4; crime F -3; drive 10.06h tier C -0.5,"YELLOW: estate sale 'sold as-is... priced for condition' with the scope unstated; peeling porch posts and a broken porch railing, part crawl space; three price cuts in 150 days; Toledo 43607 crime F; walk if the inspection finds more than cosmetic work",https://www.redfin.com/OH/Toledo/1115-Lincoln-Ave-43607/home/121742579
w51,"1300 Latrobe St, Parkersburg, WV 26101",68900,ACTIVE (for sale),weekly sweep 2026-09-28 ENTRANT UNREVIEWED [pitt],23.5,28.0,2.5,YELLOW / photo C4; flood factor 1,C-,7.05,,1,,YELLOW -4; drive 7.05h tier B -0.5,"YELLOW: heavy dark staining on the gable shingles, otherwise intact in the street-view capture; no interior evidence; 26101 crime C-",https://www.redfin.com/WV/Parkersburg/1300-Latrobe-St-26101/home/128102556
w66,"654 W Sylvania Ave, Toledo, OH 43612",90000,ACTIVE (for sale),weekly sweep 2026-09-28 ENTRANT UNREVIEWED [ohio],22.1,28.6,2.53,YELLOW / photo C3; flood factor 1,D-,10.04,,1,,YELLOW -4; crime D- -2; drive 10.04h tier C -0.5,"YELLOW with a Gate 3 flag: zoned IL Limited Industrial and the lower unit is a converted space, so a two-family classification must be shown before this counts as a duplex; two price cuts from $120,000; Toledo 43612 crime D-",https://www.redfin.com/OH/Toledo/654-W-Sylvania-Ave-43612/home/121669377
w11,"613 Walnut St, Elmira, NY 14901",69000,ACTIVE (for sale),weekly sweep 2026-09-28 ENTRANT UNREVIEWED [phila],21.4,26.9,2.44,YELLOW / photo C3; flood factor 1,D,7.84,,1,,YELLOW -4; crime D -1; drive 7.84h tier B -0.5,"YELLOW: 1900 build with no renovation evidence; the only exterior image carries an 'AI generated content' watermark, so the tidy appearance could not be trusted and condition is unverified; unit count from the remarks",https://www.redfin.com/NY/Elmira/613-Walnut-St-14901/home/120252210
w14,"372 Diven Ave, Elmira, NY 14901",89900,ACTIVE (for sale),weekly sweep 2026-09-28 ENTRANT UNREVIEWED [phila],21.0,22.5,2.2,GREEN-verify / photo C3; flood factor 3,D,7.84,,3,,crime D -1; drive 7.84h tier B -0.5,"GREEN-verify: remarks claim a gut renovation (new drywall, replaced electric and plumbing, all windows within 3 years, water heaters 2024-2025, insulated walls); needs permits and receipts to confirm; exterior shows peeling paint on window trim and older shingle siding (cosmetic, lead-safe rules for",https://www.redfin.com/NY/Elmira/372-Diven-Ave-14901/home/120391085
w58,"1214 E Washington St, New Castle, PA 16101",82500,ACTIVE (for sale),weekly sweep 2026-09-28 ENTRANT UNREVIEWED [pitt],20.8,25.3,2.35,YELLOW / photo C4; flood factor 1,B,7.18,,1,,YELLOW -4; drive 7.18h tier B -0.5,"YELLOW: pre-1980 brick with no renovation evidence, exterior wooden stair to the upper unit, one unit vacant; 16101 crime B",https://www.redfin.com/PA/New-Castle/1214-E-Washington-St-16101/home/73597142
w13,"1104 Lake St, Elmira, NY 14901",82900,ACTIVE (for sale),weekly sweep 2026-09-28 ENTRANT UNREVIEWED [phila],20.4,25.9,2.39,YELLOW / photo C4; flood factor 1,D,7.84,,1,,YELLOW -4; crime D -1; drive 7.84h tier B -0.5,"YELLOW: remarks unavailable, so unit count and any renovation claims are unverified; 1900 build, worn paint on the trim, patchy lawn, several gas meters visible; no RED item visible",https://www.redfin.com/NY/Elmira/1104-Lake-St-14901/home/120177601
w67,"1433 Kenmore Blvd, Akron, OH 44314",100000,ACTIVE (for sale),weekly sweep 2026-09-28 ENTRANT UNREVIEWED [ohio],18.6,25.1,2.34,YELLOW / photo C3; flood factor 1,D-,8.14,,1,,YELLOW -4; crime D- -2; drive 8.14h tier C -0.5,"YELLOW: C3 but built 1917 with no renovation itemized; bought Oct 2023 at $63,500 and relisted at $100,000 (flip); one 1-bed unit so the tract-median rent overstates, run comps; Akron 44314 crime D-",https://www.redfin.com/OH/Akron/1433-Kenmore-Blvd-44314/home/66595882
w59,"214 Barron Ave, Johnstown, PA 15906",59000,ACTIVE (status unverified),weekly sweep 2026-09-28 ENTRANT UNREVIEWED [pitt],18.3,22.8,2.22,YELLOW / photo C4,B-,5.7,,,,YELLOW -4; drive 5.7h tier B -0.5,"YELLOW: remarks state zoning R-1, so the second unit relies on a nonconforming or unpermitted status (a file 08 RED item if unpermitted; verify with the city before any offer); landlord-paid utilities cut the cash flow; well-kept brick exterior; 15906 crime B-",https://www.zillow.com/homedetails/214-Barron-Ave-Johnstown-PA-15906/2081956932_zpid/
w68,"3446 E 125th St, Cleveland, OH 44120",94000,ACTIVE (for sale),weekly sweep 2026-09-28 ENTRANT UNREVIEWED [ohio],17.7,20.2,2.08,GREEN-verify / photo C3; flood factor 1,D-,8.39,,1,,crime D- -2; drive 8.39h tier C -0.5,"GREEN-verify: both furnaces and hot water tanks replaced in 2021; five price cuts from $129,000 in six weeks; no rents in place; Cleveland 44120 crime D-",https://www.redfin.com/OH/Cleveland/3446-E-125th-St-44120/home/70785698
w15,"324-326 Diven Ave, Elmira, NY 14901",82500,ACTIVE (for sale),weekly sweep 2026-09-28 ENTRANT UNREVIEWED [phila],17.6,24.1,2.29,YELLOW / photo C4; flood factor 5,D,7.84,,5,,YELLOW -4; crime D -1; drive 7.84h tier B -0.5; flood 5 -1,"YELLOW: flood factor 5 and a 1910 build with no dated renovation evidence; exterior is tidy (vinyl siding, intact shared porch, two front doors) with no RED item visible; sold twice in 2020 at $33,500 and $37,000",https://www.redfin.com/NY/Elmira/326-Diven-Ave-14901/home/120251268
w65,"3248 W 90th St, Cleveland, OH 44102",74900,ACTIVE (for sale),weekly sweep 2026-09-28 ENTRANT UNREVIEWED [ohio],17.5,25.0,2.34,YELLOW / photo C3; flood factor 1,F,8.5,,1,,YELLOW -4; crime F -3; drive 8.5h tier C -0.5,YELLOW: C3 but built 1900 with no renovation documented ('make it your own'); new wood lattice at the porch; 3 days on market; Cleveland 44102 crime F,https://www.redfin.com/OH/Cleveland/3248-W-90th-St-44102/home/66591593
w69,"206 Ingram Ave SW, Canton, OH 44710",89900,ACTIVE (for sale),weekly sweep 2026-09-28 ENTRANT UNREVIEWED [ohio],17.3,22.8,2.22,YELLOW / photo C3; flood factor 1,D,8.29,,1,,YELLOW -4; crime D -1; drive 8.29h tier C -0.5,"YELLOW: two 1-bed units (the tract-median rent overstates; run comps); on and off the market since Jul 2024 from $129,900 down to $89,900; C3 built 1912 without documented updates; Canton 44710 crime D",https://www.redfin.com/OH/Canton/206-Ingram-Ave-SW-44710/home/66581731
w16,"90 Gaylord St, Binghamton, NY 13904",110000,ACTIVE (for sale),weekly sweep 2026-09-28 ENTRANT UNREVIEWED [phila],16.3,21.3,2.14,YELLOW / photo C3; flood factor 1,D+,7.83,,1,,YELLOW -4; crime D+ -0.5; drive 7.83h tier B -0.5; [NY flag: Good Cause Eviction opted in 2025-04-02; rent increases above the lower of 10% or CPI + 5% presumptively unreasonable],"[Good Cause Eviction opted in 2025-04-02; rent increases above the lower of 10% or CPI + 5% presumptively unreasonable] YELLOW: 1920 build with only a vague 'newer updates' claim; exterior is clean (vinyl siding, newer architectural-shingle roof, enclosed porch) with no RED item visible; unit count ",https://www.redfin.com/NY/Binghamton/90-Gaylord-St-13904/home/115253951
w17,"245 N Ruby St, Philadelphia, PA 19139",149000,ACTIVE (for sale),weekly sweep 2026-09-28 ENTRANT UNREVIEWED [phila],15.6,16.6,1.89,GREEN-verify / photo C3; flood factor 1,D+,5.15,,1,,"crime D+ -0.5; drive 5.15h tier A -0.5; [PA flag: Rental License, Certificate of Rental Suitability, lead-safe certification, Eviction Diversion 30-day wait]","[Rental License, Certificate of Rental Suitability, lead-safe certification, Eviction Diversion 30-day wait] GREEN-verify: 'updated in 2020' (scope to confirm) with an intact brick exterior; the grandfathered use and prior rental license must be verified with L&I before any offer (RED under the unpe",https://www.redfin.com/PA/Philadelphia/245-N-Ruby-St-19139/home/39243802
w7,"1611 Floyd St, Lynchburg, VA 24501",119000,ACTIVE (for sale),weekly sweep 2026-09-28 ENTRANT UNREVIEWED,14.8,20.3,2.09,YELLOW / photo C4,D,2.9,,,,YELLOW -4; crime D -1; drive 2.9h tier A -0.5,"YELLOW: pre-1980 with no renovation evidence and 'needs updating, sold as-is'; no RED item visible but the only photo is tiny and low-resolution, so exterior wear could not be checked; unit count is from the remarks only",https://www.zillow.com/homedetails/1611-Floyd-St-Lynchburg-VA-24501/79157423_zpid/
w72,"3601 Memphis Ave, Cleveland, OH 44109",94900,ACTIVE (status unverified),weekly sweep 2026-09-28 ENTRANT UNREVIEWED [ohio],14.7,18.2,1.97,GREEN-verify / photo C3,F,8.44,,,,crime F -3; drive 8.44h tier C -0.5,"GREEN-verify: water heaters 2022, electrical panels 2021, new garage door 2022; two 1-bed units so run comps; rents not stated; Zillow status unknown; Cleveland 44109 crime F",https://www.zillow.com/homedetails/3601-Memphis-Ave-Cleveland-OH-44109/33349937_zpid/
w73,"9816 Manor Ave, Cleveland, OH 44104",59900,ACTIVE (status unverified),weekly sweep 2026-09-28 ENTRANT UNREVIEWED [ohio],13.7,17.2,1.92,GREEN-verify / photo C3,F,8.42,,,,crime F -3; drive 8.42h tier C -0.5,"GREEN-verify: the remarks list updated electrical, kitchens, bathrooms and water heaters in recent years; no rents stated; Zillow status unknown; Cleveland 44104 (Kinsman) crime F",https://www.zillow.com/homedetails/9816-Manor-Ave-Cleveland-OH-44104/33415802_zpid/
w74,"73 Pointview Ave, Dayton, OH 45405",95000,ACTIVE (for sale),weekly sweep 2026-09-28 ENTRANT UNREVIEWED [ohio],13.5,21.0,2.12,YELLOW / photo C4; flood factor 1,F,9.2,,1,,YELLOW -4; crime F -3; drive 9.2h tier C -0.5,YELLOW: 'many new windows' but 'additional updates and improvements' still needed; single electric and water meters (owner-paid or split utilities); the balcony ceiling panel is stained and sagging; Dayton 45405 crime F,https://www.redfin.com/OH/Dayton/75-Pointview-Ave-45405/home/193869691
w18,"5700 Kingsessing Ave, Philadelphia, PA 19143",175000,ACTIVE (for sale),weekly sweep 2026-09-28 ENTRANT UNREVIEWED [phila],13.4,17.9,1.96,YELLOW / photo C4; flood factor 1,C,5.1,,1,,"YELLOW -4; drive 5.1h tier A -0.5; [PA flag: Rental License, Certificate of Rental Suitability, lead-safe certification, Eviction Diversion 30-day wait]","[Rental License, Certificate of Rental Suitability, lead-safe certification, Eviction Diversion 30-day wait] YELLOW: remarks unavailable, so unit count and condition claims are unverified; 1920 build; stained stucco foundation and weeds; the adjoining rowhouse is derelict (boarded, collapsing porch)",https://www.redfin.com/PA/Philadelphia/5700-Kingsessing-Ave-19143/home/39203951
w19,"5830 N 12th St, Philadelphia, PA 19141",135000,ACTIVE (for sale),weekly sweep 2026-09-28 ENTRANT UNREVIEWED [phila],13.1,18.1,1.97,YELLOW / photo C4; flood factor 1,D+,5.32,,1,,"YELLOW -4; crime D+ -0.5; drive 5.32h tier A -0.5; [PA flag: Rental License, Certificate of Rental Suitability, lead-safe certification, Eviction Diversion 30-day wait]","[Rental License, Certificate of Rental Suitability, lead-safe certification, Eviction Diversion 30-day wait] YELLOW: 'needs TLC' with no scope; 1927 build with no renovation evidence; exterior intact (brick twin, enclosed front porch), overgrown front yard; price cut from $200,000 to $135,000 since ",https://www.redfin.com/PA/Philadelphia/5830-N-12th-St-19141/home/39275482
w75,"1247 E 84th St, Cleveland, OH 44103",85000,ACTIVE (for sale),weekly sweep 2026-09-28 ENTRANT UNREVIEWED [ohio],13.0,20.5,2.1,YELLOW / photo C4; flood factor 1,F,8.53,,1,,YELLOW -4; crime F -3; drive 8.53h tier C -0.5,"YELLOW: 'potential for renovation', sold as-is where-is; 321 days on market with a failed contract (Nov 2024) and two relists; Cleveland 44103 crime F",https://www.redfin.com/OH/Cleveland/1247-E-84th-St-44103/home/66216133
w76,"14002 Idarose Ave, Cleveland, OH 44110",105000,ACTIVE (for sale),weekly sweep 2026-09-28 ENTRANT UNREVIEWED [ohio],12.5,20.0,2.07,YELLOW / photo C4; flood factor 1,F,8.6,,1,,YELLOW -4; crime F -3; drive 8.6h tier C -0.5,"YELLOW: generic remarks with no updates listed; bought Feb 2026 at $75,000 and relisted at $115,000 six months later, now $105,000; Cleveland 44110 crime F",https://www.redfin.com/OH/Cleveland/14002-Idarose-Ave-44110/home/70767823
w77,"9110 Jeffries Ave, Cleveland, OH 44105",89900,ACTIVE (for sale),weekly sweep 2026-09-28 ENTRANT UNREVIEWED [ohio],12.4,19.9,2.07,YELLOW / photo C4; flood factor 1,F,8.34,,1,,YELLOW -4; crime F -3; drive 8.34h tier C -0.5,"YELLOW: C4 built 1920 with no updates described ('neutral finishes'); stained porch fascia and skirting; the Jun 2021 $775,000 'sale' is a portfolio transfer, not a comp; Cleveland 44105 crime F",https://www.redfin.com/OH/Cleveland/9110-Jeffries-Ave-44105/home/66591298
w78,"10001 Sophia Ave, Cleveland, OH 44104",57500,ACTIVE (for sale),weekly sweep 2026-09-28 ENTRANT UNREVIEWED [ohio],11.5,19.0,2.02,YELLOW / photo C4; flood factor 1,F,8.42,,1,,YELLOW -4; crime F -3; drive 8.42h tier C -0.5,"YELLOW, likely to fail the 10% bid cap: a first-floor kitchen must be built and one furnace 'likely needs to be replaced' (roughly $12,000 to $18,000 on a $57,500 price); roof 3-4 years old, new bath fixtures; Cleveland 44104 (Kinsman) crime F",https://www.redfin.com/OH/Cleveland/10001-Sophia-Ave-44104/home/66594005
w20,"5306 Webster St, Philadelphia, PA 19143",210000,ACTIVE (for sale),weekly sweep 2026-09-28 ENTRANT UNREVIEWED [phila],10.7,15.2,1.82,YELLOW / photo C3; flood factor 1,C,5.1,,1,,"YELLOW -4; drive 5.1h tier A -0.5; [PA flag: Rental License, Certificate of Rental Suitability, lead-safe certification, Eviction Diversion 30-day wait]","[Rental License, Certificate of Rental Suitability, lead-safe certification, Eviction Diversion 30-day wait] YELLOW: 1925 build with no renovation evidence; exterior tidy (brick with a yellow bay, two mailboxes, decorative security door); no RED item visible; legal two-unit status and rental license",https://www.redfin.com/PA/Philadelphia/5306-Webster-St-19143/home/39259017
w79,"13305 Ferris Ave, Cleveland, OH 44105",112000,ACTIVE (for sale),weekly sweep 2026-09-28 ENTRANT UNREVIEWED [ohio],10.6,18.1,1.97,YELLOW / photo C3; flood factor 1,F,8.34,,1,,YELLOW -4; crime F -3; drive 8.34h tier C -0.5,"YELLOW: three contracts fell through since July (pending in July, pending 9/11, relisted 9/17); C3 built 1920 with only carpet described as new; Cleveland 44105 crime F",https://www.redfin.com/OH/Cleveland/13305-Ferris-Ave-44105/home/70794192
1,"118 & 120 S Poplar St, Winston Salem, NC 27101",225000,ACTIVE (for sale),Listed 9/3,10.5,19.5,1.95,"YELLOW, pre-1960 systems unknown",F,4.6,4.8,1,,YELLOW -4; crime F -3; drive 4.6h -2,"9/15: RED under file 08 (tarped chimney, stair-step foundation crack, porch rot); LI zoning; Holly Ave HD; close row.",https://www.redfin.com/NC/Winston-Salem/118-S-Poplar-St-27101/home/94861867
w80,"2326 E 95th St, Cleveland, OH 44106",114000,ACTIVE (for sale),weekly sweep 2026-09-28 ENTRANT UNREVIEWED [ohio],10.5,18.0,1.96,YELLOW / photo C3; flood factor 1,F,8.51,,1,,YELLOW -4; crime F -3; drive 8.51h tier C -0.5,"YELLOW, remarks unavailable (the Redfin page returned navigation text on four fetches, so condition, rents and unit count are unverified): the photo shows new siding and windows (renovated flip: sold $37,100 in Apr 2023, listed $114,000); Cleveland 44106 crime F",https://www.redfin.com/OH/Cleveland/2326-E-95th-St-44106/home/70777258
r4,"1114 Lafayette Blvd NW, Roanoke, VA 24017",172450,ACTIVE (for sale),round 4 entrant 2026-09-11,10.0,15.0,1.8,"GREEN, verify renovation / photo C3",F,3.8,,1,,GREEN-verify 0; crime F -3; drive 3.8h -2,"9/15: owner-paid corrected $4,646 -> $2,415 (seller opex double-counted maintenance/other): CoC 6.3%, DSCR 1.34, 8% price $162K/$154K; written offer $155-160K. Inside the Roanoke NORTHWEST rental inspection district (CoC 4 years, $25). | GREEN, verify renovation: upgraded electrical wiring, new architectural shingles, fresh paint in and out, LVP floors; January survivor relisted, price cut $1,250 on 8/31; twin listing 1202 Melrose Ave | rent basis: tract median x 2",https://www.redfin.com/VA/Roanoke/1114-Lafayette-Blvd-NW-24017/home/131345629
w22,"12.5 Franklin St St, Binghamton, NY 13905",110000,ACTIVE (for sale),weekly sweep 2026-09-28 ENTRANT UNREVIEWED [phila],9.5,15.0,1.81,YELLOW / photo C4; flood factor 6,C,7.86,,6,,YELLOW -4; drive 7.86h tier B -0.5; flood 6 -1; [NY flag: Good Cause Eviction opted in 2025-04-02; rent increases above the lower of 10% or CPI + 5% presumptively unreasonable],[Good Cause Eviction opted in 2025-04-02; rent increases above the lower of 10% or CPI + 5% presumptively unreasonable] YELLOW: flood factor 6; both units vacant (not boarded) with unstated TLC scope; 1900 build with no renovation evidence; exterior intact; four price cuts since August,https://www.redfin.com/NY/Binghamton/12-Franklin-St-13905/home/115232881
w71,"4697 E 85th St, Garfield Heights, OH 44125",110000,ACTIVE (for sale),weekly sweep 2026-09-28 ENTRANT UNREVIEWED [ohio],9.0,14.5,1.77,YELLOW / photo C4; flood factor 1,D,8.36,,1,,YELLOW -4; crime D -1; drive 8.36h tier C -0.5,"YELLOW: in-progress third-floor framing (verify permits; unfinished work); the '$3,000+' is a Fair Market Rent guess; a contract fell through between May and September; Redfin tax line $4,379 a year (4% of price); Garfield Heights 44125 crime D",https://www.redfin.com/OH/Garfield-Heights/4697-E-85th-St-44125/home/70908834
w8,"1006 Faison St E, Wilson, NC 27893",99999,ACTIVE (for sale),weekly sweep 2026-09-28 ENTRANT UNREVIEWED,8.2,14.7,1.79,YELLOW / photo C4; flood factor 1,D-,2.5,,1,,YELLOW -4; crime D- -2; drive 2.5h tier A -0.5,"YELLOW: 'investor special'; right side lacks kitchen and bath fixtures so that unit is not rentable at closing (known scope, plumbing-trade job; needs written bids under 10% of price, and becomes RED if inspection finds stripped plumbing or the unit is otherwise uninhabitable); peeling paint on porc",https://www.redfin.com/NC/Wilson/1006-Faison-St-E-27893/home/65290276
w24,"1019 Mark Ave, Scranton, PA 18510",169900,ACTIVE (for sale),weekly sweep 2026-09-28 ENTRANT UNREVIEWED [phila],8.2,12.7,1.68,YELLOW / photo C3,C,6.77,,,,YELLOW -4; drive 6.77h tier B -0.5,"YELLOW: second-floor unit 'needs TLC' with no scope; 1930 build; exterior tidy (vinyl siding, intact porch, retaining wall); no RED item visible; Zillow listing so days on market and flood factor were not captured",https://www.zillow.com/homedetails/1019-Mark-Ave-Scranton-PA-18510/9570011_zpid/
w27,"360 Diven Ave, Elmira, NY 14901",70000,ACTIVE (for sale),weekly sweep 2026-09-28 ENTRANT UNREVIEWED [phila],7.6,13.1,1.7,YELLOW / photo C4; flood factor 3,D,7.84,,3,,YELLOW -4; crime D -1; drive 7.84h tier B -0.5,"YELLOW: 1910 build with no renovation evidence, green mildew staining on the siding and tired trim; no RED item visible; the stated gross rent ($1,350) is used and is well under the tract-median pair ($1,974)",https://www.redfin.com/NY/Elmira/360-Diven-Ave-14901/home/120330398
40,"223 Spruce St, Suffolk, VA 23434",185000,ACTIVE (for sale),,7.5,8.0,1.43,unrated,D+,,,,,crime D+ -0.5,"Zillow: FOR SALE BY OWNER, built 1955, 27 photos, price cut $5K on 8/26; unit count and condition unverified",https://www.zillow.com/homedetails/223-Spruce-St-Suffolk-VA-23434/79301639_zpid/
w21,"31 Crandall St, Binghamton, NY 13905",95000,ACTIVE (for sale),weekly sweep 2026-09-28 ENTRANT UNREVIEWED [phila],7.2,11.7,1.63,YELLOW / photo C4; flood factor 4,C,7.86,,4,,YELLOW -4; drive 7.86h tier B -0.5; [NY flag: Good Cause Eviction opted in 2025-04-02; rent increases above the lower of 10% or CPI + 5% presumptively unreasonable],"[Good Cause Eviction opted in 2025-04-02; rent increases above the lower of 10% or CPI + 5% presumptively unreasonable] YELLOW: 1900 build sold as a 'value-add' with no renovation stated; bought 7/7/2026 for $52,000 and relisted at $99,000 (now $95,000) with no work described, so ask what was done; ",https://www.redfin.com/NY/Binghamton/31-Crandall-St-13905/home/114490192
w28,"1013 John Ave, Scranton, PA 18510",175000,ACTIVE (for sale),weekly sweep 2026-09-28 ENTRANT UNREVIEWED [phila],7.2,11.7,1.62,YELLOW / photo C3,C,6.77,,,,YELLOW -4; drive 6.77h tier B -0.5,"YELLOW: 1930 build with no renovation evidence; exterior tidy (vinyl siding, intact Victorian porch, stone wall); walk-through bedrooms limit rentability; no RED item visible; Zillow listing so days on market and flood factor were not captured",https://www.zillow.com/homedetails/1013-John-Ave-Scranton-PA-18510/9569901_zpid/
w25,"259 Sunset Dr, Corning, NY 14830",120000,ACTIVE (for sale),weekly sweep 2026-09-28 ENTRANT UNREVIEWED [phila],7.0,11.5,1.62,YELLOW / photo C4; flood factor 1,A,7.77,,1,,YELLOW -4; drive 7.77h tier B -0.5,"YELLOW: 1900 build with no renovation evidence; the only photo is a 270-pixel thumbnail, too small to check for RED items, so condition is unverified; relisted 7/29 after a $150,000 listing in April; CrimeGrade A ZIP",https://www.redfin.com/NY/Corning/259-Sunset-Dr-14830/home/138082794
39,"3704 Mariner Ave, Portsmouth, VA 23703",345000,ACTIVE (for sale),"price cut $349,900 -> $345,000 (2026-09-28; was: ACTIVE (for sale))",6.5,6.5,1.35,unrated (renovated per listing),C,,,,,,"9/15: ONE water account/meter (Portsmouth layer); service line UNKNOWN. | built 1940 (Redfin), flood factor 1; renovated side-by-side duplex per listing, so GREEN-verify-renovation under the novice rule once the scope is documented",https://www.redfin.com/VA/Portsmouth/3704-Mariner-Ave-23703/home/49380983
2,"515-517 N Daughtry St, Rocky Mount, NC 27801",119900,"ACTIVE (9/25: 100 days, $119,900, 0 cuts)",ADVISORY 48 ASSIMILATED 9/25 (file 42): ROD clear; seller sold 1401 Hargrove 8/27/26 for $85K; 2025 county taxes delinquent on every LLC parcel,6.0,0.8 (documented roll 365 + 800; stabilized 10.8),1.04 (documented) / 1.58 stabilized,YELLOW-verify (exterior C4 in every frame 2008-2026; no interiors; no HVAC permit),F,2.4,2.0,1,,YELLOW -4; crime F -3; drive 2.4h -2; 9/25: G6 FAIL on the documented roll (MLS actual rent 365); R-10 nonconforming use and lot; city letter + lease outstanding,"9/15: Edgecombe (27801): tax = assessed x 1.58 (0.89 + 0.69 FY27); LGC oversight. | 9/25 file 42: PARK-HOLD P 0.03; 8% price on the documented roll 87,600/83,600/80,200; stabilized 132,700/126,700/121,500; seller took 85,000 (2.43 x assessed) for 1401 Hargrove from NIA Legacy LLC 8/27/26; ROD: no deed of trust (2005 DT satisfied 2007); county 2025 liens on all five parcels (subject 663.03 due); city bills paid late 2023-25; DSCA site 209 m in assessment; ADU permitted in R-10 (fallback); lot 7,500/50 ft nonconforming (10,000/75).",https://www.redfin.com/NC/Rocky-Mount/517-N-Daughtry-St-27801/home/129650064
w81,"12501 Dove Ave, Cleveland, OH 44105",124900,ACTIVE (for sale),weekly sweep 2026-09-28 ENTRANT UNREVIEWED [ohio],6.0,13.5,1.72,YELLOW / photo C4; flood factor 1,F,8.34,,1,,YELLOW -4; crime F -3; drive 8.34h tier C -0.5,"YELLOW: one unit not rent-ready, sold as-is and the seller makes no repairs; the '$2,700' is projected rent, not in place; bought Jul 2024 at $80,000 and listed at $124,900; Cleveland 44105 crime F",https://www.redfin.com/OH/Cleveland/12501-Dove-Ave-44105/home/66572928
w30,"33 Lydia St, Binghamton, NY 13905",130000,ACTIVE (for sale),weekly sweep 2026-09-28 ENTRANT UNREVIEWED [phila],4.6,9.1,1.49,YELLOW / photo C3,C,7.86,,,,YELLOW -4; drive 7.86h tier B -0.5; [NY flag: Good Cause Eviction opted in 2025-04-02; rent increases above the lower of 10% or CPI + 5% presumptively unreasonable],"[Good Cause Eviction opted in 2025-04-02; rent increases above the lower of 10% or CPI + 5% presumptively unreasonable] YELLOW: 1920 build sold as-is with no renovation evidence; the photo looks digitally enhanced (unnaturally smooth siding and shrubs), so condition is unverified; no RED item visibl",https://www.zillow.com/homedetails/33-Lydia-St-Binghamton-NY-13905/29719012_zpid/
w23,"40 Robinson St, Binghamton, NY 13901",90000,ACTIVE (for sale),weekly sweep 2026-09-28 ENTRANT UNREVIEWED [phila],4.3,9.3,1.5,YELLOW / photo C4; flood factor 1,D+,7.84,,1,,YELLOW -4; crime D+ -0.5; drive 7.84h tier B -0.5; [NY flag: Good Cause Eviction opted in 2025-04-02; rent increases above the lower of 10% or CPI + 5% presumptively unreasonable],"[Good Cause Eviction opted in 2025-04-02; rent increases above the lower of 10% or CPI + 5% presumptively unreasonable] YELLOW: 1929 build with no renovation evidence; the listing photo is a rear view with stained siding, a cluttered rear porch and yard; red standing-seam metal roof looks sound; no ",https://www.redfin.com/NY/Binghamton/40-Robinson-St-13901/home/115547603
w33,"127 Burbank Ave, Johnson City, NY 13790",150000,ACTIVE (for sale),weekly sweep 2026-09-28 ENTRANT UNREVIEWED [phila],4.0,8.5,1.45,YELLOW / photo C4; flood factor 1,C-,7.89,,1,,YELLOW -4; drive 7.89h tier B -0.5,"YELLOW: bought Nov 2025 for $65,500 and relisted at $150,000 with no work described, so ask for the renovation scope and permits; 1900 build; side-view photo shows older shingle siding above a vinyl-clad lower section; no RED item visible",https://www.redfin.com/NY/Johnson-City/127-Burbank-Ave-13790/home/115535735
10,"556 Bellwood Rd Unit A, Newport News, VA 23607",270000,ACTIVE (for sale),Listed 9/4,3.8,10.8,1.53,YELLOW,F,0.4,1.3,1,,YELLOW -4; crime F -3,"9/15: inside NN Rental Inspection District 4 (NSA 08 Sedgefield-Morrison, effective 1/1/2026).",https://www.redfin.com/VA/Newport-News/556-Bellwood-Rd-23601/unit-A/home/191159379
w26,"226 Crete Ave, Elmira, NY 14901",97000,ACTIVE (for sale),weekly sweep 2026-09-28 ENTRANT UNREVIEWED [phila],3.4,8.9,1.48,YELLOW / photo C4; flood factor 4,D,7.84,,4,,YELLOW -4; crime D -1; drive 7.84h tier B -0.5,"YELLOW: 1860 build, chalking and peeling paint on the clapboard (a lead-safe repaint job), no renovation evidence; roof and porch intact; no RED item visible; flood factor 4",https://www.redfin.com/NY/Elmira/226-Crete-Ave-14901/home/120280228
8,"202 Lee St NE, Wilson, NC 27893",129900,ACTIVE (for sale),Price changed 8/10,3.4,11.4,1.56,YELLOW,D-,2.7,2.2,4,,YELLOW -4; crime D- -2; drive 2.7h -2,"9/16 (advisory 39 v2, verified UR zoning + Old Wilson LOCAL historic district by city layers): 12-inch CMU, electric floor furnaces, no cooling; Unit A kitchen incomplete; Unit B in place at ~$325; stabilized $825 x 2 = 7.8% CoC / DSCR 1.42 / 8% price ~$129K = ask; year one fails. COA regime on exterior. Offer ~$115K contingent on seeing Unit B; conventional (loan < $100K DSCR floor). P ~0.25.",https://www.redfin.com/NC/Wilson/202-Lee-St-NE-27893/home/65290703
w31,"17 Way St, Binghamton, NY 13901",100000,ACTIVE (for sale),weekly sweep 2026-09-28 ENTRANT UNREVIEWED [phila],3.0,8.0,1.43,YELLOW / photo C4; flood factor 1,D+,7.84,,1,,YELLOW -4; crime D+ -0.5; drive 7.84h tier B -0.5; [NY flag: Good Cause Eviction opted in 2025-04-02; rent increases above the lower of 10% or CPI + 5% presumptively unreasonable],"[Good Cause Eviction opted in 2025-04-02; rent increases above the lower of 10% or CPI + 5% presumptively unreasonable] YELLOW: 1920 build with no renovation evidence, broken porch skirting and older shingle siding; no RED item visible; sold for $20,000 in Dec 2020, now $100,000",https://www.redfin.com/NY/Binghamton/17-Way-St-13901/home/114813198
3,"163 Choate St, Portsmouth, VA 23707",184900,ACTIVE (for sale),Price cut 9/4,3.0,14.0,1.68,"YELLOW, pre-1960 systems unknown; flood factor 5",F,0.8,0.9,5,Truxtun Historic District: Certificate of Appropriateness required before any exterior change (Portsmouth HPC),YELLOW -4; crime F -3; historic -1; flood 5 -1,"9/16 PROMOTED to top of GATE5 beside Day St (advisory 37, files 33/33a): TWO water accounts (161 + 163); ZIP 2BR average $1,368 (Zillow 9/14, HOT); at market rent with tenant water CoC 15.3%, DSCR 1.8; at the $1,162 proxy 9.2%; both units vacant, MLS 'Fixer upper', three listing campaigns since 2019. Written offer $170-175K with inspection, RID contingency, both water bills. P ~0.33. | 9/15: ONE water account/meter (Portsmouth layer); service line UNKNOWN.",https://www.redfin.com/VA/Portsmouth/163-Choate-St-23707/home/49369325
7,"1934 Oakland St, Petersburg, VA 23805",215000,ACTIVE (for sale),rent-comp memo (claude.ai) 2026-09-12; unknown-unknowns pass 2026-09-14 -> stays ENTRANT at a lower score,3.0,4.0,1.22,"GREEN, verify renovation scope",D,0.8,2.0,1,no: Walnut Hill is NRHP-only and the parcel lies outside it (south of E South Blvd),crime D -1,"ENTRANT after the unknown-unknowns pass (files 28/28a/28b, evidence in _evidence/1934 Oakland St Petersburg): rent basis is current 2-bed comps at $1,150-1,200 per unit (base $1,150), not the $1,472 tract median; the FY2027 tax bill is $3,101 on a $254,200 assessment at the new $1.22 rate (Treasurer ticket 64880004; five parcels confirm the rate), not the $2,447 or $2,730 used before. At $2,300/mo: rent-to-price 1.07%, CoC 4.0%, DSCR 1.22 (2.8% / 1.15 at 8% vacancy; 5.3% / 1.29 at $1,200; -0.5% / 0.98 at the $975 last-achieved rent). If one water meter serves both units the owner carries about $1,800/yr of utilities and CoC falls to 1.4% (DSCR 1.07). Price for 8% CoC: $183,160 at base rent, $161,571 on one meter. Owner KHAMSA5 LLC (bought Feb 4, 2022 for $103,600 after a Dec 2021 $80,000 wholesale deed; all tax installments paid). Sold by Hylton & Company, which renovated, managed and leased it (2023 rents $1,000/$950). Nonconforming two-family use on an R-1 lot that is itself under the 8,000 sf / 75 ft minimum; draft ordinance keeps duplexes out of R-1 and keeps the 2-year abandonment rule; both units vacant, vacancy start date unknown. Lot abuts Walnut Hill Plaza parking, 190 m from a 7-Eleven that logs weekly shoplifting calls; four shots-fired calls within 600 m in five weeks. FEMA Zone X. Ask before an offer: meter count, tenant move-out dates and last leases, assessment appeal, 2022 permits, draft zoning map designation. | rent basis: comps 2026-09-12; tax: Treasurer 2026-09-14",https://www.redfin.com/VA/Petersburg/1934-Oakland-St-23805/home/52382474
12,"4102 Richland Ave NW, Roanoke, VA 24012",236000,ACTIVE (for sale),Listed 9/2,1.4,10.4,1.51,"YELLOW, pre-1980 systems unknown",F,3.8,4.7,1,,YELLOW -4; crime F -3; drive 3.8h -2,,https://www.redfin.com/VA/Roanoke/4102-Richland-Ave-NW-24012/home/131681785
15,"104 Day Street St, Suffolk, VA 23434",218000,ACTIVE (for sale),Price cut 9/7,1.3,5.8,1.28,YELLOW,D+,0.8,0.8,1,,YELLOW -4; crime D+ -0.5,"9/15: HOLD GATE5 #1. Year-one tax $1,589 ($149,900 x $1.06). Inside the Suffolk rental inspection district 'Church St and Mahan St' -> Rental Certificate of Occupancy (48 months, $100 penalty). Block water service lines copper 1985 (city side).",https://www.redfin.com/VA/Suffolk/104-Day-St-23434/home/49351458
r7,"207 Tunstall Ave, Blackstone, VA 23824",160000,ACTIVE (for sale),round 7 entrant 2026-09-11,1.3,9.3,1.5,YELLOW / photo C4,D-,2.0,,1,,YELLOW -4; crime D- -2; drive 2.0h -2,"9/16 (advisory 40): HOLD for documents. Tax corrected to $465 year one ($61,200 x 0.76%: county 48c+EMS 9c+fire 2c FY27 + town 17c, verified) / ~$1,180 after the 2030 reassessment; likely ONE water meter (owner ~$2,000/yr); zoning R-2/R-3 duplex by right under the 7/21/2025 ordinance, lot ~500 sf under the 14,000 sf minimum; RURAL under the DSCR matrix (70% LTV, price floor $142,857); what conveys is open (2017 deed carried seven lots). CoC 8.2% / 7.0% / 5.7% (PM 15%); 8% price $161.5K / $154.2K. P ~0.12. | YELLOW: 1960, occupied and income-producing, no renovation language; front photo shows the porch ceiling opened to bare rafters (unfinished repair); rents not stated, tract median x 2 ($1,942) is conservative for a 4-bed plus 2-bed pair | rent basis: tract median x 2",https://www.redfin.com/VA/Blackstone/207-Tunstall-Ave-23824/home/101584834
r4,"515 Albemarle Ave SE, Roanoke, VA 24013",179950,ACTIVE (for sale),round 4 entrant 2026-09-11,0.6,9.6,1.52,YELLOW / photo C3-C4,F,3.8,,1,,YELLOW -4; crime F -3; drive 3.8h -2,"9/15: inside the Roanoke SOUTHEAST rental inspection district. | YELLOW: pre-1980, no renovation detail beyond charm language; larger units (3bd each) than the tract median rent assumes | rent basis: tract median x 2",https://www.redfin.com/VA/Roanoke/515-Albemarle-Ave-SE-24013/home/131652593
r6,"325 Ranch Farm Rd Unit A - B, Raleigh, NC 27603",245000,ACTIVE (for sale),round 6 entrant 2026-09-11,-0.4,6.6,1.35,YELLOW / photo C3-C4,D,2.7,,,,YELLOW -4; crime D -1; drive 2.7h -2,"9/19 (advisory 40 photo and record pass, Wake layer verified): PARK IT. County card SINGLFAM / 1 unit / 1,312 sf / 1957 / assessed $278,049; the second unit is a 480 sf addition with no permit; Garner ETJ R2 needs 100 ft of width for a duplex (lot ~81 ft) and voids a nonconforming use after 180 days or a utility cutoff; HB 765 still stalled. Proxy rent $2,648: CoC 6.6% / 5.4% / 4.2%, DSCR 1.35 / 1.27 / 1.20; 8% price $232K / $221K / $212K (base rent $211K / $202K / $194K). Gate 3 fails pending a written Garner determination. P ~0.02. | 9/16: 36 MLS photos placed in _evidence (unreviewed). Redfin history: pendings on 7/11/2025, 3/4/2026 and 4/19/2026 all fell through; relisted 4/21/2026 at $245K. | YELLOW: year built not shown (older cottage), well water and presumably septic, 275 days on market, no renovation language beyond the well; tract-median rent x 2 ($3,118) overstates a 1-bed plus 2-bed pair (at $2,300 CoC is 2.0%, DSCR 1.11) | rent basis: tract median x 2",https://www.redfin.com/NC/Raleigh/325-Ranch-Farm-Rd-27603/unit-A-B/home/189026420
w5,"413-415 Gilmer Cir, Reidsville, NC 27320",149900,"ACTIVE (for sale; ENTRANT-HOLD 9/25; G6 fails at the ask, passes at or under 140,800 at 6.75 / 134,500 at 7.40)",weekly sweep 2026-09-21 ENTRANT; advisory 57 + round 17 verification 9/25 (board row w5),-0.6,6.4,1.34,YELLOW / C4 (413 seen; 415 unseen; HVAC stripped since 2016),C-,3.7,,7 (First Street; FEMA X),no (outside OPR / GR local districts; city layer 9/25),YELLOW -4; drive 3.7h -2; flood 7 -1 (the 9/21 fold carried the pre-constant 0.7 and blank crime / drive columns - README defect 1 - corrected here),"9/25 file 47 (round 17): ENTRANT-HOLD, P 0.08 (advisory 57: 0.12). As-is roll 825 x 2 (both vacant; block comps 800-850): CoC 6.4, DSCR 1.34 at the ask; 8 percent price 140800.0 (6.75) / 134500.0 (7.40); at 130,000 CoC 10.2, at 135,000 9.2. Tax 833.60 = county 0.569 + city 0.66 on 67,828 (holds for the 2026 and 2027 bills; Rockingham reappraises 1/1/2028, advanced from 2029). R-6 confirmed on the city layer; NOT in a local historic district; county DUPLEX + two E911 points. The 2016 listing photo shows two roof flues and a condenser that are gone: the central systems were stripped (restore 14,000-20,000). 415 occupied in the 3/2026 Street View. Seller LLC basis 34,000 (2018 deed read; liens UNREAD - e-Vault index 500); the group (45 parcels) is suing Burlington over boarding-house code enforcement. County-confirmed pre-1960 duplex median 125,500; appraisal band 115,000-135,000. Offer 125,000-130,000, ceiling 135,000. | YELLOW: C4, built 1947 (before 1980), both units vacant (not boarded), weedy yard and litter, front stoop trim needs work; roof looks like newer architectural shingles; interior condition unknown",https://www.zillow.com/homedetails/413-415-Gilmer-Cir-Reidsville-NC-27320/465453762_zpid/
r10,"610 /612 S 2nd St, Pinetops, NC 27864",113900,ACTIVE (for sale) - PARK behind a written Town zoning determination (9/25),"round 10 entrant 2026-09-11; rent-comp pass 2026-09-12 -> stays ENTRANT | 9/23 advisory 50 (claude.ai) | 9/25 CLAUDE CODE 40 assimilation: PARK, P 0.02",-0.7,7.3,1.39,"YELLOW-walk / photo C3 interior, C4 exterior (9 frames)",D-,2.7,,1,,YELLOW -4; crime D- -2; drive 2.7h -2,"ENTRANT confirmed by the rent-comp pass (files 27/27a/27b) at a lower score: the block comp is 606 S 2nd St two doors down, a 2bd/1ba house that rented at $825-850 three times since Sep 2025 and did not move at $900, so a remodeled 1-bed here is $650-800 (base $725). At $1,450/mo rent-to-price is 1.27%, CoC 7.3% and DSCR 1.39 on framework taxes of $1,674; the real bill is probably nearer $420-600 on Edgecombe's low assessments (606 pays $328), which lifts CoC to about 10.8% (DSCR 1.58). Even the low case of $650 per unit is 3.7% CoC / DSCR 1.2. HUD SAFMR 1BR for 27864 is $860 gross, so voucher tenants would pay the high case. Still to verify before an offer: permits for the 2026 electrical/plumbing/framing work, whether M1 zoning leaves the duplex a legal nonconforming use (Town of Pinetops), vacancy of both units, exterior paint/trim/porch budget. | rent basis: comps 2026-09-12 || CLAUDE CODE 40 (9/25; advisory 50 verified): PARK stands, P 0.02 (chain 0.30 x 0.60 x 0.50 x 0.50 x 0.60 x 0.85 = 0.023; advisory 0.03). TITLE (new): deed 1769/379 of 11/10/2022 is a COMMISSIONER'S DEED - the Edgecombe County Attorney as court-appointed commissioner conveying out of a county tax foreclosure against the unknown heirs of the deceased prior owner; the recitals on page 2 show a confirmed upset bid of $10,750 filed 10/19/2022 with no further bids and the sale confirmed ($22 stamps round it to the county's $11,000); the ROD index (certified through 9/24/2026) carries no deed of trust, claim of lien, lien-agent notice or lis pendens against the record owners: the seller holds free and clear, so no short-sale dynamic and no recorded mechanics' claim to date. The owners' only other parcels are in Macclesfield, so the Town's demolition-lien reach does not touch them. TAX (reproduced): the 2026 bill 26A470433368300 is $419.35 and OPEN (levied 9/1, interest 1/6/2027) = 28,527 x 1.47; 2007-2025 all paid; not on the 2025 delinquent advertisement; the county's $150 solid-waste fee bills only the unincorporated area and Leggett. Town rate history 0.46 (FY23) -> 0.58 (FY24 on) held through the 1/1/2024 reappraisal (county 0.95 -> 0.89); Town tax base $65.6M, property-tax revenue $413,000, electric transfer $312,924 = 22.6% of the general fund. ZONING (reproduced and sharpened): county layer M-1 with the lot 95 m inside the polygon; the Town's 2022 map scan puts the LI block at 2nd and Cobb; the Table of Uses (rendered) lists the duplex P only in R-30, R-12, R-10MH, R-7, RMF and OI; Sections 70.05.A.3, 70.06.A.2, 70.06.A.5 and 70.06.A.6 read verbatim (180 days; 60 percent of tax value = $12,916). NEW: the Town FAQ says no zoning permit is required for interior repairs, so a two-family zoning permit for the 2025-26 work is unlikely to exist; the trail is the county electrical/building permits and the Town's two meter sets. STATE LAW (new): G.S. 160D-108(d) gives a 24-month floor only to statutory vesting created by a development permit; S.L. 2025-94 s.29 (law 10/6/2025) added the 'use by right attached to the property' sentence to 160D-108(c); H765 (which would void the 180-day clock) is stuck in House Finance since 5/6/2025. Ask under G.S. 160D-108(h) for a written vested-rights determination (appealable de novo). STREET VIEW SERIES (new): Jan 2008 and May 2013 occupied; Apr 2022 porch stacked with furniture seven months before the tax sale; May 2025 mown and empty with a sign stand at the curb, old windows; Feb 2026 bare dirt, temporary porch posts, new doors - no tenancy visible after April 2022, so a >180-day vacancy between the 11/2022 sale and the remodel is the base case (P about 0.8) unless the Town's utility accounts show otherwise. SEWER (corrected): the DWR list entry is '90% Rule imposed' 5/19/2021 (15A NCAC 02T .0118 = no sewer-line EXTENSION permits until expansion plans are filed), not a statutory moratorium; average flow 0.145 MGD in 2025 = 48% of the 0.3 MGD permit (59% in 2024, 37% Jan-Jul 2026); the Town wrote DEQ in 2026 to lift it. WWTP RECORD (new): 7 state penalties since 11/2021 ($4,779), NOVs 10/2024-6/2026, fecal coliform 525% over limit in Q3 2025, BOD 41% in Q2 2026, 4 of 12 quarters in noncompliance. DEQ distressed list of 2/16/2026 lists Pinetops (score 7); not on the FY2024 UAL; the Sept 2026 UAL is unpublished. UTILITIES (reproduced plus trend): sewer admin charge 24.23 (2023) -> 28.85 (2026), +19%; taps 350/350 -> 1,350/1,000; rental meter deposit 475 (FY27), 150/50 with reference on the July 2026 sheet; sanitation $25 per account; electric 15.49 + 0.1542/kWh; tenant utilities about $195-235 a month. FLOOD (new): Zone X reproduced; the NC OneMap Hurricane Matthew flood-extent raster is NoData at the lot (nearest modelled flooding about 1 km SE along the creek corridor); an unnamed intermittent stream lies 133 m away; AE 1,169 m. LISTING 9/25: $113,900, 74 days, 36 views, 4 favorites, MLS 'Slab foundation' against the vents in frame 9; Zillow carries no for-sale record (Rent Zestimate $1,189 for the building); no rental listing for 610 or 612; 101 E Reason St cut to $1,100. Block: 602, 606 and 614 (plus the lot) are investor- or LLC-owned. GRID: advisory S0-S7 reproduce exactly; new S8 (punch list $12,000 cash) CoC 7.9 / 7.0 / 6.1; S9 (+$3,500 title reserve) 7.4 / 6.5 / 5.7; S10 (re-listed tax with the 10/2027 step) 8.5 / 7.2 / 6.0; year-one lease-up NOI 7819, CoC 3.3 at 6.75. Photo basis reproduced (9 frames, C3 interior / C4 exterior). WATCH: Town determination; county permit numbers; list price at or under 105,000; DEQ letter lifting the 90% rule; the Sept 2026 UAL.",https://www.redfin.com/NC/Pinetops/610-612-S-2nd-St-27864/home/203129412
w82,"16523 Kipling Ave, Cleveland, OH 44110",89000,ACTIVE (for sale),weekly sweep 2026-09-28 ENTRANT UNREVIEWED [ohio],-0.7,6.8,1.36,YELLOW / photo C4; flood factor 1,F,8.6,,1,,YELLOW -4; crime F -3; drive 8.6h tier C -0.5,"YELLOW: three contracts fell through this year (pending in January, contingent in March, pending in June, relisted in September), which points to an inspection or appraisal problem; only a street-view style photo; Cleveland 44110 crime F",https://www.redfin.com/OH/Cleveland/16523-Kipling-Ave-44110/home/66587432
w32,"34 Pearne St, Binghamton, NY 13901",100000,ACTIVE (for sale),weekly sweep 2026-09-28 ENTRANT UNREVIEWED [phila],-0.9,4.1,1.22,YELLOW / photo C4; flood factor 3,D+,7.84,,3,,YELLOW -4; crime D+ -0.5; drive 7.84h tier B -0.5; [NY flag: Good Cause Eviction opted in 2025-04-02; rent increases above the lower of 10% or CPI + 5% presumptively unreasonable],"[Good Cause Eviction opted in 2025-04-02; rent increases above the lower of 10% or CPI + 5% presumptively unreasonable] YELLOW: vacant (not boarded), 1900 build, moss on the porch roof shingles (roof age question), no renovation evidence; no RED item visible; sold $21,750 in 2020",https://www.redfin.com/NY/Binghamton/34-Pearne-St-13901/home/114409976
w9,"4 12 1/2 St SW, Roanoke, VA 24016",158122,ACTIVE (for sale),weekly sweep 2026-09-28 ENTRANT UNREVIEWED,-0.9,6.6,1.35,YELLOW / photo C4; flood factor 1,F,3.8,,1,,YELLOW -4; crime F -3; drive 3.8h tier A -0.5,"YELLOW: pre-1980 with no renovation evidence; fully vacant (not boarded), 389 days on market with a contract that went pending in May and fell through in June plus six price cuts, which points to inspection or appraisal problems; no RED item visible in the photo",https://www.redfin.com/VA/Roanoke/4-12-1-2-St-SW-24016/home/131561476
w29,"299 Robinson St, Binghamton, NY 13904",155000,ACTIVE (for sale),weekly sweep 2026-09-28 ENTRANT UNREVIEWED [phila],-1.0,2.0,1.11,GREEN-verify / photo C3; flood factor 1,D+,7.83,,1,,crime D+ -0.5; drive 7.83h tier B -0.5; DSCR 1.11 -2; [NY flag: Good Cause Eviction opted in 2025-04-02; rent increases above the lower of 10% or CPI + 5% presumptively unreasonable],"[Good Cause Eviction opted in 2025-04-02; rent increases above the lower of 10% or CPI + 5% presumptively unreasonable] GREEN-verify: newer roof, windows, furnaces, hot water tanks and central air per the remarks (dates to confirm); exterior C3; unit count unverified; page tax $6,463 a year is high ",https://www.redfin.com/NY/Binghamton/299-Robinson-St-13904/home/114138299
16,"407 Industrial Ave, Danville, VA 24541",144000,ACTIVE (for sale),Price changed 7/31,-1.9,5.1,1.25,YELLOW,D,3.3,3.8,4,,YELLOW -4; crime D -1; drive 3.3h -2,9/15: Danville 2026 UDC: HR-C -> HB Highway Business; duplex not listed in HB -> verify nonconforming status; rate $0.83.,https://www.redfin.com/VA/Danville/407-Industrial-Ave-24541/home/124327321
9,"208 Scarborough St Unit A AND B, Spring Lake, NC 28390",185000,"ACTIVE (for sale) - PARK, fails G5 at the building's own $795 rent (9/25)","9/23 advisory 46/47 (claude.ai) | 9/25 CLAUDE CODE 41 assimilation: PARK, P 0.01",-2.0,-0.6,0.97,"YELLOW-verify / C3 interiors, C3-C4 exterior; 2012-era condensers; occupied unit unseen",D+,4.2,3.7,1,,"crime D+ -0.5; drive 4.2h -2; DSCR<1.2 -2; G5 FAIL at own rent (0.86%); density-nonconforming duplex (11,000 sf needed)","9/20: verified 2026 bill $1,620.84 (assessed $59,600; county 0.4990 + Spring Lake 0.7410 + recreation 0.05; town sanitation is NOT on the county bill and was not retrieved); CoC 2.5 / 1.3 / 0.1%, DSCR 1.13 / 1.07 / 1.00 at the board's $1,800; Spring Lake is on the LGC Unit Assistance List. File 14's 12.2% rested on a stale rent line - corrected. P ~0.03. || CLAUDE CODE 41 (9/25 evening; advisory 46/47 verified): PARK stands, FAILS G5 at the building's own rent; P cut to 0.01 (chain 0.05 x 0.70 x 0.60 x 0.70 x 0.85 x 0.60 = 0.0075; advisory 0.02). RENT/TAX (reproduced): 795 a unit is the building's own April 2026 ask (Redfin history 4/12 'Listed for Rent 795', 5/1 'Rental Removed'; apartments.com 208A ad); the 2026 bill 1,620.84 reproduces line by line and the refuse (792 = 2 x 396) and stormwater (60) lines ARE on the county bill (35a/40a's 'no sanitation lines' text withdrawn); the Town's FY2027 schedule keeps 33 a month a unit and 5 an ERU, and the FY2027 tax rate 0.741 is unchanged. Grid S1-S5 reproduce to the dollar. NEW AND LOAD-BEARING: (1) the county deed chain (camapwa) carries FOUR priced sales, not one: 32,000 (9/2008), 17,000 (12/2016), 117,000 (6/3/2021, stamps 234), 160,000 (6/7/2023, stamps 320), after a 2004 trustee's deed to the Secretary of Veterans Affairs; the 2021 gallery in _evidence is the 2016-2021 owner's renovation sale; (2) the Register of Deeds index (through 9/24/2026) holds ONE instrument under the record owner's name, the 2023 deed: NO deed of trust, lien or lis pendens, matching the absence of a lender tax-service vendor on the 2023-2026 bills (the 2022 bill carried CoreLogic for the prior owner): the seller has no payoff floor and no forced-sale pressure; (3) ZONING: Sec. 42-63.3 permits 'Dwelling, single & multiple-family' in R-6, but Sec. 42-192 requires 6,000 sf for the first dwelling unit plus 5,000 for the second (11,000 sf, 60 ft frontage) against 6,033 sf and about 50 ft, and the 42-190(4) lot-of-record exception covers single-family only: the duplex is DENSITY-NONCONFORMING; 42-112(e) bars rebuilding as before if casualty damage exceeds 50 percent of reproducible value (county RCN 86,448), 42-112(d) requires dimensional conformity if a remodel exceeds one-third (28,816), 42-112(f) one-year discontinuance; the board's 'CONFORM' becomes 'use P / structure NONCONF (density)' and a county-planning determination joins the chain (0.60); (4) 'MCO' is unsupported: not among the 18 districts of Article II, no overlay polygon, no such string in the county's 2021 ordinance; R6 came from the Town-initiated 2007 blanket rezoning P07-03 (145 parcels from R6A and R6/MHO); (5) PERMITS: the Town runs its own Inspections Department (CivicPlus portal), so the advisory's empty county permit layers prove nothing; G.S. 160D-1110(c)'s 40,000 exemption names single-family residences only, so the 2023 reroof and 2024 mini-split/electrical work needed Town permits (renovation fee 120-180): ask for the permit numbers; (6) dated Street View: Sep 2007 yellow asbestos-substrate cottage, Jun 2012 already vinyl-sided WITH a wall condenser, May 2022 grey roof and occupied, Jan 2024 new dark roof: the 'mini-splits 2024' claim is at most a partial replacement of 14-year-old equipment (S6 reserve); continuous occupancy 2012-2024; (7) the Town's refuse roll has billed TWO units on every bill since 2021 (two-unit evidence); Spring Lake's E911 convention is one APT-typed point per duplex (205, 208, 306, 310), so the Pecan second-point rule does not transfer. TOWN: LGC control 10/5/2021 to 8/1/2024 (not 7/15); on the 10/6/2025 Unit Assistance List; 37,500 of sales tax withheld 9/9/2025 for the missing FY2022-2024 audits (status unverified); unrestricted fund balance about 8 percent vs a 35 percent policy; DEQ DISTRESSED water/sewer unit (designations 2/4/2026; scores 10/5b/2b/2b/1b, b = missing audits); WWTP NC0030970 1.5 MGD major permit, 2025 flow 0.880 MGD (59 percent), 8 of 12 quarters with a violation identified, NOVs 1/2024-9/2025, no penalties, 4 SSOs in 2025; not on the DWR moratorium list; water bought from PWC and Harnett, a DBP monitoring violation 11/2025. Water/sewer FY2027 retail rates unchanged (minimum 30.87, 5,000 gal 127.95 = S4 1,535 owner-paid if one meter); deposits 200. REVALUATION: Cumberland's next is 2031 (advisory said 2033); at the sector-median factor the 2031 tax is about 1,889 (S5b), at the 2023 price 2,916 (S5). Sector: the twelve V Capital duplexes carry 300 stamps EACH (150,000 each, twelve deeds, not an allocation). GRID (new): S5b CoC -1.1 / -2.4 / -3.5; S6 (8,000 condenser reserve) -0.6 / -1.7 / -2.7; S7 (795+850) 0.2 / -1.1 / -2.3; S8 (10% vacancy) -2.3 / -3.5 / -4.7; S9 (water + 2031 sector tax) -3.7 / -5.0 / -6.2; S10 (10/2027 insurance) -0.8 / -2.0 / -3.2; year one with one turnover NOI 9578, CoC -2.1 at 6.75. Price points at own rent and 6.75: 160,000 -> 2.2 / DSCR 1.12; 150,000 -> 3.6 / 1.19; 137,000 -> 5.7 / 1.31; 125,000 -> 8.0 / 1.43. WATCH: a cut to 165,000 or below; leases at 850 or better; Town permit numbers; a county-planning density/casualty answer; the Town's FY2022-2025 audits filed; the September 2026 UAL.",https://www.redfin.com/NC/Spring-Lake/208-Scarborough-St-28390/unit-B/home/187409413
17,"215 Saint Andrew St, Petersburg, VA 23803",215000,ACTIVE (for sale),Price changed 9/8,-2.3,4.7,1.23,YELLOW; flood factor 5,D-,0.8,2.0,5,,YELLOW -4; crime D- -2; flood 5 -1,,https://www.redfin.com/VA/Petersburg/215-Saint-Andrew-St-23803/home/52375565
27,"639 Conover Rd, Durham, NC 27703",440000,ACTIVE (for sale),"back to active (2026-09-28; was: CLOSED 9/26/2026: Gate 3 FAIL - single-family attached house (one dwelling on its own lot; the listing is 639 Conover Rd UNIT B only, still ACTIVE at 440,000 on TMLS 1",-2.9,3.1,1.15,GREEN,D-,3.2,3.3,,,"G3 FAIL: Durham attached-house pair on two lots (REIDs 241700/241701, plat PB 212/113); one 4-bed house; crime D- -2; drive 3.2h -2; DSCR<1.2 -2","advisory 54 assimilated 9/26 (files 49/49a/49b/49c): 639 A sold 4/20/2026 at 435,000; 639 B held by the builder with three deeds of trust of record; tax 4,847.06 FY27; HOA 115; do not re-fold any 635/637/639/641 Conover half",https://www.redfin.com/NC/Durham/639-Conover-Rd-27703/unit-B/home/197654779
w34,"28 Glenwood Ave, Binghamton, NY 13905",119000,ACTIVE (for sale),weekly sweep 2026-09-28 ENTRANT UNREVIEWED [phila],-3.4,3.1,1.17,YELLOW / photo C4; flood factor 4,C,7.86,,4,,YELLOW -4; drive 7.86h tier B -0.5; DSCR 1.17 -2; [NY flag: Good Cause Eviction opted in 2025-04-02; rent increases above the lower of 10% or CPI + 5% presumptively unreasonable],[Good Cause Eviction opted in 2025-04-02; rent increases above the lower of 10% or CPI + 5% presumptively unreasonable] YELLOW: 1895 build with no renovation evidence; the aerial shows a rusting corrugated metal roof over the rear section (roof age and insurance question); no RED item visible; two p,https://www.redfin.com/NY/Binghamton/28-Glenwood-Ave-13905/home/114814193
18,"126 & 128 Troy Ave NE, Roanoke, VA 24012",209997,ACTIVE (for sale),"price cut $209,998 -> $209,997 (2026-09-28; was: ACTIVE (for sale))",-3.4,5.6,1.27,YELLOW,F,3.8,4.7,1,,YELLOW -4; crime F -3; drive 3.8h -2,"9/16 (advisory 36 Troy memo): NEAR-MISS + FINANCING-HOLD. Two DETACHED cottages on one RM-1 lot (conforming; two field-verified city address points confirmed 9/16); a DSCR matrix lists detached multiple dwellings and units < 600 sf as ineligible and an open 2022 zoning case (ZOCO22-0419) is an ineligible condition; Fannie conventional may treat it as a 2-unit (separate meters + unique addresses). Tax + owner fees $2,252 (solid waste $218.40 + stormwater $111.60 verified). CoC -1.2% at ask; band $124-137K. Aug contract failed, cut to $210K 9/9.",https://www.redfin.com/VA/Roanoke/126-Troy-Ave-NE-24012/home/131667775
w36,"5 Julian St, Binghamton, NY 13905",125000,ACTIVE (for sale),weekly sweep 2026-09-28 ENTRANT UNREVIEWED [phila],-3.5,3.0,1.16,YELLOW / photo C4; flood factor 3,C,7.86,,3,,YELLOW -4; drive 7.86h tier B -0.5; DSCR 1.16 -2; [NY flag: Good Cause Eviction opted in 2025-04-02; rent increases above the lower of 10% or CPI + 5% presumptively unreasonable],"[Good Cause Eviction opted in 2025-04-02; rent increases above the lower of 10% or CPI + 5% presumptively unreasonable] YELLOW: 1940 build sold as-is with no renovation evidence; delivered vacant; exterior intact (vinyl siding, porch), plastic sheeting inside the upstairs windows; no RED item visibl",https://www.redfin.com/NY/Binghamton/5-Julian-St-13905/home/115047336
w35,"67 S Washington St, Binghamton, NY 13903",105500,ACTIVE (for sale),weekly sweep 2026-09-28 ENTRANT UNREVIEWED [phila],-3.9,2.6,1.14,YELLOW / photo C4; flood factor 1,C,7.9,,1,,YELLOW -4; drive 7.9h tier B -0.5; DSCR 1.14 -2; [NY flag: Good Cause Eviction opted in 2025-04-02; rent increases above the lower of 10% or CPI + 5% presumptively unreasonable],"[Good Cause Eviction opted in 2025-04-02; rent increases above the lower of 10% or CPI + 5% presumptively unreasonable] YELLOW: exterior envelope renewed around 2018 per the remarks, interior 'add value' with no scope; peeling paint on the porch trim and a small boarded panel beside the left door; n",https://www.redfin.com/NY/Binghamton/67-S-Washington-St-13903/home/115589025
25,"7 Barney Pl, Portsmouth, VA 23702",245000,ACTIVE (for sale),"price cut $250,000 -> $245,000 (2026-09-28; was: ACTIVE (for sale))",-4.2,4.8,1.25,"RED: vacant unit stripped to subfloor, sections open to the joists (MLS photos, 9/14, file 31); flood factor 5",F,0.8,0.9,5,Cradock Historic District: Certificate of Appropriateness required before any exterior change (Portsmouth HPC),RED -> walk under file 08; YELLOW -4; crime F -3; historic -1; flood 5 -1,"9/16 CORRECTION: TWO water accounts (7 and 9 Barney Pl, both CPN 04090970) per the Portsmouth meter layer; the 9/15 single-meter note was an address-match error. RED stands (file 31). | 9/15: RED stands (wet-wall subfloor removal). NEW: ONE water account/meter per the Portsmouth meter layer -> owner-paid water/sewer/HRSD ~$2,200/yr unless RUBS; service line UNKNOWN both sides; Peck Iron and Metal NPL site 1.75 km. | File 31 (9/14): numbers now on the in-place $1,500/unit basis, 8% vacancy, FY2027 tax $3,531, no rehab. Walk unless the seller closes the floors before appraisal. 8%-CoC price $173-181K on in-place rents; ~$239-250K only if both units reach $1,850 after a $40K cash rehab. Seller's public-record basis $300,000 (Mar 2024).",https://www.redfin.com/VA/Portsmouth/7-Barney-Pl-23702/home/49370220
r10,"133 Hugh Caldwell Rd, Charlotte, NC 28214",305000,ACTIVE (for sale),round 10 entrant 2026-09-11; rent-comp pass 2026-09-12 -> NEAR-MISS,-6.3,-1.8,0.9,GREEN-verify / photo C3,D+,5.0,,1,,fails Gate 5: rent-to-price 0.79% < 0.9%; crime D+ -0.5; drive 5.0h -2; DSCR 0.90 -2,"9/16: ZONING FLIPS TO PASS (N1-B, duplex by right under the June 2023 UDO; permits finaled 1/2024; verified on the city zoning layer). Still FAILS G5 at ask: SAFMR proxy invalid (28214 1BR SAFMR $1,650 vs Zillow $695), comps $1,000-1,200/unit, 8% price $175-215K. Flags: septic; 4 contamination sites within 1,000 ft / 7 within 1,500 ft (Mecklenburg layer, verified) = Area of Regulated Groundwater Usage; two recorded Land Use Restrictions on block-mates; seller recovered its package basis. P <0.05. | NEAR-MISS after the rent-comp pass (files 27/27a/27b): two 1-bed units of ~622 sf in a 1945 duplex comp at $1,100-1,300 each (base $1,200), not the $1,867 tract-median basis. At $2,400/mo rent-to-price is 0.79%, CoC -1.8% and DSCR 0.9 on framework taxes (-0.9% / 0.95 on the actual 2025 bill of $2,172). It clears Gate 5 only at $1,373 per unit, which in this ZIP means voucher tenants at the FY2026 SAFMR ($1,650 gross, ~$1,480 contract: CoC 4.2%, DSCR 1.22) or leases the listing does not disclose. Ask the listing agent for the two leases before spending more time; a Feb 2026 contract at $299,000 fell through (relisted Aug 20 at $305,000). Keep: 2023 roof/HVAC/kitchens, N1-B zoning, city water, septic, tenants pay all utilities. | rent basis: comps 2026-09-12",https://www.redfin.com/NC/Charlotte/133-Hugh-Caldwell-Rd-28214/home/43886182
19,"2326 Elm Ave, Portsmouth, VA 23704",254000,ACTIVE (for sale),,-6.3,3.7,1.18,"YELLOW, pre-1960 systems unknown; flood factor 7",F,0.8,0.9,7,,YELLOW -4; crime F -3; flood 7 -1; DSCR<1.2 -2,"9/16 CORRECTION: the '2324 Elm' water account is this duplex's second unit (parcel legal '2324 2326 ELM'); two meters, not one. | 9/15: ONE water account/meter (Portsmouth layer); service line UNKNOWN; Peck Iron and Metal NPL 1.67 km / Atlantic Wood 2.04 km; Zone AE (file 29).",https://www.redfin.com/VA/Portsmouth/2326-Elm-Ave-23704/home/49361454
13,"2102 Rogers Dr, Fayetteville, NC 28303",175000,ACTIVE (for sale),,-6.5,0.5,1.03,YELLOW,F,4.2,3.7,1,,crime F -3; drive 4.2h -2; DSCR<1.2 -2,"CLAUDE CODE 37 (9/23 evening; advisory 43 verified): NEAR-MISS stands, P 0.03 in place / ~0.08 on a stabilized policy test. Unit mix is a three-way conflict: 2022 MLS remarks 3/1 + 1/1; 2026 remarks 1/1 + 1/1; the COUNTY'S OWN INCOME MODEL (camapwa) carries one 1-bedroom at $460/mo and one 2-bedroom at $500/mo; the twins' county cards carry 3 bedrooms per 1,549 sf building; Unit B is a 1BR of 817 sf (AppFolio/realtor.com 2024); most likely 2BR+1BR. Same-street 2026 rent: 2108 Rogers Unit A (2BR/1BA, same 1949 product) listed 9/4/2026 at $935 and removed 9/11/2026. Stabilized 8% price with A at $935 is $145,200 (6.75%), not the advisory's $162,300. DEED OF TRUST READ IN FULL: $500,000 term note dated 8/16/2023 MATURING 8/10/2028, no partial-release clause, due-on-sale, cross-default, and 'dissolution of Grantor' is an Event of Default (the LLC was dissolved 11/21-26/2025); no release indexed through 9/22/2026. Lender New Republic Bank merged into American Bancorp 11/7/2025 and a further acquisition by Juno Bancorp was noticed 6/5/2026. Cumberland's next revaluation is 2031 (commissioners' resolution 3/2/2026), not 2033. Water: PWC's inventory carries two service-line assets for the address (probably two meters; confirm with a bill); one meter would cut the 8% price by ~$24,000. Plat PB 14/64 read (1952, 'EUTAW APARTMENT AREA', duplex drawn on lot 35, no covenants on its face); 2019 deed read (arm's-length warranty deed). Seller is defendant in an active Durham County buyer suit (25CV003975-310) and sold six houses and bought one since 9/2025 (ordinary flipper course, not liquidation). Listed 8/18/2026 = 36 days, not 22. | 9/23 photo read (33 frames, two generations: 2022 vacant-unit shoot + 2026 occupied phone photos): YELLOW, exterior C4 (worn three-tab roof under heavy canopy, no gutters, bare-wood window sashes, siding puncture, two aged RUUD package units), Unit A C4 (2022 LVP and hardwood finish since replaced with vinyl tile - unexplained), Unit B C4 by default (dated, cluttered); gas wall furnace in the 2022 frames not visible in 2026; two gas + two electric meters; BEDROOM COUNT UNRESOLVED (1BR listing vs two bedrooms in frames). Near-term $15-33K vs a $17.5K allowance. Metrics unchanged (CoC 0.5%, DSCR 1.03). NEAR-MISS stands, P ~0.03. | 9/20: rent STATED in remarks '1 bedroom and 1 bathroom. Rented at $750, and $835 each' = $1,585 month-to-month (board 2BR proxy $1,859 and 2BR+2BR mix wrong); verified 2026 bill $1,506.82 (board $593 = ad valorem only). CoC 0.5 / -0.8 / -2.0%, DSCR 1.03 / 0.97 / 0.91; 8% price $126K. Same seller as Edgar and collateral under the same $500K New Republic Bank deed of trust (11802/0067). NEAR-MISS, P ~0.03. | 9/15: NEAR-MISS - county apartment class, income value $62,500 (36% of ask), in-place ask $789 (5/2024), MTM leases; same seller as Rhew/Edgar.",https://www.redfin.com/NC/Fayetteville/2102-Rogers-Dr-28303/home/125506151
14,"814 Varsity Dr Unit A-B, Fayetteville, NC 28304",199900,ACTIVE (for sale),,-7.1,-1.1,0.94,GREEN-verify,D-,4.2,3.7,1,,crime D- -2; drive 4.2h -2; DSCR<1.2 -2,"9/23 (advisory 42 + verification + Register of Deeds): NEAR-MISS, PARK. 15 MLS frames read: Unit A C3 (cosmetic turn over 1983 all-electric systems: baseboard in every room, one wall AC per unit, no dishwasher), exterior C3, no RED; Unit B unseen. ZIP is 28301 not 28304; Tract 11 = Murchison Choice area. SF-10 needs 7,500 sf PER UNIT (15,000 for a duplex); GIS lot 14,584 sf, plat 18/44 unread (ROD image placeholder) - lot on the line, P(conforming) ~0.55. Unit A unleased ~67 days ($975 -> $950, relisted under a new MLS number); underwrite A $900 + B $950 = $1,850. Insurance stays $1,680 (already includes the 10/1/2026 step; advisory double-counted to $1,764). NOI $10,974; CoC -1.1 / -2.4 / -3.6%, DSCR 0.94 / 0.88 / 0.83; 8% price $131.6K / $125.7K / $120.5K; DSCR-1.20 price $156.7K. ENCUMBERED: $124,000 Civic Financial hybrid-ARM DSCR loan (DT 11609/0528, 10/25/2022, due 2052, non-recourse, prepayment premium in the Note), assigned 11/26/2024 into a Goldman Sachs / U.S. Bank Trust securitization, no satisfaction - the ~$120K payoff sits under the framework's clearing price, so the seller's floor is ~$165-175K. Sector 0329MF factor 2.07 (uniform) -> appeal P 0.10-0.15; Cumberland informal-appeal deadline 2/5/2027. RAMP: 2 Appendix-A points in the 1/1/2026 window, 0 since; ask. Special assessments: none. FY2027 FMR $1,476 / 28301 SAFMR $1,250. P ~0.02. | 9/20: verified 2026 bill $3,329.83 (assessed $254,700; the board had no tax line); owner of record THE ENTRUST GROUP INC (self-directed IRA custodian) with a Lereta flag; SF-10, 14,810 sf lot = conforming on density. CoC -0.1 / -1.4 / -2.6%, DSCR 1.00 / 0.93 / 0.88; 8% price $139K. NEAR-MISS, P ~0.03.",https://www.redfin.com/NC/Fayetteville/814-Varsity-Dr-28301/unit-A-B/home/203301115
24,"749 Mt Airy St, Petersburg, VA 23803",195000,ACTIVE (for sale),Zillow duplicate merged 2026-09-28,-7.4,0.6,1.03,YELLOW,D-,0.8,2.0,1,,YELLOW -4; crime D- -2; DSCR<1.2 -2,"weekly sweep 2026-09-21 folded this property a second time from its Zillow row (https://www.zillow.com/homedetails/749-Mount-Airy-St-Petersburg-VA-23803/230879188_zpid/): photo YELLOW / photo C3, YELLOW: C3 built 1974 (before 1980) with no renovation evidence; remarks did not parse from Zillow; unit count unverifiable from the single photo; debris and an old satellite dish stacked at the side stoop Fold score -5.7; last underwrite pass that day scored it -7.7 (CoC 2.3, DSCR 1.12, YELLOW -4; crime D- -2; drive 1.3h -2; DSCR 1.12 -2); duplicate row removed 2026-09-28 after the Mount/Mt matching fix.",https://www.redfin.com/VA/Petersburg/749-Mount-Airy-St-23803/home/190215161
r7,"605 Washington St, Laurinburg, NC 28352",130500,ACTIVE (for sale),round 7 entrant 2026-09-11,-8.1,1.9,1.10,YELLOW / photo C4,D-,3.6,,1,,YELLOW -4; crime D- -2; drive 3.6h -2; DSCR<1.2 -2,"9/19 DOWNGRADED to HOLD FOR DOCUMENTS (advisory 40 + verification): City of Laurinburg is on the LGC Unit Assistance List (10/6/2025 list); city kept 40c vs a 29c revenue-neutral rate after the 60% reappraisal; county 69.9c on the new values (SL 2026-47 exemption from the SL 2026-8 freeze); combined 1.099% on an UNPUBLISHED 2026 value (bracket $59-130K -> tax $647-1,434). R-6 two-family is permitted but the 7,493 sf lot is under the 9,000 sf two-unit minimum: nonconforming situation with an SUP required for renovation or rebuild over 25% of appraised value and a 180-day discontinuance rule. Two city utility accounts (603 and 605). Deed 1787/298 (4/2024) shows no excise stamps. At ask (tax $1,154): CoC 1.9% / 0.7% / -0.5%, DSCR 1.10 / 1.03 / 0.97; 8% price $101K / $96K / $92K. Conventional only. Offer $95-105K after the 2026 tax bill, leases and a zoning letter. P ~0.07. | YELLOW: block construction, no central heat or air, 1-bed units at $650, Scotland County shallow set with tract TPR 37; cash flow is thin at 6.75% | rent basis: listing text",https://www.redfin.com/NC/Laurinburg/605-Washington-St-28352/home/194333194
37,"301 S High St, Franklin, VA 23851",190000,ACTIVE (for sale),Listed 8/17,-8.2,-1.2,0.94,YELLOW: C4 and built 1900; public record single-family,D,1.2,1.1,1,,YELLOW -4; crime D -1; DSCR<1.2 -2,,https://www.redfin.com/VA/Franklin/301-S-High-St-23851/home/49356588
23,"28-30 Hillcrest Ave NE, Roanoke, VA 24012",179256,ACTIVE (for sale),,-9.2,1.8,1.09,YELLOW,F,3.8,4.7,1,,YELLOW -4; crime F -3; drive 3.8h -2; DSCR<1.2 -2,,https://www.redfin.com/VA/Roanoke/28-Hillcrest-Ave-NE-24012/home/131571815
22,"108 S Pine St, Rocky Mount, NC 27804",175000,ACTIVE (for sale),,-9.4,1.6,1.08,"YELLOW, pre-1960 systems unknown; flood factor 6",D-,2.4,2.0,6,,YELLOW -4; crime D- -2; drive 2.4h -2; flood 6 -1; DSCR<1.2 -2,"9/15: rent basis BROKEN - the building's own rental ask went $750 -> $700 (10/2025) vs the $1,004 proxy; exterior frame may not be 108; tax $1,938 on assessed x 1.32 (Nash 0.63 + city 0.69, LGC oversight).",https://www.redfin.com/NC/Rocky-Mount/108-S-Pine-St-27804/home/135011296
36,"1121 35th St, Newport News, VA 23607",189000,ACTIVE (for sale),"Price cut 9/10 (was 199,900)",-9.4,-0.4,0.98,"YELLOW: 1930, kitchen/bath updates per listing but systems unknown; flood factor 4",F,0.4,1.3,4,,YELLOW -4; crime F -3; DSCR<1.2 -2,"9/15: Z-FAIL R4 but worth one call (zoning letter, PIN 301010107). REO seller = VMC REO LLC (Velocity Commercial Capital affiliate, inference); prior owner bought $25K in 2021, listed $275K 8/2025, lost it at the 6/2/26 trustee sale ($203,150). Tax $1,322 ($112,000 x $1.18 FY27). Inside NN Rental Inspection District 3 (NSA 03): certificate ends on transfer. Discontinuance period 24 months (ZT-2021-0005 snippet, unverified).",https://www.redfin.com/VA/Newport-News/1121-35th-St-23607/home/49664787
0,"334 Rhew St, Fayetteville, NC 28303",175000,ACTIVE (for sale),,-9.5,1.5,1.08,YELLOW,F,4.2,3.7,1,,YELLOW -4; crime F -3; drive 4.2h -2; DSCR<1.2 -2,"9/20: verified 2026 bill $1,982.96 (board $1,624); 1BR+1BR brick (946 sf), 'long-term tenants', rent not stated; at the board's $1,700: CoC 1.5 / 0.3 / -0.9%, DSCR 1.08 / 1.01 / 0.95; 8% price $132K. This row's file-14 rank rested on a round-1 tract-median rent (CoC 26.5) - corrected. Same seller as Edgar (dissolved/reinstated 11/2025, late payer). DROP candidate stands, P ~0.03. | 9/15: DROP candidate - only photo is a 2020 Street View; assessor credits no renovation; container on the lot; Southern Wake Property Group LLC portfolio seller (also Rogers, Edgar).",https://www.redfin.com/NC/Fayetteville/334-Rhew-St-28303/home/126111855
r4,"1021 Penmar Ave SE, Roanoke, VA 24013",165000,ACTIVE (for sale),"price cut $179,000 -> $165,000 (2026-09-21; was: ACTIVE (for sale))",-9.5,1.5,1.08,YELLOW / photo C3,F,3.8,,1,,YELLOW -4; crime F -3; drive 3.8h -2; DSCR<1.2 -2,"9/15: reclassified GREEN-verify (26 frames); in-place $845 + $885 = $1,730 to Aug 2027; CoC ~0% at ask; 8% price ~$132K; Roanoke SOUTHEAST rental inspection district. | YELLOW: pre-1980, no renovation language, both units rented (stated $1,730/mo) | rent basis: listing text",https://www.redfin.com/VA/Roanoke/1021-Penmar-Ave-SE-24013/home/131720657
6,"417 Squirrel St, Fayetteville, NC 28303",220000,ACTIVE (for sale),,-9.8,1.2,1.07,YELLOW verify (45 frames 9/19),F,4.2,3.7,1,,YELLOW -4; crime F -3; drive 4.2h -2,"9/19 (advisory 40 + verification): ZONING FLIPS TO PASS - two- to four-family is P in SF-6 since Ord. S2025-008 (4/14/2025); the remaining nonconformity is density (6,970 sf lot vs 6,000 sf per unit), a structure question with no vacancy clock; the zoning letter must state the casualty rebuild right (Fannie B4-1.3-04). Tax = 2026 bill (county 0.499 + city 0.4495 on $189-193K plus county SW $130/unit, city SW $285/unit, stormwater $84): $2,710 / $2,747 / $2,450. At the $1,046/unit proxy: CoC 1.2% / 0.0% / -1.2% and DSCR 1.07 / 1.00 / 0.94 at 6.75 / 7.40 / 8.00%; 8% price $164K / $157K / $150K. Sector comps corrected (Dashland $175K EACH 12/2024; 432 Squirrel triplex $329K 8/2025 at $150/sf): band $150-175K per building, package-only offering, all four parcels mortgaged (lender tax-service flags on the 2026 bills), 2026 bills unpaid. P ~0.04. 417 SPECIFIC: the county and city fee rolls have billed ONE household at 417 on the 2023, 2024, 2025 and 2026 bills (two at 421/425/429) - unit B's status is the first question.",https://www.redfin.com/NC/Fayetteville/417-Squirrel-St-28303/home/125963971
4,"421 Squirrel St, Fayetteville, NC 28303",220000,ACTIVE (for sale),,-9.8,1.2,1.07,YELLOW verify (45 frames 9/19),F,4.2,3.7,1,,YELLOW -4; crime F -3; drive 4.2h -2,"9/19 (advisory 40 + verification): ZONING FLIPS TO PASS - two- to four-family is P in SF-6 since Ord. S2025-008 (4/14/2025); the remaining nonconformity is density (6,970 sf lot vs 6,000 sf per unit), a structure question with no vacancy clock; the zoning letter must state the casualty rebuild right (Fannie B4-1.3-04). Tax = 2026 bill (county 0.499 + city 0.4495 on $189-193K plus county SW $130/unit, city SW $285/unit, stormwater $84): $2,710 / $2,747 / $2,450. At the $1,046/unit proxy: CoC 1.2% / 0.0% / -1.2% and DSCR 1.07 / 1.00 / 0.94 at 6.75 / 7.40 / 8.00%; 8% price $164K / $157K / $150K. Sector comps corrected (Dashland $175K EACH 12/2024; 432 Squirrel triplex $329K 8/2025 at $150/sf): band $150-175K per building, package-only offering, all four parcels mortgaged (lender tax-service flags on the 2026 bills), 2026 bills unpaid. P ~0.04. 421 = cleanest record; price this one first if the package breaks (Redfin Estimate $214,585).",https://www.redfin.com/NC/Fayetteville/421-Squirrel-St-28303/home/125609682
5,"425 Squirrel St, Fayetteville, NC 28303",220000,ACTIVE (for sale),,-9.9,1.1,1.06,YELLOW verify (45 frames 9/19),F,4.2,3.7,1,,YELLOW -4; crime F -3; drive 4.2h -2,"9/19 (advisory 40 + verification): ZONING FLIPS TO PASS - two- to four-family is P in SF-6 since Ord. S2025-008 (4/14/2025); the remaining nonconformity is density (6,970 sf lot vs 6,000 sf per unit), a structure question with no vacancy clock; the zoning letter must state the casualty rebuild right (Fannie B4-1.3-04). Tax = 2026 bill (county 0.499 + city 0.4495 on $189-193K plus county SW $130/unit, city SW $285/unit, stormwater $84): $2,710 / $2,747 / $2,450. At the $1,046/unit proxy: CoC 1.2% / 0.0% / -1.2% and DSCR 1.07 / 1.00 / 0.94 at 6.75 / 7.40 / 8.00%; 8% price $164K / $157K / $150K. Sector comps corrected (Dashland $175K EACH 12/2024; 432 Squirrel triplex $329K 8/2025 at $150/sf): band $150-175K per building, package-only offering, all four parcels mortgaged (lender tax-service flags on the 2026 bills), 2026 bills unpaid. P ~0.04. 425 = highest tax line; 2012 drug offences on the parcel record.",https://www.redfin.com/NC/Fayetteville/425-Squirrel-St-28303/home/125569068
30,"1702 Birchwood Dr SE, Wilson, NC 27893",185000,ACTIVE (for sale),,-10.1,-0.1,1.0,YELLOW,D-,2.7,2.2,1,,YELLOW -4; crime D- -2; drive 2.7h -2; DSCR<1.2 -2,"9/16: reclassified NEAR-MISS at ask / PASS at comps - identical 1,632 sf buildings at 1704 and 1712 closed $134,000 (4/2025, verified). Package constraint.",https://www.redfin.com/NC/Wilson/1702-Birchwood-Dr-SE-27893/home/65300475
31,"1706 Birchwood Dr SE, Wilson, NC 27893",185000,ACTIVE (for sale),,-10.1,-0.1,1.0,YELLOW,D-,2.7,2.2,3,,YELLOW -4; crime D- -2; drive 2.7h -2; DSCR<1.2 -2,9/16: reclassified NEAR-MISS at ask / PASS at comps ($134K street closings verified). Package constraint.,https://www.redfin.com/NC/Wilson/1706-Birchwood-Dr-SE-27893/home/65300474
32,"1707 Birchwood Dr SE, Wilson, NC 27893",185000,ACTIVE (for sale),,-10.1,-0.1,1.0,YELLOW,D-,2.7,2.2,1,,YELLOW -4; crime D- -2; drive 2.7h -2; DSCR<1.2 -2,9/16: reclassified NEAR-MISS at ask / PASS at comps ($134K street closings verified); unit B advertised $800. Package constraint.,https://www.redfin.com/NC/Wilson/1707-Birchwood-Dr-SE-27893/home/65300464
33,"1703 Birchwood Dr SE, Wilson, NC 27893",185000,ACTIVE (for sale),,-10.1,-0.1,1.0,YELLOW,D-,2.7,2.2,1,,YELLOW -4; crime D- -2; drive 2.7h -2; DSCR<1.2 -2,9/16: reclassified NEAR-MISS at ask / PASS at comps ($134K street closings verified). Package constraint.,https://www.redfin.com/NC/Wilson/1703-Birchwood-Dr-SE-27893/home/65300465
r4,"741-745 Tamarack Dr, Fayetteville, NC 28311",205000,"ACTIVE (for sale by owner, FSBO.com)",round 4 entrant 2026-09-11,-8.5,-3.5,0.81,YELLOW unverified (all 5 frames are the 2017 MLS set; no interior ever shown; roof/HVAC claims are 2017 recollections),D,4.0,,1 (NFHL Zone X),,GREEN-verify 0; crime D -1; drive 4.0h -2; DSCR<1.2 -2,"crime, property level (moved from the crime column 2026-09-29): 9/24 property level: 2 reports at the units in 3/2024; 400 m ring 271 in 2 yrs (Lake in the Pines 620 units next door) | CLAUDE CODE 39 (9/24 evening; advisory 45 verified): OUT stands, P 0.01 (chain 0.05 x 0.45 x 0.50 x 0.85 = 0.0096). LIEN READ at the Register of Deeds: the 2018 Quicken purchase loan (DT 10246/0808) was satisfied 8/28/2023 (11810/0152) after a NEW deed of trust to Rocket Mortgage recorded 8/10/2023 (11798/0072, 18 pages): a $140,000 note dated 8/9/2023 maturing 9/1/2053 with the 1-4 Family Rider (assignment of leases on default, cross-default; occupancy covenant deleted) on a building bought for $103,000 in 2018 - a cash-out refinance at 2023 rates; the payoff today is about $136,000 (assumption: 7.5%), so the framework's reopen line ($153,000 at $1,025 rents) nets the seller about nothing and the in-place 8% price ($117,000) is a short sale. Nationstar on the 2026 bill = the same Rocket loan serviced by Mr. Cooper after the 10/1/2025 acquisition. TAX DEFAULT PATTERN (county bills, not a single unpaid bill): 2023 paid 2/29/2024 with interest; 2024 paid 6/30/2025 through DAVID B. CRAIG, ATTORNEY, who represents Cumberland County in tax foreclosures (his site, verbatim), so the parcel was redeemed out of a county tax-foreclosure file; 2025 paid 4/6/2026 by ROCKET MORTGAGE/CORELOGIC with $133.25 interest (servicer advance); 2026 $3,256.38 open. The record owner's three other Cumberland parcels show the same pattern (one paid through the foreclosure attorney in 5-6/2025, one with 2025 AND 2026 open and advertised 6/21/2026, one with 2026 open); the ROD index shows two other parcels sold in 2024 and two refinanced in 2023. THIRD SELLER TEXT (Trulia/Zillow record 80879434, undated, before the 8/27/2026 FSBO.com listing): 'Tenants on month to month leases at $875.00', 'AC last replaced 10 years ago', 'Roof replace 12 years ago', 'floor have been recently replaced in both units', 'washer and dryer hookups', 'tenant pays all utilities', 'No owner financing', 'looking to sale as soon as possible' - so the stated rent FELL from $875 to $850, the tenancies are month to month (not 'established'), and the seller's own roof years disagree (2016 in the 2017 MLS remarks and the 2026 text; 12 years ago in the third). The owner's own 2/2024 ask for unit A was $1,000 (Trulia unit record, removed 2/12/2024). METERS: PWC 120Water carries one service-line asset for 741 and one for 745 (two meters, per-unit) - advisory 45's 'two lids' assumption confirmed; owner_paid 0 stands. E911: 741 (LT 37 A, east) and 745 (LT 37 B, west) both typed APT on the PIN, assigned 10/11/2002 (reproduced). ASSESSMENT HISTORY: $86,700 (2012-2016) -> $43,300 at the 2017 revaluation -> $238,100 at the 2025 revaluation; the 2017 halving was sector-wide (711 Tamarack half $47,300 -> $29,400 while the single-family house at 737 rose to $104,400), so it is not a damage event; the county's sales-comparison factor is 1.85x cost for the two whole-duplex parcels against 1.35x for the 96 halves (an appeal argument only if a record error can be shown; G.S. 105-287). STORMWATER: the 2026 line is $168 because the city's FY2027 residential fee is tiered by impervious building area (tier 2 = 2,501-4,800 sf = $14/month); the '$84 per parcel' convention in 32b is corrected. CRIME (city layers, 2-year window 9/24/2024-9/24/2026): 400 m ring 90 persons / 169 property / 12 society (Pecan was 15 / 50 / 14) - the ring holds the 620-unit Lake in the Pines complex (700-946 Tamarack) and the Rosehill Rd strip; 60 m ring 1 / 2 / 0; at the units: vandalism at 741 on 3/13/2024 and larceny by trickery at 745 on 3/2/2024, a simple domestic at 741 on 4/24/2023 (unfounded) and three 2022 reports at 745. FEMA Zone X; tract 37051002402. RENT: achieved Stoneleigh $1,025 (reproduced); NEW asks 3545 Torbay $1,099 (renovated, 9/2026) and the renovated 1176 Landau half $1,250 (11/2/2025, removed in 19 days); Lake in the Pines 2BR $873-1,419 with a free month through 10/6/2026. At the ask: CoC -3.5% in place, 0.6% at the owner's $1,000, 1.3% at $1,025, 7.3% only at $1,250 renovated; 8% needs $1,275 a unit; renovating both units to $1,250 (assumption $40,000) reaches 8% only at $160,000 and is 25% of price against file 08's 10% cap. INSURANCE: advisory 45a re-applied the 10/1/2026 step ($1,680 already carries it; $1,764 is 10/2027) - its recomputed grid is the 10/2027 grid; 45c's grid at $1,680 is the current one and reproduces. HOA: 'Stoneleigh Villas Homeowner Association' is a live NC non-profit (SOS 1093388, formed 4/16/2009, office on this block); neither listing discloses dues; COVENANTS OF RECORD READ 9/24 (ROD Corp search 'STONELEIGH VILLAS', 8 names / 13 entries; three instruments fetched): (a) Restrictive Covenants for Stoneleigh Villas Section One, Book 2842 Page 483-486, recorded 10/12/1981 by the developer O & N Investments Inc (4 pages, read in full): par. 1 permits 'one-detached, single-family dwelling or two (2) to four (4) family dwellings' up to 2.5 stories on any numbered lot (the duplex use is EXPRESSLY permitted by covenant); par. 2 and 10 minimum 850 sf per unit in two- to four-family dwellings (the subject's 948 sf units comply), brick or block foundations, 'no residence or structure shall use asbestos siding or exposed cinder block wall'; par. 4, 7, 8, 9, 14 reserve written consent of the developer or its successors for outbuildings, front-of-structure fences (except developer privacy fences), 'alterations, additions, or changes of any kind ... to the structure or design', masonry work and home occupations (dormant unless a successor asserts them); par. 5 no defective vehicles, bicycles, garbage cans or toys nearer the street than the front corner; par. 6 common pets only; par. 11 runs with the land to 9/1/2011 then auto-extends in ten-year periods (now 2021-2031) unless a recorded majority vote of lot owners amends; par. 12 any lot owner may enforce; par. 15 ten-foot side-line utility easement; par. 16 developer may subject the lots to a PWC underground-electric or street-lighting contract with a continuing monthly payment per building owner. NO leasing or rental restriction, NO association, NO assessment. (b) 'Declaration of Protective & Restrictive Covenants for Stoneleigh Villas Subdivision', Book 8093 Page 58-59, recorded 3/9/2009 by two signers styled 'the owners of two homes in the subdivision': purports to make 'all owners' members of an association, levy $40 monthly dues payable to a private company at a PO Box, fine $500 per violation up to $3,000, and mandate fences, security alarms or bars, curb numbers and security lights, with a 20-year term - one month before the 'Stoneleigh Villas Homeowner Association' non-profit was formed (4/16/2009) with its office at 731 Tamarack Dr. (c) 'Termination of Protective & Restrictive Covenants', Book 9768 Page 433, recorded 12/8/2015 by the then owners of 731 Tamarack Dr (Lot 35, Section One): recites that the prior owner of 731 executed the 2009 declaration, that the co-signer 'never owned property in Stoneleigh Villas Subdivision', that 731 was 'the only property encumbered with the Declaration', and terminates it. READ: no HOA, dues, assessment or leasing restriction binds Lot 37; the 2009 attempt bound one lot and is terminated; the 1981 covenants govern and permit the duplex; a title examiner will note (b) and (c) under the subdivision name. NC next reval 2031 (45 and 45c said 2033; 45a corrected). Photo basis void (2017 FRAR set) reproduced; novice YELLOW unverified. | 9/20: verified 2026 bill $3,256.38 (assessed $238,100; stormwater $168 = two ERUs; Nationstar flag = mortgaged; no tax line before). CoC -3.5 / -4.8 / -6.0%, DSCR 0.81. OUT (negative cash flow). | GREEN, verify: built 1982, updated HVAC and new roof language; listing quotes $850 / $1,300 / $1,700 / $2,600 figures (current vs upside unclear), so rent uses tract median until comps | rent basis: tract median x 2",https://www.zillow.com/homedetails/741-745-Tamarack-Dr-Fayetteville-NC-28311/2075846722_zpid/
38,"716 31st St, Newport News, VA 23607",240000,ACTIVE (for sale),,-10.6,-0.6,0.97,"YELLOW: 1940, updated windows/HVAC/LVP per listing; flood factor 6; interior-only photos",F,0.4,1.3,6,,YELLOW -4; crime F -3; flood 6 -1; DSCR<1.2 -2,9/15: inside NN Rental Inspection District 1 (NSA 01 Lower Downtown).,https://www.redfin.com/VA/Newport-News/716-31st-St-23607/home/49644738
r5,"307 S Jacob St, Cherryville, NC 28021",204900,ACTIVE (CLOSE 9/25),round 5 entrant 2026-09-11; advisory 53 + round 16 verification 9/25,-11.1,-3.1,0.84,YELLOW / photo C3,C+,4.9,,1,,YELLOW -4; drive 4.9h -2,"9/25 file 46 (round 16): CLOSE, P 0.015. Comps 695-895 a unit (read 800): CoC -3.1, DSCR 0.84; 8 percent price 119,800 (800) to 130,200 (850) vs ask 204,900. The seller's OPEN 125,000 Blue Ridge Bank / LenderSelect deed of trust of 6/29/2023 (balance about 120,700) makes any framework price a short sale or a cash-in closing. Zoning PASS (R-9 by right; lot 77 ft vs 80). City Code 30-90 requires one electric meter per unit (one visible). Unvented gas heater = voucher-ineligible until removed. 2026 bill 2,152.39 (city 0.48 confirmed). Next Gaston reappraisal 1/1/2027. | YELLOW provisional: built 1915, 'partial updates', no rents stated; tract-median rent overstates 1-bed units (at $800 per unit CoC is -2.9%, DSCR 0.84) | rent basis: tract median x 2",https://www.redfin.com/NC/Cherryville/307-S-Jacob-St-28021/home/41052790
29,"1708 Birchwood Dr SE, Wilson, NC 27893",185000,ACTIVE (for sale),,-11.1,-0.1,1.0,YELLOW; flood factor 6,D-,2.7,2.2,6,,YELLOW -4; crime D- -2; drive 2.7h -2; flood 6 -1; DSCR<1.2 -2,"9/16 (advisory 37 Birchwood): keep GATE5 #17. Package of five ($925K) vs seller basis $585K (2/2021, verified transfer history); the identical 2,064 sf twin at 1710 closed $154,000 (4/29/2025, verified county sales layer). Written offer $155K; ask for the Agent Remarks rent roll and whether the package separates. P ~0.2.",https://www.redfin.com/NC/Wilson/1708-Birchwood-Dr-SE-27893/home/65300471
11,"2316 Edgar St, Fayetteville, NC 28301",189000,ACTIVE (for sale),Listed 9/7,-12.8,-1.8,0.90,YELLOW,F,4.2,3.7,1,,YELLOW -4; crime F -3; drive 4.2h -2; DSCR<1.2 -2,"9/20-21 (advisory 41 + verification): NEAR-MISS, PARK IT. ENCUMBERED: New Republic Bank deed of trust 11802/0067 (8/16/2023, $500K max lien, assignment of rents) names 2316/2318 Edgar with 2102 Rogers, 1706 Carter Baron and a Smithfield parcel; no release indexed; the payoff floors any price (the advisory's 'unencumbered' read is refuted). Seller states the rent in the remarks: '2 beds 1 bath per side, Rent $855' -> $1,710/mo (board proxy $1,859). Verified 2026 bill $3,143.92 (board $2,230 omitted county SW $260 + city SW $570 + stormwater $84). NOI $9,950; rtp 0.905% (Gate 5 by $1,000); CoC -1.8 / -3.1 / -4.3%, DSCR 0.90 / 0.84 / 0.80; 8% price $119K / $114K / $109K; DSCR-1.20 price $142K / $133K / $126K. Zoning FULLY CONFORMING (SF-6 P since S2025-008; 13,939 sf lot vs 12,000) - the only Fayetteville row with no rebuild exposure. Inside the Murchison Choice planning area (tract 11): $25.1M CNI grant 9/2/2026, construction late 2027 over eight years, relocation vouchers = a dated rent-reset mechanism 14-26 months out. Crime 23/39/17 within 400 m. Seller LLC administratively dissolved 11/21/2025 and reinstated 11/26/2025, chronic late tax payer, blanket deeds of trust on record (encumbrance NOT excluded). Watch for the first cut / the Galveston package outcome. P ~0.05. | 9/15: seller flag (Southern Wake Property Group LLC, ~94 acquisitions, liquidating); ask is 80% of county value; gallery review pending.",https://www.redfin.com/NC/Fayetteville/2316-Edgar-St-28301/home/125611809
w6,"307 N Church St, Clayton, NC 27520",320000,"ACTIVE (for sale by owner; NEAR-MISS, PARK, Z-RISK 9/26; G5 and G6 fail at every supported rent)",weekly sweep 2026-09-21 NEAR-MISS; advisory 56 + round 18 verification 9/26 (board row w6),-13.0,-5.0,0.73,YELLOW / C3-C4 upper (2026 rental frames); lower unseen since the 2013 gutted-kitchen frames,B,3.2,,1 (First Street; FEMA X by polygon),NR Clayton Historic District (2010); no local overlay standards (3.7.4 placeholder); no COA,"fails Gate 5: rent-to-price 0.62 percent; YELLOW -4; drive 3.2h -2; DSCR 0.73 -2 (the 9/21 fold carried tax at 1 percent of price, 3,200; the 2026 bill is 1,961 - corrected here)","9/26 file 48 (round 18): NEAR-MISS, PARK, Z-RISK, P 0.005 (advisory 56: 0.005). Documented roll 800 in place + the seller's own 1,200 ask for the vacant upstairs (Zillow rental 9/21/2026) = 2,000: CoC -5.0, DSCR 0.73 at the ask; 8 percent price 163600.0 (6.75) / 156200.0 (7.40); stabilized 2,600 -> 225,800 / 215,600; 2,800 -> 246,500 / 235,400. RMD prohibits duplexes since 4/15/2024 (Table 4.2.5 read in three editions; ordinance 2024-04-04): lawful nonconforming at best - 180-day abandonment (5.6.8), NO rebuild as a duplex after a 51 percent casualty (5.6.7), owner's burden (5.1.3), formal determination 500. NEW: two permanent drainage + temporary construction easements to the Town of Clayton (6/24/2026; 7153/214 and 7168/383; 1,166 + 886 sf at the creek corner; WithersRavenel 'N Church St and E Front St Drainage'); the creek is the parcel boundary and the house sits 28 ft from the mapped stream (inside the 50-ft Neuse buffer); a 15-day MLS listing at 340,000 (5/18-6/2/2026) preceded the FSBO; both SECU liens (50,800 of 2013 - not 59,800 - and the 18,400 equity line) open of record; 2013 price 63,500; National Register Clayton Historic District (2010) covers the lot. Tax 1,961 = 0.51 + 0.49 on 196,130 (2025 reval; next 2029). County-confirmed downtown duplex sales 245,000 (3/2026) and 300,000 (12/2024). | YELLOW: no photo to grade, built 1952 (before 1980), no renovation evidence; unit count and legal duplex status unverified; treat as unverified until photos and a permit or zoning check exist",https://www.zillow.com/homedetails/307-N-Church-St-Clayton-NC-27520/69088544_zpid/
26,"2614 Pecan Dr, Fayetteville, NC 28303",225000,ACTIVE (for sale),,-13.7,-2.7,0.85,YELLOW (walk: exterior bids 2-4x the 10% cap; RED candidates open),F,4.2,3.7,1 (NFHL Zone X),no (outside the Haymount LHD; city map 9/2014),YELLOW -4; crime F -3; drive 4.2h -2; DSCR<1.2 -2,"CLAUDE CODE 38 (9/24; advisory 44 verified): OUT stands, P about 0.005 (chain 0.06 x 0.35 x 0.25 x 0.15 x 0.60 = 0.0005, displayed with a 10x allowance). Withdrawn: the '6/24/2025 $20,000 sale' - the county's own deed chain (camapwa DeedDetails) runs 1986 warranty deed $42,000 -> survivorship 12/3/2020 -> estate file 21-E-508 (two heirs, 50/50, 2/22/2021) -> $0 quitclaim between the two heirs 5/9/2025 (12231/0577) -> warranty deed to TAI Enterprise Inc 7/24/2026 ($100 stamps = $50,000, 12584/0183); no June 2025 instrument exists, and the companion quitclaim 12231/0580 the same morning moved 2604 (the 1955 duplex) and 2608 Pecan to the other heir, so the 2025 deeds were a division between the estate's two heirs. NEW: the county E911 layer carries '2616 PECAN DR' as its own address point typed APT on this PIN (2614 is APT too; neighbours are HOM) - documentary support for the two-unit use under the 30-7.A.3 burden, with two-unit county and city solid-waste fees on every bill from 2012 to 2026 and the county R2-DUPLEX class. Rent on comps $800 a unit ($1,600; band $1,550-1,700) REPRODUCED (Redfin 28303 1BR small-property asks $750-825 for 576-900 sf; Zillow 28303 1BR average $945, 18 of 40 in the $700-800 bins). Water: PWC's 120Water inventory carries ONE service-line asset for 2614 and none for 2616, while both other duplexes on the street carry two (2604 'A/B', 2703 two) - owner-paid water and sewer is the base case (P 0.75), about $1270/yr on the 5/2026 water and 5/2025 sewer schedules. 8% price $107,900 at 6.75% tenant-paid, $92,600 owner-paid water; DSCR 1.20 price $128,400 / $110,300. Casualty: 30-7.C.1 routes a nonconforming STRUCTURE with a conforming USE to Article 30-7.C, whose C.5 rule has no multifamily exception; 30-7.B.8.a.3-4 (rebuild to prior density) sits under Nonconforming USES and applies to 'a structure housing any nonconforming use' - so Ord. S2025-008 (two-family now P) moved SF-6 duplexes OUT of the section that carries the safety net. City letter needed; P(two-unit rebuild allowed) 0.35, not even. Insurance: advisory 44 double-applied the 10/1/2026 step (the board's $1,680 already carries it; $1,764 is the 10/1/2027 figure). Seller TAI Enterprise Inc is a three-truck intrastate carrier (USDOT 2473625) at the owner's mailing address, not a flipper; both portals show 29 days, 28 Redfin views, 134 Zillow views, 6 saves, no cut. Not in a local historic district (city map 9/2014: Haymount LHD ends at Bragg Blvd/Hillside Ave, 2 km away). 2023 and 2025 bills were advertised delinquent and paid (2025: $3,403.87 with interest, garnishment and advertisement fees, $3,283.35 paid 8/3/2026 by the closing law firm); 2026 bill $3,150.56 unpaid, interest from 1/6/2027. By hand: NC SOS record for TAI (Cloudflare gate) and the eCourts Portal search for estate 21E000508-260 (human-verification gate). | 9/23 photo read (2 exterior frames only): RED on evidence - 1946 cottage with probable asbestos-cement siding (stained), one visible front door, two electric meters, window unit, 'other' heat, no interior frames for a $225,000 flip listed 31 days after a $50,000 buy. Metrics unchanged (CoC -2.7%, DSCR 0.85). OUT stands, P ~0.01. | 9/20: verified 2026 bill $3,150.56 (assessed $235,800 on 928 sf / 1946; no tax line before); SELLER FLAG: sold 6/24/2025 for $20,000 and 7/24/2026 for $50,000 to TAI Enterprise Inc, listed 8/24/2026 at $225,000 (4.5x in a month); prior owners' 2023 and 2025 bills ADVERTISED (delinquent); window units, 'other' heat. CoC -2.7 / -4.0 / -5.2%, DSCR 0.85. OUT. P ~0.01.",https://www.redfin.com/NC/Fayetteville/2614-Pecan-Dr-28303/home/125249017
w09-14,"2311 Nickey Ave, Fayetteville, NC 28301",215000,ACTIVE (for sale),weekly sweep 2026-09-14 reviewed 9/15: NEAR-MISS,-20.7,-1.6,0.92,YELLOW / photo C4,F,3.2,,,,YELLOW -4; crime F -3; drive 3.2h -2; DSCR<1.2 -2,"9/20: verified 2026 bill $2,812.90 (board $2,450; county spells it NICKY AVE); lender CoreLogic = mortgaged; CoC -1.6 / -2.9 / -4.1%, DSCR 0.92 / 0.86 / 0.81. NEAR-MISS stands. | NEAR-MISS (reviewed 9/15; advisory 35, file 32): 28301 2BR market $850-1,000 (median $925) vs the $1,194 tract proxy; at $925 r2p 0.86% fails Gate 5, CoC -1.9%, DSCR 0.90; 8% price $135-150K vs a $190K seller basis (8/2024). Park; one email for both leases. | YELLOW: 1963 with algae-streaked vinyl siding and a crawl space in the photo, interior updates claimed but not dated; rents not stated (tract median x2 = $2,388 likely overstates two 2-bed units, expect about $1,000 each); Fayetteville SF-6 zoning question from advisory file 31 (duplexes need a spec",https://www.zillow.com/homedetails/2311-Nickey-Ave-Fayetteville-NC-28301/82762208_zpid/
w52,"312 N 7th St, Martins Ferry, OH 43935",64900,CONTINGENT (2026-09-28),contingent (2026-09-28; was: ACTIVE (for sale)),30.2,31.7,2.7,GREEN-verify / photo C3,D,7.1,,,,crime D -1; drive 7.1h tier B -0.5,"GREEN-verify: recent plumbing, electric and HVAC improvements per remarks (get invoices); Zillow shows CONTINGENT on 2026-09-28, so it may already be under contract; 43935 crime D",https://www.zillow.com/homedetails/312-N-7th-St-Martins-Ferry-OH-43935/50568129_zpid/
w64,"12500 Ferris Ave, Cleveland, OH 44105",85000,CONTINGENT (2026-09-28),weekly sweep 2026-09-28 ENTRANT UNREVIEWED [ohio],24.4,31.9,2.71,YELLOW / photo C4,F,8.34,,,,YELLOW -4; crime F -3; drive 8.34h tier C -0.5,"YELLOW: already CONTINGENT on Zillow; the '$2,400 per month' is a Fair Market Rent estimate, not a lease; overgrown yard and a rotted timber out front; Cleveland 44105 crime F",https://www.zillow.com/homedetails/12500-Ferris-Ave-Cleveland-OH-44105/33435414_zpid/
w70,"840 Work Dr, Akron, OH 44320",99500,CONTINGENT (2026-09-28),weekly sweep 2026-09-28 ENTRANT UNREVIEWED [ohio],15.7,22.2,2.19,YELLOW / photo C3,D-,8.14,,,,YELLOW -4; crime D- -2; drive 8.14h tier C -0.5,"YELLOW only so it reaches review: CONTINGENT on Zillow, no remarks retrievable (page returned navigation text), unit count unverified; Akron 44320 crime D-",https://www.zillow.com/homedetails/840-Work-Dr-Akron-OH-44320/35466437_zpid/
35,"27 Carver Cir, Portsmouth, VA 23701",199000,CONTINGENT (2026-09-28),contingent (2026-09-28; was: ACTIVE (for sale) - back on market 9/16/2026 after the September contract fell through),6.5,11.2,1.55,YELLOW: 1942 brick; second unit needs renovation per listing; no photo; bids required,D-,0.8,0.9,3,,YELLOW -4; crime D- -2,"9/16 BACK TO ACTIVE (Redfin 6:47pm: For sale $199,000, no contingent status; the September contract fell through). CORRECTION: TWO water accounts (25 and 27 Carver Cir, both CPN 03960150); MLS confirms separate meters and tenant-paid utilities; the 9/15 single-meter note was an address-match error. At $1,300/unit: CoC 9.3% (6.75%) / 8.0% (7.4%), DSCR 1.50, 8% price $208K/$199K -> convert the backup to a written offer with inspection (vacant unit 'ready for renovation', file 08 applies). Unit 2 lease to 3/31/27. P ~0.30. | 9/15: still CONTINGENT. NEW: ONE water account/meter (Portsmouth meter layer) -> owner-paid water ~$2,200/yr unless RUBS: at $1,300/unit asking comps CoC 5.7% (6.75%) / 4.5% (7.4%), DSCR 1.31, 8% price $182K/$174K; service line UNKNOWN both sides. Backup offer stands.",https://www.redfin.com/VA/Portsmouth/27-Carver-Cir-23701/home/49369052
w09-14,"132 Kemper Rd Unit A & B, Danville, VA 24541",145000,OFF MARKET (2026-09-28),off market (2026-09-28; was: OFF MARKET (2026-09-28)),1.3,8.0,1.43,YELLOW / photo C4; flood factor 1,D,3.4,,1,,YELLOW -4; crime D -1; drive 3.4h -2,"ENTRANT (reviewed 9/15; files 32/32a, advisory 34): $825/unit x2, tax $527 year one -> CoC 8.3% at 6.75% with 10% PM, 7.0% at 7.4%, 6.1% at a 15% PM minimum-fee market; DSCR 1.44; 8% price $147K (6.75%) / $140K (7.4%). GATES: zoning is UR under the Danville 2026 UDC (duplex = SUP; multi-unit not permitted) -> seller must deliver a zoning verification letter or SUP; single water heater -> likely one meter; South Rental Inspection District. Offer band $133.5-136K (DSCR floor $133,333). P(closes on framework terms) ~12%. | YELLOW: 1923 building, 1-bed units (tract median x2 overstates 1-bed rents, run comps before believing 1.18%), a failed contingency in August that the agent must explain; Danville tax 0.84% known",https://www.redfin.com/VA/Danville/132-Kemper-Rd-24541/unit-A-B/home/201033223
r4,"503 Granville St, Oxford, NC 27565",235000,OFF MARKET (2026-09-28),off market (2026-09-28; was: OFF MARKET (2026-09-28)),0.0,"6.0 (center 2,500 on the 2026 bill; listing 2,600 7.2; one meter 3.4; center + make-ready 4.7)",1.32 (center) / 1.38 listing / 1.18 one meter,"YELLOW with named targets (30 frames: upper turn, stacked water signature, toilet platform, porch ceiling and beam; no mechanicals shown; lower heat unknown)",D,2.5,,1,0 (outside NR and both local districts),"YELLOW -4; drive 2.5h -2; 9/25: G3 PASS (GR5 duplex by right, density note), G5 PASS, G6 FAIL at the ask on every line and undetermined on the documented roll (occupied unit month-to-month, rent undisclosed)","YELLOW: built 1945, described as well-maintained, no renovation detail; combined rental potential stated ~$2,600 (one unit vacant, so partly projected) | rent basis: listing text | 9/25 file 45: HOLD for documents P 0.09; 2026 bill 1,798.33 (Oxford 0.57 + county 0.631 on 144,990; six-year cycle, next 2030); insurance 1,680; center 2,500: NOI 18122, CoC 6.0 / 4.7 / 3.5, 8 pct price 217400.0 / 207500.0 / 199100.0; center + make-ready 20,000: 198200.0 / 189200.0 / 181500.0 (watch price); one shared meter 1,900: 194600.0 / 185800.0 / 178200.0; free and clear of record (ROD: only the 1/4/2022 deed 1882/351 at 130,000; the 2019 Coastal FCU deed of trust satisfied 4/7/2022); MLS heating None + 2024 IPMC adopted 1/13/2026; Code 21-36(B)(2) one meter per unit; no county permits for the recent roof/HVAC/water heater; FY2027 FMR 4BR 1,835 / 1BR 1,114 (non-metro Granville); NCCIA vouchers, list closed since 2016; park across the street, mortuary building opposite; KLRWS plant cost after S.L. 2025-4; WWTP violations 2025 (informal only)",https://www.redfin.com/NC/Oxford/503-Granville-St-27565/home/40970060
r5,"117 Motley Ave, Danville, VA 24540",175000,OFF MARKET (2026-09-28),off market (2026-09-28; was: OFF MARKET (2026-09-28)),-1.8,4.7,1.25,YELLOW / photo C4,D+,2.9,,1,,YELLOW -4; crime D+ -0.5; drive 2.9h -2,"9/15: DQ Gate 3 (three households evidenced). Danville 2026 UDC: parcel is UR, multi-unit NOT permitted, duplex SUP -> the third unit is not legalizable without rezoning to MR. Reopen only if the mandate widens AND rezoning is realistic. | YELLOW: 1915, occupied and income-producing, no renovation language, as-is sale (inspection contingency essential); parser had read 'triplex' as 3 units, corrected to duplex | rent basis: tract median x 2",https://www.redfin.com/VA/Danville/117-Motley-Ave-24540/home/124373389
20,"224 S Jefferson St, Petersburg, VA 23803",225000,"PENDING (Sep 10, 2026)",,-4.7,3.3,1.16,YELLOW,D-,0.8,2.0,1,,YELLOW -4; crime D- -2; DSCR<1.2 -2,,https://www.redfin.com/VA/Petersburg/224-S-Jefferson-St-23803/home/52375560
41,"739 S Rosemont Rd, Virginia Beach, VA 23452",375000,CONTINGENT (2026-09-28),contingent (2026-09-28; was: ACTIVE (for sale)),-5.0,1.0,1.05,"YELLOW (sold as-is, 5+ yr tenants)",C,,,,,YELLOW -4; DSCR<1.2 -2,"built 1999 (Redfin), flood factor 1; sold as-is with 5+ year month-to-month tenants at $1,095 and $1,150",https://www.redfin.com/VA/Virginia-Beach/739-S-Rosemont-Rd-23452/home/49459424
28,"306 & 308 Troy Ave NE, Roanoke, VA 24012",246000,PENDING (2026-09-21),pending (2026-09-21; was: ACTIVE (for sale)),-5.8,1.2,1.06,GREEN,F,3.8,4.7,1,,crime F -3; drive 3.8h -2; DSCR<1.2 -2,,https://www.redfin.com/VA/Roanoke/306-Troy-Ave-NE-24012/home/131533637
34,"125 The Blvd, Eden, NC 27288",195000,"PENDING / CONTINGENT (Sep 16, 2026)",Price changed 9/3,-6.5,-0.2,0.99,"GREEN, verify renovation scope",D+,3.8,4.2,,,crime D+ -0.5; drive 3.8h -2; DSCR<1.2 -2,"9/16: WENT PENDING/CONTINGENT 9/16 (both MLS feeds). If it returns: NEAR-MISS (advisory 36) - 1930 masonry OFFICE on the county card converted to two 2BR units after a $1,000 recorded transfer 11/21/2025; R-12 duplex by right but lot ~6,258 sf / 31 ft vs 18,000 sf / 100 ft for two units (UDO 4.05, verified); long-run CoC 1.1% at an $1,815 tax; CO and lot-size basis decide.",https://www.redfin.com/NC/Eden/125-The-Blvd-27288/home/201849051
21,"918 Star St, Rocky Mount, NC 27804",169000,WITHDRAWN 9/23 (sale) + rental pulled 9/21; OFF MARKET 9/25,"ADVISORY 49 ASSIMILATED 9/25 (file 43): OUT; 2026 roll 78,400, tax 1,034.88; 48 code cases; 2007 DT expired by statute; permits unverifiable",-9.2,-3.2 (documented roll 630 x 2; own ask 695 x 2 = -1.1),0.83 (documented) / 0.94 own ask,GREEN-verify (C2-C3 frames; 2007/2012 floor-joist permits; 2022-2024 boarded; no crawl or panel frame),D-,2.4,2.0,1,,"crime D- -2; drive 2.4h -2; DSCR<1.2 -2; 9/25: withdrawn from both markets; G5 FAIL 0.75-0.82 percent; G6 FAIL; actual tax 1,035 on the 2026 value 78,400","9/15: Nash County (27804): tax = assessed x 1.32 (Nash 0.63 + city 0.69 FY27); LGC oversight; Redfin tax county-only. | 9/25 file 43: OUT P 0.01; 8 percent price 98,000/93,600/89,800 documented, 111,500/106,500/102,100 own ask; county 2026 bill 493.92 + city 540.96 on 78,400 (card remodeled 2025); county still carries 2008-2010 and 2015 prior-owner bills (711 with interest, past the 10-yr bar); 48 Community Code cases 2005-2024 incl. 3 minimum-housing, weed-cutting liens 566.82 (9/2021 ledger); permit layer ends 11/2023 (2025 work unverifiable; 2007 floor-joist permits both units); ROD: LLC clear through 9/24/26, 2007 PM deed of trust 2312/502 (38,000, balloon 5/1/2010) uncancelled but expired by G.S. 45-36.24 on 5/1/2025; R-6MFA block, I-2 at 76 m; 21 of 55 Star St parcels on the 2024 lien list; Street View boarded 4/2022 and 11/2024, two chimneys removed 2025.",https://www.redfin.com/NC/Rocky-Mount/918-Star-St-27804/home/135268881
w4,"429 Squirrel St, Fayetteville, NC 28303",220000,OFF MARKET (2026-09-21),"off market (2026-09-21; was: ACTIVE (for sale, inside the four-building portfolio; Redfin public-record page only))",-9.5,1.6,1.09,"YELLOW verify, leaning worse (condition FAIR 66% on the county card)",F,4.2,3.7,1,,YELLOW -4; crime F -3; drive 4.2h -2; DSCR<1.2 -2,"9/19 (advisory 40 + verification): ZONING FLIPS TO PASS - two- to four-family is P in SF-6 since Ord. S2025-008 (4/14/2025); the remaining nonconformity is density (6,970 sf lot vs 6,000 sf per unit), a structure question with no vacancy clock; the zoning letter must state the casualty rebuild right (Fannie B4-1.3-04). Tax = 2026 bill (county 0.499 + city 0.4495 on $189-193K plus county SW $130/unit, city SW $285/unit, stormwater $84): $2,710 / $2,747 / $2,450. At the $1,046/unit proxy: CoC 1.2% / 0.0% / -1.2% and DSCR 1.07 / 1.00 / 0.94 at 6.75 / 7.40 / 8.00%; 8% price $164K / $157K / $150K. Sector comps corrected (Dashland $175K EACH 12/2024; 432 Squirrel triplex $329K 8/2025 at $150/sf): band $150-175K per building, package-only offering, all four parcels mortgaged (lender tax-service flags on the 2026 bills), 2026 bills unpaid. P ~0.04. 429 SPECIFIC: condition FAIR 66% (others Average 51-52%); 2/11/2026 forcible-entry burglary and a 1/14/2023 domestic assault; bought by BLKDIAMOND LLC 10/14/2024 for $118K and re-deeded 5/28/2025; lowest tax ($2,450) is a condition artifact; likeliest 'needs new wiring and plumbing' building.",https://www.redfin.com/NC/Fayetteville/429-Squirrel-St-28303/home/125839213
r6,"306 Auburndale St, Winston Salem, NC 27104",225000,"OUT (9/25: Gate 3 answered No to SFR + ADU; documented roll fails G5/G6; still listed ACTIVE at 225,000)","round 6 entrant 2026-09-11 | 9/24 advisory 51 (claude.ai) | 9/25 CLAUDE CODE 44 assimilation: PARK-HOLD, P 0.03 conditional on Gate 3 | 9/25 GATE 3 DECISION (Najum): two-family classification required -> OUT, P 0.005",-9.9,"-5.4 (documented roll 850 + 850 with owner-paid water; 2,390 proxy 3.1; stabilized 2,790 8.0)",0.71 (documented) / 1.16 proxy-water / 1.43 stabilized,"YELLOW-verify (8 frames, 1 unit shown; basement post-and-brace beam, wall band, chimney stack, half-story egress; no RED visible)",D+,4.6,,1,,"GREEN-verify 0; crime D+ -0.5; drive 4.6h -2; DSCR<1.2 -2; 9/25: documented roll about 1,700 (lower unit's 12/2025 ask 850 with water included) fails G5 0.76 pct and G6; RS9 duplex unrecognized (UDO 9.2.9B), curable as SFR + ADU; 9/25 decision: SFR + attached ADU is not a Gate 3 pass; no two-family path","GREEN, verify: documented newer roof, HVAC and water heater, occupied and leased to 4/2027; 1948 build; rents not stated (tract median x 2 = $2,120 is realistic for 2-bed units here) but cash flow is thin at 6.75% | rent basis: tract median x 2 | 9/25 file 44: PARK-HOLD P 0.03 conditional on Gate 3 accepting SFR + attached ADU; documented roll 850 + 850 with water 1,150: NOI 9338, CoC -5.4 / -6.7 / -7.9, 8 pct price 112000.0 / 106900.0 / 102600.0; proxy 2,390 with water: 8 pct price 183500.0 / 175200.0 / 168100.0; stabilized 2,790 after both April-2027 turns: 8 pct price 225000.0 / 214800.0 / 206000.0; tax 2,520.32 on 220,500 at 1.143 (2025 reval +85 pct), five late payments since 2018; card SINGLE-FAMILY 896 + 582 sf effective 2004; deed chain investor-held since at least 4/2001 (Cook's Properties LLC multiple-tracts deed; the 1998-2001 link missing); Table 5.1.1 duplex blank in RS9; 9.2.9B converted-building rule; 5.3.4B.2 city ADU (39 pct) + G.S. 160D-917 from 1/15/2027; seller sold 1427 Marne and 2709 Eastwood this summer at 74-76 pct of list; ASPIRE 27104 2BR 1,440; Zone X; tract 39.03 | 9/25 Gate 3 answered No: OUT P 0.005 (residual path = lawful-nonconforming-duplex finding 0.10 x 0.15 x 0.60 x 0.55); close the row; watch only for a written nonconforming determination or a relist at or under 112,000 with two 1,200 leases",https://www.redfin.com/NC/Winston-Salem/306-Auburndale-St-27104/home/94908924
