key,address,zip,first_seen,last_seen,price_first,price_last,source,url,status,gone_date,note,detail_pending
912 crawford st s|27893,"912 Crawford St S, Wilson, NC 27893",27893,2026-09-09,2026-09-21,49900,49900,,https://www.redfin.com/NC/Wilson/912-Crawford-St-S-27893/home/65289847,gone,2026-09-28,"seed from 06c Current multi-family listings, ZIP r",
404 high st|27803,"404 High St, Rocky Mount, NC 27803",27803,2026-09-09,2026-09-09,63000,63000,,https://www.redfin.com/NC/Rocky-Mount/404-High-St-27803/home/135149634,listed,,"seed from 06c Current multi-family listings, ZIP r",
111 tyler ave|23601,"111 Tyler Ave, Newport News, VA 23601",23601,2026-09-09,2026-09-09,145000,145000,,https://www.redfin.com/VA/Newport-News/111-Tyler-Ave-23601/home/49641444,listed,,"seed from 06c Current multi-family listings, ZIP r",
207 bruton st w|27893,"207 Bruton St W, Wilson, NC 27893",27893,2026-09-09,2026-09-28,85900,85900,,https://www.redfin.com/NC/Wilson/207-Bruton-St-W-27893/home/65301007,listed,,"seed from 06c Current multi-family listings, ZIP r",
632634 pegram st|23803,"632-634 Pegram St, Petersburg, VA 23803",23803,2026-09-09,2026-09-09,70000,70000,,https://www.redfin.com/VA/Petersburg/632-Pegram-St-23803/home/205404972,gone,2026-09-14,"seed from 06c Current multi-family listings, ZIP r",
2132 hill st|23803,"2132 Hill St, Petersburg, VA 23803",23803,2026-09-09,2026-09-28,130000,115000,,https://www.redfin.com/VA/Petersburg/2132-Hill-St-23803/home/52380411,listed,,"seed from 06c Current multi-family listings, ZIP r",
334 rhew st|28303,"334 Rhew St, Fayetteville, NC 28303",28303,2026-09-09,2026-09-28,175000,175000,,https://www.redfin.com/NC/Fayetteville/334-Rhew-St-28303/home/126111855,listed,,"seed from 06c Current multi-family listings, ZIP r",
213 colonial dr|28301,"213 Colonial Dr, Fayetteville, NC 28301",28301,2026-09-09,2026-09-28,117500,117500,,https://www.redfin.com/NC/Fayetteville/213-Colonial-Dr-28301/home/126589011,listed,,"seed from 06c Current multi-family listings, ZIP r",
219 colonial dr|28301,"219 Colonial Dr, Fayetteville, NC 28301",28301,2026-09-09,2026-09-28,117500,117500,,https://www.redfin.com/NC/Fayetteville/219-Colonial-Dr-28301/home/182998632,listed,,"seed from 06c Current multi-family listings, ZIP r",
118 120 s poplar st|27101,"118 & 120 S Poplar St, Winston Salem, NC 27101",27101,2026-09-09,2026-09-28,225000,225000,,https://www.redfin.com/NC/Winston-Salem/118-S-Poplar-St-27101/home/94861867,listed,,"seed from 06c Current multi-family listings, ZIP r",
515517 n daughtry st|27801,"515-517 N Daughtry St, Rocky Mount, NC 27801",27801,2026-09-09,2026-09-28,119900,119900,,https://www.redfin.com/NC/Rocky-Mount/517-N-Daughtry-St-27801/home/129650064,listed,,"seed from 06c Current multi-family listings, ZIP r",
163 choate st|23707,"163 Choate St, Portsmouth, VA 23707",23707,2026-09-09,2026-09-21,184900,184900,,https://www.redfin.com/VA/Portsmouth/163-Choate-St-23707/home/49369325,gone,2026-09-28,"seed from 06c Current multi-family listings, ZIP r",
421 squirrel st|28303,"421 Squirrel St, Fayetteville, NC 28303",28303,2026-09-09,2026-09-28,220000,220000,,https://www.redfin.com/NC/Fayetteville/421-Squirrel-St-28303/home/125609682,listed,,"seed from 06c Current multi-family listings, ZIP r",
425 squirrel st|28303,"425 Squirrel St, Fayetteville, NC 28303",28303,2026-09-09,2026-09-28,220000,220000,,https://www.redfin.com/NC/Fayetteville/425-Squirrel-St-28303/home/125569068,listed,,"seed from 06c Current multi-family listings, ZIP r",
417 squirrel st|28303,"417 Squirrel St, Fayetteville, NC 28303",28303,2026-09-09,2026-09-28,220000,220000,,https://www.redfin.com/NC/Fayetteville/417-Squirrel-St-28303/home/125963971,listed,,"seed from 06c Current multi-family listings, ZIP r",
420 mt vernon ave|23707,"420 Mt Vernon Ave, Portsmouth, VA 23707",23707,2026-09-09,2026-09-21,160000,125000,,https://www.redfin.com/VA/Portsmouth/420-Mt-Vernon-Ave-23707/home/49363222,gone,2026-09-28,"seed from 06c Current multi-family listings, ZIP r; merged 420 Mount Vernon Ave, Portsmouth, VA 23707 (https://www.zillow.com/homedetails/420-Mount-Vernon-Ave-Portsmouth-VA-23707/75383613_zpid/) on 2026-09-28 after the Mount/Mt matching fix",
1934 oakland st|23805,"1934 Oakland St, Petersburg, VA 23805",23805,2026-09-09,2026-09-09,215000,215000,,https://www.redfin.com/VA/Petersburg/1934-Oakland-St-23805/home/52382474,listed,,"seed from 06c Current multi-family listings, ZIP r",
202 lee st ne|27893,"202 Lee St NE, Wilson, NC 27893",27893,2026-09-09,2026-09-28,129900,129900,,https://www.redfin.com/NC/Wilson/202-Lee-St-NE-27893/home/65290703,listed,,"seed from 06c Current multi-family listings, ZIP r",
27 carver cir|23701,"27 Carver Cir, Portsmouth, VA 23701",23701,2026-09-09,2026-09-09,199000,199000,,https://www.redfin.com/VA/Portsmouth/27-Carver-Cir-23701/home/49369052,listed,,"seed from 06c Current multi-family listings, ZIP r",
208 scarborough st|28390,"208 Scarborough St Unit A AND B, Spring Lake, NC 28390",28390,2026-09-09,2026-09-09,185000,185000,,https://www.redfin.com/NC/Spring-Lake/208-Scarborough-St-28390/unit-B/home/187409413,listed,,"seed from 06c Current multi-family listings, ZIP r",
556 bellwood rd|23607,"556 Bellwood Rd Unit A, Newport News, VA 23607",23607,2026-09-09,2026-09-09,270000,270000,,https://www.redfin.com/VA/Newport-News/556-Bellwood-Rd-23601/unit-A/home/191159379,gone,2026-09-14,"seed from 06c Current multi-family listings, ZIP r",
2316 edgar st|28301,"2316 Edgar St, Fayetteville, NC 28301",28301,2026-09-09,2026-09-28,189000,189000,,https://www.redfin.com/NC/Fayetteville/2316-Edgar-St-28301/home/125611809,listed,,"seed from 06c Current multi-family listings, ZIP r",
136 marshall st|23803,"136 Marshall St, Petersburg, VA 23803",23803,2026-09-09,2026-09-28,189000,189000,,https://www.redfin.com/VA/Petersburg/136-Marshall-St-23803/home/52375517,listed,,"seed from 06c Current multi-family listings, ZIP r",
4102 richland ave nw|24012,"4102 Richland Ave NW, Roanoke, VA 24012",24012,2026-09-09,2026-09-28,236000,236000,,https://www.redfin.com/VA/Roanoke/4102-Richland-Ave-NW-24012/home/131681785,listed,,"seed from 06c Current multi-family listings, ZIP r",
2102 rogers dr|28303,"2102 Rogers Dr, Fayetteville, NC 28303",28303,2026-09-09,2026-09-28,175000,175000,,https://www.redfin.com/NC/Fayetteville/2102-Rogers-Dr-28303/home/125506151,listed,,"seed from 06c Current multi-family listings, ZIP r",
814 varsity dr|28304,"814 Varsity Dr Unit A-B, Fayetteville, NC 28304",28304,2026-09-09,2026-09-09,199900,199900,,https://www.redfin.com/NC/Fayetteville/814-Varsity-Dr-28301/unit-A-B/home/203301115,gone,2026-09-14,"seed from 06c Current multi-family listings, ZIP r",
408 lee st ne|27893,"408 Lee St NE, Wilson, NC 27893",27893,2026-09-09,2026-09-28,150000,150000,,https://www.redfin.com/NC/Wilson/408-Lee-St-NE-27893/home/65301554,listed,,"seed from 06c Current multi-family listings, ZIP r",
104 day st st|23434,"104 Day Street St, Suffolk, VA 23434",23434,2026-09-09,2026-09-09,218000,218000,,https://www.redfin.com/VA/Suffolk/104-Day-St-23434/home/49351458,listed,,"seed from 06c Current multi-family listings, ZIP r",
714 hines st w|27893,"714 Hines St W, Wilson, NC 27893",27893,2026-09-09,2026-09-28,159900,159900,,https://www.redfin.com/NC/Wilson/714-Hines-St-W-27893/home/65282750,listed,,"seed from 06c Current multi-family listings, ZIP r",
407 industrial ave|24541,"407 Industrial Ave, Danville, VA 24541",24541,2026-09-09,2026-09-28,144000,144000,,https://www.redfin.com/VA/Danville/407-Industrial-Ave-24541/home/124327321,listed,,"seed from 06c Current multi-family listings, ZIP r",
215 st andrew st|23803,"215 Saint Andrew St, Petersburg, VA 23803",23803,2026-09-09,2026-09-28,215000,215000,,https://www.redfin.com/VA/Petersburg/215-Saint-Andrew-St-23803/home/52375565,listed,,"seed from 06c Current multi-family listings, ZIP r",
126 128 troy ave ne|24012,"126 & 128 Troy Ave NE, Roanoke, VA 24012",24012,2026-09-09,2026-09-28,210000,209997,,https://www.redfin.com/VA/Roanoke/126-Troy-Ave-NE-24012/home/131667775,listed,,"seed from 06c Current multi-family listings, ZIP r",
2326 elm ave|23704,"2326 Elm Ave, Portsmouth, VA 23704",23704,2026-09-09,2026-09-28,254000,254000,,https://www.redfin.com/VA/Portsmouth/2326-Elm-Ave-23704/home/49361454,listed,,"seed from 06c Current multi-family listings, ZIP r",
3412 williamson rd nw|24012,"3412 Williamson Rd NW, Roanoke, VA 24012",24012,2026-09-09,2026-09-28,270000,270000,,https://www.redfin.com/VA/Roanoke/3412-Williamson-Rd-24012/home/204631794,listed,,"seed from 06c Current multi-family listings, ZIP r",
224 s jefferson st|23803,"224 S Jefferson St, Petersburg, VA 23803",23803,2026-09-09,2026-09-09,225000,225000,,https://www.redfin.com/VA/Petersburg/224-S-Jefferson-St-23803/home/52375560,gone,2026-09-14,"seed from 06c Current multi-family listings, ZIP r",
918 star st|27804,"918 Star St, Rocky Mount, NC 27804",27804,2026-09-09,2026-09-21,169000,169000,,https://www.redfin.com/NC/Rocky-Mount/918-Star-St-27804/home/135268881,gone,2026-09-28,"seed from 06c Current multi-family listings, ZIP r",
749 mt airy st|23803,"749 Mt Airy St, Petersburg, VA 23803",23803,2026-09-09,2026-09-28,195000,195000,,https://www.redfin.com/VA/Petersburg/749-Mount-Airy-St-23803/home/190215161,listed,,"seed from 06c Current multi-family listings, ZIP r; merged 749 Mount Airy St, Petersburg, VA 23803 (https://www.zillow.com/homedetails/749-Mount-Airy-St-Petersburg-VA-23803/230879188_zpid/) on 2026-09-28 after the Mount/Mt matching fix",
108 s pine st|27804,"108 S Pine St, Rocky Mount, NC 27804",27804,2026-09-09,2026-09-28,175000,175000,,https://www.redfin.com/NC/Rocky-Mount/108-S-Pine-St-27804/home/135011296,listed,,"seed from 06c Current multi-family listings, ZIP r",
2830 hillcrest ave ne|24012,"28-30 Hillcrest Ave NE, Roanoke, VA 24012",24012,2026-09-09,2026-09-14,179256,179256,,https://www.redfin.com/VA/Roanoke/28-Hillcrest-Ave-NE-24012/home/131571815,gone,2026-09-21,"seed from 06c Current multi-family listings, ZIP r",
1121 35th st|23607,"1121 35th St, Newport News, VA 23607",23607,2026-09-09,2026-09-28,199900,189000,,https://www.redfin.com/VA/Newport-News/1121-35th-St-23607/home/49664787,listed,,"seed from 06c Current multi-family listings, ZIP r",
7 barney pl|23702,"7 Barney Pl, Portsmouth, VA 23702",23702,2026-09-09,2026-09-09,250000,250000,,https://www.redfin.com/VA/Portsmouth/7-Barney-Pl-23702/home/49370220,listed,,"seed from 06c Current multi-family listings, ZIP r",
2614 pecan dr|28303,"2614 Pecan Dr, Fayetteville, NC 28303",28303,2026-09-09,2026-09-28,225000,225000,,https://www.redfin.com/NC/Fayetteville/2614-Pecan-Dr-28303/home/125249017,listed,,"seed from 06c Current multi-family listings, ZIP r",
301 s high st|23851,"301 S High St, Franklin, VA 23851",23851,2026-09-09,2026-09-09,190000,190000,,https://www.redfin.com/VA/Franklin/301-S-High-St-23851/home/49356588,listed,,"seed from 06c Current multi-family listings, ZIP r",
639 conover rd|27703,"639 Conover Rd, Durham, NC 27703",27703,2026-09-09,2026-09-09,440000,440000,,https://www.redfin.com/NC/Durham/639-Conover-Rd-27703/home/185159569,gone,2026-09-14,"seed from 06c Current multi-family listings, ZIP r",
716 31st st|23607,"716 31st St, Newport News, VA 23607",23607,2026-09-09,2026-09-28,240000,240000,,https://www.redfin.com/VA/Newport-News/716-31st-St-23607/home/49644738,listed,,"seed from 06c Current multi-family listings, ZIP r",
306 308 troy ave ne|24012,"306 & 308 Troy Ave NE, Roanoke, VA 24012",24012,2026-09-09,2026-09-14,246000,246000,,https://www.redfin.com/VA/Roanoke/306-Troy-Ave-NE-24012/home/131533637,gone,2026-09-21,"seed from 06c Current multi-family listings, ZIP r",
1708 birchwood dr se|27893,"1708 Birchwood Dr SE, Wilson, NC 27893",27893,2026-09-09,2026-09-28,185000,185000,,https://www.redfin.com/NC/Wilson/1708-Birchwood-Dr-SE-27893/home/65300471,listed,,"seed from 06c Current multi-family listings, ZIP r",
1702 birchwood dr se|27893,"1702 Birchwood Dr SE, Wilson, NC 27893",27893,2026-09-09,2026-09-28,185000,185000,,https://www.redfin.com/NC/Wilson/1702-Birchwood-Dr-SE-27893/home/65300475,listed,,"seed from 06c Current multi-family listings, ZIP r",
1706 birchwood dr se|27893,"1706 Birchwood Dr SE, Wilson, NC 27893",27893,2026-09-09,2026-09-28,185000,185000,,https://www.redfin.com/NC/Wilson/1706-Birchwood-Dr-SE-27893/home/65300474,listed,,"seed from 06c Current multi-family listings, ZIP r",
1707 birchwood dr se|27893,"1707 Birchwood Dr SE, Wilson, NC 27893",27893,2026-09-09,2026-09-28,185000,185000,,https://www.redfin.com/NC/Wilson/1707-Birchwood-Dr-SE-27893/home/65300464,listed,,"seed from 06c Current multi-family listings, ZIP r",
1703 birchwood dr se|27893,"1703 Birchwood Dr SE, Wilson, NC 27893",27893,2026-09-09,2026-09-28,185000,185000,,https://www.redfin.com/NC/Wilson/1703-Birchwood-Dr-SE-27893/home/65300465,listed,,"seed from 06c Current multi-family listings, ZIP r",
125 the blvd|27288,"125 The Blvd, Eden, NC 27288",27288,2026-09-09,2026-09-14,195000,195000,,https://www.redfin.com/NC/Eden/125-The-Blvd-27288/home/201849051,gone,2026-09-21,"seed from 06c Current multi-family listings, ZIP r",
904 n mckay ave|28334,"904 N Mckay Ave #906, Dunn, NC 28334",28334,2026-09-09,2026-09-09,320000,320000,,https://www.redfin.com/NC/Dunn/904-N-McKay-Ave-28334/unit-906/home/203582112,listed,,"seed from 06c Current multi-family listings, ZIP r",
219 cleveland st|24541,"219 Cleveland St, Danville, VA 24541",24541,2026-09-09,2026-09-28,55000,55000,,https://www.redfin.com/VA/Danville/219-Cleveland-St-24541/home/124316939,listed,,"seed from 06c Current multi-family listings, ZIP r",
1911 mcclellan st|27834,"1911 Mcclellan St, Greenville, NC 27834",27834,2026-09-09,2026-09-28,95000,95000,,https://www.redfin.com/NC/Greenville/1911-McClellan-St-27834/home/168063169,listed,,"seed from 06c Current multi-family listings, ZIP r",
915 askin st|24112,"915 Askin St, Martinsville, VA 24112",24112,2026-09-09,2026-09-28,144900,144900,,https://www.redfin.com/VA/Martinsville/915-Askin-St-24112/home/68165752,listed,,"seed from 06c Current multi-family listings, ZIP r",
917 askin st|24112,"917 Askin St #3, Martinsville, VA 24112",24112,2026-09-09,2026-09-28,144900,144900,,https://www.redfin.com/VA/Martinsville/917-Askin-St-24112/unit-3/home/202167787,listed,,"seed from 06c Current multi-family listings, ZIP r",
913 askin st|24112,"913 Askin St Unit A,B,C, Martinsville, VA 24112",24112,2026-09-09,2026-09-28,144900,144900,,https://www.redfin.com/VA/Martinsville/913-Askin-St-24112/unit-A-B-C/home/199608882,listed,,"seed from 06c Current multi-family listings, ZIP r",
232 burwell ave|27536,"232 Burwell Ave Unit 1,2,3, Henderson, NC 27536",27536,2026-09-09,2026-09-21,150000,150000,,https://www.redfin.com/NC/Henderson/232-Burwell-Ave-27536/unit-1-2-3/home/199063123,gone,2026-09-28,"seed from 06c Current multi-family listings, ZIP r",
202 w holt st|27217,"202 W Holt St, Burlington, NC 27217",27217,2026-09-09,2026-09-28,249000,249000,,https://www.redfin.com/NC/Burlington/202-W-Holt-St-27217/home/114734036,listed,,"seed from 06c Current multi-family listings, ZIP r",
1716 lynne ave|27801,"1716 Lynne Ave, Rocky Mount, NC 27801",27801,2026-09-09,2026-09-28,4900000,4200000,,https://www.redfin.com/NC/Rocky-Mount/1716-Lynne-Ave-27801/home/129596699,listed,,"seed from 06c Current multi-family listings, ZIP r",
1230 ridge ave|27288,"1230 Ridge Ave, Eden, NC 27288",27288,2026-09-09,2026-09-21,224900,224900,,https://www.redfin.com/NC/Eden/1230-Ridge-Ave-27288/home/144716959,gone,2026-09-28,"seed from 06c Current multi-family listings, ZIP r",
1038 28th st|23607,"1038 28th St, Newport News, VA 23607",23607,2026-09-09,2026-09-28,194900,194900,,https://www.redfin.com/VA/Newport-News/1038-28th-St-23607/home/49645148,listed,,"seed from 06c Current multi-family listings, ZIP r",
3824 turnpike rd|23701,"3824 Turnpike Rd, Portsmouth, VA 23701",23701,2026-09-09,2026-09-09,300000,300000,,https://www.redfin.com/VA/Portsmouth/3824-Turnpike-Rd-23701/home/49367061,listed,,"seed from 06c Current multi-family listings, ZIP r",
1954 lakeview rd|27203,"1954 Lakeview Rd, Asheboro, NC 27203",27203,2026-09-09,2026-09-28,786000,786000,,https://www.redfin.com/NC/Asheboro/1954-Lakeview-Rd-27203/home/201246683,listed,,"seed from 06c Current multi-family listings, ZIP r",
203 bruton st ne|27893,"203 Bruton St NE, Wilson, NC 27893",27893,2026-09-09,2026-09-28,224900,224900,,https://www.redfin.com/NC/Wilson/203-Bruton-St-W-27893/home/65301020,listed,,"seed from 06c Current multi-family listings, ZIP r",
607 summit ave|27405,"607 Summit Ave, Greensboro, NC 27405",27405,2026-09-09,2026-09-09,200000,200000,,https://www.redfin.com/NC/Greensboro/607-Summit-Ave-27405/home/113198287,gone,2026-09-14,"seed from 06c Current multi-family listings, ZIP r",
302 brazil st|27530,"302 Brazil St, Goldsboro, NC 27530",27530,2026-09-09,2026-09-28,360000,360000,,https://www.redfin.com/NC/Goldsboro/302-Brazil-St-27530/home/64973311,listed,,"seed from 06c Current multi-family listings, ZIP r",
12020 winfree st|23831,"12020 Winfree St, Chester, VA 23831",23831,2026-09-09,2026-09-09,640000,640000,,https://www.redfin.com/VA/Chester/12020-Winfree-St-23831/home/59570006,listed,,"seed from 06c Current multi-family listings, ZIP r",
245 college park dr|24541,"245 College Park Dr, Danville, VA 24541",24541,2026-09-09,2026-09-14,2125000,2125000,,https://www.redfin.com/VA/Danville/245-College-Park-Dr-24541/home/124266096,gone,2026-09-21,"seed from 06c Current multi-family listings, ZIP r",
712718 miller ave|28304,"712-718 Miller Ave, Fayetteville, NC 28304",28304,2026-09-09,2026-09-28,500000,500000,,https://www.redfin.com/NC/Fayetteville/712-Miller-Ave-28304/home/195133939,listed,,"seed from 06c Current multi-family listings, ZIP r",
900906 miller ave|28304,"900-906 Miller Ave, Fayetteville, NC 28304",28304,2026-09-09,2026-09-28,500000,500000,,https://www.redfin.com/NC/Fayetteville/900-Miller-Ave-28304/home/195133935,listed,,"seed from 06c Current multi-family listings, ZIP r",
3207 scott st|23707,"3207 Scott St, Portsmouth, VA 23707",23707,2026-09-09,2026-09-28,275000,275000,,https://www.redfin.com/VA/Portsmouth/3207-Scott-St-23707/home/49366052,listed,,"seed from 06c Current multi-family listings, ZIP r",
2249 dellrose dr|23860,"2249 Dellrose Dr, Hopewell, VA 23860",23860,2026-09-09,2026-09-09,230000,230000,,https://www.redfin.com/VA/Hopewell/2249-Dellrose-Dr-23860/home/55458483,listed,,"seed from 06c Current multi-family listings, ZIP r",
1314 franklin ave|27260,"1314 Franklin Ave, High Point, NC 27260",27260,2026-09-09,2026-09-28,310000,310000,,https://www.redfin.com/NC/High-Point/1314-Franklin-Ave-27260/home/94699630,listed,,"seed from 06c Current multi-family listings, ZIP r",
313 n hyde park ave|27703,"313 N Hyde Park Ave, Durham, NC 27703",27703,2026-09-09,2026-09-28,315000,315000,,https://www.redfin.com/NC/Durham/313-N-Hyde-Park-Ave-27703/home/43526267,listed,,"seed from 06c Current multi-family listings, ZIP r",
1962 1966 lakeview rd|27203,"1962 & 1966 Lakeview Rd, Asheboro, NC 27203",27203,2026-09-09,2026-09-28,800000,800000,,https://www.redfin.com/NC/Asheboro/1962-Lakeview-Rd-27203/home/200483512,listed,,"seed from 06c Current multi-family listings, ZIP r",
14 mills ave nw|28027,"14 Mills Ave NW, Concord, NC 28027",28027,2026-09-09,2026-09-09,479900,479900,,https://www.redfin.com/NC/Concord/14-Mills-Ave-NW-28027/home/109525143,listed,,"seed from 06c Current multi-family listings, ZIP r",
324 w kime st|27215,"324 W Kime St, Burlington, NC 27215",27215,2026-09-09,2026-09-28,199000,199000,,https://www.redfin.com/NC/Burlington/324-W-Kime-St-27215/home/196184026,listed,,"seed from 06c Current multi-family listings, ZIP r",
600 74th st|23605,"600 74th St #12, Newport News, VA 23605",23605,2026-09-09,2026-09-09,1500000,1500000,,https://www.redfin.com/VA/Newport-News/600-74th-St-23605/unit-12/home/196842192,listed,,"seed from 06c Current multi-family listings, ZIP r",
691693 boddie st|27536,"691-693 Boddie St, Henderson, NC 27536",27536,2026-09-09,2026-09-28,205000,205000,,https://www.redfin.com/NC/Henderson/693-Boddie-St-27536/home/190598807,listed,,"seed from 06c Current multi-family listings, ZIP r",
3228 greenland ave nw|24012,"3228 Greenland Ave NW, Roanoke, VA 24012",24012,2026-09-09,2026-09-28,199000,199000,,https://www.redfin.com/VA/Roanoke/3228-Greenland-Ave-NW-24012/home/131525389,listed,,"seed from 06c Current multi-family listings, ZIP r",
637 conover rd|27703,"637 Conover Rd, Durham, NC 27703",27703,2026-09-09,2026-09-09,475000,475000,,https://www.redfin.com/NC/Durham/637-Conover-Rd-27703/home/193444178,gone,2026-09-14,"seed from 06c Current multi-family listings, ZIP r",
534 s dunlop st|23803,"534 S Dunlop St, Petersburg, VA 23803",23803,2026-09-09,2026-09-28,225000,225000,,https://www.redfin.com/VA/Petersburg/534-S-Dunlop-St-23803/home/192186121,listed,,"seed from 06c Current multi-family listings, ZIP r",
1503 elm ave|23704,"1503 Elm Ave, Portsmouth, VA 23704",23704,2026-09-09,2026-09-28,300000,280000,,https://www.redfin.com/VA/Portsmouth/1503-Elm-Ave-23704/home/49360208,listed,,"seed from 06c Current multi-family listings, ZIP r",
102 s fisher st|27610,"102 S Fisher St, Raleigh, NC 27610",27610,2026-09-09,2026-09-14,249000,249000,,https://www.redfin.com/NC/Raleigh/102-S-Fisher-St-27610/home/41109356,gone,2026-09-21,"seed from 06c Current multi-family listings, ZIP r",
1601 elm ave|23704,"1601 Elm Ave, Portsmouth, VA 23704",23704,2026-09-09,2026-09-28,650000,599999,,https://www.redfin.com/VA/Portsmouth/1601-Elm-Ave-23704/home/49360200,listed,,"seed from 06c Current multi-family listings, ZIP r",
309311 starling st|28540,"309-311 Starling St, Jacksonville, NC 28540",28540,2026-09-09,2026-09-28,235000,235000,,https://www.redfin.com/NC/Jacksonville/311-Starling-St-28540/home/137757190,listed,,"seed from 06c Current multi-family listings, ZIP r",
605 n dunleith ave|27101,"605 N Dunleith Ave, Winston Salem, NC 27101",27101,2026-09-09,2026-09-28,165500,165500,,https://www.redfin.com/NC/Winston-Salem/605-N-Dunleith-Ave-27101/home/94856442,listed,,"seed from 06c Current multi-family listings, ZIP r",
423 n carpenter st|28054,"423 N Carpenter St, Gastonia, NC 28054",28054,2026-09-09,2026-09-09,425000,425000,,https://www.redfin.com/NC/Gastonia/423-N-Carpenter-St-28054/home/40997307,listed,,"seed from 06c Current multi-family listings, ZIP r",
22582260 onslow dr|28540,"2258-2260 Onslow Dr, Jacksonville, NC 28540",28540,2026-09-09,2026-09-28,237000,237000,,https://www.redfin.com/NC/Jacksonville/2258-2260-York-St-28540/home/187271648,listed,,"seed from 06c Current multi-family listings, ZIP r",
1600 shiloh church rd|27045,"1600 Shiloh Church Rd, Winston Salem, NC 27045",27045,2026-09-09,2026-09-09,200000,200000,,https://www.redfin.com/NC/Winston-Salem/1600-Shiloh-Church-Rd-27105/home/94942541,listed,,"seed from 06c Current multi-family listings, ZIP r",
5106 hodge st|28303,"5106 Hodge St, Fayetteville, NC 28303",28303,2026-09-09,2026-09-28,189900,189900,,https://www.redfin.com/NC/Fayetteville/5106-Hodge-St-28303/home/199082444,listed,,"seed from 06c Current multi-family listings, ZIP r",
1025 w end blvd|27101,"1025 West End Blvd, Winston Salem, NC 27101",27101,2026-09-09,2026-09-28,795000,795000,,https://www.redfin.com/NC/Winston-Salem/1025-W-End-Blvd-27101/home/94867839,listed,,"seed from 06c Current multi-family listings, ZIP r; merged 1025 W End Blvd, Winston Salem, NC 27101 (https://www.zillow.com/homedetails/1025-W-End-Blvd-Winston-Salem-NC-27101/5754853_zpid/) on 2026-09-28 after the Mount/Mt matching fix",
20252027 ferndale ave|23803,"2025-2027 Ferndale Ave, Petersburg, VA 23803",23803,2026-09-09,2026-09-28,295000,295000,,https://www.redfin.com/VA/Petersburg/2025-Ferndale-Ave-23803/home/192189974,listed,,"seed from 06c Current multi-family listings, ZIP r",
526 s dunlop st|23803,"526 S Dunlop St, Petersburg, VA 23803",23803,2026-09-09,2026-09-28,230000,230000,,https://www.redfin.com/VA/Petersburg/526-S-Dunlop-St-23803/home/192190247,listed,,"seed from 06c Current multi-family listings, ZIP r",
3110 shenandoah valley ave ne|24012,"3110 Shenandoah Valley Ave NE, Roanoke, VA 24012",24012,2026-09-09,2026-09-28,207057,207057,,https://www.redfin.com/VA/Roanoke/3110-Shenandoah-Valley-Ave-NE-24012/home/131676456,listed,,"seed from 06c Current multi-family listings, ZIP r",
317 e gilbreath st|27253,"317 E Gilbreath St, Graham, NC 27253",27253,2026-09-09,2026-09-09,329900,329900,,https://www.redfin.com/NC/Graham/317-E-Gilbreath-St-27253/home/114466670,listed,,"seed from 06c Current multi-family listings, ZIP r",
520 lake rd|27834,"520 Lake Rd Unit A&B, Greenville, NC 27834",27834,2026-09-09,2026-09-28,335000,335000,,https://www.redfin.com/NC/Greenville/520-Lake-Rd-27834/unit-A-B/home/200552157,listed,,"seed from 06c Current multi-family listings, ZIP r",
304 starling st 306|28540,"304 Starling Street 306, Jacksonville, NC 28540",28540,2026-09-09,2026-09-28,250000,250000,,https://www.redfin.com/NC/Jacksonville/304-Starling-St-28540/home/146854320,listed,,"seed from 06c Current multi-family listings, ZIP r",
5407 e nc 150 hwy|28092,"5407 E Nc 150 Hwy #7, Lincolnton, NC 28092",28092,2026-09-09,2026-09-28,575000,575000,,https://www.redfin.com/NC/Lincolnton/5407-N-Carolina-Highway-150-28092/unit-7/home/204549211,listed,,"seed from 06c Current multi-family listings, ZIP r",
5411 e nc 150 hwy|28092,"5411 E Nc 150 Hwy #6, Lincolnton, NC 28092",28092,2026-09-09,2026-09-28,575000,575000,,https://www.redfin.com/NC/Lincolnton/5411-N-Carolina-Highway-150-28092/unit-6/home/202097532,listed,,"seed from 06c Current multi-family listings, ZIP r",
524 boone rd|27288,"524 Boone Rd, Eden, NC 27288",27288,2026-09-09,2026-09-28,725000,725000,,https://www.redfin.com/NC/Eden/524-Boone-Rd-27288/home/94779043,listed,,"seed from 06c Current multi-family listings, ZIP r",
500502 williams st|28540,"500-502 Williams St, Jacksonville, NC 28540",28540,2026-09-09,2026-09-28,249000,249000,,https://www.redfin.com/NC/Jacksonville/502-Williams-St-28540/home/178750981,listed,,"seed from 06c Current multi-family listings, ZIP r",
732 30th st|23607,"732 30th St, Newport News, VA 23607",23607,2026-09-09,2026-09-28,287000,287000,,https://www.redfin.com/VA/Newport-News/732-30th-St-23607/home/49645119,listed,,"seed from 06c Current multi-family listings, ZIP r",
1075 7th ave nw|28601,"1075 7th Ave NW, Hickory, NC 28601",28601,2026-09-09,2026-09-28,950000,950000,,https://www.redfin.com/NC/Hickory/1075-7th-Ave-NW-28601/home/193191777,listed,,"seed from 06c Current multi-family listings, ZIP r",
1014 sedgefield st|27705,"1014 Sedgefield St, Durham, NC 27705",27705,2026-09-09,2026-09-28,319900,319900,,https://www.redfin.com/NC/Durham/1014-Sedgefield-St-27705/home/43518752,listed,,"seed from 06c Current multi-family listings, ZIP r",
304 and 306 e 1st st|27292,"304 and 306 E 1st St, Lexington, NC 27292",27292,2026-09-09,2026-09-09,209900,209900,,https://www.redfin.com/NC/Lexington/304-E-1st-St-27292/home/95025966,listed,,"seed from 06c Current multi-family listings, ZIP r",
265 gholson ave|27536,"265 Gholson Ave, Henderson, NC 27536",27536,2026-09-09,2026-09-28,224900,224900,,https://www.redfin.com/NC/Henderson/265-Gholson-Ave-27536/home/65387342,listed,,"seed from 06c Current multi-family listings, ZIP r",
2509 campbell st|27405,"2509 Campbell St, Greensboro, NC 27405",27405,2026-09-09,2026-09-28,274900,274900,,https://www.redfin.com/NC/Greensboro/2509-Campbell-St-27405/home/94613666,listed,,"seed from 06c Current multi-family listings, ZIP r",
103 mosby cir|27834,"103 Mosby Cir Unit A/B, Greenville, NC 27834",27834,2026-09-09,2026-09-28,199900,199900,,https://www.redfin.com/NC/Greenville/103-Mosby-Cir-27834/unit-A-B/home/187266051,listed,,"seed from 06c Current multi-family listings, ZIP r",
105 mosby cir|27834,"105 Mosby Cir Unit A&B, Greenville, NC 27834",27834,2026-09-09,2026-09-28,199900,199900,,https://www.redfin.com/NC/Greenville/105-Mosby-Cir-27834/unit-A-B/home/187265951,listed,,"seed from 06c Current multi-family listings, ZIP r",
173 175 booker dr sw|28025,"173 - 175 Booker Dr SW, Concord, NC 28025",28025,2026-09-09,2026-09-28,284999,249000,,https://www.redfin.com/NC/Concord/173-Booker-Dr-SW-28025/home/43648991,listed,,"seed from 06c Current multi-family listings, ZIP r",
218 odell dr nw|28025,"218 Odell Dr NW, Kannapolis, NC 28025",28025,2026-09-09,2026-09-28,300000,300000,,https://www.redfin.com/NC/Kannapolis/218-Odell-Dr-NW-28083/home/200230356,listed,,"seed from 06c Current multi-family listings, ZIP r",
1028 karendale ave|28208,"1028 Karendale Ave, Charlotte, NC 28208",28208,2026-09-09,2026-09-28,315000,315000,,https://www.redfin.com/NC/Charlotte/1028-Karendale-Ave-28208/home/43914048,listed,,"seed from 06c Current multi-family listings, ZIP r",
1019 sedgefield st|27705,"1019 Sedgefield St, Durham, NC 27705",27705,2026-09-09,2026-09-28,334000,334000,,https://www.redfin.com/NC/Durham/1019-Sedgefield-St-27705/home/43519138,listed,,"seed from 06c Current multi-family listings, ZIP r",
273 elm ave|23704,"273 Elm Ave, Portsmouth, VA 23704",23704,2026-09-09,2026-09-28,425000,425000,,https://www.redfin.com/VA/Portsmouth/273-Elm-Ave-23704/home/49358623,listed,,"seed from 06c Current multi-family listings, ZIP r",
50 village rd|24502,"50 Village Rd, Lynchburg, VA 24502",24502,2026-09-09,2026-09-28,269900,254900,,https://www.redfin.com/VA/Lynchburg/50-Village-Rd-24502/home/128743919,listed,,"seed from 06c Current multi-family listings, ZIP r",
1022 duke st|23704,"1022 Duke St, Portsmouth, VA 23704",23704,2026-09-09,2026-09-14,357900,357900,,https://www.redfin.com/VA/Portsmouth/1022-Duke-St-23704/home/49360275,gone,2026-09-21,"seed from 06c Current multi-family listings, ZIP r",
204 kristin dr|27834,"204 Kristin Dr Unit A/B, Greenville, NC 27834",27834,2026-09-09,2026-09-28,212500,212500,,https://www.redfin.com/NC/Greenville/204-Kristin-Dr-27834/unit-A-B/home/201877695,listed,,"seed from 06c Current multi-family listings, ZIP r",
4145 gossett ave|28208,"4145 Gossett Ave, Charlotte, NC 28208",28208,2026-09-09,2026-09-28,314900,314900,,https://www.redfin.com/NC/Charlotte/4145-Gossett-Ave-28208/home/199127441,listed,,"seed from 06c Current multi-family listings, ZIP r",
121 broad st|23707,"121 Broad St, Portsmouth, VA 23707",23707,2026-09-09,2026-09-28,320000,320000,,https://www.redfin.com/VA/Portsmouth/121-Broad-St-23707/home/49362788,listed,,"seed from 06c Current multi-family listings, ZIP r",
727 harding st|23803,"727 Harding St, Petersburg, VA 23803",23803,2026-09-09,2026-09-14,200000,200000,,https://www.redfin.com/VA/Petersburg/727-Harding-St-23803/home/52377915,gone,2026-09-21,"seed from 06c Current multi-family listings, ZIP r",
4515 greenway ave|28403,"4515 Greenway Ave, Wilmington, NC 28403",28403,2026-09-09,2026-09-09,2050000,2050000,,https://www.redfin.com/NC/Wilmington/4515-Greenway-Ave-28403/home/163175083,listed,,"seed from 06c Current multi-family listings, ZIP r",
321 s green st|27101,"321 S Green St, Winston Salem, NC 27101",27101,2026-09-09,2026-09-21,250000,250000,,https://www.redfin.com/NC/Winston-Salem/321-S-Green-St-27101/home/94864179,gone,2026-09-28,"seed from 06c Current multi-family listings, ZIP r",
149 sandy dr|28546,"149 Sandy Dr, Jacksonville, NC 28546",28546,2026-09-09,2026-09-09,365500,365500,,https://www.redfin.com/NC/Jacksonville/149-Sandy-Dr-28546/home/200845880,listed,,"seed from 06c Current multi-family listings, ZIP r",
215 bidney dr|27215,"215 Bidney Dr, Burlington, NC 27215",27215,2026-09-09,2026-09-28,270000,250000,,https://www.redfin.com/NC/Burlington/215-Bidney-Dr-27215/home/114913956,listed,,"seed from 06c Current multi-family listings, ZIP r",
3645 oaklawn ave nw|24019,"3645 Oaklawn Ave NW Unit 3645-3647, Roanoke, VA 24019",24019,2026-09-09,2026-09-09,335000,335000,,https://www.redfin.com/VA/Roanoke/3645-Oaklawn-Ave-NW-24012/unit-3645-3647/home/205190932,listed,,"seed from 06c Current multi-family listings, ZIP r",
927 farmer st|23803,"927 Farmer St, Petersburg, VA 23803",23803,2026-09-09,2026-09-28,199850,199700,,https://www.redfin.com/VA/Petersburg/927-Farmer-St-23803/home/52376327,listed,,"seed from 06c Current multi-family listings, ZIP r",
1010 36th st|23607,"1010 36th St, Newport News, VA 23607",23607,2026-09-09,2026-09-21,286000,286000,,https://www.redfin.com/VA/Newport-News/1010-36th-St-23607/home/49664840,gone,2026-09-28,"seed from 06c Current multi-family listings, ZIP r",
32343246 courtland rd nw|24012,"3234-3246 Courtland Rd NW Unit 3234-3246, Roanoke, VA 24012",24012,2026-09-09,2026-09-28,259950,259950,,https://www.redfin.com/VA/Roanoke/3234-Courtland-Rd-NW-24012/home/131349567,listed,,"seed from 06c Current multi-family listings, ZIP r",
805 n mebane st|27217,"805 N Mebane St Unit A & B, Burlington, NC 27217",27217,2026-09-09,2026-09-28,254000,254000,,https://www.redfin.com/NC/Burlington/805-N-Mebane-St-27217/unit-A-B/home/204354671,listed,,"seed from 06c Current multi-family listings, ZIP r",
210 raleigh rd pkwy n|27893,"210 Raleigh Road Pkwy N, Wilson, NC 27893",27893,2026-09-09,2026-09-28,265000,265000,,https://www.redfin.com/NC/Wilson/210-Raleigh-Road-Pkwy-N-27893/home/65300758,listed,,"seed from 06c Current multi-family listings, ZIP r; merged 210 Raleigh Road Parkway N, Wilson, NC 27893 (https://www.zillow.com/homedetails/210-Raleigh-Road-Pkwy-N-Wilson-NC-27893/2071247829_zpid/) on 2026-09-28 after the Mount/Mt matching fix",
254 maryland ave|23707,"254 Maryland Ave, Portsmouth, VA 23707",23707,2026-09-09,2026-09-14,337400,337400,,https://www.redfin.com/VA/Portsmouth/254-Maryland-Ave-23707/home/49362875,gone,2026-09-21,"seed from 06c Current multi-family listings, ZIP r",
25502560 chestnut st|28405,"2550/2560 Chestnut St, Wilmington, NC 28405",28405,2026-09-09,2026-09-09,349900,349900,,https://www.redfin.com/NC/Wilmington/2550-Chestnut-St-28405/home/135613198,listed,,"seed from 06c Current multi-family listings, ZIP r",
616 n mebane st|27217,"616 N Mebane St, Burlington, NC 27217",27217,2026-09-09,2026-09-28,259900,259900,,https://www.redfin.com/NC/Burlington/616-N-Mebane-St-27217/home/114832442,listed,,"seed from 06c Current multi-family listings, ZIP r",
408 ln st se|27893,"408 Lane St SE, Wilson, NC 27893",27893,2026-09-09,2026-09-28,225000,225000,,https://www.redfin.com/NC/Wilson/408-Lane-St-SE-27893/home/203247277,listed,,"seed from 06c Current multi-family listings, ZIP r",
216 college st|24112,"216 College St, Martinsville, VA 24112",24112,2026-09-09,2026-09-21,247950,247950,,https://www.redfin.com/VA/Martinsville/216-College-St-24112/home/68169235,gone,2026-09-28,"seed from 06c Current multi-family listings, ZIP r",
1300 bainbridge blvd|23324,"1300 Bainbridge Blvd, Chesapeake, VA 23324",23324,2026-09-09,2026-09-09,435000,435000,,https://www.redfin.com/VA/Chesapeake/1300-Bainbridge-Blvd-23324/home/188459539,listed,,"seed from 06c Current multi-family listings, ZIP r",
2040 kannapolis hwy|28031,"2040 Kannapolis Hwy, Kannapolis, NC 28031",28031,2026-09-09,2026-09-09,349900,349900,,https://www.redfin.com/NC/Kannapolis/2040-Kannapolis-HWY-28031/home/196850929,listed,,"seed from 06c Current multi-family listings, ZIP r",
22372239 catawba heights rd|28092,"2237-2239 Catawba Heights Rd, Lincolnton, NC 28092",28092,2026-09-09,2026-09-28,355000,355000,,https://www.redfin.com/NC/Lincolnton/2237-Catawba-Heights-Rd-28092/home/193006447,listed,,"seed from 06c Current multi-family listings, ZIP r",
1314 archbold ave ne|24012,"1314 Archbold Ave NE, Roanoke, VA 24012",24012,2026-09-09,2026-09-28,345000,345000,,https://www.redfin.com/VA/Roanoke/1314-Archbold-Ave-NE-24012/home/131423493,listed,,"seed from 06c Current multi-family listings, ZIP r",
827 mt vernon ave|23707,"827 Mt Vernon Ave, Portsmouth, VA 23707",23707,2026-09-09,2026-09-28,330000,299900,,https://www.redfin.com/VA/Portsmouth/827-Mt-Vernon-Ave-23707/home/49363316,listed,,"seed from 06c Current multi-family listings, ZIP r; merged 827 Mount Vernon Ave, Portsmouth, VA 23707 (https://www.zillow.com/homedetails/827-Mount-Vernon-Ave-Portsmouth-VA-23707/75383884_zpid/) on 2026-09-28 after the Mount/Mt matching fix",
3019 columbus cir|28208,"3019 Columbus Cir, Charlotte, NC 28208",28208,2026-09-09,2026-09-28,589000,575000,,https://www.redfin.com/NC/Charlotte/3019-Columbus-Cir-28208/home/43915406,listed,,"seed from 06c Current multi-family listings, ZIP r",
1259 w 4th st|27101,"1259 W 4th St, Winston Salem, NC 27101",27101,2026-09-09,2026-09-28,450000,450000,,https://www.redfin.com/NC/Winston-Salem/1259-W-4th-St-27101/home/94867345,listed,,"seed from 06c Current multi-family listings, ZIP r",
316 16th st|23451,"316 16th St, Virginia Beach, VA 23451",23451,2026-09-09,2026-09-09,995000,995000,,https://www.redfin.com/VA/Virginia-Beach/316-16th-St-23451/home/202119909,listed,,"seed from 06c Current multi-family listings, ZIP r",
645 leesville rd|24502,"645 Leesville Rd, Lynchburg, VA 24502",24502,2026-09-09,2026-09-28,330000,330000,,https://www.redfin.com/VA/Lynchburg/645-Leesville-Rd-24502/home/128713296,listed,,"seed from 06c Current multi-family listings, ZIP r",
19281930 durham st|27217,"1928-1930 Durham St, Burlington, NC 27217",27217,2026-09-09,2026-09-28,339900,249900,,https://www.redfin.com/NC/Burlington/1930-Durham-Street-Ext-27217/home/176115811,listed,,"seed from 06c Current multi-family listings, ZIP r",
2715 central ave|27260,"2715 Central Ave, High Point, NC 27260",27260,2026-09-09,2026-09-28,859900,859900,,https://www.redfin.com/NC/High-Point/2715-Central-Ave-27260/home/94704243,listed,,"seed from 06c Current multi-family listings, ZIP r",
1006 3rd st se|28602,"1006 3rd St SE, Hickory, NC 28602",28602,2026-09-09,2026-09-28,1000000,1000000,,https://www.redfin.com/NC/Hickory/1006-3rd-St-SE-28602/home/121747437,listed,,"seed from 06c Current multi-family listings, ZIP r",
19431955 glen manor ct|28092,"1943-1955 Glen Manor Ct Unit 1-2, Lincolnton, NC 28092",28092,2026-09-09,2026-09-09,750000,750000,,https://www.redfin.com/NC/Lincolnton/1943-Glen-Manor-Ct-28092/unit-1-2/home/200891162,gone,2026-09-14,"seed from 06c Current multi-family listings, ZIP r",
106 college st|27360,"106 College St, Thomasville, NC 27360",27360,2026-09-09,2026-09-28,299900,299900,,https://www.redfin.com/NC/Thomasville/106-College-St-27360/home/185221572,listed,,"seed from 06c Current multi-family listings, ZIP r",
1909 high st|23704,"1909 High St, Portsmouth, VA 23704",23704,2026-09-09,2026-09-28,329999,329999,,https://www.redfin.com/VA/Portsmouth/1909-High-St-23704/home/49363915,listed,,"seed from 06c Current multi-family listings, ZIP r",
205 cobb st|23851,"205 Cobb St, Franklin, VA 23851",23851,2026-09-09,2026-09-09,205000,205000,,https://www.redfin.com/VA/Franklin/205-Cobb-St-23851/home/49356229,listed,,"seed from 06c Current multi-family listings, ZIP r",
4633 b coronet ave|23455,"4633 B Coronet Ave, Virginia Beach, VA 23455",23455,2026-09-09,2026-09-09,724900,724900,,https://www.redfin.com/VA/Virginia-Beach/4633-Coronet-Ave-23455/home/49490454,listed,,"seed from 06c Current multi-family listings, ZIP r",
318 ct st|23704,"318 Court St, Portsmouth, VA 23704",23704,2026-09-09,2026-09-28,525000,525000,,https://www.redfin.com/VA/Portsmouth/318-Court-St-23704/home/49357694,listed,,"seed from 06c Current multi-family listings, ZIP r",
322324 gray st|24541,"322-324 Gray St, Danville, VA 24541",24541,2026-09-09,2026-09-28,149900,149900,,https://www.redfin.com/VA/Danville/322-324-Gray-St-24541/home/204714331,listed,,"seed from 06c Current multi-family listings, ZIP r",
224 fountainhead ln|28301,"224 Fountainhead Ln, Fayetteville, NC 28301",28301,2026-09-09,2026-09-28,429900,429900,,https://www.redfin.com/NC/Fayetteville/224-Fountainhead-Ln-28301/home/125948018,listed,,"seed from 06c Current multi-family listings, ZIP r",
714716 n church st|27217,"714-716 N Church St, Burlington, NC 27217",27217,2026-09-09,2026-09-28,299900,229900,,https://www.redfin.com/NC/Burlington/714-N-Church-St-27217/home/114930452,listed,,"seed from 06c Current multi-family listings, ZIP r",
3104 crandon ln|27604,"3104 Crandon Ln, Raleigh, NC 27604",27604,2026-09-09,2026-09-28,665000,665000,,https://www.redfin.com/NC/Raleigh/3104-Crandon-Ln-27604/home/41231113,listed,,"seed from 06c Current multi-family listings, ZIP r",
416 maryland ave|23707,"416 Maryland Ave, Portsmouth, VA 23707",23707,2026-09-09,2026-09-28,425000,425000,,https://www.redfin.com/VA/Portsmouth/416-Maryland-Ave-23707/home/49362718,listed,,"seed from 06c Current multi-family listings, ZIP r",
6 garden st|27360,"6 Garden St, Thomasville, NC 27360",27360,2026-09-09,2026-09-28,275000,275000,,https://www.redfin.com/NC/Thomasville/6-Garden-St-27360/home/191554155,listed,,"seed from 06c Current multi-family listings, ZIP r",
205 randolph st|24541,"205 Randolph St, Danville, VA 24541",24541,2026-09-09,2026-09-21,375000,375000,,https://www.redfin.com/VA/Danville/205-Randolph-St-24541/home/124293109,gone,2026-09-28,"seed from 06c Current multi-family listings, ZIP r",
1806 walker ave|27403,"1806 Walker Ave, Greensboro, NC 27403",27403,2026-09-09,2026-09-28,465000,447500,,https://www.redfin.com/NC/Greensboro/1806-Walker-Ave-27403/home/94601485,listed,,"seed from 06c Current multi-family listings, ZIP r",
3814 thelma st|27610,"3814 Thelma St, Raleigh, NC 27610",27610,2026-09-09,2026-09-28,650000,499900,,https://www.redfin.com/NC/Raleigh/3814-Thelma-St-27610/home/201417097,listed,,"seed from 06c Current multi-family listings, ZIP r",
2813 clarendon ave nw|24012,"2813 Clarendon Ave NW, Roanoke, VA 24012",24012,2026-09-09,2026-09-28,575000,575000,,https://www.redfin.com/VA/Roanoke/2813-Clarendon-Ave-NW-24012/home/131393640,listed,,"seed from 06c Current multi-family listings, ZIP r",
826 13th st|23451,"826 13th St, Virginia Beach, VA 23451",23451,2026-09-09,2026-09-09,600000,600000,,https://www.redfin.com/VA/Virginia-Beach/826-13th-St-23451/home/49515186,listed,,"seed from 06c Current multi-family listings, ZIP r",
326 328 gray st|24541,"326 328 Gray St, Danville, VA 24541",24541,2026-09-09,2026-09-28,159900,159900,,https://www.redfin.com/VA/Danville/326-Gray-St-24541/home/124372172,listed,,"seed from 06c Current multi-family listings, ZIP r",
613 n dunleith ave|27101,"613 N Dunleith Ave, Winston Salem, NC 27101",27101,2026-09-09,2026-09-28,285500,285500,,https://www.redfin.com/NC/Winston-Salem/613-N-Dunleith-Ave-27101/home/94862769,listed,,"seed from 06c Current multi-family listings, ZIP r",
705 e spruce st|27530,"705 E Spruce St, Goldsboro, NC 27530",27530,2026-09-09,2026-09-28,398999,387900,,https://www.redfin.com/NC/Goldsboro/705-E-Spruce-St-27530/home/199670998,listed,,"seed from 06c Current multi-family listings, ZIP r",
1420 joe louis ave|27610,"1420 Joe Louis Ave, Raleigh, NC 27610",27610,2026-09-09,2026-09-09,435000,435000,,https://www.redfin.com/NC/Raleigh/1420-Joe-Lewis-Ave-27610/home/199043893,gone,2026-09-14,"seed from 06c Current multi-family listings, ZIP r",
1418 joe louis ave|27610,"1418 Joe Louis Ave, Raleigh, NC 27610",27610,2026-09-09,2026-09-09,435000,435000,,https://www.redfin.com/NC/Raleigh/1418-Joe-Louis-Ave-27610/home/163174314,gone,2026-09-14,"seed from 06c Current multi-family listings, ZIP r",
426 camp easter rd|28350,"426 Camp Easter Rd, Lakeview, NC 28350",28350,2026-09-09,2026-09-09,387500,387500,,https://www.redfin.com/NC/Lakeview/426-Camp-Easter-Rd-28350/home/189778132,listed,,"seed from 06c Current multi-family listings, ZIP r",
1512 mediterranean ave|23451,"1512 Mediterranean Ave, Virginia Beach, VA 23451",23451,2026-09-09,2026-09-09,599900,599900,,https://www.redfin.com/VA/Virginia-Beach/1512-Mediterranean-Ave-23451/home/49516397,listed,,"seed from 06c Current multi-family listings, ZIP r",
112 freeze ave nw|28025,"112 Freeze Ave NW, Concord, NC 28025",28025,2026-09-09,2026-09-28,479900,449999,,https://www.redfin.com/NC/Concord/112-Freeze-Ave-NW-28025/home/43646772,listed,,"seed from 06c Current multi-family listings, ZIP r",
1000 broad st|27705,"1000 Broad St, Durham, NC 27705",27705,2026-09-09,2026-09-28,525000,525000,,https://www.redfin.com/NC/Durham/1000-Broad-St-27705/home/43519141,listed,,"seed from 06c Current multi-family listings, ZIP r",
367 middle st|23704,"367 Middle St, Portsmouth, VA 23704",23704,2026-09-09,2026-09-28,625000,625000,,https://www.redfin.com/VA/Portsmouth/367-Middle-St-23704/home/49358008,listed,,"seed from 06c Current multi-family listings, ZIP r",
612 polk st|27604,"612 Polk St, Raleigh, NC 27604",27604,2026-09-09,2026-09-28,750000,750000,,https://www.redfin.com/NC/Raleigh/612-Polk-St-27604/home/41114815,listed,,"seed from 06c Current multi-family listings, ZIP r",
1920 pender ave|28403,"1920 Pender Ave, Wilmington, NC 28403",28403,2026-09-09,2026-09-09,525000,525000,,https://www.redfin.com/NC/Wilmington/1920-Pender-Ave-28403/home/135552255,listed,,"seed from 06c Current multi-family listings, ZIP r",
309311 rocky st|27803,"309-311 Rocky St, Rocky Mount, NC 27803",27803,2026-09-09,2026-09-09,400000,400000,,https://www.redfin.com/NC/Rocky-Mount/309-Rocky-St-27803/home/163109238,listed,,"seed from 06c Current multi-family listings, ZIP r",
3241 rowena ave|27703,"3241 Rowena Ave, Durham, NC 27703",27703,2026-09-09,2026-09-14,564900,564900,,https://www.redfin.com/NC/Durham/3241-Rowena-Ave-27703/home/162841135,gone,2026-09-21,"seed from 06c Current multi-family listings, ZIP r",
320 london st|23704,"320 London St, Portsmouth, VA 23704",23704,2026-09-09,2026-09-28,385000,385000,,https://www.redfin.com/VA/Portsmouth/320-London-St-23704/home/49357802,listed,,"seed from 06c Current multi-family listings, ZIP r",
1510 parker ave|23704,"1510 Parker Ave, Portsmouth, VA 23704",23704,2026-09-09,2026-09-28,459000,459000,,https://www.redfin.com/VA/Portsmouth/1510-Parker-Ave-23704/home/49360660,listed,,"seed from 06c Current multi-family listings, ZIP r",
521 e 25th st|27101,"521 E 25th St, Winston Salem, NC 27101",27101,2026-09-09,2026-09-09,209000,209000,,https://www.redfin.com/NC/Winston-Salem/521-E-25th-St-27105/home/94868936,gone,2026-09-14,"seed from 06c Current multi-family listings, ZIP r",
608 b 14th st|23451,"608 B 14th St, Virginia Beach, VA 23451",23451,2026-09-09,2026-09-09,775000,775000,,https://www.redfin.com/VA/Virginia-Beach/608-14th-St-23451/home/198276988,listed,,"seed from 06c Current multi-family listings, ZIP r",
612 b 14th st|23451,"612 B 14th St, Virginia Beach, VA 23451",23451,2026-09-09,2026-09-09,775000,775000,,https://www.redfin.com/VA/Virginia-Beach/612-14th-St-23451/home/198276987,listed,,"seed from 06c Current multi-family listings, ZIP r",
528 matthews st|27801,"528 Matthews St, Rocky Mount, NC 27801",27801,2026-09-09,2026-09-14,188000,188000,,https://www.redfin.com/NC/Rocky-Mount/528-Matthews-St-27801/home/129793695,gone,2026-09-21,"seed from 06c Current multi-family listings, ZIP r",
206 w todd ln|28208,"206 W Todd Ln Unit A & B, Charlotte, NC 28208",28208,2026-09-09,2026-09-28,614000,605000,,https://www.redfin.com/NC/Charlotte/206-W-Todd-Ln-28208/unit-A-B/home/203283769,listed,,"seed from 06c Current multi-family listings, ZIP r",
2408 oakland blvd nw|24012,"2408 Oakland Blvd NW, Roanoke, VA 24012",24012,2026-09-09,2026-09-28,249500,249500,,https://www.redfin.com/VA/Roanoke/2408-Oakland-Blvd-NW-24012/home/131662887,listed,,"seed from 06c Current multi-family listings, ZIP r",
1007 n king charles rd|27610,"1007 N King Charles Rd Unit 101 102, Raleigh, NC 27610",27610,2026-09-09,2026-09-28,479900,449900,,https://www.redfin.com/NC/Raleigh/1007-N-King-Charles-Rd-27610/unit-101-102/home/201692302,listed,,"seed from 06c Current multi-family listings, ZIP r",
4906 4908 kitty hawk rd|27407,"4906 & 4908 Kitty Hawk Rd, Greensboro, NC 27407",27407,2026-09-09,2026-09-28,275000,275000,,https://www.redfin.com/NC/Greensboro/4906-Kitty-Hawk-Rd-27407/home/94677622,listed,,"seed from 06c Current multi-family listings, ZIP r",
1400 w blvd|28208,"1400 West Blvd, Charlotte, NC 28208",28208,2026-09-09,2026-09-28,999900,999900,,https://www.redfin.com/NC/Charlotte/1400-West-Blvd-28208/home/43953017,listed,,"seed from 06c Current multi-family listings, ZIP r",
1204 w fifth ave|27295,"1204 W Fifth Ave, Lexington, NC 27295",27295,2026-09-09,2026-09-09,299000,299000,,https://www.redfin.com/NC/Lexington/1204-W-5th-Ave-27295/home/95031628,listed,,"seed from 06c Current multi-family listings, ZIP r",
207 89th st|23451,"207 89th St, Virginia Beach, VA 23451",23451,2026-09-09,2026-09-09,1100000,1100000,,https://www.redfin.com/VA/Virginia-Beach/207-89th-St-23451/home/49527898,listed,,"seed from 06c Current multi-family listings, ZIP r",
328330 3rd ave se|28602,"328-330 3rd Ave SE, Hickory, NC 28602",28602,2026-09-09,2026-09-28,385000,385000,,https://www.redfin.com/NC/Hickory/328-3rd-Ave-SE-28602/home/122205215,listed,,"seed from 06c Current multi-family listings, ZIP r",
213219 andy st|28303,"213-219 Andy St, Fayetteville, NC 28303",28303,2026-09-09,2026-09-28,480000,480000,,https://www.redfin.com/NC/Fayetteville/219-Andy-St-28303/home/194106428,listed,,"seed from 06c Current multi-family listings, ZIP r",
514516 s mebane st|27215,"514-516 S Mebane St, Burlington, NC 27215",27215,2026-09-09,2026-09-28,299900,199900,,https://www.redfin.com/NC/Burlington/514-516-S-Mebane-St-27215/home/202161048,listed,,"seed from 06c Current multi-family listings, ZIP r",
1301 dickinson ave|27834,"1301 Dickinson Ave, Greenville, NC 27834",27834,2026-09-09,2026-09-28,449000,449000,,https://www.redfin.com/NC/Greenville/1301-Dickinson-Ave-27834/home/168059545,listed,,"seed from 06c Current multi-family listings, ZIP r",
4632 kilcullen dr|27604,"4632 Kilcullen Dr, Raleigh, NC 27604",27604,2026-09-09,2026-09-28,799950,774950,,https://www.redfin.com/NC/Raleigh/4632-Kilcullen-Dr-27604/home/41146408,listed,,"seed from 06c Current multi-family listings, ZIP r",
30813083 12th ave se|28602,"3081-3083 12th Ave SE #1, Hickory, NC 28602",28602,2026-09-09,2026-09-21,445000,445000,,https://www.redfin.com/NC/Hickory/3081-12th-Ave-SE-28602/unit-1/home/205379864,gone,2026-09-28,"seed from 06c Current multi-family listings, ZIP r",
3408 atlantic ave|27604,"3408 Atlantic Ave, Raleigh, NC 27604",27604,2026-09-09,2026-09-28,510000,510000,,https://www.redfin.com/NC/Raleigh/3408-Atlantic-Ave-27604/home/41084336,listed,,"seed from 06c Current multi-family listings, ZIP r",
4926 galveston dr|28303,"4926 Galveston Dr, Fayetteville, NC 28303",28303,2026-09-09,2026-09-28,1500000,1500000,,https://www.redfin.com/NC/Fayetteville/4926-Galveston-Dr-28303/home/125830992,listed,,"seed from 06c Current multi-family listings, ZIP r",
4408 mcclelland dr|28405,"4408 Mcclelland Dr, Wilmington, NC 28405",28405,2026-09-09,2026-09-09,750000,750000,,https://www.redfin.com/NC/Wilmington/4408-McClelland-Dr-28405/home/135539723,listed,,"seed from 06c Current multi-family listings, ZIP r",
1008 alabama ave|27705,"1008 Alabama Ave, Durham, NC 27705",27705,2026-09-09,2026-09-28,325000,325000,,https://www.redfin.com/NC/Durham/1008-Alabama-Ave-27705/home/43520792,listed,,"seed from 06c Current multi-family listings, ZIP r",
5323 eaton cir|28208,"5323 Eaton Cir, Charlotte, NC 28208",28208,2026-09-09,2026-09-28,550000,550000,,https://www.redfin.com/NC/Charlotte/5323-Eaton-Cir-28208/home/43952006,listed,,"seed from 06c Current multi-family listings, ZIP r",
1103 cypress ave|23451,"1103 Cypress Ave, Virginia Beach, VA 23451",23451,2026-09-09,2026-09-09,989000,989000,,https://www.redfin.com/VA/Virginia-Beach/1103-Cypress-Ave-23451/home/49516638,listed,,"seed from 06c Current multi-family listings, ZIP r",
302304 s miller ave|27530,"302-304 S Miller Ave, Goldsboro, NC 27530",27530,2026-09-09,2026-09-28,499900,499900,,https://www.redfin.com/NC/Goldsboro/304-Miller-Ave-27530/home/64980571,listed,,"seed from 06c Current multi-family listings, ZIP r",
1012 s main st|27215,"1012 S Main St, Burlington, NC 27215",27215,2026-09-09,2026-09-28,639900,639900,,https://www.redfin.com/NC/Burlington/1012-S-Main-St-27215/home/114564179,listed,,"seed from 06c Current multi-family listings, ZIP r",
804 vardaman st|27610,"804 Vardaman St, Raleigh, NC 27610",27610,2026-09-09,2026-09-28,799000,799000,,https://www.redfin.com/NC/Raleigh/804-Vardaman-St-27610/home/41095144,listed,,"seed from 06c Current multi-family listings, ZIP r",
808 vardaman st|27610,"808 Vardaman St, Raleigh, NC 27610",27610,2026-09-09,2026-09-28,799000,799000,,https://www.redfin.com/NC/Raleigh/808-Vardaman-St-27610/home/178221951,listed,,"seed from 06c Current multi-family listings, ZIP r",
2140 w us hwy 64|27295,"2140 W Us Highway 64, Lexington, NC 27295",27295,2026-09-09,2026-09-09,550000,550000,,https://www.redfin.com/NC/Lexington/2140-W-US-Highway-64-27295/home/95049729,listed,,"seed from 06c Current multi-family listings, ZIP r",
3936 stantonsburg rd|27834,"3936 Stantonsburg Rd, Greenville, NC 27834",27834,2026-09-09,2026-09-09,269000,269000,,https://www.redfin.com/NC/Greenville/3936-Stantonsburg-Rd-27834/home/198295489,gone,2026-09-14,"seed from 06c Current multi-family listings, ZIP r",
1357 airport rhodhiss rd|28601,"1357 Airport Rhodhiss Rd Unit 2-6, Hickory, NC 28601",28601,2026-09-09,2026-09-28,550000,550000,,https://www.redfin.com/NC/Hickory/1357-Airport-Rhodhiss-Rd-28601/unit-2-6/home/201661174,listed,,"seed from 06c Current multi-family listings, ZIP r",
23 w old st|23803,"23 W Old St, Petersburg, VA 23803",23803,2026-09-09,2026-09-28,1100000,1100000,,https://www.redfin.com/VA/Petersburg/23-W-Old-St-23803/home/201509280,listed,,"seed from 06c Current multi-family listings, ZIP r",
58015807 aftonshire dr|28304,"5801-5807 Aftonshire Dr, Fayetteville, NC 28304",28304,2026-09-09,2026-09-28,300000,300000,,https://www.redfin.com/NC/Fayetteville/5807-Aftonshire-Dr-28304/home/126074669,listed,,"seed from 06c Current multi-family listings, ZIP r",
624 holbrook ave|24541,"624 Holbrook Ave, Danville, VA 24541",24541,2026-09-09,2026-09-28,399900,399900,,https://www.redfin.com/VA/Danville/624-Holbrook-Ave-24541/home/124283870,listed,,"seed from 06c Current multi-family listings, ZIP r",
1007 green st|23704,"1007 Green St, Portsmouth, VA 23704",23704,2026-09-09,2026-09-28,1500000,1500000,,https://www.redfin.com/VA/Portsmouth/1007-Green-St-23704/home/49358497,listed,,"seed from 06c Current multi-family listings, ZIP r",
4300 presley ct ct|27604,"4300 Presley Ct. Ct Unit A, B, C, D, Raleigh, NC 27604",27604,2026-09-09,2026-09-21,789950,789950,,https://www.redfin.com/NC/Raleigh/4300-Presley-Ct-27604/unit-A/home/191159413,gone,2026-09-28,"seed from 06c Current multi-family listings, ZIP r",
14241430 tangora ln|28304,"1424-1430 Tangora Ln, Fayetteville, NC 28304",28304,2026-09-09,2026-09-09,350000,350000,,https://www.redfin.com/NC/Fayetteville/1430-Tangora-Ln-28304/home/125430150,gone,2026-09-14,"seed from 06c Current multi-family listings, ZIP r",
1325 main st e|22980,"1325 Main St E, Waynesboro, VA 22980",22980,2026-09-09,2026-09-09,1050000,1050000,,https://www.redfin.com/VA/Waynesboro/1325-E-Main-St-22980/home/68481950,listed,,"seed from 06c Current multi-family listings, ZIP r",
4304 presley ct|27604,"4304 Presley Ct, Raleigh, NC 27604",27604,2026-09-09,2026-09-28,775000,749900,,https://www.redfin.com/NC/Raleigh/4304-Presley-Ct-27604/home/41147323,listed,,"seed from 06c Current multi-family listings, ZIP r",
48 gibbons ave|23803,"48 Gibbons Ave, Petersburg, VA 23803",23803,2026-09-09,2026-09-28,1150000,1150000,,https://www.redfin.com/VA/Petersburg/48-Gibbons-Ave-23803/home/52374271,listed,,"seed from 06c Current multi-family listings, ZIP r",
1508 boyer st|27610,"1508 Boyer St, Raleigh, NC 27610",27610,2026-09-09,2026-09-28,1270000,1270000,,https://www.redfin.com/NC/Raleigh/1508-Boyer-St-27610/home/176490528,listed,,"seed from 06c Current multi-family listings, ZIP r",
1510 boyer st|27610,"1510 Boyer St, Raleigh, NC 27610",27610,2026-09-09,2026-09-28,1270000,1270000,,https://www.redfin.com/NC/Raleigh/1510-Boyer-St-27610/home/178221903,listed,,"seed from 06c Current multi-family listings, ZIP r",
6604 atlantic ave|23451,"6604 Atlantic Ave, Virginia Beach, VA 23451",23451,2026-09-09,2026-09-09,850000,850000,,https://www.redfin.com/VA/Virginia-Beach/6604-Atlantic-Ave-23451/home/198942556,listed,,"seed from 06c Current multi-family listings, ZIP r",
14071413 clarendon st|27705,"1407-1413 Clarendon St, Durham, NC 27705",27705,2026-09-09,2026-09-28,1430000,1387000,,https://www.redfin.com/NC/Durham/1413-Clarendon-St-27705/home/43519580,listed,,"seed from 06c Current multi-family listings, ZIP r",
887 ducks lndg|28315,"887 Ducks Lndg, Aberdeen, NC 28315",28315,2026-09-09,2026-09-09,1400000,1400000,,https://www.redfin.com/NC/Aberdeen/887-Ducks-Lndg-28315/home/193139493,listed,,"seed from 06c Current multi-family listings, ZIP r",
2013 cedar fork dr|27407,"2013 Cedar Fork Dr, Greensboro, NC 27407",27407,2026-09-09,2026-09-28,1150000,1150000,,https://www.redfin.com/NC/Greensboro/2013-Cedar-Fork-Dr-27407/home/94633210,listed,,"seed from 06c Current multi-family listings, ZIP r",
115 n flanner st|27215,"115 N Flanner St, Burlington, NC 27215",27215,2026-09-09,2026-09-09,639900,639900,,https://www.redfin.com/NC/Burlington/115-N-Flanner-St-27217/home/176115629,gone,2026-09-14,"seed from 06c Current multi-family listings, ZIP r",
1955 1967 lakeview rd|27203,"1955 1967 Lakeview Rd, Asheboro, NC 27203",27203,2026-09-09,2026-09-28,1520000,1520000,,https://www.redfin.com/NC/Asheboro/1967-Lakeview-Rd-27203/home/196999973,listed,,"seed from 06c Current multi-family listings, ZIP r",
2909 burgess dr|28208,"2909 Burgess Dr, Charlotte, NC 28208",28208,2026-09-09,2026-09-28,2000000,2000000,,https://www.redfin.com/NC/Charlotte/2909-Burgess-Dr-28208/home/43972800,listed,,"seed from 06c Current multi-family listings, ZIP r",
2500 olivet ct|27406,"2500 Olivet Ct, Greensboro, NC 27406",27406,2026-09-09,2026-09-09,1950000,1950000,,https://www.redfin.com/NC/Greensboro/2500-Olivet-Ct-27406/home/70496627,listed,,"seed from 06c Current multi-family listings, ZIP r",
1606 wayne st ne|24012,"1606 Wayne St NE, Roanoke, VA 24012",24012,2026-09-09,2026-09-14,1649655,1649655,,https://www.redfin.com/VA/Roanoke/1606-Wayne-St-NE-24012/home/131475644,gone,2026-09-21,"seed from 06c Current multi-family listings, ZIP r",
1963 1971 1977 lakeview rd|27203,"1963 1971 1977 Lakeview Rd, Asheboro, NC 27203",27203,2026-09-09,2026-09-28,1900000,1900000,,https://www.redfin.com/NC/Asheboro/1963-Lakeview-Rd-27203/home/197009291,listed,,"seed from 06c Current multi-family listings, ZIP r",
315 s gardner ave|28208,"315 S Gardner Ave, Charlotte, NC 28208",28208,2026-09-09,2026-09-09,3000000,3000000,,https://www.redfin.com/NC/Charlotte/315-S-Gardner-Ave-28208/home/44142249,gone,2026-09-14,"seed from 06c Current multi-family listings, ZIP r",
801 whitehead ave ne|27893,"801 Whitehead Ave NE, Wilson, NC 27893",27893,2026-09-09,2026-09-28,525000,525000,,https://www.redfin.com/NC/Wilson/801-Whitehead-Ave-NE-27893/home/65290952,listed,,"seed from 06c Current multi-family listings, ZIP r",
2007 baltic ave|23451,"2007 Baltic Ave, Virginia Beach, VA 23451",23451,2026-09-09,2026-09-09,9950000,9950000,,https://www.redfin.com/VA/Virginia-Beach/2007-Baltic-Ave-23451/home/146453566,listed,,"seed from 06c Current multi-family listings, ZIP r",
2595 waterlick rd|24502,"2595 Waterlick Rd, Lynchburg, VA 24502",24502,2026-09-09,2026-09-28,55000000,55000000,,https://www.redfin.com/VA/Lynchburg/2595-Waterlick-Rd-24502/home/123179527,listed,,"seed from 06c Current multi-family listings, ZIP r",
undisclosed address|27530,"Undisclosed address, Goldsboro, NC 27530",27530,2026-09-09,2026-09-14,229900,229900,,https://www.redfin.com/NC/Goldsboro/Undisclosed-address-27530/home/65006300,gone,2026-09-21,"seed from 06c Current multi-family listings, ZIP r",
317 gilbreath st|27253,"317 Gilbreath St, Graham, NC 27253",27253,2026-09-09,2026-09-09,329900,329900,,https://www.redfin.com/NC/Graham/317-W-Gilbreath-St-27253/home/114921847,listed,,"seed from 06c Current multi-family listings, ZIP r",
17|27360,"17, 19, 21, 23, 29, 31 Hunter St, Thomasville, NC 27360",27360,2026-09-09,2026-09-28,675000,675000,,https://www.redfin.com/NC/Thomasville/17-Hunter-St-27360/home/95004111,listed,,"seed from 06c Current multi-family listings, ZIP r",
undisclosed address|27801,"Undisclosed address, Rocky Mount, NC 27801",27801,2026-09-09,2026-09-28,69900,69900,,https://www.redfin.com/NC/Rocky-Mount/Undisclosed-address-27801/home/129598552,listed,,"seed from 06c Current multi-family listings, ZIP r",
the parker plan|23455,"The Parker Plan, Virginia Beach, VA 23455",23455,2026-09-09,2026-09-09,724900,724900,,https://www.redfin.com/VA/Virginia-Beach/Virginia-Beach/The-Parker/home/202191360,listed,,"seed from 06c Current multi-family listings, ZIP r",
1135ab|27203,"1135A&B, 1141A&B, 1147A&B S Cox St, Asheboro, NC 27203",27203,2026-09-09,2026-09-28,799900,799900,,https://www.redfin.com/NC/Asheboro/1135A-B-1141A-B-1147A-B-S-Cox-St-27203/home/205350798,listed,,"seed from 06c Current multi-family listings, ZIP r",
1955|27203,"1955, 1967 Lakeview Rd, Asheboro, NC 27203",27203,2026-09-09,2026-09-09,1520000,1520000,,https://www.redfin.com/NC/Asheboro/1955-Lakeview-Rd-27203/home/202129546,gone,2026-09-14,"seed from 06c Current multi-family listings, ZIP r",
undisclosed address|27536,"Undisclosed address, Henderson, NC 27536",27536,2026-09-09,2026-09-28,315000,315000,,https://www.redfin.com/NC/Henderson/Undisclosed-address-27536/home/65388264,listed,,"seed from 06c Current multi-family listings, ZIP r",
the lakewood plan|23451,"The Lakewood Plan, Virginia Beach, VA 23451",23451,2026-09-09,2026-09-09,749900,749900,,https://www.redfin.com/VA/Virginia-Beach/Virginia-Beach/The-Lakewood/home/201739106,listed,,"seed from 06c Current multi-family listings, ZIP r",
the alexander plan|23451,"The Alexander Plan, Virginia Beach, VA 23451",23451,2026-09-09,2026-09-09,849900,849900,,https://www.redfin.com/VA/Virginia-Beach/Virginia-Beach/The-Alexander/home/199385104,listed,,"seed from 06c Current multi-family listings, ZIP r",
tbd amy st|24201,"Tbd Amy St, Bristol, VA 24201",24201,2026-09-09,2026-09-09,199999,199999,,https://www.redfin.com/VA/Bristol/Tbd-Amy-St-24201/home/186100881,listed,,"seed from 06c Current multi-family listings, ZIP r",
310 old hertford ln|28390,"310 Old Hertford Ln, Spring Lake, NC 28390",28390,2026-09-09,2026-09-09,330000,330000,,https://www.redfin.com/NC/Spring-Lake/310-Old-Hertford-Ln-28390/home/195136583,listed,,"seed from 06c Current multi-family listings, ZIP r",
1581 rim 822|28314,"1581 Rim / 822, 824 & 824 Rembrandt Rd, Fayetteville, NC 28314",28314,2026-09-09,2026-09-09,295000,295000,,https://www.redfin.com/NC/Fayetteville/1581-Rim-Rd-28314/home/125801236,listed,,"seed from 06c Current multi-family listings, ZIP r",
207 greentree park|22901,"207 Greentree Park, Charlottesville, VA 22901",22901,2026-09-11,2026-09-28,335000,335000,zillow,https://www.zillow.com/homedetails/207-Greentree-Park-Charlottesville-VA-22901/79024581_zpid/,listed,,"seed from 15 Round 4 sweep, 50 ZIPs scored (2026-0",
71 ct pl|22901,"71 Court Pl, Charlottesville, VA 22901",22901,2026-09-11,2026-09-28,380000,380000,zillow,https://www.zillow.com/homedetails/71-Court-Pl-Charlottesville-VA-22901/79021091_zpid/,listed,,"seed from 15 Round 4 sweep, 50 ZIPs scored (2026-0",
4733 amber ridge ct|22901,"4733 Amber Ridge Ct, Charlottesville, VA 22901",22901,2026-09-11,2026-09-28,465000,465000,zillow,https://www.zillow.com/homedetails/4733-Amber-Ridge-Ct-Charlottesville-VA-22901/79017029_zpid/,listed,,"seed from 15 Round 4 sweep, 50 ZIPs scored (2026-0",
3418 carolina ave|23222,"3418 Carolina Ave, Richmond, VA 23222",23222,2026-09-11,2026-09-28,475000,445000,both,https://www.redfin.com/VA/Richmond/3418-Carolina-Ave-23222/home/183527034,listed,,"seed from 15 Round 4 sweep, 50 ZIPs scored (2026-0",
714 chimborazo blvd|23223,"714 Chimborazo Blvd, Richmond, VA 23223",23223,2026-09-11,2026-09-28,460000,440000,redfin,https://www.redfin.com/VA/Richmond/714-Chimborazo-Blvd-23223/home/55412388,listed,,"seed from 15 Round 4 sweep, 50 ZIPs scored (2026-0",
2915 hull st|23224,"2915 Hull St, Richmond, VA 23224",23224,2026-09-11,2026-09-21,349950,349950,both,https://www.redfin.com/VA/Richmond/2915-Hull-St-23224/home/55430670,gone,2026-09-28,"seed from 15 Round 4 sweep, 50 ZIPs scored (2026-0",
502 dale ave se|24013,"502 Dale Ave SE, Roanoke, VA 24013",24013,2026-09-11,2026-09-28,60864,60864,both,https://www.redfin.com/VA/Roanoke/502-Dale-Ave-SE-24013/home/131544550,listed,,"seed from 15 Round 4 sweep, 50 ZIPs scored (2026-0",
915 jamison ave se|24013,"915 Jamison Ave SE, Roanoke, VA 24013",24013,2026-09-11,2026-09-28,70000,70000,both,https://www.redfin.com/VA/Roanoke/915-Jamison-Ave-SE-24013/home/131526997,listed,,"seed from 15 Round 4 sweep, 50 ZIPs scored (2026-0",
707 bullitt ave se|24013,"707 Bullitt Ave SE, Roanoke, VA 24013",24013,2026-09-11,2026-09-28,98000,98000,both,https://www.redfin.com/VA/Roanoke/707-Bullitt-Ave-SE-24013/home/131449908,listed,,"seed from 15 Round 4 sweep, 50 ZIPs scored (2026-0",
336 tazewell ave se|24013,"336 Tazewell Ave SE, Roanoke, VA 24013",24013,2026-09-11,2026-09-28,157565,157565,both,https://www.redfin.com/VA/Roanoke/336-Tazewell-Ave-SE-24013/home/131596585,listed,,"seed from 15 Round 4 sweep, 50 ZIPs scored (2026-0",
1021 penmar ave se|24013,"1021 Penmar Ave SE, Roanoke, VA 24013",24013,2026-09-11,2026-09-28,179000,165000,both,https://www.redfin.com/VA/Roanoke/1021-Penmar-Ave-SE-24013/home/131720657,listed,,"seed from 15 Round 4 sweep, 50 ZIPs scored (2026-0",
515 albemarle ave se|24013,"515 Albemarle Ave SE, Roanoke, VA 24013",24013,2026-09-11,2026-09-28,179950,179950,both,https://www.redfin.com/VA/Roanoke/515-Albemarle-Ave-SE-24013/home/131652593,listed,,"seed from 15 Round 4 sweep, 50 ZIPs scored (2026-0",
809 jamison ave se|24013,"809 Jamison Ave SE, Roanoke, VA 24013",24013,2026-09-11,2026-09-14,204325,204325,both,https://www.redfin.com/VA/Roanoke/809-Jamison-Ave-SE-24013/home/131698948,gone,2026-09-21,"seed from 15 Round 4 sweep, 50 ZIPs scored (2026-0",
1138 montrose ave se|24013,"1138 Montrose Ave SE, Roanoke, VA 24013",24013,2026-09-11,2026-09-28,359000,359000,both,https://www.redfin.com/VA/Roanoke/1138-Montrose-Ave-SE-24013/home/131652777,listed,,"seed from 15 Round 4 sweep, 50 ZIPs scored (2026-0",
1622 patterson ave sw|24016,"1622 Patterson Ave SW, Roanoke, VA 24016",24016,2026-09-11,2026-09-28,149999,149999,zillow,https://www.zillow.com/homedetails/1622-Patterson-Ave-SW-Roanoke-VA-24016/299138968_zpid/,listed,,"seed from 15 Round 4 sweep, 50 ZIPs scored (2026-0",
4 12 12 st sw|24016,"4 12 1/2 St SW, Roanoke, VA 24016",24016,2026-09-11,2026-09-21,158122,158122,both,https://www.redfin.com/VA/Roanoke/4-12-1-2-St-SW-24016/home/131561476,gone,2026-09-28,"seed from 15 Round 4 sweep, 50 ZIPs scored (2026-0",
1918 rorer ave sw|24016,"1918 Rorer Ave SW, Roanoke, VA 24016",24016,2026-09-11,2026-09-14,161000,161000,redfin,https://www.redfin.com/VA/Roanoke/1918-Rorer-Ave-SW-24016/home/131435142,gone,2026-09-21,"seed from 15 Round 4 sweep, 50 ZIPs scored (2026-0",
414 harrison ave nw|24016,"414 Harrison Ave NW, Roanoke, VA 24016",24016,2026-09-11,2026-09-14,169030,169030,redfin,https://www.redfin.com/VA/Roanoke/414-Harrison-Ave-NW-24016/home/131552725,gone,2026-09-21,"seed from 15 Round 4 sweep, 50 ZIPs scored (2026-0",
224 gilmer ave nw|24016,"224 Gilmer Ave NW, Roanoke, VA 24016",24016,2026-09-11,2026-09-14,169030,169030,redfin,https://www.redfin.com/VA/Roanoke/224-Gilmer-Ave-NW-24016/home/131442119,gone,2026-09-21,"seed from 15 Round 4 sweep, 50 ZIPs scored (2026-0",
518 highland ave sw|24016,"518 Highland Ave SW, Roanoke, VA 24016",24016,2026-09-11,2026-09-21,275000,275000,both,https://www.redfin.com/VA/Roanoke/518-Highland-Ave-SW-24016/home/131677290,gone,2026-09-28,"seed from 15 Round 4 sweep, 50 ZIPs scored (2026-0",
350 mountain ave sw|24016,"350 Mountain Ave SW, Roanoke, VA 24016",24016,2026-09-11,2026-09-28,315000,309000,both,https://www.redfin.com/VA/Roanoke/350-Mountain-Ave-SW-24016/home/131491339,listed,,"seed from 15 Round 4 sweep, 50 ZIPs scored (2026-0",
434 allison ave sw|24016,"434 Allison Ave SW, Roanoke, VA 24016",24016,2026-09-11,2026-09-28,324950,324950,both,https://www.redfin.com/VA/Roanoke/434-Allison-Ave-SW-24016/home/131667220,listed,,"seed from 15 Round 4 sweep, 50 ZIPs scored (2026-0",
1602 patterson ave sw|24016,"1602 Patterson Ave SW, Roanoke, VA 24016",24016,2026-09-11,2026-09-14,331338,331338,both,https://www.redfin.com/VA/Roanoke/1602-Patterson-Ave-SW-24016/home/131343694,gone,2026-09-21,"seed from 15 Round 4 sweep, 50 ZIPs scored (2026-0",
1316 chapman ave sw|24016,"1316 Chapman Ave SW, Roanoke, VA 24016",24016,2026-09-11,2026-09-28,379900,379850,both,https://www.redfin.com/VA/Roanoke/1316-Chapman-Ave-SW-24016/home/131383588,listed,,"seed from 15 Round 4 sweep, 50 ZIPs scored (2026-0",
430 day ave sw|24016,"430 Day Ave SW, Roanoke, VA 24016",24016,2026-09-11,2026-09-28,435000,435000,both,https://www.redfin.com/VA/Roanoke/430-Day-Ave-SW-24016/home/131563407,listed,,"seed from 15 Round 4 sweep, 50 ZIPs scored (2026-0",
433 albemarle ave sw|24016,"433 Albemarle Ave SW, Roanoke, VA 24016",24016,2026-09-11,2026-09-28,469000,469000,redfin,https://www.redfin.com/VA/Roanoke/433-Albemarle-Ave-SW-24016/home/131563486,listed,,"seed from 15 Round 4 sweep, 50 ZIPs scored (2026-0",
917 1st st sw|24016,"917 1st St SW, Roanoke, VA 24016",24016,2026-09-11,2026-09-28,487933,487933,redfin,https://www.redfin.com/VA/Roanoke/917-1st-St-SW-24016/home/131676657,listed,,"seed from 15 Round 4 sweep, 50 ZIPs scored (2026-0",
1114 lafayette blvd nw|24017,"1114 Lafayette Blvd NW, Roanoke, VA 24017",24017,2026-09-11,2026-09-28,172450,172450,both,https://www.redfin.com/VA/Roanoke/1114-Lafayette-Blvd-NW-24017/home/131345629,listed,,"seed from 15 Round 4 sweep, 50 ZIPs scored (2026-0",
2414 delaware ave nw|24017,"2414 Delaware Ave NW, Roanoke, VA 24017",24017,2026-09-11,2026-09-14,193200,193200,both,https://www.redfin.com/VA/Roanoke/2414-Delaware-Ave-NW-24017/home/131643524,gone,2026-09-21,"seed from 15 Round 4 sweep, 50 ZIPs scored (2026-0",
821 westside blvd nw|24017,"821 Westside Blvd NW, Roanoke, VA 24017",24017,2026-09-11,2026-09-28,209000,209000,zillow,https://www.zillow.com/homedetails/821-Westside-Blvd-NW-Roanoke-VA-24017/299140522_zpid/,listed,,"seed from 15 Round 4 sweep, 50 ZIPs scored (2026-0",
640644 36th st nw|24017,"640-644 36th St NW, Roanoke, VA 24017",24017,2026-09-11,2026-09-28,221461,221461,both,https://www.redfin.com/VA/Roanoke/640-36th-St-NW-24017/home/131572301,listed,,"seed from 15 Round 4 sweep, 50 ZIPs scored (2026-0",
829 westside blvd nw|24017,"829 Westside Blvd NW, Roanoke, VA 24017",24017,2026-09-11,2026-09-14,375516,375516,both,https://www.redfin.com/VA/Roanoke/829-Westside-Blvd-NW-24017/home/131368966,gone,2026-09-21,"seed from 15 Round 4 sweep, 50 ZIPs scored (2026-0",
1628 old salisbury rd|27127,"1628 Old Salisbury Rd, Winston Salem, NC 27127",27127,2026-09-11,2026-09-28,350000,350000,zillow,https://www.zillow.com/homedetails/1628-Old-Salisbury-Rd-Winston-Salem-NC-27127/5769187_zpid/,listed,,"seed from 15 Round 4 sweep, 50 ZIPs scored (2026-0",
3348 cider hill ct|27127,"3348 Cider Hill Ct, Winston Salem, NC 27127",27127,2026-09-11,2026-09-21,359900,359900,both,https://www.redfin.com/NC/Winston-Salem/3348-Cider-Hill-Ct-27127/home/201425808,gone,2026-09-28,"seed from 15 Round 4 sweep, 50 ZIPs scored (2026-0",
3341 cider hill ct|27127,"3341 Cider Hill Ct, Winston Salem, NC 27127",27127,2026-09-11,2026-09-28,359900,359900,both,https://www.redfin.com/NC/Winston-Salem/3341-Cider-Hill-Ct-27127/home/201662269,listed,,"seed from 15 Round 4 sweep, 50 ZIPs scored (2026-0",
3336 cider hill ct|27127,"3336 Cider Hill Ct, Winston Salem, NC 27127",27127,2026-09-11,2026-09-28,364900,364900,both,https://www.redfin.com/NC/Winston-Salem/3336-Cider-Hill-Ct-27127/home/201663078,listed,,"seed from 15 Round 4 sweep, 50 ZIPs scored (2026-0",
503 granville st|27565,"503 Granville St, Oxford, NC 27565",27565,2026-09-11,2026-09-11,235000,235000,both,https://www.redfin.com/NC/Oxford/503-Granville-St-27565/home/40970060,listed,,"seed from 15 Round 4 sweep, 50 ZIPs scored (2026-0",
8029 perry creek rd|27616,"8029 Perry Creek Rd, Raleigh, NC 27616",27616,2026-09-11,2026-09-11,245000,245000,redfin,https://www.redfin.com/NC/Raleigh/8029-Perry-Creek-Rd-27616/home/41230447,listed,,"seed from 15 Round 4 sweep, 50 ZIPs scored (2026-0",
4604 lavista ct|27616,"4604 Lavista Ct, Raleigh, NC 27616",27616,2026-09-11,2026-09-11,519500,519500,both,https://www.redfin.com/NC/Raleigh/4604-Lavista-Ct-27616/home/41139155,listed,,"seed from 15 Round 4 sweep, 50 ZIPs scored (2026-0",
1312 e 14th st st|27858,"1312 E 14th St St Unit A & B, Greenville, NC 27858",27858,2026-09-11,2026-09-11,219500,219500,redfin,https://www.redfin.com/NC/Greenville/1312-E-14th-St-27858/unit-A-B/home/204477907,listed,,"seed from 15 Round 4 sweep, 50 ZIPs scored (2026-0",
1607 st andrew st|27886,"1607 St Andrew St, Tarboro, NC 27886",27886,2026-09-11,2026-09-11,459900,459900,both,https://www.redfin.com/NC/Tarboro/1607-Saint-Andrew-St-27886/home/129808466,listed,,"seed from 15 Round 4 sweep, 50 ZIPs scored (2026-0",
1011 w main st|27892,"1011 W Main St, Williamston, NC 27892",27892,2026-09-11,2026-09-11,220000,220000,both,https://www.redfin.com/NC/Williamston/1011-W-Main-St-27892/home/65479889,listed,,"seed from 15 Round 4 sweep, 50 ZIPs scored (2026-0",
408 n catherine st|27910,"408 N Catherine St, Ahoskie, NC 27910",27910,2026-09-11,2026-09-11,110000,110000,both,https://www.redfin.com/NC/Ahoskie/408-S-Catherine-St-27910/home/201232361,listed,,"seed from 15 Round 4 sweep, 50 ZIPs scored (2026-0",
305 e richard st|27910,"305 E Richard St, Ahoskie, NC 27910",27910,2026-09-11,2026-09-11,225000,225000,both,https://www.redfin.com/NC/Ahoskie/305-E-Richard-St-27910/home/202206890,listed,,"seed from 15 Round 4 sweep, 50 ZIPs scored (2026-0",
1501 madison st|28052,"1501 Madison St, Gastonia, NC 28052",28052,2026-09-11,2026-09-28,260000,260000,both,https://www.redfin.com/NC/Gastonia/1501-Madison-St-28052/home/40994231,listed,,"seed from 15 Round 4 sweep, 50 ZIPs scored (2026-0",
930 s miller st|28052,"930 S Miller St, Gastonia, NC 28052",28052,2026-09-11,2026-09-28,299000,299000,both,https://www.redfin.com/NC/Gastonia/930-Miller-St-28052/home/40993013,listed,,"seed from 15 Round 4 sweep, 50 ZIPs scored (2026-0",
1311 jenkins rd|28052,"1311 Jenkins Rd, Gastonia, NC 28052",28052,2026-09-11,2026-09-21,399000,399000,both,https://www.redfin.com/NC/Gastonia/1311-Jenkins-Rd-28052/home/41005702,gone,2026-09-28,"seed from 15 Round 4 sweep, 50 ZIPs scored (2026-0",
912 rankin ave|28052,"912 Rankin Ave, Gastonia, NC 28052",28052,2026-09-11,2026-09-28,425000,425000,both,https://www.redfin.com/NC/Gastonia/912-Rankin-Ave-28052/home/40989019,listed,,"seed from 15 Round 4 sweep, 50 ZIPs scored (2026-0",
907 w 5th ave|28052,"907 W 5th Ave, Gastonia, NC 28052",28052,2026-09-11,2026-09-28,525000,525000,both,https://www.redfin.com/NC/Gastonia/907-W-5th-Ave-28052/home/40993184,listed,,"seed from 15 Round 4 sweep, 50 ZIPs scored (2026-0",
624 brevard st|28086,"624 Brevard St, Kings Mountain, NC 28086",28086,2026-09-11,2026-09-11,367500,367500,both,https://www.redfin.com/NC/Kings-Mountain/624-Brevard-St-28086/home/41014971,listed,,"seed from 15 Round 4 sweep, 50 ZIPs scored (2026-0",
301 n fulton st|28144,"301 N Fulton St, Salisbury, NC 28144",28144,2026-09-11,2026-09-28,490000,490000,zillow,https://www.zillow.com/homedetails/301-N-Fulton-St-Salisbury-NC-28144/126401782_zpid/,listed,,"seed from 15 Round 4 sweep, 50 ZIPs scored (2026-0",
126 sunset dr|28147,"126 Sunset Dr, Salisbury, NC 28147",28147,2026-09-11,2026-09-11,499900,499900,both,https://www.redfin.com/NC/Salisbury/126-Sunset-Dr-28147/home/44226056,listed,,"seed from 15 Round 4 sweep, 50 ZIPs scored (2026-0",
509 e grover st|28150,"509 E Grover St, Shelby, NC 28150",28150,2026-09-11,2026-09-11,440000,440000,both,https://www.redfin.com/NC/Shelby/509-E-Grover-St-28150/home/162896495,listed,,"seed from 15 Round 4 sweep, 50 ZIPs scored (2026-0",
1812 catherine simmons ave|28216,"1812 Catherine Simmons Ave Unit 1 & 2, Charlotte, NC 28216",28216,2026-09-11,2026-09-28,300000,300000,both,https://www.redfin.com/NC/Charlotte/1812-Catherine-Simmons-Ave-28216/unit-1/home/191054028,listed,,"seed from 15 Round 4 sweep, 50 ZIPs scored (2026-0",
2021 lasalle st|28216,"2021 Lasalle St, Charlotte, NC 28216",28216,2026-09-11,2026-09-28,360000,360000,both,https://www.redfin.com/NC/Charlotte/2021-Lasalle-St-28216/home/43917061,listed,,"seed from 15 Round 4 sweep, 50 ZIPs scored (2026-0",
741745 tamarack dr|28311,"741-745 Tamarack Dr, Fayetteville, NC 28311",28311,2026-09-11,2026-09-11,205000,205000,zillow,https://www.zillow.com/homedetails/741-745-Tamarack-Dr-Fayetteville-NC-28311/2075846722_zpid/,listed,,"seed from 15 Round 4 sweep, 50 ZIPs scored (2026-0",
5552 river rd|28348,"5552 River Rd, Hope Mills, NC 28348",28348,2026-09-11,2026-09-11,269999,269999,both,https://www.redfin.com/NC/Hope-Mills/5552-River-Rd-28348/home/126263353,listed,,"seed from 15 Round 4 sweep, 50 ZIPs scored (2026-0",
210 shipman rd bldg i|28532,"210 Shipman Rd Bldg I, Havelock, NC 28532",28532,2026-09-11,2026-09-28,525000,525000,both,https://www.redfin.com/NC/Havelock/210-Shipman-Rd-28532/unit-I/home/187237478,listed,,"seed from 15 Round 4 sweep, 50 ZIPs scored (2026-0",
210 shipman rd bldg e|28532,"210 Shipman Rd Bldg E, Havelock, NC 28532",28532,2026-09-11,2026-09-28,525000,525000,redfin,https://www.redfin.com/NC/Havelock/210-Shipman-Rd-28532/unit-E/home/205390044,listed,,"seed from 15 Round 4 sweep, 50 ZIPs scored (2026-0",
1317 1319 main st nw|28645,"1317 &1319 Main St NW, Lenoir, NC 28645",28645,2026-09-11,2026-09-28,294500,294500,both,https://www.redfin.com/NC/Lenoir/1317-Main-St-NW-28645/home/119784710,listed,,"seed from 15 Round 4 sweep, 50 ZIPs scored (2026-0",
1101 college ave sw|28645,"1101 College Ave SW, Lenoir, NC 28645",28645,2026-09-11,2026-09-28,320000,320000,both,https://www.redfin.com/NC/Lenoir/1101-College-Ave-SW-28645/home/119952341,listed,,"seed from 15 Round 4 sweep, 50 ZIPs scored (2026-0",
808 harrisburg dr sw|28645,"808 Harrisburg Dr SW, Lenoir, NC 28645",28645,2026-09-11,2026-09-28,385000,385000,both,https://www.redfin.com/NC/Lenoir/808-Harrisburg-Dr-SW-28645/home/119524990,listed,,"seed from 15 Round 4 sweep, 50 ZIPs scored (2026-0",
723 hunt st|28677,"723 Hunt St, Statesville, NC 28677",28677,2026-09-11,2026-09-28,219000,219000,both,https://www.redfin.com/NC/Statesville/723-Hunt-St-28677/home/204590148,listed,,"seed from 15 Round 4 sweep, 50 ZIPs scored (2026-0",
719 hunt st|28677,"719 Hunt St, Statesville, NC 28677",28677,2026-09-11,2026-09-28,219000,219000,both,https://www.redfin.com/NC/Statesville/719-Hunt-St-28677/home/179482503,listed,,"seed from 15 Round 4 sweep, 50 ZIPs scored (2026-0",
715 hunt st|28677,"715 Hunt St, Statesville, NC 28677",28677,2026-09-11,2026-09-28,219000,219000,both,https://www.redfin.com/NC/Statesville/715-Hunt-St-28677/home/44347233,listed,,"seed from 15 Round 4 sweep, 50 ZIPs scored (2026-0",
537 539 broadway ct|28677,"537 & 539 Broadway Ct, Statesville, NC 28677",28677,2026-09-11,2026-09-28,259900,249900,both,https://www.redfin.com/NC/Statesville/537-Broadway-Ct-28677/home/198735791,listed,,"seed from 15 Round 4 sweep, 50 ZIPs scored (2026-0",
811 832 chevelle dr|28677,"811 & 832 Chevelle Dr, Statesville, NC 28677",28677,2026-09-11,2026-09-28,440000,440000,zillow,https://www.zillow.com/homedetails/811-832-Chevelle-Dr-Statesville-NC-28677/464666946_zpid/,listed,,"seed from 15 Round 4 sweep, 50 ZIPs scored (2026-0",
100 normandy dr|28655,"100 Normandy Dr, Morganton, NC 28655",28655,2026-09-11,2026-09-28,299000,299000,both,https://www.redfin.com/NC/Morganton/100-Normandy-Dr-28655/home/119131850,listed,,"seed from 15 Round 4 sweep, 50 ZIPs scored (2026-0",
112 harmon st|22903,"112 Harmon St, Charlottesville, VA 22903",22903,2026-09-11,2026-09-28,619000,619000,both,https://www.redfin.com/VA/Charlottesville/112-Harmon-St-22903/home/123914303,listed,,seed from round10_listings.csv,
1210 cherry ave|22903,"1210 Cherry Ave #2, Charlottesville, VA 22903",22903,2026-09-11,2026-09-28,499000,499000,both,https://www.redfin.com/VA/Charlottesville/1210-Cherry-Ave-22903/unit-2/home/202145863,listed,,seed from round10_listings.csv,
2303 fontaine ave|22903,"2303 Fontaine Ave, Charlottesville, VA 22903",22903,2026-09-11,2026-09-28,1550000,1550000,both,https://www.redfin.com/VA/Charlottesville/2303-Fontaine-Ave-22903/home/123750521,listed,,seed from round10_listings.csv,
2525 woodland dr|22903,"2525 Woodland Dr Unit A&B, Charlottesville, VA 22903",22903,2026-09-11,2026-09-28,700000,700000,both,https://www.redfin.com/VA/Charlottesville/2525-Woodland-Dr-22903/unit-A-B/home/205216538,listed,,seed from round10_listings.csv,
301 7th st sw|22903,"301 7th St SW, Charlottesville, VA 22903",22903,2026-09-11,2026-09-28,3500000,3500000,both,https://www.redfin.com/VA/Charlottesville/301-SW-7th-ST-22903/home/190543366,listed,,seed from round10_listings.csv,
326 10th st nw|22903,"326 10th St NW #2, Charlottesville, VA 22903",22903,2026-09-11,2026-09-28,889000,889000,both,https://www.redfin.com/VA/Charlottesville/326-10th-St-NW-22903/unit-2/home/202091814,listed,,seed from round10_listings.csv,
562 cleveland ave|22903,"562 Cleveland Ave, Charlottesville, VA 22903",22903,2026-09-11,2026-09-28,335000,335000,zillow,https://www.zillow.com/homedetails/562-Cleveland-Ave-Charlottesville-VA-22903/94169242_zpid/,listed,,seed from round10_listings.csv,
930 rock creek rd|22903,"930 Rock Creek Rd, Charlottesville, VA 22903",22903,2026-09-11,2026-09-28,295000,295000,zillow,https://www.zillow.com/homedetails/930-Rock-Creek-Rd-Charlottesville-VA-22903/79074896_zpid/,listed,,seed from round10_listings.csv,
homes available soon plan|22903,"Homes Available Soon Plan, Charlottesville, VA 22903",22903,2026-09-11,2026-09-28,,,redfin,https://www.redfin.com/VA/Charlottesville/Charlottesville/Homes-Available-Soon/home/199977061,listed,,seed from round10_listings.csv,
homes available soon plan|22932,"Homes Available Soon Plan, Crozet, VA 22932",22932,2026-09-11,2026-09-11,,,redfin,https://www.redfin.com/VA/Crozet/Crozet/Homes-Available-Soon/home/205499708,listed,,seed from round10_listings.csv,
1120 downey st|24141,"1120 Downey St, Radford, VA 24141",24141,2026-09-11,2026-09-28,449900,449900,both,https://www.redfin.com/VA/Radford/1120-Downey-St-24141/home/68289611,listed,,seed from round10_listings.csv,
12011217 fairfax st|24141,"1201-1217 Fairfax St, Radford, VA 24141",24141,2026-09-11,2026-09-28,1600000,1600000,both,https://www.redfin.com/VA/Radford/1217-Fairfax-St-24141/home/68289562,listed,,seed from round10_listings.csv,
6765 lee hwy|24141,"6765 Lee Hwy, Radford, VA 24141",24141,2026-09-11,2026-09-28,569750,569750,zillow,https://www.zillow.com/homedetails/6765-Lee-Hwy-Radford-VA-24141/124576143_zpid/,listed,,seed from round10_listings.csv,
6765 lee|24141,"6765 Lee, Fairlawn, VA 24141",24141,2026-09-11,2026-09-28,569750,569750,redfin,https://www.redfin.com/VA/Fairlawn/6765-Lee-Hwy-24141/home/101549816,listed,,seed from round10_listings.csv,
7074 hickman cemetery rd|24141,"7074 Hickman Cemetery Rd, Fairlawn, VA 24141",24141,2026-09-11,2026-09-28,345000,335000,both,https://www.redfin.com/VA/Fairlawn/7074-Hickman-Cemetery-Rd-24141/home/101539696,listed,,seed from round10_listings.csv,
901 8th st|24141,"901 8th St, Radford, VA 24141",24141,2026-09-11,2026-09-28,625000,625000,zillow,https://www.zillow.com/homedetails/901-8th-St-Radford-VA-24141/108127850_zpid/,listed,,seed from round10_listings.csv,
901 eighth st|24141,"901 Eighth St, Radford, VA 24141",24141,2026-09-11,2026-09-28,625000,625000,redfin,https://www.redfin.com/VA/Radford/901-8th-St-24141/home/68289424,listed,,seed from round10_listings.csv,
5 meriwether cir|24477,"5 Meriwether Cir, Stuarts Draft, VA 24477",24477,2026-09-11,2026-09-11,410000,410000,zillow,https://www.zillow.com/homedetails/5-Meriwether-Cir-Stuarts-Draft-VA-24477/461712652_zpid/,listed,,seed from round10_listings.csv,
201 s main st|24557,"201 S Main St, Gretna, VA 24557",24557,2026-09-11,2026-09-11,399900,399900,both,https://www.redfin.com/VA/Gretna/201-S-Main-St-24557/home/198863667,listed,,seed from round10_listings.csv,
meadow cir|24630,"Meadow Cir, North Tazewell, VA 24630",24630,2026-09-11,2026-09-11,399900,399900,zillow,https://www.zillow.com/homedetails/Meadow-Cir-North-Tazewell-VA-24630/2073212428_zpid/,listed,,seed from round10_listings.csv,
tbd meadow cir|24630,"TBD Meadow Cir, North Tazewell, VA 24630",24630,2026-09-11,2026-09-11,399900,399900,redfin,https://www.redfin.com/VA/North-Tazewell/Tbd-Meadow-Cir-24630/home/183495300,listed,,seed from round10_listings.csv,
59 n sussex dr|27577,"59 N Sussex Dr, Smithfield, NC 27577",27577,2026-09-11,2026-09-11,129900,129900,redfin,https://www.redfin.com/NC/Smithfield/59-N-Sussex-Dr-27577/home/43728393,listed,,seed from round10_listings.csv,
206 s 4th st|27864,"206 S 4th St, Pinetops, NC 27864",27864,2026-09-11,2026-09-11,89000,89000,both,https://www.redfin.com/NC/Pinetops/206-N-4th-St-27864/home/129650757,listed,,seed from round10_listings.csv,
610 612 s 2nd st|27864,"610 /612 S 2nd St, Pinetops, NC 27864",27864,2026-09-11,2026-09-11,113900,113900,both,https://www.redfin.com/NC/Pinetops/610-612-S-2nd-St-27864/home/203129412,listed,,seed from round10_listings.csv,
1920 johnstown rd|28033,"1920 Johnstown Rd, Crouse, NC 28033",28033,2026-09-11,2026-09-11,3938400,3938400,redfin,https://www.redfin.com/NC/Crouse/1920-Johnstown-Rd-28033/home/44480306,listed,,seed from round10_listings.csv,
133 hugh caldwell rd|28214,"133 Hugh Caldwell Rd, Charlotte, NC 28214",28214,2026-09-11,2026-09-11,305000,305000,both,https://www.redfin.com/NC/Charlotte/133-Hugh-Caldwell-Rd-28214/home/43886182,listed,,seed from round10_listings.csv,
60166020 paw creek rd|28214,"6016/6020 Paw Creek Rd, Charlotte, NC 28214",28214,2026-09-11,2026-09-11,649900,649900,both,https://www.redfin.com/NC/Charlotte/6016-Paw-Creek-Rd-28214/home/200891652,listed,,seed from round10_listings.csv,
104 n 17th st|28339,"104 N 17th St, Erwin, NC 28339",28339,2026-09-11,2026-09-11,75000,75000,both,https://www.redfin.com/NC/Erwin/104-N-17th-St-28339/home/130334195,listed,,seed from round10_listings.csv,
100 suter st|22802,"100 Suter St, Harrisonburg, VA 22802",22802,2026-09-11,2026-09-11,320000,320000,zillow,https://www.zillow.com/homedetails/100-Suter-St-Harrisonburg-VA-22802/441820214_zpid/,listed,,seed from round11_listings.csv,
760 collicello st|22802,"760 Collicello St, Harrisonburg, VA 22802",22802,2026-09-11,2026-09-11,419000,419000,zillow,https://www.zillow.com/homedetails/760-Collicello-St-Harrisonburg-VA-22802/85868296_zpid/,listed,,seed from round11_listings.csv,
289 hilton rd|24251,"289 Hilton Rd, Gate City, VA 24251",24251,2026-09-11,2026-09-11,315700,315700,zillow,https://www.zillow.com/homedetails/289-Hilton-Rd-Gate-City-VA-24251/79273395_zpid/,listed,,seed from round11_listings.csv,
2341 pocket rd|24563,"2341 Pocket Rd, Hurt, VA 24563",24563,2026-09-11,2026-09-11,719000,719000,both,https://www.redfin.com/VA/Hurt/2341-Pocket-Rd-24563/home/101519958,listed,,seed from round11_listings.csv,
4394|27050,"4394, 4396, 4398 Spainhour Mill Rd, Tobaccoville, NC 27050",27050,2026-09-11,2026-09-11,299999,299999,redfin,https://www.redfin.com/NC/Tobaccoville/4394-Spainhour-Mill-Rd-27050/home/94858597,listed,,seed from round11_listings.csv,
43944396 4398 spainhour mill rd|27050,"4394-4396 4398 Spainhour Mill Rd, Tobaccoville, NC 27050",27050,2026-09-11,2026-09-11,299999,299999,zillow,https://www.zillow.com/homedetails/4394-4396-4398-Spainhour-Mill-Rd-Tobaccoville-NC-27050/464151453_zpid/,listed,,seed from round11_listings.csv,
300 taylor rd|28164,"300 Taylor Rd, Stanley, NC 28164",28164,2026-09-11,2026-09-11,698500,698500,both,https://www.redfin.com/NC/Stanley/300-Taylor-Rd-28164/home/41017825,listed,,seed from round11_listings.csv,
2112 providence rd|23236,"2112 Providence Rd, Richmond, VA 23236",23236,2026-09-11,2026-09-11,420000,420000,zillow,https://www.zillow.com/homedetails/2112-Providence-Rd-Richmond-VA-23236/2066260280_zpid/,listed,,seed from round12_listings.csv,
45 castle ct|24435,"45 Castle Ct, Fairfield, VA 24435",24435,2026-09-11,2026-09-11,749000,749000,redfin,https://www.redfin.com/VA/Fairfield/45-NE-Castle-CT-24435/home/193850432,listed,,seed from round12_listings.csv,
45 ne castle ct|24435,"45 NE Castle Ct, Fairfield, VA 24435",24435,2026-09-11,2026-09-11,749000,749000,zillow,https://www.zillow.com/homedetails/45-NE-Castle-Ct-Fairfield-VA-24435/443236589_zpid/,listed,,seed from round12_listings.csv,
2638 sunnymeade rd|24588,"2638 Sunnymeade Rd Unit A&B, Rustburg, VA 24588",24588,2026-09-11,2026-09-11,494900,494900,both,https://www.redfin.com/VA/Rustburg/2638-Sunnymeade-Rd-24588/unit-A-B/home/192059026,listed,,seed from round12_listings.csv,
152 palmers aly|27305,"152 Palmers Aly, Milton, NC 27305",27305,2026-09-11,2026-09-11,372500,372500,both,https://www.redfin.com/NC/Milton/152-Palmers-Aly-27305/home/64914523,listed,,seed from round12_listings.csv,
2829 seclusion ct|27612,"2829 Seclusion Ct, Raleigh, NC 27612",27612,2026-09-11,2026-09-11,899900,899900,both,https://www.redfin.com/NC/Raleigh/2829-Seclusion-Ct-27612/home/41344249,listed,,seed from round12_listings.csv,
409 e nelson st|27871,"409 E Nelson St, Robersonville, NC 27871",27871,2026-09-11,2026-09-11,150000,150000,redfin,https://www.redfin.com/NC/Robersonville/409-E-Nelson-St-27871/home/65485820,listed,,seed from round12_listings.csv,
723 725 n market st|27889,"723 & 725 N Market Street, Washington, NC 27889",27889,2026-09-11,2026-09-11,399000,399000,zillow,https://www.zillow.com/homedetails/723725-723-Market-Street-Est-725-N-Washington-NC-27889/461993399_zpid/,listed,,seed from round12_listings.csv,
101103 baldwin ave|28159,"101/103 Baldwin Ave, Spencer, NC 28159",28159,2026-09-11,2026-09-11,450000,450000,both,https://www.redfin.com/NC/Spencer/101-103-S-Baldwin-Ave-28159/home/203209517,listed,,seed from round12_listings.csv,
3309 clarence towery cir|28637,"3309 Clarence Towery Cir, Hildebran, NC 28637",28637,2026-09-11,2026-09-11,899999,899999,redfin,https://www.redfin.com/NC/Hildebran/3309-Clarence-Towery-Cir-28637/home/179482265,listed,,seed from round12_listings.csv,
325 ellas ln|28669,"325 Ellas Ln, Roaring River, NC 28669",28669,2026-09-11,2026-09-11,599000,599000,both,https://www.redfin.com/NC/Roaring-River/325-Ellas-Ln-28669/home/65063951,listed,,seed from round12_listings.csv,
2784 rutlege rd|22801,"2784 Rutlege Rd #188, Rockingham, VA 22801",22801,2026-09-12,2026-09-21,579000,579000,zillow,https://www.zillow.com/homedetails/2784-Rutlege-Rd-188-Rockingham-VA-22801/458845833_zpid/,gone,2026-09-28,seed from round13_listings.csv,
2788 rutlege rd|22801,"2788 Rutlege Rd #189, Rockingham, VA 22801",22801,2026-09-12,2026-09-21,579900,579900,zillow,https://www.zillow.com/homedetails/2788-Rutlege-Rd-189-Rockingham-VA-22801/462291095_zpid/,gone,2026-09-28,seed from round13_listings.csv,
2790 rutlege rd|22801,"2790 Rutlege Rd #187, Rockingham, VA 22801",22801,2026-09-12,2026-09-28,579900,567900,zillow,https://www.zillow.com/homedetails/2790-Rutlege-Rd-187-Rockingham-VA-22801/462291170_zpid/,listed,,seed from round13_listings.csv,
2858 prairie ln|22801,"2858 Prairie Ln, Harrisonburg, VA 22801",22801,2026-09-12,2026-09-28,289900,289900,zillow,https://www.zillow.com/homedetails/2858-Prairie-Ln-Harrisonburg-VA-22801/228455960_zpid/,listed,,seed from round13_listings.csv,
3054 obsidian ter|22801,"3054 Obsidian Ter, Rockingham, VA 22801",22801,2026-09-12,2026-09-28,399999,399999,zillow,https://www.zillow.com/homedetails/3054-Obsidian-Ter-Rockingham-VA-22801/459278150_zpid/,listed,,seed from round13_listings.csv,
3395 mannheim ct|22801,"3395 Mannheim Ct, Harrisonburg, VA 22801",22801,2026-09-12,2026-09-21,499500,499500,zillow,https://www.zillow.com/homedetails/3395-Mannheim-Ct-Harrisonburg-VA-22801/108050069_zpid/,gone,2026-09-28,seed from round13_listings.csv,
426 hickory grove cir|22801,"426 Hickory Grove Cir, Harrisonburg, VA 22801",22801,2026-09-12,2026-09-28,355000,355000,zillow,https://www.zillow.com/homedetails/426-Hickory-Grove-Cir-Harrisonburg-VA-22801/94178841_zpid/,listed,,seed from round13_listings.csv,
600 620 norwood st|22801,"600 & 620 Norwood St, Harrisonburg, VA 22801",22801,2026-09-12,2026-09-21,1574800,1300000,both,https://www.redfin.com/VA/Harrisonburg/600-Norwood-St-22801/home/68255923,gone,2026-09-28,seed from round13_listings.csv,
91 dutch mill ct|22801,"91 Dutch Mill Ct, Harrisonburg, VA 22801",22801,2026-09-12,2026-09-28,1749900,1749900,both,https://www.redfin.com/VA/Harrisonburg/91-Dutch-Mill-Ct-22801/home/68249798,listed,,seed from round13_listings.csv,
ridgedale plan|22801,"Ridgedale Plan, Harrisonburg, VA 22801",22801,2026-09-12,2026-09-28,489900,489900,redfin,https://www.redfin.com/VA/Harrisonburg/Harrisonburg/Ridgedale/home/203245787,listed,,seed from round13_listings.csv,
700 rocky top dr|22840,"700 Rocky Top Dr #170, McGaheysville, VA 22840",22840,2026-09-12,2026-09-28,516000,516000,zillow,https://www.zillow.com/homedetails/700-Rocky-Top-Dr-170-McGaheysville-VA-22840/463579652_zpid/,listed,,seed from round13_listings.csv,
710 rocky top dr lot 171|22840,"710 Rocky Top Dr Lot 171, McGaheysville, VA 22840",22840,2026-09-12,2026-09-28,565000,565000,zillow,https://www.zillow.com/homedetails/710-Rocky-Top-Dr-LOT-171-McGaheysville-VA-22840/462463344_zpid/,listed,,seed from round13_listings.csv,
735 rocky top dr|22840,"735 Rocky Top Dr #227, McGaheysville, VA 22840",22840,2026-09-12,2026-09-28,488000,488000,zillow,https://www.zillow.com/homedetails/735-Rocky-Top-Dr-227-McGaheysville-VA-22840/463996424_zpid/,listed,,seed from round13_listings.csv,
805 coltsfoot ln|22840,"805 Coltsfoot Ln, McGaheysville, VA 22840",22840,2026-09-12,2026-09-21,415000,415000,zillow,https://www.zillow.com/homedetails/805-Coltsfoot-Ln-McGaheysville-VA-22840/313207940_zpid/,gone,2026-09-28,seed from round13_listings.csv,
harrison plan|22840,"Harrison Plan, Mcgaheysville, VA 22840",22840,2026-09-12,2026-09-28,484900,479900,redfin,https://www.redfin.com/VA/McGaheysville/McGaheysville/Harrison/home/201671258,listed,,seed from round13_listings.csv,
132 buffalo rd|23927,"132 Buffalo Rd, Clarksville, VA 23927",23927,2026-09-12,2026-09-12,230000,230000,zillow,https://www.zillow.com/homedetails/132-Buffalo-Rd-Clarksville-VA-23927/107948011_zpid/,listed,,seed from round13_listings.csv,
148158 vaughns mill rd nw|24105,"148/158 Vaughns Mill Rd NW, Indian Valley, VA 24105",24105,2026-09-12,2026-09-12,699900,699900,zillow,https://www.zillow.com/homedetails/148-158-Vaughns-Mill-Rd-NW-Indian-Valley-VA-24105/463561534_zpid/,listed,,seed from round13_listings.csv,
156 saturn dr|24243,"156 Saturn Dr, Dryden, VA 24243",24243,2026-09-12,2026-09-12,85000,85000,both,https://www.redfin.com/VA/Dryden/156-Saturn-Dr-24243/home/199756256,listed,,seed from round13_listings.csv,
15|24437,"15, 17, 25, 37 Hayfield Ln, Fort Defiance, VA 24437",24437,2026-09-12,2026-09-12,1430000,1430000,redfin,https://www.redfin.com/VA/Fort-Defiance/15-Hayfield-Ln-24437/home/200281732,listed,,seed from round13_listings.csv,
1517 hayfield ln|24437,"15-17 Hayfield Ln #25, Fort Defiance, VA 24437",24437,2026-09-12,2026-09-12,1430000,1430000,zillow,https://www.zillow.com/homedetails/15-17-Hayfield-Ln-25-Fort-Defiance-VA-24437/461664494_zpid/,listed,,seed from round13_listings.csv,
208 n main st|27883,"208 N Main St, Stantonsburg, NC 27883",27883,2026-09-12,2026-09-12,50000,50000,both,https://www.redfin.com/NC/Stantonsburg/208-N-Main-St-27883/home/65286630,listed,,seed from round13_listings.csv,
5293 whichard rd|27884,"5293 Whichard Rd, Stokes, NC 27884",27884,2026-09-12,2026-09-12,210000,210000,zillow,https://www.zillow.com/homedetails/5293-Whichard-Rd-Stokes-NC-27884/51417869_zpid/,listed,,seed from round13_listings.csv,
110 grady ave|28782,"110 Grady Ave, Tryon, NC 28782",28782,2026-09-12,2026-09-12,369000,369000,zillow,https://www.zillow.com/homedetails/110-Grady-Ave-Tryon-NC-28782/232564698_zpid/,listed,,seed from round13_listings.csv,
174 new market rd|28782,"174 New Market Rd, Tryon, NC 28782",28782,2026-09-12,2026-09-12,389900,389900,both,https://www.redfin.com/NC/Tryon/174-New-Market-Rd-28782/home/112642138,listed,,seed from round13_listings.csv,
7413 leesville rd|27613,"7413 Leesville Rd, Raleigh, NC 27613",27613,2026-09-12,2026-09-12,479000,479000,both,https://www.redfin.com/NC/Raleigh/7413-Leesville-Rd-27613/home/41231930,listed,,seed from round14_listings.csv,
homes available soon plan|27613,"Homes Available Soon Plan, Raleigh, NC 27613",27613,2026-09-12,2026-09-12,,,redfin,https://www.redfin.com/NC/Raleigh/Raleigh/Homes-Available-Soon/home/202673079,listed,,seed from round14_listings.csv,
1701 mayfield dr|24014,"1701 Mayfield Dr, Roanoke, VA 24014",24014,2026-09-11,2026-09-11,487213,487213,zillow,https://www.zillow.com/homedetails/1701-Mayfield-Dr-Roanoke-VA-24014/456578832_zpid/,listed,,seed from round5_listings.csv,
420 front ave|24153,"420 Front Ave, Salem, VA 24153",24153,2026-09-11,2026-09-28,267000,267000,both,https://www.redfin.com/VA/Salem/420-Front-Ave-24153/home/132072533,listed,,seed from round5_listings.csv,
916 pyrtle dr|24153,"916 Pyrtle Dr Unit A, B and C, Salem, VA 24153",24153,2026-09-11,2026-09-28,450000,450000,both,https://www.redfin.com/VA/Salem/916-Pyrtle-Dr-24153/unit-A-B-and-C/home/205496998,listed,,seed from round5_listings.csv,
113115 w 1st st|24153,"113-115 W 1st St #117, Salem, VA 24153",24153,2026-09-11,2026-09-14,524950,524950,redfin,https://www.redfin.com/VA/Salem/113-W-1st-St-24153/unit-117/home/193330099,gone,2026-09-21,seed from round5_listings.csv,
113115 w 1st st suite 117|24153,"113-115 W 1st St Suite 117, Salem, VA 24153",24153,2026-09-11,2026-09-14,524950,524950,zillow,https://www.zillow.com/homedetails/113-115-W-1st-St-SUITE-117-Salem-VA-24153/458546890_zpid/,gone,2026-09-21,seed from round5_listings.csv,
940 w beverley st|24401,"940 W Beverley St, Staunton, VA 24401",24401,2026-09-11,2026-09-28,274900,268900,zillow,https://www.zillow.com/homedetails/940-W-Beverley-St-Staunton-VA-24401/108131836_zpid/,listed,,seed from round5_listings.csv,
1229 stack st|24401,"1229 Stack St, Staunton, VA 24401",24401,2026-09-11,2026-09-28,399000,399000,both,https://www.redfin.com/VA/Staunton/1229-Stack-St-24401/home/68357594,listed,,seed from round5_listings.csv,
1401 garfield ave|24501,"1401 Garfield Ave, Lynchburg, VA 24501",24501,2026-09-11,2026-09-28,169000,169000,both,https://www.redfin.com/VA/Lynchburg/1401-Garfield-Ave-24501/home/128665292,listed,,seed from round5_listings.csv,
2210 park pl|24501,"2210 Park Pl, Lynchburg, VA 24501",24501,2026-09-11,2026-09-28,179900,179900,both,https://www.redfin.com/VA/Lynchburg/2210-Park-Pl-24501/home/128709950,listed,,seed from round5_listings.csv,
1104 fillmore st|24501,"1104 Fillmore St, Lynchburg, VA 24501",24501,2026-09-11,2026-09-28,249900,249900,both,https://www.redfin.com/VA/Lynchburg/1104-Fillmore-St-24501/home/128709857,listed,,seed from round5_listings.csv,
2800 kulman pl|24501,"2800 Kulman Pl, Lynchburg, VA 24501",24501,2026-09-11,2026-09-28,279900,279900,both,https://www.redfin.com/VA/Lynchburg/2800-Kulman-Pl-24501/home/128762664,listed,,seed from round5_listings.csv,
405 langhorne ln|24501,"405 Langhorne Ln, Lynchburg, VA 24501",24501,2026-09-11,2026-09-28,315000,315000,both,https://www.redfin.com/VA/Lynchburg/405-Langhorne-Ln-24501/home/128679748,listed,,seed from round5_listings.csv,
2208 memorial ave|24501,"2208 Memorial Ave, Lynchburg, VA 24501",24501,2026-09-11,2026-09-28,345000,345000,both,https://www.redfin.com/VA/Lynchburg/2208-Memorial-Ave-24501/home/128709936,listed,,seed from round5_listings.csv,
2908 memorial ave|24501,"2908 Memorial Ave, Lynchburg, VA 24501",24501,2026-09-11,2026-09-28,399900,374900,both,https://www.redfin.com/VA/Lynchburg/2908-Memorial-Ave-24501/home/181296785,listed,,seed from round5_listings.csv,
225 munford st|24501,"225 Munford St, Lynchburg, VA 24501",24501,2026-09-11,2026-09-28,499900,499900,both,https://www.redfin.com/VA/Lynchburg/225-Munford-St-24501/home/128805017,listed,,seed from round5_listings.csv,
215 n ave|24540,"215 North Ave, Danville, VA 24540",24540,2026-09-11,2026-09-28,155000,155000,both,https://www.redfin.com/VA/Danville/215-North-Ave-24540/home/124323979,listed,,seed from round5_listings.csv,
117 motley ave|24540,"117 Motley Ave, Danville, VA 24540",24540,2026-09-11,2026-09-21,175000,175000,both,https://www.redfin.com/VA/Danville/117-Motley-Ave-24540/home/124373389,gone,2026-09-28,seed from round5_listings.csv,
200 20 gery st|24540,"200 & 20 Gery St Unit ., Danville, VA 24540",24540,2026-09-11,2026-09-28,185000,185000,both,https://www.redfin.com/VA/Danville/200-Gery-St-24540/home/124261362,listed,,seed from round5_listings.csv,
115 locust ln|24540,"115 Locust Ln, Danville, VA 24540",24540,2026-09-11,2026-09-14,230000,230000,both,https://www.redfin.com/VA/Danville/115-Locust-Ln-24540/home/124360097,gone,2026-09-21,seed from round5_listings.csv,
2093 craig st|27103,"2093 Craig St, Winston Salem, NC 27103",27103,2026-09-11,2026-09-11,425000,425000,both,https://www.redfin.com/NC/Winston-Salem/2093-Craig-St-27103/home/94867775,listed,,seed from round5_listings.csv,
1502 oakshire ct|27107,"1502 Oakshire Ct, Winston Salem, NC 27107",27107,2026-09-11,2026-09-11,385000,385000,both,https://www.redfin.com/NC/Winston-Salem/1502-Oakshire-Ct-27107/home/87576988,listed,,seed from round5_listings.csv,
40214023 knollwood dr|27263,"4021-4023 Knollwood Dr, Archdale, NC 27263",27263,2026-09-11,2026-09-11,299000,299000,both,https://www.redfin.com/NC/Archdale/4021-Knollwood-Dr-27263/home/190247809,listed,,seed from round5_listings.csv,
102 s main st|27320,"102 S Main St, Reidsville, NC 27320",27320,2026-09-11,2026-09-28,174900,174900,both,https://www.redfin.com/NC/Reidsville/102-S-Main-St-27320/home/94780097,listed,,seed from round5_listings.csv,
510 piedmont st|27320,"510 Piedmont St, Reidsville, NC 27320",27320,2026-09-11,2026-09-28,249900,249900,both,https://www.redfin.com/NC/Reidsville/510-Piedmont-St-27320/home/88154819,listed,,seed from round5_listings.csv,
528 n scales st|27320,"528 N Scales St, Reidsville, NC 27320",27320,2026-09-11,2026-09-28,355000,355000,both,https://www.redfin.com/NC/Reidsville/528-N-Scales-St-27320/home/94755665,listed,,seed from round5_listings.csv,
1893 mt carmel church rd|27320,"1893 Mount Carmel Church Rd, Reidsville, NC 27320",27320,2026-09-11,2026-09-28,440000,440000,both,https://www.redfin.com/NC/Reidsville/1893-Mount-Carmel-Chu-Rd-27320/home/94771354,listed,,seed from round5_listings.csv,
68 linda jones cir|27401,"6-8 Linda Jones Cir, Greensboro, NC 27401",27401,2026-09-11,2026-09-28,15000,15000,zillow,https://www.zillow.com/homedetails/6-8-Linda-Jones-Cir-Greensboro-NC-27401/88944249_zpid/,listed,,seed from round5_listings.csv,
730 gillespie st|27401,"730 Gillespie St, Greensboro, NC 27401",27401,2026-09-11,2026-09-28,20000,20000,zillow,https://www.zillow.com/homedetails/730-Gillespie-St-Greensboro-NC-27401/5911819_zpid/,listed,,seed from round5_listings.csv,
19111913 mcconnell rd|27401,"1911-1913 McConnell Rd, Greensboro, NC 27401",27401,2026-09-11,2026-09-21,20000,20000,zillow,https://www.zillow.com/homedetails/1911-1913-McConnell-Rd-Greensboro-NC-27401/88954811_zpid/,gone,2026-09-28,seed from round5_listings.csv,
21012103 mcconnell rd|27401,"2101-2103 McConnell Rd, Greensboro, NC 27401",27401,2026-09-11,2026-09-28,20000,20000,zillow,https://www.zillow.com/homedetails/2101-2103-McConnell-Rd-Greensboro-NC-27401/464960168_zpid/,listed,,seed from round5_listings.csv,
19191921 mcconnell rd|27401,"1919-1921 McConnell Rd, Greensboro, NC 27401",27401,2026-09-11,2026-09-28,25000,25000,zillow,https://www.zillow.com/homedetails/1919-1921-McConnell-Rd-Greensboro-NC-27401/88949172_zpid/,listed,,seed from round5_listings.csv,
1413 ardmore dr|27401,"1413 Ardmore Dr, Greensboro, NC 27401",27401,2026-09-11,2026-09-28,230000,230000,zillow,https://www.zillow.com/homedetails/1413-Ardmore-Dr-Greensboro-NC-27401/5922431_zpid/,listed,,seed from round5_listings.csv,
410 n cedar st|27401,"410 N Cedar St, Greensboro, NC 27401",27401,2026-09-11,2026-09-28,270000,270000,both,https://www.redfin.com/NC/Greensboro/410-N-Cedar-St-27401/home/94594458,listed,,seed from round5_listings.csv,
422 n cedar st|27401,"422 N Cedar St, Greensboro, NC 27401",27401,2026-09-11,2026-09-28,275000,275000,both,https://www.redfin.com/NC/Greensboro/422-N-Cedar-St-27401/home/94594467,listed,,seed from round5_listings.csv,
1825 w friendly ave|27403,"1825 W Friendly Ave, Greensboro, NC 27403",27403,2026-09-11,2026-09-28,325000,349000,zillow,https://www.zillow.com/homedetails/1825-W-Friendly-Ave-Greensboro-NC-27403/252331766_zpid/,listed,,seed from round5_listings.csv,
88 omaha way|27520,"88 Omaha Way, Clayton, NC 27520",27520,2026-09-11,2026-09-28,354990,349990,both,https://www.redfin.com/NC/Clayton/88-Omaha-Way-27520/home/203212866,listed,,seed from round5_listings.csv,
93 omaha way|27520,"93 Omaha Way, Clayton, NC 27520",27520,2026-09-11,2026-09-28,356990,356990,both,https://www.redfin.com/NC/Clayton/93-Omaha-WAY-27520/home/200847228,listed,,seed from round5_listings.csv,
85 omaha way|27520,"85 Omaha Way, Clayton, NC 27520",27520,2026-09-11,2026-09-28,359990,359990,both,https://www.redfin.com/NC/Clayton/85-Omaha-Way-27520/home/202578522,listed,,seed from round5_listings.csv,
3761 wakefield ln|27529,"3761 Wakefield Ln, Garner, NC 27529",27529,2026-09-11,2026-09-28,439000,429000,both,https://www.redfin.com/NC/Garner/3761-Wakefield-Ln-27529/home/41131597,listed,,seed from round5_listings.csv,
800 w anderson st|27576,"800 W Anderson St #802, Selma, NC 27576",27576,2026-09-11,2026-09-28,324900,319900,both,https://www.redfin.com/NC/Selma/800-W-Anderson-St-27576/unit-802/home/43711663,listed,,seed from round5_listings.csv,
215 n sellers st|27576,"215 N Sellers St, Selma, NC 27576",27576,2026-09-11,2026-09-28,448500,448500,both,https://www.redfin.com/NC/Selma/215-N-Sellers-St-27576/home/202178462,listed,,seed from round5_listings.csv,
203 n sellers st|27576,"203 N Sellers St, Selma, NC 27576",27576,2026-09-11,2026-09-28,519500,514000,both,https://www.redfin.com/NC/Selma/203-N-Sellers-St-27576/home/169416918,listed,,seed from round5_listings.csv,
502 n cypress st|27591,"502 N Cypress St, Wendell, NC 27591",27591,2026-09-11,2026-09-11,292500,292500,both,https://www.redfin.com/NC/Wendell/502-N-Cypress-St-27591/home/41078501,listed,,seed from round5_listings.csv,
841 barringer dr|27606,"841 Barringer Dr, Raleigh, NC 27606",27606,2026-09-11,2026-09-11,475000,475000,both,https://www.redfin.com/NC/Raleigh/841-Barringer-Dr-27606/home/41142453,listed,,seed from round5_listings.csv,
1109 juniper st|27701,"1109 Juniper St, Durham, NC 27701",27701,2026-09-11,2026-09-28,320000,320000,both,https://www.redfin.com/NC/Durham/1109-Juniper-St-27701/home/43528018,listed,,seed from round5_listings.csv,
332 clark st|27701,"332 Clark St Unit A & B, Durham, NC 27701",27701,2026-09-11,2026-09-28,364900,364900,both,https://www.redfin.com/NC/Durham/332-Clark-St-27701/unit-A-B/home/202027242,listed,,seed from round5_listings.csv,
1120 drew st|27701,"1120 Drew St, Durham, NC 27701",27701,2026-09-11,2026-09-28,375000,375000,both,https://www.redfin.com/NC/Durham/1120-Drew-St-27701/home/43528019,listed,,seed from round5_listings.csv,
1107 worth st|27701,"1107 Worth St, Durham, NC 27701",27701,2026-09-11,2026-09-28,410000,410000,both,https://www.redfin.com/NC/Durham/1107-Worth-St-27701/home/43526191,listed,,seed from round5_listings.csv,
1214 granby st|27701,"1214 Granby St, Durham, NC 27701",27701,2026-09-11,2026-09-28,415000,415000,both,https://www.redfin.com/NC/Durham/1214-Granby-St-27701/home/43609230,listed,,seed from round5_listings.csv,
320 clark st|27701,"320 Clark St, Durham, NC 27701",27701,2026-09-11,2026-09-28,449500,449500,both,https://www.redfin.com/NC/Durham/320-Clark-St-27701/home/43523038,listed,,seed from round5_listings.csv,
512 gordon st|27701,"512 Gordon St #202, Durham, NC 27701",27701,2026-09-11,2026-09-28,469990,469990,redfin,https://www.redfin.com/NC/Durham/512-Gordon-St-27701/unit-202/home/182392594,listed,,seed from round5_listings.csv,
1016 camden ave|27701,"1016 Camden Ave, Durham, NC 27701",27701,2026-09-11,2026-09-28,489500,489500,both,https://www.redfin.com/NC/Durham/1016-Camden-Ave-27701/home/43610020,listed,,seed from round5_listings.csv,
1425 cherrycrest dr|27704,"1425 Cherrycrest Dr, Durham, NC 27704",27704,2026-09-11,2026-09-28,335000,335000,both,https://www.redfin.com/NC/Durham/1425-Cherrycrest-Dr-27704/home/43537744,listed,,seed from round5_listings.csv,
1419 cherrycrest dr|27704,"1419 Cherrycrest Dr, Durham, NC 27704",27704,2026-09-11,2026-09-28,335000,335000,both,https://www.redfin.com/NC/Durham/1419-Cherrycrest-Dr-27704/home/43537746,listed,,seed from round5_listings.csv,
1421 cherrycrest dr|27704,"1421 Cherrycrest Dr, Durham, NC 27704",27704,2026-09-11,2026-09-28,335000,335000,both,https://www.redfin.com/NC/Durham/1421-Cherrycrest-Dr-27704/home/43537747,listed,,seed from round5_listings.csv,
1427 cherrycrest dr|27704,"1427 Cherrycrest Dr, Durham, NC 27704",27704,2026-09-11,2026-09-28,335000,335000,both,https://www.redfin.com/NC/Durham/1427-Cherrycrest-Dr-27704/home/43537745,listed,,seed from round5_listings.csv,
2504 shenandoah ave|27704,"2504 Shenandoah Ave, Durham, NC 27704",27704,2026-09-11,2026-09-28,336000,336000,both,https://www.redfin.com/NC/Durham/2504-Shenandoah-Ave-27704/home/43527439,listed,,seed from round5_listings.csv,
518 burlington ave|27707,"518 Burlington Ave Unit A / B, Durham, NC 27707",27707,2026-09-11,2026-09-21,295000,295000,both,https://www.redfin.com/NC/Durham/518-Burlington-Ave-27707/unit-A-B/home/205501448,gone,2026-09-28,seed from round5_listings.csv,
1507 gunter st|27707,"1507 Gunter St, Durham, NC 27707",27707,2026-09-11,2026-09-28,314900,314900,both,https://www.redfin.com/NC/Durham/1507-Gunter-St-27707/home/43524599,listed,,seed from round5_listings.csv,
314 price ave|27707,"314 Price Ave, Durham, NC 27707",27707,2026-09-11,2026-09-28,320000,320000,both,https://www.redfin.com/NC/Durham/314-Price-Ave-27707/home/43532167,listed,,seed from round5_listings.csv,
1505 s roxboro st|27707,"1505 S Roxboro St, Durham, NC 27707",27707,2026-09-11,2026-09-28,320000,320000,both,https://www.redfin.com/NC/Durham/1505-S-Roxboro-St-27707/home/43529733,listed,,seed from round5_listings.csv,
1202 cornell st|27707,"1202 Cornell St, Durham, NC 27707",27707,2026-09-11,2026-09-28,324000,324000,both,https://www.redfin.com/NC/Durham/1202-Cornell-St-27707/home/43530394,listed,,seed from round5_listings.csv,
1204 cornell st|27707,"1204 Cornell St, Durham, NC 27707",27707,2026-09-11,2026-09-28,324000,324000,both,https://www.redfin.com/NC/Durham/1204-Cornell-St-27707/home/203241261,listed,,seed from round5_listings.csv,
1015 rosedale ave|27707,"1015 Rosedale Ave, Durham, NC 27707",27707,2026-09-11,2026-09-28,385000,385000,both,https://www.redfin.com/NC/Durham/1015-Rosedale-Ave-27707/home/43523704,listed,,seed from round5_listings.csv,
307 s jacob st|28021,"307 S Jacob St, Cherryville, NC 28021",28021,2026-09-11,2026-09-11,204900,204900,both,https://www.redfin.com/NC/Cherryville/307-S-Jacob-St-28021/home/41052790,listed,,seed from round5_listings.csv,
112 angle st|28021,"112 Angle St, Cherryville, NC 28021",28021,2026-09-11,2026-09-11,475000,475000,both,https://www.redfin.com/NC/Cherryville/112-Angle-St-28021/home/163099905,listed,,seed from round5_listings.csv,
2327 rufus ratchford rd|28056,"2327 Rufus Ratchford Rd, Gastonia, NC 28056",28056,2026-09-11,2026-09-28,309000,309000,both,https://www.redfin.com/NC/Gastonia/2327-Rufus-Ratchford-Rd-28056/home/163016516,listed,,seed from round5_listings.csv,
1405 hickory grove rd|28056,"1405 Hickory Grove Rd, Gastonia, NC 28056",28056,2026-09-11,2026-09-28,400000,400000,both,https://www.redfin.com/NC/Gastonia/1405-Hickory-Grove-Rd-28056/home/41024852,listed,,seed from round5_listings.csv,
911 hickory grove rd|28056,"911 Hickory Grove Rd, Gastonia, NC 28056",28056,2026-09-11,2026-09-28,415000,415000,both,https://www.redfin.com/NC/Gastonia/911-Hickory-Grove-Rd-28056/home/41026464,listed,,seed from round5_listings.csv,
227229 pethel st|28081,"227/229 Pethel St, Kannapolis, NC 28081",28081,2026-09-11,2026-09-11,319000,319000,both,https://www.redfin.com/NC/Kannapolis/227-Pethel-St-28081/home/205409205,listed,,seed from round5_listings.csv,
659 661 wilson st|28083,"659 - 661 Wilson St, Kannapolis, NC 28083",28083,2026-09-11,2026-09-28,235000,235000,redfin,https://www.redfin.com/NC/Kannapolis/659-Wilson-St-28083/home/43641822,listed,,seed from round5_listings.csv,
659661 wilson st|28083,"659-661 Wilson St, Kannapolis, NC 28083",28083,2026-09-11,2026-09-28,235000,235000,zillow,https://www.zillow.com/homedetails/659-661-Wilson-St-Kannapolis-NC-28083/2066491936_zpid/,listed,,seed from round5_listings.csv,
1106 ln st|28083,"1106 Lane St, Kannapolis, NC 28083",28083,2026-09-11,2026-09-28,375000,375000,both,https://www.redfin.com/NC/Kannapolis/1106-Lane-St-28083/home/43653491,listed,,seed from round5_listings.csv,
210 dalewood ave|28083,"210 Dalewood Ave, Kannapolis, NC 28083",28083,2026-09-11,2026-09-28,485000,485000,both,https://www.redfin.com/NC/Kannapolis/210-Dalewood-Ave-28083/home/43652655,listed,,seed from round5_listings.csv,
410 s rose ave|28083,"410 S Rose Ave, Kannapolis, NC 28083",28083,2026-09-11,2026-09-28,495000,495000,both,https://www.redfin.com/NC/Kannapolis/410-S-Rose-Ave-28083/home/43638699,listed,,seed from round5_listings.csv,
sycamore trl duet plan|28105,"Sycamore Trail Duet Plan, Matthews, NC 28105",28105,2026-09-11,2026-09-11,400000,400000,redfin,https://www.redfin.com/NC/Matthews/Matthews/Sycamore-Trail-Duet/home/190213830,listed,,seed from round5_listings.csv,
2125 riverside rd|28152,"2125 Riverside Rd #1, Shelby, NC 28152",28152,2026-09-11,2026-09-11,290000,290000,redfin,https://www.redfin.com/NC/Shelby/2125-Riverside-Rd-28152/unit-1/home/123574759,listed,,seed from round5_listings.csv,
2125 riverside rd trailer 1|28152,"2125 Riverside Rd Trailer 1, Shelby, NC 28152",28152,2026-09-11,2026-09-11,290000,290000,zillow,https://www.zillow.com/homedetails/2125-Riverside-Rd-TRAILER-1-Shelby-NC-28152/214096816_zpid/,listed,,seed from round5_listings.csv,
1628 eastway dr|28205,"1628 Eastway Dr, Charlotte, NC 28205",28205,2026-09-11,2026-09-28,250000,250000,zillow,https://www.zillow.com/homedetails/1628-Eastway-Dr-Charlotte-NC-28205/6193585_zpid/,listed,,seed from round5_listings.csv,
2602 sedgefield dr|28306,"2602 Sedgefield Dr, Fayetteville, NC 28306",28306,2026-09-11,2026-09-28,195000,195000,zillow,https://www.zillow.com/homedetails/2602-Sedgefield-Dr-Fayetteville-NC-28306/53636411_zpid/,listed,,seed from round5_listings.csv,
510 orlando|28306,"510 Orlando#b St, Fayetteville, NC 28306",28306,2026-09-11,2026-09-28,225000,225000,redfin,https://www.redfin.com/NC/Fayetteville/510-Orlando-St-28306/home/205386030,listed,,seed from round5_listings.csv,
510 orlando st|28306,"510 Orlando St, Fayetteville, NC 28306",28306,2026-09-11,2026-09-28,225000,225000,zillow,https://www.zillow.com/homedetails/510-Orlando-St-Fayetteville-NC-28306/80882201_zpid/,listed,,seed from round5_listings.csv,
3552 3560 tart dr|28306,"3552 & 3560 Tart Dr, Fayetteville, NC 28306",28306,2026-09-11,2026-09-28,525000,499000,zillow,https://www.zillow.com/homedetails/3552-3560-Tart-Dr-Fayetteville-NC-28306/464927522_zpid/,listed,,seed from round5_listings.csv,
142 146 delaware rd|28625,"142 & 146 Delaware Rd, Statesville, NC 28625",28625,2026-09-11,2026-09-11,275000,275000,both,https://www.redfin.com/NC/Statesville/142-Delaware-Rd-28625/home/163211636,listed,,seed from round5_listings.csv,
1098 6th st|28659,"1098 6th St Unit A & B, North Wilkesboro, NC 28659",28659,2026-09-11,2026-09-28,298000,298000,both,https://www.redfin.com/NC/North-Wilkesboro/1098-6th-St-28659/unit-A-B/home/201462906,listed,,seed from round5_listings.csv,
211|22601,"211, 213-215 E Clifford St, Winchester, VA 22601",22601,2026-09-11,2026-09-28,339000,339000,redfin,https://www.redfin.com/VA/Winchester/211-E-Clifford-St-22601/home/40611719,listed,,seed from round6_listings.csv,
2328 austin dr|22911,"2328 Austin Dr, Charlottesville, VA 22911",22911,2026-09-11,2026-09-11,319900,319900,zillow,https://www.zillow.com/homedetails/2328-Austin-Dr-Charlottesville-VA-22911/79009096_zpid/,listed,,seed from round6_listings.csv,
2309 ravenswood ct|22911,"2309 Ravenswood Ct, Charlottesville, VA 22911",22911,2026-09-11,2026-09-11,416000,416000,zillow,https://www.zillow.com/homedetails/2309-Ravenswood-Ct-Charlottesville-VA-22911/79013947_zpid/,listed,,seed from round6_listings.csv,
2334240 young dr|24202,"23342-40 Young Dr, Bristol, VA 24202",24202,2026-09-11,2026-09-14,374900,374900,both,https://www.redfin.com/VA/Bristol/23340-Youngs-Dr-24202/home/195461736,gone,2026-09-21,seed from round6_listings.csv,
13590 sinking creek rd|24202,"13590 Sinking Creek Rd, Bristol, VA 24202",24202,2026-09-11,2026-09-28,400000,400000,both,https://www.redfin.com/VA/Bristol/13590-Sinking-Creek-Rd-24202/home/133156969,listed,,seed from round6_listings.csv,
15424 majestic dr|24202,"15424 Majestic Dr, Bristol, VA 24202",24202,2026-09-11,2026-09-28,439000,439000,both,https://www.redfin.com/VA/Bristol/15424-Majestic-Dr-24202/home/133177338,listed,,seed from round6_listings.csv,
507 madison st|24504,"507 Madison St, Lynchburg, VA 24504",24504,2026-09-11,2026-09-11,395000,395000,both,https://www.redfin.com/VA/Lynchburg/507-Madison-St-24504/home/128632842,listed,,seed from round6_listings.csv,
289 independence cir|24551,"289 Independence Cir, Forest, VA 24551",24551,2026-09-11,2026-09-11,285000,285000,both,https://www.redfin.com/VA/Forest/289-Independence-Cir-24551/home/123368226,listed,,seed from round6_listings.csv,
306 auburndale st|27104,"306 Auburndale St, Winston Salem, NC 27104",27104,2026-09-11,2026-09-11,225000,225000,both,https://www.redfin.com/NC/Winston-Salem/306-Auburndale-St-27104/home/94908924,listed,,seed from round6_listings.csv,
125 hill shore ln|27527,"125 Hill Shore Ln, Clayton, NC 27527",27527,2026-09-11,2026-09-11,295000,295000,zillow,https://www.zillow.com/homedetails/125-Hill-Shore-Ln-Clayton-NC-27527/200964591_zpid/,listed,,seed from round6_listings.csv,
1005 millpond ln|27545,"1005 Millpond Ln, Knightdale, NC 27545",27545,2026-09-11,2026-09-11,380000,380000,zillow,https://www.zillow.com/homedetails/1005-Millpond-Ln-Knightdale-NC-27545/122277362_zpid/,listed,,seed from round6_listings.csv,
325 ranch farm rd|27603,"325 Ranch Farm Rd Unit A - B, Raleigh, NC 27603",27603,2026-09-11,2026-09-11,245000,245000,both,https://www.redfin.com/NC/Raleigh/325-Ranch-Farm-Rd-27603/unit-A-B/home/189026420,listed,,seed from round6_listings.csv,
701 cascade st|28115,"701 Cascade St, Mooresville, NC 28115",28115,2026-09-11,2026-09-11,319950,319950,zillow,https://www.zillow.com/homedetails/701-Cascade-St-Mooresville-NC-28115/299366854_zpid/,listed,,seed from round6_listings.csv,
788 coley rd|28146,"788 Coley Rd, Salisbury, NC 28146",28146,2026-09-11,2026-09-11,439999,439999,both,https://www.redfin.com/NC/Salisbury/788-Coley-Rd-28146/home/205467048,listed,,seed from round6_listings.csv,
11701 shandon cir|28226,"11701 Shandon Cir, Charlotte, NC 28226",28226,2026-09-11,2026-09-11,524900,524900,both,https://www.redfin.com/NC/Charlotte/11701-Shandon-Cir-28226/home/44033607,listed,,seed from round6_listings.csv,
402|28312,"402, 406, 410 Warren St, Fayetteville, NC 28312",28312,2026-09-11,2026-09-28,369000,369000,redfin,https://www.redfin.com/NC/Fayetteville/410-Warren-St-28312/home/198545061,listed,,seed from round6_listings.csv,
402406 410 warren st|28312,"402-406 410 Warren St, Fayetteville, NC 28312",28312,2026-09-11,2026-09-28,369000,369000,zillow,https://www.zillow.com/homedetails/402-406-410-Warren-St-Fayetteville-NC-28312/457291673_zpid/,listed,,seed from round6_listings.csv,
239241 6th ave dr sw|28613,"239-241 6th Avenue Dr SW #1, Conover, NC 28613",28613,2026-09-11,2026-09-28,440000,440000,redfin,https://www.redfin.com/NC/Conover/239-6th-Avenue-Dr-SW-28613/unit-1/home/205380170,listed,,seed from round6_listings.csv,
239241 6th ave dr sw 1|28613,"239-241 6th Avenue Drive Sw 1, Conover, NC 28613",28613,2026-09-11,2026-09-21,440000,440000,zillow,https://www.zillow.com/homedetails/239-241-6th-Avenue-Drive-Sw-1-Conover-NC-28613/465037304_zpid/,gone,2026-09-28,seed from round6_listings.csv,
33053307 15th ave ne|28613,"3305-3307 15th Ave NE, Conover, NC 28613",28613,2026-09-11,2026-09-28,475000,475000,both,https://www.redfin.com/NC/Conover/3305-15th-Ave-NE-28613/home/122616638,listed,,seed from round6_listings.csv,
308 carlton rd|22902,"308 Carlton Rd #A, Charlottesville, VA 22902",22902,2026-09-11,2026-09-28,396000,396000,zillow,https://www.zillow.com/homedetails/308-Carlton-Rd-A-Charlottesville-VA-22902/79082619_zpid/,listed,,seed from round7_listings.csv,
1525 primrose ln|22902,"1525 Primrose Ln, Charlottesville, VA 22902",22902,2026-09-11,2026-09-28,435000,435000,zillow,https://www.zillow.com/homedetails/1525-Primrose-Ln-Charlottesville-VA-22902/79029618_zpid/,listed,,seed from round7_listings.csv,
1332 stoney ridge rd|22902,"1332 Stoney Ridge Rd, Charlottesville, VA 22902",22902,2026-09-11,2026-09-21,445000,445000,zillow,https://www.zillow.com/homedetails/1332-Stoney-Ridge-Rd-Charlottesville-VA-22902/84592512_zpid/,gone,2026-09-28,seed from round7_listings.csv,
4560 w williamsburg rd|23150,"4560 W Williamsburg Rd, Sandston, VA 23150",23150,2026-09-11,2026-09-11,467000,467000,zillow,https://www.zillow.com/homedetails/4560-W-Williamsburg-Rd-Sandston-VA-23150/464186339_zpid/,listed,,seed from round7_listings.csv,
207 tunstall ave|23824,"207 Tunstall Ave, Blackstone, VA 23824",23824,2026-09-11,2026-09-11,160000,160000,both,https://www.redfin.com/VA/Blackstone/207-Tunstall-Ave-23824/home/101584834,listed,,seed from round7_listings.csv,
204 tunstall ave|23824,"204 Tunstall Ave, Blackstone, VA 23824",23824,2026-09-11,2026-09-11,275000,275000,both,https://www.redfin.com/VA/Blackstone/204-Tunstall-Ave-23824/home/101584842,listed,,seed from round7_listings.csv,
206 s jefferson st|24301,"206 S Jefferson St, Pulaski, VA 24301",24301,2026-09-11,2026-09-28,135000,135000,redfin,https://www.redfin.com/VA/Pulaski/206-Jefferson-Ave-S-24301/home/101544149,listed,,seed from round7_listings.csv,
206 jefferson ave s|24301,"206 Jefferson Ave S, Pulaski, VA 24301",24301,2026-09-11,2026-09-28,135000,135000,zillow,https://www.zillow.com/homedetails/206-Jefferson-Ave-S-Pulaski-VA-24301/108032200_zpid/,listed,,seed from round7_listings.csv,
211 lagrange st|24301,"211 Lagrange St, Pulaski, VA 24301",24301,2026-09-11,2026-09-28,165000,165000,both,https://www.redfin.com/VA/Pulaski/211-Lagrange-St-24301/home/101540641,listed,,seed from round7_listings.csv,
1245 poplar knob rd|24333,"1245 Poplar Knob Rd, Galax, VA 24333",24333,2026-09-11,2026-09-11,490000,490000,both,https://www.redfin.com/VA/Galax/1245-Poplar-Knob-Rd-24333/home/68318626,listed,,seed from round7_listings.csv,
155 w grayson st|24343,"155 W Grayson St, Hillsville, VA 24343",24343,2026-09-11,2026-09-11,350000,350000,both,https://www.redfin.com/VA/Hillsville/155-W-Grayson-St-24343/home/68307355,listed,,seed from round7_listings.csv,
105 n lexington ave|24426,"105 N Lexington Ave, Covington, VA 24426",24426,2026-09-11,2026-09-11,106950,106950,both,https://www.redfin.com/VA/Covington/105-N-Lexington-Ave-24426/home/68497081,listed,,seed from round7_listings.csv,
1511 rivermont ave|24503,"1511 Rivermont Ave, Lynchburg, VA 24503",24503,2026-09-11,2026-09-28,345000,345000,both,https://www.redfin.com/VA/Lynchburg/1511-Rivermont-Ave-24503/home/128730449,listed,,seed from round7_listings.csv,
1609 rivermont ave|24503,"1609 Rivermont Ave, Lynchburg, VA 24503",24503,2026-09-11,2026-09-28,349900,349900,both,https://www.redfin.com/VA/Lynchburg/1609-Rivermont-Ave-24503/home/128756164,listed,,seed from round7_listings.csv,
101 bitting ave|27030,"101 Bitting Ave, Mount Airy, NC 27030",27030,2026-09-11,2026-09-28,265000,265000,redfin,https://www.redfin.com/NC/Mount-Airy/101-Bitting-Ave-27030/home/65465726,listed,,seed from round7_listings.csv,
0 mccarther rd|27030,"0 McCarther Rd #2, Mount Airy, NC 27030",27030,2026-09-11,2026-09-28,375000,375000,zillow,https://www.zillow.com/homedetails/0-McCarther-Rd-2-Mount-Airy-NC-27030/464351016_zpid/,listed,,seed from round7_listings.csv,
511 cummings st|27249,"511 Cummings St, Gibsonville, NC 27249",27249,2026-09-11,2026-09-11,410000,410000,both,https://www.redfin.com/NC/Gibsonville/511-Cummings-St-27249/home/171310116,listed,,seed from round7_listings.csv,
243 8th ave|28032,"243 8th Ave, Cramerton, NC 28032",28032,2026-09-11,2026-09-11,339900,339900,both,https://www.redfin.com/NC/Cramerton/243-8th-Ave-28032/home/41031842,listed,,seed from round7_listings.csv,
402 e webb st|28034,"402 E Webb St, Dallas, NC 28034",28034,2026-09-11,2026-09-28,230000,220000,both,https://www.redfin.com/NC/Dallas/402-E-Webb-St-28034/home/41050250,listed,,seed from round7_listings.csv,
204 e trade st|28034,"204 E Trade St, Dallas, NC 28034",28034,2026-09-11,2026-09-28,339900,339900,both,https://www.redfin.com/NC/Dallas/204-E-Trade-St-28034/home/41051082,listed,,seed from round7_listings.csv,
511 n hill st|28034,"511 N Hill St Unit A and B, Dallas, NC 28034",28034,2026-09-11,2026-09-28,428900,428900,both,https://www.redfin.com/NC/Dallas/511-N-Hill-St-28034/unit-A-and-B/home/203525956,listed,,seed from round7_listings.csv,
511 hill st|28034,"511 Hill St #C, And D Dallas, NC 28034",28034,2026-09-11,2026-09-28,428900,428900,zillow,https://www.zillow.com/homedetails/511-Hill-St-C-And-D-Dallas-NC-28034/448524627_zpid/,listed,,seed from round7_listings.csv,
509 martine rd|28305,"509 Martine Rd, Fayetteville, NC 28305",28305,2026-09-11,2026-09-11,275000,275000,both,https://www.redfin.com/NC/Fayetteville/509-Martine-Rd-28305/home/126185964,listed,,seed from round7_listings.csv,
605 washington st|28352,"605 Washington St, Laurinburg, NC 28352",28352,2026-09-11,2026-09-28,130500,130500,redfin,https://www.redfin.com/NC/Laurinburg/605-Washington-St-28352/home/194333194,listed,,seed from round7_listings.csv,
619 mckay st|28352,"619 Mckay St, Laurinburg, NC 28352",28352,2026-09-11,2026-09-28,250000,250000,both,https://www.redfin.com/NC/Laurinburg/619-McKay-St-28352/home/140014004,listed,,seed from round7_listings.csv,
200202 prevatte st|28358,"200-202 Prevatte St, Lumberton, NC 28358",28358,2026-09-11,2026-09-28,299000,299000,zillow,https://www.zillow.com/homedetails/200-202-Prevatte-St-Lumberton-NC-28358/400050183_zpid/,listed,,seed from round7_listings.csv,
200 202 prevatte st|28360,"200 202 Prevatte St, Lumberton, NC 28360",28360,2026-09-11,2026-09-11,299000,299000,redfin,https://www.redfin.com/NC/Lumberton/202-Prevatte-St-28358/home/191606654,listed,,seed from round7_listings.csv,
55 57 sunrise rd|24151,"55 & 57 Sunrise Rd, Rocky Mount, VA 24151",24151,2026-09-11,2026-09-11,269500,269500,both,https://www.redfin.com/VA/Rocky-Mount/55-Sunrise-Rd-24151/home/125121432,listed,,seed from round8_listings.csv,
41 43 sunrise rd|24151,"41 & 43 Sunrise Rd #41, Rocky Mount, VA 24151",24151,2026-09-11,2026-09-11,269500,269500,both,https://www.redfin.com/VA/Rocky-Mount/41-Sunrise-Rd-24151/unit-41/home/205330266,listed,,seed from round8_listings.csv,
2828 4th ave|24219,"2828 4th Ave, Big Stone Gap, VA 24219",24219,2026-09-11,2026-09-28,279900,279900,redfin,https://www.redfin.com/VA/Big-Stone-Gap/2828-4th-Ave-E-24219/home/201268731,listed,,seed from round8_listings.csv,
2828 4th ave e|24219,"2828 4th Ave E, Big Stone Gap, VA 24219",24219,2026-09-11,2026-09-28,279900,279900,zillow,https://www.zillow.com/homedetails/2828-4th-Ave-E-Big-Stone-Gap-VA-24219/234587458_zpid/,listed,,seed from round8_listings.csv,
345 hamblen st s|24219,"345 Hamblen St S, Big Stone Gap, VA 24219",24219,2026-09-11,2026-09-28,299900,299900,zillow,https://www.zillow.com/homedetails/345-Hamblen-St-S-Big-Stone-Gap-VA-24219/462263607_zpid/,listed,,seed from round8_listings.csv,
40094025 inby ln|24219,"4009-4025 Inby Ln, Big Stone Gap, VA 24219",24219,2026-09-11,2026-09-28,475000,475000,both,https://www.redfin.com/VA/Big-Stone-Gap/4009-4025-Inby-Ln-24219/home/201788161,listed,,seed from round8_listings.csv,
11730 essex rd|24230,"11730 Essex Rd, Coeburn, VA 24230",24230,2026-09-11,2026-09-28,65000,65000,both,https://www.redfin.com/VA/Coeburn/11730-Essex-Rd-24230/home/201792952,listed,,seed from round8_listings.csv,
11741 albemarle rd|24230,"11741 Albemarle Rd, Coeburn, VA 24230",24230,2026-09-11,2026-09-28,150000,150000,both,https://www.redfin.com/VA/Coeburn/11741-Albemarle-Rd-24230/home/201788912,listed,,seed from round8_listings.csv,
501 front st|24230,"501 Front St, Coeburn, VA 24230",24230,2026-09-11,2026-09-28,485000,485000,redfin,https://www.redfin.com/VA/Coeburn/501-Front-St-E-24230/home/187735725,listed,,seed from round8_listings.csv,
501 front st e|24230,"501 Front St E, Coeburn, VA 24230",24230,2026-09-11,2026-09-28,485000,485000,zillow,https://www.zillow.com/homedetails/501-Front-St-E-Coeburn-VA-24230/2055247636_zpid/,listed,,seed from round8_listings.csv,
528 main st|24293,"528 Main St, Wise, VA 24293",24293,2026-09-11,2026-09-11,325000,325000,redfin,https://www.redfin.com/VA/Wise/528-W-Main-St-24293/home/200251352,listed,,seed from round8_listings.csv,
528 w main st|24293,"528 W Main St, Wise, VA 24293",24293,2026-09-11,2026-09-11,325000,325000,zillow,https://www.zillow.com/homedetails/528-W-Main-St-Wise-VA-24293/460051919_zpid/,listed,,seed from round8_listings.csv,
855 meadowbrook dr|24319,"855 Meadowbrook Dr, Chilhowie, VA 24319",24319,2026-09-11,2026-09-28,225000,225000,both,https://www.redfin.com/VA/Chilhowie/855-Meadowbrook-Dr-24319/home/201661520,listed,,seed from round8_listings.csv,
15586 bishop rd|24319,"15586 Bishop Rd, Chilhowie, VA 24319",24319,2026-09-11,2026-09-28,340000,330000,both,https://www.redfin.com/VA/Chilhowie/15586-Bishop-Rd-24319/home/200104727,listed,,seed from round8_listings.csv,
144 greenway ave|24354,"144 Greenway Ave, Marion, VA 24354",24354,2026-09-11,2026-09-11,225000,225000,both,https://www.redfin.com/VA/Marion/144-Greenway-Ave-24354/home/201560040,listed,,seed from round8_listings.csv,
205207 nat back rd|24382,"205/207 Nat Back Rd, Wytheville, VA 24382",24382,2026-09-11,2026-09-11,275000,275000,both,https://www.redfin.com/VA/Wytheville/205-Nat-Back-Rd-24382/home/205515189,listed,,seed from round8_listings.csv,
134190 galilee church rd|24382,"134/190 Galilee Church Rd, Wytheville, VA 24382",24382,2026-09-11,2026-09-11,525000,525000,both,https://www.redfin.com/VA/Wytheville/134-Galilee-Church-Rd-24382/home/202061855,listed,,seed from round8_listings.csv,
608 e 21st st|24416,"608 E 21st St, Buena Vista, VA 24416",24416,2026-09-11,2026-09-21,249000,249000,both,https://www.redfin.com/VA/Buena-Vista/608-E-21st-St-24416/home/205344238,gone,2026-09-28,seed from round8_listings.csv,
217 28th st w|24416,"217 28th St W, Buena Vista, VA 24416",24416,2026-09-11,2026-09-28,399900,399900,redfin,https://www.redfin.com/VA/Buena-Vista/217-W-28th-St-24416/home/68355277,listed,,seed from round8_listings.csv,
217 w 28th st|24416,"217 W 28th St, Buena Vista, VA 24416",24416,2026-09-11,2026-09-28,399900,399900,zillow,https://www.zillow.com/homedetails/217-W-28th-St-Buena-Vista-VA-24416/108111217_zpid/,listed,,seed from round8_listings.csv,
708 brussels ave|24422,"708 Brussels Ave Unit -722, Clifton Forge, VA 24422",24422,2026-09-11,2026-09-11,169500,169500,both,https://www.redfin.com/VA/Clifton-Forge/708-Brussels-Ave-24422/unit-722/home/193340685,listed,,seed from round8_listings.csv,
218 wilson st|28001,"218 Wilson St, Albemarle, NC 28001",28001,2026-09-11,2026-09-28,240000,240000,both,https://www.redfin.com/NC/Albemarle/218-Wilson-St-28001/home/194979845,listed,,seed from round8_listings.csv,
134 n 4th st|28001,"134 N 4th St, Albemarle, NC 28001",28001,2026-09-11,2026-09-28,399900,399900,zillow,https://www.zillow.com/homedetails/134-N-4th-St-Albemarle-NC-28001/71384877_zpid/,listed,,seed from round8_listings.csv,
us hwy 74 w|28170,"Us Highway 74 W, Wadesboro, NC 28170",28170,2026-09-11,2026-09-28,299000,299000,zillow,https://www.zillow.com/homedetails/Us-Highway-74-W-Wadesboro-NC-28170/68701172_zpid/,listed,,seed from round8_listings.csv,
8057 8070 nc hwy 87 w|28320,"8057 & 8070 NC Highway 87 W, Bladenboro, NC 28320",28320,2026-09-11,2026-09-28,97000,97000,redfin,https://www.redfin.com/NC/Bladenboro/8057-NC-Highway-87-W-28320/home/162714369,listed,,seed from round8_listings.csv,
80578070 hwy 87 w|28320,"8057&8070 Highway 87 W, Bladenboro, NC 28320",28320,2026-09-11,2026-09-28,97000,97000,zillow,https://www.zillow.com/homedetails/80578070-Highway-87-W-Bladenboro-NC-28320/447161291_zpid/,listed,,seed from round8_listings.csv,
4551 53 plum nellie rd|28320,"45-51 53 Plum Nellie Rd, Bladenboro, NC 28320",28320,2026-09-11,2026-09-21,129000,129000,zillow,https://www.zillow.com/homedetails/45-51-53-Plum-Nellie-Rd-Bladenboro-NC-28320/460913359_zpid/,gone,2026-09-28,seed from round8_listings.csv,
322 high st|28345,"322 High St #320, Hamlet, NC 28345",28345,2026-09-11,2026-09-11,160000,160000,both,https://www.redfin.com/NC/Hamlet/322-High-St-28345/unit-320/home/201463693,listed,,seed from round8_listings.csv,
313 w lewis st|28472,"313 W Lewis St Unit A & B, Whiteville, NC 28472",28472,2026-09-11,2026-09-11,260000,260000,both,https://www.redfin.com/NC/Whiteville/313-W-Lewis-St-28472/unit-A-B/home/202298359,listed,,seed from round8_listings.csv,
112 e calhoun st|28472,"112 E Calhoun St, Whiteville, NC 28472",28472,2026-09-11,2026-09-11,497500,497500,both,https://www.redfin.com/NC/Whiteville/112-E-Calhoun-St-28472/home/65209977,listed,,seed from round8_listings.csv,
1702 elbert dr|24018,"1702 Elbert Dr, Roanoke, VA 24018",24018,2026-09-11,2026-09-11,389000,389000,both,https://www.redfin.com/VA/Roanoke/1704-Elbert-Dr-24018/home/194968927,listed,,seed from round9_listings.csv,
44 joyful ln|24055,"44 Joyful Ln, Bassett, VA 24055",24055,2026-09-11,2026-09-11,299000,299000,both,https://www.redfin.com/VA/Bassett/44-Joyful-Ln-24055/home/198592022,listed,,seed from round9_listings.csv,
575 colonial hill dr|24055,"575 Colonial Hill Dr, Bassett, VA 24055",24055,2026-09-11,2026-09-11,925000,925000,both,https://www.redfin.com/VA/Bassett/575-Colonial-Hill-Dr-24055/home/126518578,listed,,seed from round9_listings.csv,
1194 pulaski giles tpke|24134,"1194 Pulaski Giles Tpke, Pearisburg, VA 24134",24134,2026-09-11,2026-09-11,398000,398000,both,https://www.redfin.com/VA/Pearisburg/1194-Pulaski-Giles-Tpke-24134/home/203161371,listed,,seed from round9_listings.csv,
166 warner myers rd|24277,"166 Warner Myers Rd, Pennington Gap, VA 24277",24277,2026-09-11,2026-09-11,255000,255000,both,https://www.redfin.com/VA/Pennington-Gap/166-Warner-Myers-Rd-24277/home/128060418,listed,,seed from round9_listings.csv,
40595 w morgan ave|24277,"40595 W Morgan Ave, Pennington Gap, VA 24277",24277,2026-09-11,2026-09-11,400000,400000,zillow,https://www.zillow.com/homedetails/40595-W-Morgan-Ave-Pennington-Gap-VA-24277/115894318_zpid/,listed,,seed from round9_listings.csv,
8091 wrights hill rd|24279,"8091 Wrights Hill Rd, Pound, VA 24279",24279,2026-09-11,2026-09-11,240000,240000,both,https://www.redfin.com/VA/Pound/8091-Wrights-Hill-Rd-24279/home/198821792,listed,,seed from round9_listings.csv,
28497 kenwood dr|24361,"28497 Kenwood Dr, Meadowview, VA 24361",24361,2026-09-11,2026-09-28,209900,209900,both,https://www.redfin.com/VA/Meadowview/28497-Kenwood-Dr-24361/home/133102179,listed,,seed from round9_listings.csv,
30077 hillman hwy|24361,"30077 Hillman Hwy, Meadowview, VA 24361",24361,2026-09-11,2026-09-14,299999,299999,zillow,https://www.zillow.com/homedetails/30077-Hillman-Hwy-Meadowview-VA-24361/79342481_zpid/,gone,2026-09-21,seed from round9_listings.csv,
31157 princeton ave|24361,"31157 Princeton Ave, Meadowview, VA 24361",24361,2026-09-11,2026-09-28,499900,499900,zillow,https://www.zillow.com/homedetails/31157-Princeton-Ave-Meadowview-VA-24361/460337289_zpid/,listed,,seed from round9_listings.csv,
1656 shady knoll ave|24523,"1656 Shady Knoll Ave Unit A&B, Bedford, VA 24523",24523,2026-09-11,2026-09-28,225000,225000,both,https://www.redfin.com/VA/Bedford/1656-Shady-Knoll-Ave-24523/unit-A-B/home/202671229,listed,,seed from round9_listings.csv,
3339 w lynchburg salem tpke|24523,"3339 W Lynchburg Salem Tpke, Bedford, VA 24523",24523,2026-09-11,2026-09-28,339900,339900,both,https://www.redfin.com/VA/Bedford/3339-W-Lynchburg-Salem-Tpke-24523/home/122401345,listed,,seed from round9_listings.csv,
536 westview ave|24523,"536 Westview Ave #538, Bedford, VA 24523",24523,2026-09-11,2026-09-21,320000,320000,both,https://www.redfin.com/VA/Bedford/536-Westview-Ave-24523/unit-538/home/68444660,gone,2026-09-28,seed from round9_listings.csv,
1903 4th st|24641,"1903 4th St, Richlands, VA 24641",24641,2026-09-11,2026-09-11,155000,155000,zillow,https://www.zillow.com/homedetails/1903-4th-St-Richlands-VA-24641/108078322_zpid/,listed,,seed from round9_listings.csv,
1903 fourth st|24641,"1903 Fourth St, Richlands, VA 24641",24641,2026-09-11,2026-09-11,155000,155000,redfin,https://www.redfin.com/VA/Richlands/1903-4th-St-24641/home/132674596,listed,,seed from round9_listings.csv,
101 bitting ave|27041,"101 Bitting Ave, Mount Airy, NC 27041",27041,2026-09-11,2026-09-11,265000,265000,zillow,https://www.zillow.com/homedetails/101-Bitting-Ave-Mount-Airy-NC-27041/93095177_zpid/,listed,,seed from round9_listings.csv,
106 108 s 2nd st|27302,"106 -108 S 2nd St, Mebane, NC 27302",27302,2026-09-11,2026-09-28,217000,217000,redfin,https://www.redfin.com/NC/Mebane/106-108-S-2nd-St-27302/home/201769074,listed,,seed from round9_listings.csv,
106108 2nd st|27302,"106-108 2nd St, Mebane, NC 27302",27302,2026-09-11,2026-09-28,217000,217000,zillow,https://www.zillow.com/homedetails/106-108-2nd-St-Mebane-NC-27302/51228224_zpid/,listed,,seed from round9_listings.csv,
1678 stone st ext|27302,"1678 Stone Street Ext, Mebane, NC 27302",27302,2026-09-11,2026-09-28,1300000,1300000,both,https://www.redfin.com/NC/Mebane/1678-Stone-Street-Ext-27302/home/162832166,listed,,seed from round9_listings.csv,
406 n 408 5th st|27302,"406 N 408 5th St, Mebane, NC 27302",27302,2026-09-11,2026-09-28,314900,314900,redfin,https://www.redfin.com/NC/Mebane/408-N-5th-St-27302/home/204355238,listed,,seed from round9_listings.csv,
406 n 413th st|27302,"406 N 413th St, Mebane, NC 27302",27302,2026-09-11,2026-09-28,314900,314900,zillow,https://www.zillow.com/homedetails/406-N-413th-St-Mebane-NC-27302/464349687_zpid/,listed,,seed from round9_listings.csv,
406 n 5th st|27302,"406 N 5th St, Mebane, NC 27302",27302,2026-09-11,2026-09-28,314900,314900,zillow,https://www.zillow.com/homedetails/406-N-5th-St-Mebane-NC-27302/2058815988_zpid/,listed,,seed from round9_listings.csv,
622 young rd|27501,"622 Young Rd, Angier, NC 27501",27501,2026-09-11,2026-09-11,240000,240000,zillow,https://www.zillow.com/homedetails/622-Young-Rd-Angier-NC-27501/464869824_zpid/,listed,,seed from round9_listings.csv,
110 misty ct|27513,"110 Misty Ct, Cary, NC 27513",27513,2026-09-11,2026-09-11,525000,525000,both,https://www.redfin.com/NC/Cary/110-Misty-Ct-27513/home/195072920,listed,,seed from round9_listings.csv,
6610 woodstream dr|28210,"6610 Woodstream Dr, Charlotte, NC 28210",28210,2026-09-11,2026-09-11,625000,625000,both,https://www.redfin.com/NC/Charlotte/6610-Woodstream-Dr-28210/home/43988131,listed,,seed from round9_listings.csv,
6834 woodstream dr|28210,"6834 Woodstream Dr, Charlotte, NC 28210",28210,2026-09-11,2026-09-11,625000,625000,both,https://www.redfin.com/NC/Charlotte/6834-Woodstream-Dr-28210/home/43992970,listed,,seed from round9_listings.csv,
1102 lewis cir|28379,"1102 Lewis Cir Unit 1102, 1104, 1106, Rockingham, NC 28379",28379,2026-09-11,2026-09-11,465000,465000,both,https://www.redfin.com/NC/Rockingham/1102-Lewis-Dr-28379/unit-1102-1104-1106/home/202188734,listed,,seed from round9_listings.csv,
undisclosed address|28466,"Undisclosed address, Wallace, NC 28466",28466,2026-09-11,2026-09-11,210000,210000,both,https://www.redfin.com/NC/Wallace/Undisclosed-address-28466/home/203285529,listed,,seed from round9_listings.csv,
231 barbara ave|28544,"231 Barbara Ave, Midway Park, NC 28544",28544,2026-09-11,2026-09-11,499000,499000,both,https://www.redfin.com/NC/Midway-Park/231-Barbara-Ave-28544/home/137493823,listed,,seed from round9_listings.csv,
711 tallman cir|28544,"711 Tallman Cir, Midway Park, NC 28544",28544,2026-09-11,2026-09-11,499000,499000,both,https://www.redfin.com/NC/Midway-Park/711-Tallman-Cir-28544/home/137726681,listed,,seed from round9_listings.csv,
3680 berry rd|28612,"3680 Berry Rd, Connelly Springs, NC 28612",28612,2026-09-11,2026-09-11,350000,350000,both,https://www.redfin.com/NC/Connelly-Springs/3680-Berry-Rd-28612/home/118779605,listed,,seed from round9_listings.csv,
0 elijah dr|28722,"0 Elijah Dr, Columbus, NC 28722",28722,2026-09-11,2026-09-14,799000,799000,zillow,https://www.zillow.com/homedetails/0-Elijah-Dr-Columbus-NC-28722/456740591_zpid/,gone,2026-09-21,seed from round9_listings.csv,
1 lot 2|28722,"1 & Lot 2, Columbus, NC 28722",28722,2026-09-11,2026-09-28,799000,675000,zillow,https://www.zillow.com/homedetails/1-LOT-2-Columbus-NC-28722/456718155_zpid/,listed,,seed from round9_listings.csv,
lot 1 lot 2 elijah cir|28722,"LOT 1 & LOT 2 Elijah Cir, Columbus, NC 28722",28722,2026-09-11,2026-09-28,799000,675000,redfin,https://www.redfin.com/NC/Columbus/2-Elijah-Cir-28722/home/198019927,listed,,seed from round9_listings.csv,
211213 e clifford st|22601,"211-213 E Clifford St #215, Winchester, VA 22601",22601,2026-09-14,2026-09-28,339000,339000,zillow,https://www.zillow.com/homedetails/211-213-E-Clifford-St-215-Winchester-VA-22601/463520251_zpid/,listed,,weekly sweep 2026-09-14,
224 sharp st|22601,"224 Sharp St, Winchester, VA 22601",22601,2026-09-14,2026-09-28,750000,750000,both,https://www.redfin.com/VA/Winchester/224-Sharp-St-22601/home/40611709,listed,,weekly sweep 2026-09-14,
1012 elliott ave|22902,"1012 Elliott Ave, Charlottesville, VA 22902",22902,2026-09-14,2026-09-14,549000,549000,both,https://www.redfin.com/VA/Charlottesville/1012-Elliott-Ave-22902/home/123753250,gone,2026-09-21,weekly sweep 2026-09-14,
homes available soon plan|22902,"Homes Available Soon Plan, Charlottesville, VA 22902",22902,2026-09-14,2026-09-28,,,redfin,https://www.redfin.com/VA/Charlottesville/Charlottesville/Homes-Available-Soon/home/196540462,listed,,weekly sweep 2026-09-14,
10733 forget me not way|23060,"10733 Forget Me Not Way, Glen Allen, VA 23060",23060,2026-09-14,2026-09-28,679990,674990,zillow,https://www.zillow.com/homedetails/10733-Forget-Me-Not-Way-Glen-Allen-VA-23060/463398398_zpid/,listed,,weekly sweep 2026-09-14,
3908 lantern view pl|23060,"3908 Lantern View Pl, Glen Allen, VA 23060",23060,2026-09-14,2026-09-28,968418,968418,both,https://www.redfin.com/VA/Glen-Allen/3908-Lantern-View-Pl-23060/home/201236997,listed,,weekly sweep 2026-09-14,
3912 lantern view pl|23060,"3912 Lantern View Pl, Glen Allen, VA 23060",23060,2026-09-14,2026-09-28,980235,980235,both,https://www.redfin.com/VA/Glen-Allen/3912-Lantern-View-Pl-23060/home/201236996,listed,,weekly sweep 2026-09-14,
belmont ter duplex plan|23060,"Belmont Terrace Duplex Plan, Glen Allen, VA 23060",23060,2026-09-14,2026-09-28,859990,859990,redfin,https://www.redfin.com/VA/Glen-Allen/Glen-Allen/Belmont-Terrace-Duplex/home/202056645,listed,,weekly sweep 2026-09-14,
linden ter duplex plan|23060,"Linden Terrace Duplex Plan, Glen Allen, VA 23060",23060,2026-09-14,2026-09-28,889990,889990,redfin,https://www.redfin.com/VA/Glen-Allen/Glen-Allen/Linden-Terrace-Duplex/home/202056644,listed,,weekly sweep 2026-09-14,
2400 barton ave|23222,"2400 Barton Ave, Richmond, VA 23222",23222,2026-09-14,2026-09-28,2750000,2599000,both,https://www.redfin.com/VA/Richmond/2400-Barton-Ave-23222/home/55417628,listed,,weekly sweep 2026-09-14,
3110 woodcliff ave|23222,"3110 Woodcliff Ave, Richmond, VA 23222",23222,2026-09-14,2026-09-28,2075000,2075000,both,https://www.redfin.com/VA/Richmond/3110-Woodcliff-Ave-23222/home/55421686,listed,,weekly sweep 2026-09-14,
22182220 m st|23223,"2218/2220 M St, Richmond, VA 23223",23223,2026-09-14,2026-09-28,749000,739000,redfin,https://www.redfin.com/VA/Richmond/2218-M-St-23223/home/55393148,listed,,weekly sweep 2026-09-14,
2319 m st|23223,"2319 M St, Richmond, VA 23223",23223,2026-09-14,2026-09-28,565000,535000,both,https://www.redfin.com/VA/Richmond/2319-M-St-23223/home/55408887,listed,,weekly sweep 2026-09-14,
115 w 10th st|23224,"115 W 10th St, Richmond, VA 23224",23224,2026-09-14,2026-09-28,699000,699000,both,https://www.redfin.com/VA/Richmond/115-W-10th-St-23224/home/201419007,listed,,weekly sweep 2026-09-14,
1416 porter st|23224,"1416 Porter St, Richmond, VA 23224",23224,2026-09-14,2026-09-28,574000,574000,both,https://www.redfin.com/VA/Richmond/1416-Porter-St-23224/home/55428227,listed,,weekly sweep 2026-09-14,
1501 perry st|23224,"1501 Perry St, Richmond, VA 23224",23224,2026-09-14,2026-09-28,635000,635000,both,https://www.redfin.com/VA/Richmond/1501-Perry-St-23224/home/184923248,listed,,weekly sweep 2026-09-14,
206 w 14th st|23224,"206 W 14th St, Richmond, VA 23224",23224,2026-09-14,2026-09-28,709999,709999,both,https://www.redfin.com/VA/Richmond/206-W-14th-St-23224/home/55428219,listed,,weekly sweep 2026-09-14,
2859 hull st|23224,"2859 Hull St, Richmond, VA 23224",23224,2026-09-14,2026-09-28,579000,579000,both,https://www.redfin.com/VA/Richmond/2859-Hull-St-23224/home/55430574,listed,,weekly sweep 2026-09-14,
2863 hull st|23224,"2863 Hull St, Richmond, VA 23224",23224,2026-09-14,2026-09-28,799000,799000,both,https://www.redfin.com/VA/Richmond/2863-Hull-St-23224/home/59863408,listed,,weekly sweep 2026-09-14,
1802 atlanta ave|23704,"1802 Atlanta Ave, Portsmouth, VA 23704",23704,2026-09-14,2026-09-28,314900,314900,zillow,https://www.zillow.com/homedetails/1802-Atlanta-Ave-Portsmouth-VA-23704/75407263_zpid/,listed,,weekly sweep 2026-09-14,
922 holladay st|23704,"922 Holladay St, Portsmouth, VA 23704",23704,2026-09-14,2026-09-28,349900,349900,zillow,https://www.zillow.com/homedetails/922-Holladay-St-Portsmouth-VA-23704/75385651_zpid/,listed,,weekly sweep 2026-09-14,
115 pine st|23803,"115 Pine St, Petersburg, VA 23803",23803,2026-09-14,2026-09-28,380000,380000,redfin,https://www.redfin.com/VA/Petersburg/115-Pine-St-23803/home/52376360,listed,,weekly sweep 2026-09-14,
625 grove ave|23803,"625 Grove Ave, Petersburg, VA 23803",23803,2026-09-14,2026-09-28,289999,289999,both,https://www.zillow.com/homedetails/625-Grove-Ave-Petersburg-VA-23803/230875586_zpid/,listed,,weekly sweep 2026-09-14,
840 commerce st|23803,"840 Commerce St, Petersburg, VA 23803",23803,2026-09-14,2026-09-28,315000,315000,redfin,https://www.redfin.com/VA/Petersburg/840-Commerce-St-23803/home/52375913,listed,,weekly sweep 2026-09-14,
3645 oaklawn ave nw|24012,"3645 Oaklawn Ave NW #3647, Roanoke, VA 24012",24012,2026-09-14,2026-09-28,335000,335000,zillow,https://www.zillow.com/homedetails/3645-Oaklawn-Ave-NW-3647-Roanoke-VA-24012/464848997_zpid/,listed,,weekly sweep 2026-09-14,
406 mountain ave sw|24016,"406 Mountain Ave SW, Roanoke, VA 24016",24016,2026-09-14,2026-09-28,237500,237500,zillow,https://www.zillow.com/homedetails/406-Mountain-Ave-SW-Roanoke-VA-24016/299138342_zpid/,listed,,weekly sweep 2026-09-14,
813 ferdinand ave sw|24016,"813 Ferdinand Ave SW, Roanoke, VA 24016",24016,2026-09-14,2026-09-28,675000,675000,both,https://www.redfin.com/VA/Roanoke/813-Ferdinand-Ave-SW-24016/home/131667310,listed,,weekly sweep 2026-09-14,
1202 melrose ave nw|24017,"1202 Melrose Ave NW, Roanoke, VA 24017",24017,2026-09-14,2026-09-28,172450,172450,both,https://www.redfin.com/VA/Roanoke/1202-Melrose-Ave-NW-24017/home/131598139,listed,,weekly sweep 2026-09-14,
1424 orange ave nw|24017,"1424 Orange Ave NW Unit & 1422, Roanoke, VA 24017",24017,2026-09-14,2026-09-28,126491,126491,both,https://www.redfin.com/VA/Roanoke/1424-Orange-Ave-NW-24017/unit-1422/home/179048358,listed,,weekly sweep 2026-09-14,
2001 melrose ave nw|24017,"2001 Melrose Ave NW, Roanoke, VA 24017",24017,2026-09-14,2026-09-14,165669,165669,both,https://www.redfin.com/VA/Roanoke/2001-Melrose-Ave-NW-24017/home/131522248,gone,2026-09-21,weekly sweep 2026-09-14,
3802 panorama ave nw|24017,"3802 Panorama Ave NW, Roanoke, VA 24017",24017,2026-09-14,2026-09-14,1270129,1270129,both,https://www.redfin.com/VA/Roanoke/3802-Panorama-Ave-NW-24017/home/131638118,gone,2026-09-21,weekly sweep 2026-09-14,
1926 e main st|24153,"1926 E Main St, Salem, VA 24153",24153,2026-09-14,2026-09-28,288000,288000,both,https://www.zillow.com/homedetails/1926-E-Main-St-Salem-VA-24153/440719342_zpid/,listed,,weekly sweep 2026-09-14,
2161 mulberry st|24153,"2161 Mulberry St #2163-2165-2167, Salem, VA 24153",24153,2026-09-14,2026-09-28,579900,579900,both,https://www.zillow.com/homedetails/2161-Mulberry-St-2163-2165-2167-Salem-VA-24153/458600503_zpid/,listed,,weekly sweep 2026-09-14,
345 hamblen st|24219,"345 Hamblen St, Big Stone Gap, VA 24219",24219,2026-09-14,2026-09-28,299900,299900,redfin,https://www.redfin.com/VA/Big-Stone-Gap/345-Hamblen-St-S-24219/home/201741912,listed,,weekly sweep 2026-09-14,
10223 tacoma school rd|24230,"10223 Tacoma School Rd, Coeburn, VA 24230",24230,2026-09-14,2026-09-28,299000,299000,both,https://www.redfin.com/VA/Coeburn/10223-Tacoma-School-Rd-24230/home/202181591,listed,,weekly sweep 2026-09-14,
315 sulphur springs rd|24319,"315 Sulphur Springs Rd, Chilhowie, VA 24319",24319,2026-09-14,2026-09-28,1064500,1064500,both,https://www.redfin.com/VA/Chilhowie/315-Sulpher-Spring-Rd-24319/home/196689229,listed,,weekly sweep 2026-09-14,
23 e beverley st|24401,"23 E Beverley St, Staunton, VA 24401",24401,2026-09-14,2026-09-28,1450000,1450000,both,https://www.redfin.com/VA/Staunton/23-E-Beverley-St-24401/home/196206211,listed,,weekly sweep 2026-09-14,
45 morris mill rd|24401,"45 Morris Mill Rd, Staunton, VA 24401",24401,2026-09-14,2026-09-28,529000,499000,both,https://www.redfin.com/VA/Staunton/45-Morris-Mill-Rd-24401/home/68357001,listed,,weekly sweep 2026-09-14,
625 alleghany ave|24401,"625 Alleghany Ave, Staunton, VA 24401",24401,2026-09-14,2026-09-28,1275000,1275000,both,https://www.redfin.com/VA/Staunton/625-Alleghany-Ave-24401/home/68360178,listed,,weekly sweep 2026-09-14,
628 630 d st|24401,"628 & 630 D St, Staunton, VA 24401",24401,2026-09-14,2026-09-28,798500,798500,both,https://www.redfin.com/VA/Staunton/628-D-St-24401/home/68361412,listed,,weekly sweep 2026-09-14,
811 westover dr|24401,"811 Westover Dr, Staunton, VA 24401",24401,2026-09-14,2026-09-28,949000,949000,both,https://www.redfin.com/VA/Staunton/811-Westover-Dr-24401/home/68361590,listed,,weekly sweep 2026-09-14,
309 wyndale dr|24501,"309 Wyndale Dr, Lynchburg, VA 24501",24501,2026-09-14,2026-09-28,900000,900000,both,https://www.redfin.com/VA/Lynchburg/309-Wyndale-Dr-24501/home/128612180,listed,,weekly sweep 2026-09-14,
2525 rivermont ave|24503,"2525 Rivermont Ave, Lynchburg, VA 24503",24503,2026-09-14,2026-09-28,745000,745000,both,https://www.redfin.com/VA/Lynchburg/2525-Rivermont-Ave-24503/home/179033941,listed,,weekly sweep 2026-09-14,
1440 main st|24540,"1440 Main St, Danville, VA 24540",24540,2026-09-14,2026-09-28,199000,199000,redfin,https://www.redfin.com/VA/Danville/1440-N-Main-St-24540/home/124258079,listed,,weekly sweep 2026-09-14,
1440 n main st|24540,"1440 N Main St, Danville, VA 24540",24540,2026-09-14,2026-09-28,199000,199000,zillow,https://www.zillow.com/homedetails/1440-N-Main-St-Danville-VA-24540/96781846_zpid/,listed,,weekly sweep 2026-09-14,
2677 old richmond rd|24540,"2677 Old Richmond Rd #&-2689, Danville, VA 24540",24540,2026-09-14,2026-09-28,589900,589900,both,https://www.zillow.com/homedetails/2677-Old-Richmond-Rd-2689-Danville-VA-24540/463765827_zpid/,listed,,weekly sweep 2026-09-14,
132 kemper rd|24541,"132 Kemper Rd Unit A & B, Danville, VA 24541",24541,2026-09-14,2026-09-21,145000,145000,both,https://www.redfin.com/VA/Danville/132-Kemper-Rd-24541/unit-A-B/home/201033223,gone,2026-09-28,weekly sweep 2026-09-14,
326328 gray st|24541,"326-328 Gray St, Danville, VA 24541",24541,2026-09-14,2026-09-28,159900,159900,zillow,https://www.zillow.com/homedetails/326-328-Gray-St-Danville-VA-24541/464766667_zpid/,listed,,weekly sweep 2026-09-14,
1007 s main st|27030,"1007 S Main St, Mount Airy, NC 27030",27030,2026-09-14,2026-09-28,1475000,1475000,both,https://www.redfin.com/NC/Mount-Airy/1007-S-Main-St-27030/home/65454121,listed,,weekly sweep 2026-09-14,
517 willow st|27030,"517 Willow St, Mount Airy, NC 27030",27030,2026-09-14,2026-09-28,750000,750000,both,https://www.redfin.com/NC/Mount-Airy/517-Willow-St-27030/home/65453854,listed,,weekly sweep 2026-09-14,
1135ab 1141ab 1147ab s cox st|27203,"1135A&B 1141a&b 1147a&b S Cox St, Asheboro, NC 27203",27203,2026-09-14,2026-09-28,799900,799900,zillow,https://www.zillow.com/homedetails/1135AB-1141ab-1147ab-S-Cox-St-Asheboro-NC-27203/465012588_zpid/,listed,,weekly sweep 2026-09-14,
19551967 lakeview rd|27203,"1955-1967 Lakeview Rd, Asheboro, NC 27203",27203,2026-09-14,2026-09-28,1520000,1520000,zillow,https://www.zillow.com/homedetails/1955-1967-Lakeview-Rd-Asheboro-NC-27203/462677030_zpid/,listed,,weekly sweep 2026-09-14,
19631971 1977 lakeview rd|27203,"1963-1971 1977 Lakeview Rd, Asheboro, NC 27203",27203,2026-09-14,2026-09-28,1900000,1900000,zillow,https://www.zillow.com/homedetails/1963-1971-1977-Lakeview-Rd-Asheboro-NC-27203/462677031_zpid/,listed,,weekly sweep 2026-09-14,
2927 longpine rd|27215,"2927 Longpine Rd, Burlington, NC 27215",27215,2026-09-14,2026-09-28,3200000,3200000,zillow,https://www.zillow.com/homedetails/2927-Longpine-Rd-Burlington-NC-27215/51231486_zpid/,listed,,weekly sweep 2026-09-14,
511 cameron st|27215,"511 Cameron St, Burlington, NC 27215",27215,2026-09-14,2026-09-28,199000,199000,zillow,https://www.zillow.com/homedetails/511-Cameron-St-Burlington-NC-27215/51210685_zpid/,listed,,weekly sweep 2026-09-14,
115 n flanner st|27217,"115 N Flanner St, Burlington, NC 27217",27217,2026-09-14,2026-09-28,549900,549900,zillow,https://www.zillow.com/homedetails/115-N-Flanner-St-Burlington-NC-27217/2058815882_zpid/,listed,,weekly sweep 2026-09-14,
816 elizabeth st|27217,"816 Elizabeth St, Burlington, NC 27217",27217,2026-09-14,2026-09-28,150000,150000,zillow,https://www.zillow.com/homedetails/816-Elizabeth-St-Burlington-NC-27217/51238529_zpid/,listed,,weekly sweep 2026-09-14,
801 s elm st|27260,"801 S Elm St, High Pt, NC 27260",27260,2026-09-14,2026-09-28,175000,169900,zillow,https://www.zillow.com/homedetails/801-S-Elm-St-High-Pt-NC-27260/463839690_zpid/,listed,,weekly sweep 2026-09-14,
1719 21|27360,"17-19 21 #23-29-31, Thomasville, NC 27360",27360,2026-09-14,2026-09-28,675000,675000,zillow,https://www.zillow.com/homedetails/17-19-21-23-29-31-Thomasville-NC-27360/462432699_zpid/,listed,,weekly sweep 2026-09-14,
632 n elm st|27401,"632 N Elm St, Greensboro, NC 27401",27401,2026-09-14,2026-09-28,949000,949000,both,https://www.zillow.com/homedetails/632-N-Elm-St-Greensboro-NC-27401/461269693_zpid/,listed,,weekly sweep 2026-09-14,
211 mciver st|27403,"211 Mciver St, Greensboro, NC 27403",27403,2026-09-14,2026-09-14,889000,889000,both,https://www.redfin.com/NC/Greensboro/211-McIver-St-27403/home/94597582,gone,2026-09-21,weekly sweep 2026-09-14,
2012 mcknight mill rd|27405,"2012 McKnight Mill Rd, Greensboro, NC 27405",27405,2026-09-14,2026-09-28,835000,835000,zillow,https://www.zillow.com/homedetails/2012-McKnight-Mill-Rd-Greensboro-NC-27405/5964088_zpid/,listed,,weekly sweep 2026-09-14,
4912 watlington rd|27405,"4912 Watlington Rd, Greensboro, NC 27405",27405,2026-09-14,2026-09-28,195000,195000,zillow,https://www.zillow.com/homedetails/4912-Watlington-Rd-Greensboro-NC-27405/71002718_zpid/,listed,,weekly sweep 2026-09-14,
1109 timber dr|27529,"1109 Timber Dr, Garner, NC 27529",27529,2026-09-14,2026-09-28,615000,615000,both,https://www.zillow.com/homedetails/1109-Timber-Dr-Garner-NC-27529/6462512_zpid/,listed,,weekly sweep 2026-09-14,
613 bellhaven st|27529,"613 Bellhaven St, Garner, NC 27529",27529,2026-09-14,2026-09-28,775000,775000,both,https://www.zillow.com/homedetails/613-Bellhaven-St-Garner-NC-27529/6481973_zpid/,listed,,weekly sweep 2026-09-14,
000 n nc111 patetown rd|27530,"000 N Nc-111 / Patetown Road, Goldsboro, NC 27530",27530,2026-09-14,2026-09-28,729000,729000,zillow,https://www.zillow.com/homedetails/0-N-Nc-111-patetown-Rd-Goldsboro-NC-27530/462091204_zpid/,listed,,weekly sweep 2026-09-14,
311 arch st|27536,"311 Arch St, Henderson, NC 27536",27536,2026-09-14,2026-09-28,95000,95000,zillow,https://www.zillow.com/homedetails/311-Arch-St-Henderson-NC-27536/233634602_zpid/,listed,,weekly sweep 2026-09-14,
4300 presley ct|27604,"4300 Presley Ct #A, Raleigh, NC 27604",27604,2026-09-14,2026-09-28,789950,789950,zillow,https://www.zillow.com/homedetails/4300-Presley-Ct-A-Raleigh-NC-27604/2071988196_zpid/,listed,,weekly sweep 2026-09-14,
112 olivine dr|27610,"112 Olivine Dr, Raleigh, NC 27610",27610,2026-09-14,2026-09-28,412000,412000,zillow,https://www.zillow.com/homedetails/112-Olivine-Dr-Raleigh-NC-27610/338499621_zpid/,listed,,weekly sweep 2026-09-14,
125 cashmere ct|27610,"125 Cashmere Ct, Raleigh, NC 27610",27610,2026-09-14,2026-09-28,415000,399000,both,https://www.redfin.com/NC/Raleigh/125-Cashmere-Ct-27610/home/168668578,listed,,weekly sweep 2026-09-14,
3809 virginia st|27610,"3809 Virginia St, Raleigh, NC 27610",27610,2026-09-14,2026-09-28,350000,350000,zillow,https://www.zillow.com/homedetails/3809-Virginia-St-Raleigh-NC-27610/132262890_zpid/,listed,,weekly sweep 2026-09-14,
311 lyric st|27701,"311 Lyric St Unit A B C, Durham, NC 27701",27701,2026-09-14,2026-09-28,550000,550000,redfin,https://www.redfin.com/NC/Durham/311-Lyric-St-27701/unit-A-B-C/home/205398324,listed,,weekly sweep 2026-09-14,
414 everett pl|27701,"414 Everett Pl, Durham, NC 27701",27701,2026-09-14,2026-09-14,825000,825000,zillow,https://www.zillow.com/homedetails/414-Everett-Pl-Durham-NC-27701/461979034_zpid/,gone,2026-09-21,weekly sweep 2026-09-14,
804 lancaster st|27701,"804 Lancaster St, Durham, NC 27701",27701,2026-09-14,2026-09-28,699900,699900,both,https://www.redfin.com/NC/Durham/804-Lancaster-St-27701/home/43519026,listed,,weekly sweep 2026-09-14,
1101 eva st|27703,"1101 Eva St, Durham, NC 27703",27703,2026-09-14,2026-09-28,260000,260000,both,https://www.zillow.com/homedetails/1101-Eva-St-Durham-NC-27703/49974327_zpid/,listed,,weekly sweep 2026-09-14,
1505 juniper st|27703,"1505 Juniper St, Durham, NC 27703",27703,2026-09-14,2026-09-28,867999,867999,zillow,https://www.zillow.com/homedetails/1505-Juniper-St-Durham-NC-27703/49975977_zpid/,listed,,weekly sweep 2026-09-14,
404 lynn rd|27703,"404 Lynn Rd, Durham, NC 27703",27703,2026-09-14,2026-09-21,245000,245000,zillow,https://www.zillow.com/homedetails/404-Lynn-Rd-Durham-NC-27703/49989340_zpid/,gone,2026-09-28,weekly sweep 2026-09-14,
412408 sparella st|27703,"412/408 Sparella St, Durham, NC 27703",27703,2026-09-14,2026-09-28,813500,795000,zillow,https://www.zillow.com/homedetails/412-408-Sparella-St-Durham-NC-27703/461601924_zpid/,listed,,weekly sweep 2026-09-14,
2201 tampa ave|27705,"2201 Tampa Ave, Durham, NC 27705",27705,2026-09-14,2026-09-28,2300000,2300000,zillow,https://www.zillow.com/homedetails/2201-Tampa-Ave-Durham-NC-27705/463382546_zpid/,listed,,weekly sweep 2026-09-14,
4405 american dr|27705,"4405 American Dr, Durham, NC 27705",27705,2026-09-14,2026-09-28,425000,425000,zillow,https://www.zillow.com/homedetails/4405-American-Dr-Durham-NC-27705/50016437_zpid/,listed,,weekly sweep 2026-09-14,
2000 a cotswood ln|27707,"2000 A Cotswood Ln, Durham, NC 27707",27707,2026-09-14,2026-09-28,1725000,1725000,zillow,https://www.zillow.com/homedetails/2000-A-Cotswood-Ln-Durham-NC-27707/465149272_zpid/,listed,,weekly sweep 2026-09-14,
2000 b cotswood ln|27707,"2000 B Cotswood Ln, Durham, NC 27707",27707,2026-09-14,2026-09-28,1725000,1725000,both,https://www.zillow.com/homedetails/2000-B-Cotswood-Ln-Durham-NC-27707/465149253_zpid/,listed,,weekly sweep 2026-09-14,
1 arlington st|27801,"1 Arlington Street, Rocky Mount, NC 27801",27801,2026-09-14,2026-09-28,40000,40000,zillow,https://www.zillow.com/homedetails/1-Arlington-St-Rocky-Mount-NC-27801/462622103_zpid/,listed,,weekly sweep 2026-09-14,
405a deck st|27834,"405A Deck St, Greenville, NC 27834",27834,2026-09-14,2026-09-28,,,zillow,https://www.zillow.com/homedetails/405A-Deck-St-Greenville-NC-27834/464303718_zpid/,listed,,weekly sweep 2026-09-14,
410 latham st|27834,"410 Latham Street, Greenville, NC 27834",27834,2026-09-14,2026-09-28,89000,89000,zillow,https://www.zillow.com/homedetails/410-Latham-St-Greenville-NC-27834/80913242_zpid/,listed,,weekly sweep 2026-09-14,
1416 salisbury ave|28001,"1416 Salisbury Ave, Albemarle, NC 28001",28001,2026-09-14,2026-09-28,1400000,1400000,both,https://www.zillow.com/homedetails/1416-Salisbury-Ave-Albemarle-NC-28001/71389491_zpid/,listed,,weekly sweep 2026-09-14,
408 s starr st|28034,"408 S Starr St, Dallas, NC 28034",28034,2026-09-14,2026-09-28,228499,228499,both,https://www.redfin.com/NC/Dallas/408-S-Starr-St-28034/home/41003818,listed,,weekly sweep 2026-09-14,
414 e wilkins st|28034,"414 E Wilkins St, Dallas, NC 28034",28034,2026-09-14,2026-09-28,689000,689000,both,https://www.redfin.com/NC/Dallas/414-E-Wilkins-St-28034/home/41005104,listed,,weekly sweep 2026-09-14,
1308 linwood rd|28052,"1308 Linwood Rd, Gastonia, NC 28052",28052,2026-09-14,2026-09-28,625000,625000,both,https://www.redfin.com/NC/Gastonia/1308-Linwood-Rd-28052/home/40992984,listed,,weekly sweep 2026-09-14,
1655 n webb st|28052,"1655 N Webb St, Gastonia, NC 28052",28052,2026-09-14,2026-09-28,1045000,1045000,zillow,https://www.zillow.com/homedetails/1655-N-Webb-St-Gastonia-NC-28052/2069114127_zpid/,listed,,weekly sweep 2026-09-14,
1655 webb st|28052,"1655 Webb St, Gastonia, NC 28052",28052,2026-09-14,2026-09-28,1045000,1045000,redfin,https://www.redfin.com/NC/Gastonia/1655-N-Webb-St-28052/home/41042378,listed,,weekly sweep 2026-09-14,
405 w harvie ave|28052,"405 W Harvie Ave Unit A&B, Gastonia, NC 28052",28052,2026-09-14,2026-09-14,775000,775000,both,https://www.redfin.com/NC/Gastonia/405-W-Harvie-Ave-28052/unit-A-B/home/113886261,gone,2026-09-21,weekly sweep 2026-09-14,
810 s dalton st|28052,"810 S Dalton St, Gastonia, NC 28052",28052,2026-09-14,2026-09-28,885000,885000,both,https://www.redfin.com/NC/Gastonia/810-S-Dalton-St-28052/home/41035051,listed,,weekly sweep 2026-09-14,
220 basin ave|28083,"220 Basin Ave, Kannapolis, NC 28083",28083,2026-09-14,2026-09-28,1295000,1250000,both,https://www.redfin.com/NC/Kannapolis/220-Basin-Ave-28083/home/43644747,listed,,weekly sweep 2026-09-14,
5407 e state hwy 150|28092,"5407 E State Highway 150 #7, Lincolnton, NC 28092",28092,2026-09-14,2026-09-28,575000,575000,zillow,https://www.zillow.com/homedetails/5407-E-State-Highway-150-7-Lincolnton-NC-28092/464487785_zpid/,listed,,weekly sweep 2026-09-14,
5411 e state hwy 150|28092,"5411 E State Highway 150 #6, Lincolnton, NC 28092",28092,2026-09-14,2026-09-28,575000,575000,zillow,https://www.zillow.com/homedetails/5411-E-State-Highway-150-6-Lincolnton-NC-28092/462853885_zpid/,listed,,weekly sweep 2026-09-14,
1101 n main st|28144,"1101 N Main St, Salisbury, NC 28144",28144,2026-09-14,2026-09-28,599000,599000,both,https://www.redfin.com/NC/Salisbury/1101-N-Main-St-28144/home/44225670,listed,,weekly sweep 2026-09-14,
306 n jackson st|28144,"306 N Jackson St, Salisbury, NC 28144",28144,2026-09-14,2026-09-28,1850000,1850000,both,https://www.redfin.com/NC/Salisbury/306-N-Jackson-St-28144/home/44232650,listed,,weekly sweep 2026-09-14,
317 w d ave|28144,"317 W D Ave, Salisbury, NC 28144",28144,2026-09-14,2026-09-28,199900,199900,redfin,https://www.redfin.com/NC/Salisbury/317-W-D-Ave-28144/home/202680295,listed,,weekly sweep 2026-09-14,
50 pineview cir|28170,"50 Pineview Cir, Wadesboro, NC 28170",28170,2026-09-14,2026-09-28,1595000,1595000,both,https://www.redfin.com/NC/Wadesboro/50-Pineview-Cir-28170/home/202287610,listed,,weekly sweep 2026-09-14,
tbd us 74 hwy w|28170,"TBD US 74 Hwy W, Wadesboro, NC 28170",28170,2026-09-14,2026-09-28,299000,299000,redfin,https://www.redfin.com/NC/Wadesboro/TBD-US-74-HWY-W-28170/home/177582635,listed,,weekly sweep 2026-09-14,
2101 kenilworth ave|28203,"2101 Kenilworth Ave, Charlotte, NC 28203",28203,2026-09-14,2026-09-28,750000,699000,both,https://www.redfin.com/NC/Charlotte/2101-Kenilworth-Ave-28203/home/43975095,listed,,weekly sweep 2026-09-14,
2213 park rd|28203,"2213 Park Rd #27/28, Charlotte, NC 28203",28203,2026-09-14,2026-09-28,1695000,1695000,zillow,https://www.zillow.com/homedetails/2213-Park-Rd-27-28-Charlotte-NC-28203/463551252_zpid/,listed,,weekly sweep 2026-09-14,
22132219 park rd|28203,"2213-2219 Park Rd Unit 27/28, Charlotte, NC 28203",28203,2026-09-14,2026-09-28,1695000,1695000,redfin,https://www.redfin.com/NC/Charlotte/2213-Park-Rd-28203/unit-27-28/home/202475352,listed,,weekly sweep 2026-09-14,
1316 anderson st|28205,"1316 Anderson St, Charlotte, NC 28205",28205,2026-09-14,2026-09-28,1349000,1349000,both,https://www.redfin.com/NC/Charlotte/1316-Anderson-St-28205/home/43927738,listed,,weekly sweep 2026-09-14,
1920 pegram st|28205,"1920 Pegram St, Charlotte, NC 28205",28205,2026-09-14,2026-09-28,1500000,1500000,both,https://www.redfin.com/NC/Charlotte/1920-Pegram-St-28205/home/43924260,listed,,weekly sweep 2026-09-14,
34453447 tappan pl|28205,"3445/3447 Tappan Pl, Charlotte, NC 28205",28205,2026-09-14,2026-09-28,645000,645000,both,https://www.redfin.com/NC/Charlotte/3445-Tappan-Pl-28205/home/199924884,listed,,weekly sweep 2026-09-14,
2213 alma ct|28206,"2213 Alma Ct, Charlotte, NC 28206",28206,2026-09-14,2026-09-28,1000000,1000000,both,https://www.redfin.com/NC/Charlotte/2213-Alma-Ct-28206/home/43919434,listed,,weekly sweep 2026-09-14,
2225 alma ct|28206,"2225 Alma Ct, Charlotte, NC 28206",28206,2026-09-14,2026-09-28,1000000,1000000,both,https://www.redfin.com/NC/Charlotte/2225-Alma-Ct-28206/home/43919938,listed,,weekly sweep 2026-09-14,
2232 alma ct|28206,"2232 Alma Ct, Charlotte, NC 28206",28206,2026-09-14,2026-09-28,950000,950000,both,https://www.redfin.com/NC/Charlotte/2232-Alma-Ct-28206/home/43919898,listed,,weekly sweep 2026-09-14,
23012407 julia ave|28206,"2301-2407 Julia Ave, Charlotte, NC 28206",28206,2026-09-14,2026-09-28,2800000,2800000,both,https://www.redfin.com/NC/Charlotte/2407-Julia-Ave-28206/home/184999531,listed,,weekly sweep 2026-09-14,
2336 julia ave|28206,"2336 Julia Ave, Charlotte, NC 28206",28206,2026-09-14,2026-09-28,1500000,1500000,both,https://www.redfin.com/NC/Charlotte/2336-Julia-Ave-28206/home/43919440,listed,,weekly sweep 2026-09-14,
2416 julia ave|28206,"2416 Julia Ave, Charlotte, NC 28206",28206,2026-09-14,2026-09-28,1350000,1350000,both,https://www.redfin.com/NC/Charlotte/2416-Julia-Ave-28206/home/43919443,listed,,weekly sweep 2026-09-14,
2479 julia ave|28206,"2479 Julia Ave, Charlotte, NC 28206",28206,2026-09-14,2026-09-28,3000000,3000000,both,https://www.redfin.com/NC/Charlotte/2479-Julia-Ave-28206/home/43919891,listed,,weekly sweep 2026-09-14,
3007 yada ln|28208,"3007 Yada Ln, Charlotte, NC 28208",28208,2026-09-14,2026-09-28,8400000,8400000,zillow,https://www.zillow.com/homedetails/3007-Yada-Ln-Charlotte-NC-28208/454975119_zpid/,listed,,weekly sweep 2026-09-14,
4115 tresevant ave|28208,"4115 Tresevant Ave, Charlotte, NC 28208",28208,2026-09-14,2026-09-28,395000,370000,both,https://www.redfin.com/NC/Charlotte/4115-Tresevant-Ave-28208/home/43913219,listed,,weekly sweep 2026-09-14,
1661 1665 montana dr|28216,"1661 &1665 Montana Dr, Charlotte, NC 28216",28216,2026-09-14,2026-09-14,800000,800000,both,https://www.redfin.com/NC/Charlotte/1661-Montana-Dr-28216/home/78339873,gone,2026-09-21,weekly sweep 2026-09-14,
9121 hutchinson ln|28216,"9121 Hutchinson Ln, Charlotte, NC 28216",28216,2026-09-14,2026-09-21,549000,549000,redfin,https://www.redfin.com/NC/Charlotte/9121-Hutchinson-Ln-28216/home/43886672,gone,2026-09-28,weekly sweep 2026-09-14,
homes available soon plan|28216,"Homes Available Soon Plan, Charlotte, NC 28216",28216,2026-09-14,2026-09-28,,,both,https://www.redfin.com/NC/Charlotte/Charlotte/Homes-Available-Soon/home/205327136,listed,,weekly sweep 2026-09-14,
the cardinal ii plan|28217,"The Cardinal II Plan, Charlotte, NC 28217",28217,2026-09-14,2026-09-28,796000,869000,redfin,https://www.redfin.com/NC/Charlotte/Charlotte/The-Cardinal-II/home/202716484,listed,,weekly sweep 2026-09-14,
the cardinal plan|28217,"The Cardinal Plan, Charlotte, NC 28217",28217,2026-09-14,2026-09-28,737000,811000,redfin,https://www.redfin.com/NC/Charlotte/Charlotte/The-Cardinal/home/202716494,listed,,weekly sweep 2026-09-14,
the sparrow plan|28217,"The Sparrow Plan, Charlotte, NC 28217",28217,2026-09-14,2026-09-28,825000,884000,redfin,https://www.redfin.com/NC/Charlotte/Charlotte/The-Sparrow/home/202716507,listed,,weekly sweep 2026-09-14,
210 colonial dr|28301,"210 Colonial Dr, Fayetteville, NC 28301",28301,2026-09-14,2026-09-28,1650000,1650000,zillow,https://www.zillow.com/homedetails/210-Colonial-Dr-Fayetteville-NC-28301/458460561_zpid/,listed,,weekly sweep 2026-09-14,
2311 nickey ave|28301,"2311 Nickey Ave, Fayetteville, NC 28301",28301,2026-09-14,2026-09-28,215000,215000,zillow,https://www.zillow.com/homedetails/2311-Nickey-Ave-Fayetteville-NC-28301/82762208_zpid/,listed,,weekly sweep 2026-09-14,
2723 rivercliff rd|28301,"2723 Rivercliff Rd, Fayetteville, NC 28301",28301,2026-09-14,2026-09-14,125000,125000,zillow,https://www.zillow.com/homedetails/2723-Rivercliff-Rd-Fayetteville-NC-28301/53667922_zpid/,gone,2026-09-21,weekly sweep 2026-09-14,
512 s king st|28301,"512 S King St, Fayetteville, NC 28301",28301,2026-09-14,2026-09-28,195000,195000,zillow,https://www.zillow.com/homedetails/512-S-King-St-Fayetteville-NC-28301/53674577_zpid/,listed,,weekly sweep 2026-09-14,
814 varsity dr|28301,"814 Varsity Dr #A-b, Fayetteville, NC 28301",28301,2026-09-14,2026-09-28,199900,199900,zillow,https://www.zillow.com/homedetails/814-Varsity-Dr-A-B-Fayetteville-NC-28301/464159460_zpid/,listed,,weekly sweep 2026-09-14,
2134 rock ave|28303,"2134 Rock Ave, Fayetteville, NC 28303",28303,2026-09-14,2026-09-28,300000,300000,zillow,https://www.zillow.com/homedetails/2134-Rock-Ave-Fayetteville-NC-28303/338587371_zpid/,listed,,weekly sweep 2026-09-14,
58015807 aftonshire st|28304,"5801-5807 Aftonshire St, Fayetteville, NC 28304",28304,2026-09-14,2026-09-28,300000,300000,zillow,https://www.zillow.com/homedetails/5801-5807-Aftonshire-St-Fayetteville-NC-28304/459607313_zpid/,listed,,weekly sweep 2026-09-14,
60366070 camden rd ne|28306,"6036-6070 Camden Rd NE, Fayetteville, NC 28306",28306,2026-09-14,2026-09-28,900000,900000,zillow,https://www.zillow.com/homedetails/6036-6070-Camden-Rd-NE-Fayetteville-NC-28306/402695040_zpid/,listed,,weekly sweep 2026-09-14,
60366070 camden rd|28306,"6036-6070 Camden Rd, Fayetteville, NC 28306",28306,2026-09-14,2026-09-28,900000,900000,redfin,https://www.redfin.com/NC/Fayetteville/6070-Camden-Rd-28306/home/126276424,listed,,weekly sweep 2026-09-14,
6108 camden rd|28306,"6108 Camden Rd, Fayetteville, NC 28306",28306,2026-09-14,2026-09-28,299900,299900,both,https://www.redfin.com/NC/Fayetteville/6108-Camden-Rd-28306/home/126100761,listed,,weekly sweep 2026-09-14,
1524 seabrook school rd|28312,"1524 Seabrook School Rd, Fayetteville, NC 28312",28312,2026-09-14,2026-09-28,275000,275000,both,https://www.redfin.com/NC/Fayetteville/1524-Seabrook-School-Rd-28312/home/184970019,listed,,weekly sweep 2026-09-14,
45|28320,"45, 51, 53 Plum Nellie Rd, Bladenboro, NC 28320",28320,2026-09-14,2026-09-21,129000,129000,redfin,https://www.redfin.com/NC/Bladenboro/53-Plum-Nellie-Rd-28320/home/200790846,gone,2026-09-28,weekly sweep 2026-09-14,
1103 n elm st|28358,"1103 N Elm St, Lumberton, NC 28358",28358,2026-09-14,2026-09-28,1250000,1250000,both,https://www.redfin.com/NC/Lumberton/1103-N-Elm-St-28358/home/139550552,listed,,weekly sweep 2026-09-14,
421 horn rd|28412,"421 Horn Road, Wilmington, NC 28412",28412,2026-09-14,2026-09-28,579000,549000,zillow,https://www.zillow.com/homedetails/421-Horn-Rd-Wilmington-NC-28412/68962097_zpid/,listed,,weekly sweep 2026-09-14,
74017429 starlight ln|28412,"7401-7429 Starlight Lane, Wilmington, NC 28412",28412,2026-09-14,2026-09-28,745000,745000,zillow,https://www.zillow.com/homedetails/74017429-7401-7429-Starlight-Ln-Wilmington-NC-28412/460949453_zpid/,listed,,weekly sweep 2026-09-14,
undisclosed address|28412,"Undisclosed address, Wilmington, NC 28412",28412,2026-09-14,2026-09-28,1415000,1415000,both,https://www.redfin.com/NC/Wilmington/Undisclosed-address-28412/home/163185989,listed,,weekly sweep 2026-09-14,
210 shipman rd building e|28532,"210 Shipman Road Building E, Havelock, NC 28532",28532,2026-09-14,2026-09-28,525000,525000,zillow,https://www.zillow.com/homedetails/210-Shipman-Rd-BUILDING-E-Havelock-NC-28532/465062148_zpid/,listed,,weekly sweep 2026-09-14,
304 starling st|28540,"304 Starling Street, Jacksonville, NC 28540",28540,2026-09-14,2026-09-28,250000,250000,zillow,https://www.zillow.com/homedetails/304-Starling-St-306-Jacksonville-NC-28540/459751142_zpid/,listed,,weekly sweep 2026-09-14,
218 37th st sw|28602,"218 37th St SW, Hickory, NC 28602",28602,2026-09-14,2026-09-28,625000,625000,zillow,https://www.zillow.com/homedetails/218-37th-St-SW-Hickory-NC-28602/227254557_zpid/,listed,,weekly sweep 2026-09-14,
2588 old shelby rd|28602,"2588 Old Shelby Rd, Hickory, NC 28602",28602,2026-09-14,2026-09-28,549000,540000,zillow,https://www.zillow.com/homedetails/2588-Old-Shelby-Rd-Hickory-NC-28602/459149949_zpid/,listed,,weekly sweep 2026-09-14,
303 37th st sw|28602,"303 37th St SW, Hickory, NC 28602",28602,2026-09-14,2026-09-28,700000,700000,zillow,https://www.zillow.com/homedetails/303-37th-St-SW-Hickory-NC-28602/71960069_zpid/,listed,,weekly sweep 2026-09-14,
2257 quiet creek ln|28645,"2257 Quiet Creek Ln, Lenoir, NC 28645",28645,2026-09-14,2026-09-28,1175000,1175000,redfin,https://www.redfin.com/NC/Lenoir/2257-Quiet-Creek-Ln-28645/home/119981287,listed,,weekly sweep 2026-09-14,
0 e meeting st|28655,"0 E Meeting St, Morganton, NC 28655",28655,2026-09-14,2026-09-28,648000,648000,both,https://www.redfin.com/NC/Morganton/E-Meeting-St-28655/home/202013595,listed,,weekly sweep 2026-09-14,
100|28655,"100, 102-109, 111 Ross St, Morganton, NC 28655",28655,2026-09-14,2026-09-28,6999500,6999500,redfin,https://www.redfin.com/NC/Morganton/100-Ross-St-28655/home/119904280,listed,,weekly sweep 2026-09-14,
100102 ross st|28655,"100-102 Ross St #109, Morganton, NC 28655",28655,2026-09-14,2026-09-28,6999500,6999500,zillow,https://www.zillow.com/homedetails/100-102-Ross-St-109-Morganton-NC-28655/460367138_zpid/,listed,,weekly sweep 2026-09-14,
189 beacon ave|28655,"189 Beacon Ave, Morganton, NC 28655",28655,2026-09-14,2026-09-28,2160000,2160000,both,https://www.redfin.com/NC/Morganton/189-Beacon-Ave-28655/home/204672261,listed,,weekly sweep 2026-09-14,
4467 patti clymer dr|28655,"4467 Patti Clymer Dr #1, Morganton, NC 28655",28655,2026-09-14,2026-09-28,699900,699900,both,https://www.redfin.com/NC/Morganton/4467-Patti-Clymer-Dr-28655/unit-1/home/195062671,listed,,weekly sweep 2026-09-14,
1002 statesville rd|28659,"1002 Statesville Rd, North Wilkesboro, NC 28659",28659,2026-09-14,2026-09-28,,,both,https://www.zillow.com/homedetails/1002-Statesville-Rd-North-Wilkesboro-NC-28659/448788106_zpid/,listed,,weekly sweep 2026-09-14,
617 john mcgrady rd|28659,"617 John McGrady Rd, North Wilkesboro, NC 28659",28659,2026-09-14,2026-09-28,799000,799000,both,https://www.zillow.com/homedetails/617-John-McGrady-Rd-North-Wilkesboro-NC-28659/295898468_zpid/,listed,,weekly sweep 2026-09-14,
1013 caldwell st|28677,"1013 Caldwell St, Statesville, NC 28677",28677,2026-09-14,2026-09-28,5000000,5000000,both,https://www.redfin.com/NC/Statesville/1013-Caldwell-St-28677/home/44318504,listed,,weekly sweep 2026-09-14,
533 pebble hill ct|22903,"533 Pebble Hill Ct, Charlottesville, VA 22903",22903,2026-09-21,2026-09-21,420000,420000,zillow,https://www.zillow.com/homedetails/533-Pebble-Hill-Ct-Charlottesville-VA-22903/79025886_zpid/,gone,2026-09-28,weekly sweep 2026-09-21,
3314 3rd ave|23222,"3314 3rd Ave, Richmond, VA 23222",23222,2026-09-21,2026-09-28,349000,349000,both,https://www.redfin.com/VA/Richmond/3314-3rd-Ave-23222/home/55421898,listed,,weekly sweep 2026-09-21,
1123 28th st|23607,"1123 28th St, Newport News, VA 23607",23607,2026-09-21,2026-09-21,120000,120000,both,https://www.redfin.com/VA/Newport-News/1123-28th-St-23607/home/49665168,gone,2026-09-28,weekly sweep 2026-09-21,
1520 prentis ave ave|23704,"1520 Prentis Ave Ave, Portsmouth, VA 23704",23704,2026-09-21,2026-09-21,850000,850000,redfin,https://www.redfin.com/VA/Portsmouth/1520-Prentis-Ave-23704/home/49360222,gone,2026-09-28,weekly sweep 2026-09-21,
1520 prentis ave|23704,"1520 Prentis Ave, Portsmouth, VA 23704",23704,2026-09-21,2026-09-28,850000,850000,zillow,https://www.zillow.com/homedetails/1520-Prentis-Ave-Portsmouth-VA-23704/2119890485_zpid/,listed,,weekly sweep 2026-09-21,
121 northwynd cir|24502,"121 Northwynd Cir, Lynchburg, VA 24502",24502,2026-09-21,2026-09-28,559900,559900,both,https://www.zillow.com/homedetails/121-Northwynd-Cir-Lynchburg-VA-24502/2054872941_zpid/,listed,,weekly sweep 2026-09-21,
829 stokes st|24541,"829 Stokes St, Danville, VA 24541",24541,2026-09-21,2026-09-28,10000,10000,both,https://www.redfin.com/VA/Danville/829-Stokes-St-24541/home/124276250,listed,,weekly sweep 2026-09-21,
1023 s main st|27215,"1023 S Main St, Burlington, NC 27215",27215,2026-09-21,2026-09-28,289000,289000,zillow,https://www.zillow.com/homedetails/1023-S-Main-St-Burlington-NC-27215/353398910_zpid/,listed,,weekly sweep 2026-09-21,
413415 gilmer cir|27320,"413-415 Gilmer Cir, Reidsville, NC 27320",27320,2026-09-21,2026-09-28,149900,149900,both,https://www.zillow.com/homedetails/413-415-Gilmer-Cir-Reidsville-NC-27320/465453762_zpid/,listed,,weekly sweep 2026-09-21,
307 n church st|27520,"307 N Church St, Clayton, NC 27520",27520,2026-09-21,2026-09-28,320000,320000,zillow,https://www.zillow.com/homedetails/307-N-Church-St-Clayton-NC-27520/69088544_zpid/,listed,,weekly sweep 2026-09-21,
201a n sellers st|27576,"201a N Sellers St, Selma, NC 27576",27576,2026-09-21,2026-09-28,514000,514000,both,https://www.redfin.com/NC/Selma/201A-N-Sellers-St-27576/home/205613000,listed,,weekly sweep 2026-09-21,
104 ridge pl|27834,"104 Ridge Place #Abcd, Greenville, NC 27834",27834,2026-09-21,2026-09-21,200000,200000,both,https://www.zillow.com/homedetails/104-Ridge-Pl-Greenville-NC-27834/80893134_zpid/,gone,2026-09-28,weekly sweep 2026-09-21,
114 ridge pl|27834,"114 Ridge Place #A&B, Greenville, NC 27834",27834,2026-09-21,2026-09-28,175000,175000,zillow,https://www.zillow.com/homedetails/114-Ridge-Pl-AB-Greenville-NC-27834/465347757_zpid/,listed,,weekly sweep 2026-09-21,
21042106 barefoot park ln sw|27893,"2104-2106 Barefoot Park Ln SW, Wilson, NC 27893",27893,2026-09-21,2026-09-28,250000,250000,both,https://www.redfin.com/NC/Wilson/2104-Barefoot-Park-Ln-SW-27893/home/65293338,listed,,weekly sweep 2026-09-21,
undisclosed address|28001,"Undisclosed address, Albemarle, NC 28001",28001,2026-09-21,2026-09-21,545000,545000,redfin,https://www.redfin.com/NC/Albemarle/Undisclosed-address-28001/home/43770909,gone,2026-09-28,weekly sweep 2026-09-21,
730 longleaf ave|28056,"730 Longleaf Ave #33, Gastonia, NC 28056",28056,2026-09-21,2026-09-21,294752,294752,both,https://www.redfin.com/NC/Gastonia/730-Longleaf-Ave-28056/unit-33/home/205601961,gone,2026-09-28,weekly sweep 2026-09-21,
734 longleaf ave|28056,"734 Longleaf Ave #34, Gastonia, NC 28056",28056,2026-09-21,2026-09-21,283420,283420,both,https://www.redfin.com/NC/Gastonia/734-Longleaf-Ave-28056/unit-34/home/205602269,gone,2026-09-28,weekly sweep 2026-09-21,
738 longleaf ave|28056,"738 Longleaf Ave #35, Gastonia, NC 28056",28056,2026-09-21,2026-09-21,262206,262206,both,https://www.redfin.com/NC/Gastonia/738-Longleaf-Ave-28056/unit-35/home/205602790,gone,2026-09-28,weekly sweep 2026-09-21,
742 longleaf ave|28056,"742 Longleaf Ave #36, Gastonia, NC 28056",28056,2026-09-21,2026-09-21,291900,291900,both,https://www.redfin.com/NC/Gastonia/742-Longleaf-Ave-28056/unit-36/home/205603406,gone,2026-09-28,weekly sweep 2026-09-21,
517 denver st|28083,"517 Denver St, Kannapolis, NC 28083",28083,2026-09-21,2026-09-28,750000,750000,both,https://www.redfin.com/NC/Kannapolis/517-Denver-St-28083/home/43642259,listed,,weekly sweep 2026-09-21,
2427 carmine st|28206,"2427 Carmine St, Charlotte, NC 28206",28206,2026-09-21,2026-09-28,1250000,1250000,both,https://www.redfin.com/NC/Charlotte/2427-Carmine-St-28206/home/44139400,listed,,weekly sweep 2026-09-21,
505 mcdaniel st|28301,"505 McDaniel St #506, Fayetteville, NC 28301",28301,2026-09-21,2026-09-21,307000,307000,zillow,https://www.zillow.com/homedetails/505-McDaniel-St-506-Fayetteville-NC-28301/2055514871_zpid/,gone,2026-09-28,weekly sweep 2026-09-21,
4938 galveston dr|28303,"4938 Galveston Dr, Fayetteville, NC 28303",28303,2026-09-21,2026-09-28,859000,859000,both,https://www.redfin.com/NC/Fayetteville/4938-Galveston-Dr-28303/home/184978999,listed,,weekly sweep 2026-09-21,
4945 fieldcrest dr|28303,"4945 Fieldcrest Dr, Fayetteville, NC 28303",28303,2026-09-21,2026-09-28,649000,649000,both,https://www.redfin.com/NC/Fayetteville/4945-Fieldcrest-Dr-28303/home/177937505,listed,,weekly sweep 2026-09-21,
319 connelly springs rd sw|28645,"319 Connelly Springs Rd SW, Lenoir, NC 28645",28645,2026-09-21,2026-09-28,750000,750000,both,https://www.redfin.com/NC/Lenoir/319-Connelly-Springs-Rd-28645/home/201869121,listed,,weekly sweep 2026-09-21,
109 herron st|28655,"109 Herron St, Morganton, NC 28655",28655,2026-09-21,2026-09-28,349999,349999,both,https://www.redfin.com/NC/Morganton/109-N-College-St-28655/home/118793052,listed,,weekly sweep 2026-09-21,
2116 fox mountain rd|28722,"2116 Fox Mountain Rd, Columbus, NC 28722",28722,2026-09-21,2026-09-28,150000,150000,both,https://www.zillow.com/homedetails/2116-Fox-Mountain-Rd-Columbus-NC-28722/245994660_zpid/,listed,,weekly sweep 2026-09-21,
26 den ln|28722,"26 Den Ln, Columbus, NC 28722",28722,2026-09-21,2026-09-28,425000,425000,both,https://www.zillow.com/homedetails/26-Den-Ln-Columbus-NC-28722/465253833_zpid/,listed,,weekly sweep 2026-09-21,
25 w boscawen st|22601,"25 W Boscawen St, Winchester, VA 22601",22601,2026-09-28,2026-09-28,625000,625000,both,https://www.redfin.com/VA/Winchester/25-W-Boscawen-St-22601/home/205650338,listed,,weekly sweep 2026-09-28,
440 n braddock st|22601,"440 N Braddock St, Winchester, VA 22601",22601,2026-09-28,2026-09-28,529000,529000,both,https://www.redfin.com/VA/Winchester/440-N-Braddock-St-22601/home/40610669,listed,,weekly sweep 2026-09-28,
540 monticello st|22601,"540 Monticello St, Winchester, VA 22601",22601,2026-09-28,2026-09-28,605000,605000,both,https://www.redfin.com/VA/Winchester/540-Monticello-St-22601/home/187339997,listed,,weekly sweep 2026-09-28,
2884 cullison ct|22801,"2884 Cullison Ct, Harrisonburg, VA 22801",22801,2026-09-28,2026-09-28,349900,349900,zillow,https://www.zillow.com/homedetails/2884-Cullison-Ct-Harrisonburg-VA-22801/108049721_zpid/,listed,,weekly sweep 2026-09-28,
3033 obsidian ter|22801,"3033 Obsidian Ter, Rockingham, VA 22801",22801,2026-09-28,2026-09-28,334990,334990,zillow,https://www.zillow.com/homedetails/3033-Obsidian-Ter-Rockingham-VA-22801/457944351_zpid/,listed,,weekly sweep 2026-09-28,
4570 melville st|22801,"4570 Melville St, Rockingham, VA 22801",22801,2026-09-28,2026-09-28,379900,379900,zillow,https://www.zillow.com/homedetails/4570-Melville-St-Rockingham-VA-22801/450572604_zpid/,listed,,weekly sweep 2026-09-28,
4630 melville st|22801,"4630 Melville St, Rockingham, VA 22801",22801,2026-09-28,2026-09-28,391000,391000,zillow,https://www.zillow.com/homedetails/4630-Melville-St-Rockingham-VA-22801/441169904_zpid/,listed,,weekly sweep 2026-09-28,
704 chimborazo blvd|23223,"704 Chimborazo Blvd, Richmond, VA 23223",23223,2026-09-28,2026-09-28,499999,499999,both,https://www.redfin.com/VA/Richmond/704-Chimborazo-Blvd-23223/home/55412385,listed,,weekly sweep 2026-09-28,
730 23rd st|23607,"730 23rd St, Newport News, VA 23607",23607,2026-09-28,2026-09-28,229900,229900,zillow,https://www.zillow.com/homedetails/730-23rd-St-Newport-News-VA-23607/74454945_zpid/,listed,,weekly sweep 2026-09-28,
181 maplelawn ave ne|24012,"181 Maplelawn Ave NE, Roanoke, VA 24012",24012,2026-09-28,2026-09-28,284500,284500,both,https://www.redfin.com/VA/Roanoke/181-Maplelawn-Ave-NE-24012/home/131435301,listed,,weekly sweep 2026-09-28,
4 12 st sw|24016,"4 12 1/2 St SW, Roanoke, VA 24016",24016,2026-09-28,2026-09-28,158122,158122,redfin,https://www.redfin.com/VA/Roanoke/4-12-1-2-St-SW-24016/home/131561476,listed,,weekly sweep 2026-09-28,
106 sellers st|24112,"106 Sellers St, Martinsville, VA 24112",24112,2026-09-28,2026-09-28,20000,20000,both,https://www.zillow.com/homedetails/106-Sellers-St-Martinsville-VA-24112/243883051_zpid/,listed,,weekly sweep 2026-09-28,
1618 downey st|24141,"1618 Downey St, Radford, VA 24141",24141,2026-09-28,2026-09-28,130000,130000,both,https://www.redfin.com/VA/Radford/1618-Downey-St-24141/home/68292217,listed,,weekly sweep 2026-09-28,
524 calhoun st|24141,"524 Calhoun St, Radford, VA 24141",24141,2026-09-28,2026-09-28,1175000,1175000,zillow,https://www.zillow.com/homedetails/524-Calhoun-St-Radford-VA-24141/305535949_zpid/,listed,,weekly sweep 2026-09-28,
2153 mulberry st|24153,"2153 Mulberry St #2155-2157-2159, Salem, VA 24153",24153,2026-09-28,2026-09-28,579900,579900,both,https://www.zillow.com/homedetails/2153-Mulberry-St-2155-2157-2159-Salem-VA-24153/458600993_zpid/,listed,,weekly sweep 2026-09-28,
2474 magnolia ave|24416,"2474 Magnolia Ave, Buena Vista, VA 24416",24416,2026-09-28,2026-09-28,2750000,2750000,both,https://www.redfin.com/VA/Buena-Vista/2474-Magnolia-Ave-24416/home/68353476,listed,,weekly sweep 2026-09-28,
1611 floyd st|24501,"1611 Floyd St, Lynchburg, VA 24501",24501,2026-09-28,2026-09-28,119000,119000,zillow,https://www.zillow.com/homedetails/1611-Floyd-St-Lynchburg-VA-24501/79157423_zpid/,listed,,weekly sweep 2026-09-28,
4401 hilltop dr|24502,"4401 Hilltop Dr, Lynchburg, VA 24502",24502,2026-09-28,2026-09-28,349500,349500,zillow,https://www.zillow.com/homedetails/4401-Hilltop-Dr-Lynchburg-VA-24502/79161388_zpid/,listed,,weekly sweep 2026-09-28,
1810 ozone ct|24503,"1810 Ozone Ct, Lynchburg, VA 24503",24503,2026-09-28,2026-09-28,239900,239900,both,https://www.redfin.com/VA/Lynchburg/1810-Ozone-Ct-24503/home/128769015,listed,,weekly sweep 2026-09-28,
613 stiers st|27320,"613 Stiers Street, Reidsville, NC 27320",27320,2026-09-28,2026-09-28,440000,440000,zillow,https://www.zillow.com/homedetails/613-Stiers-St-Reidsville-NC-27320/70123358_zpid/,listed,,weekly sweep 2026-09-28,
106 winston st|27360,"106 Winston St, Thomasville, NC 27360",27360,2026-09-28,2026-09-28,600000,600000,both,https://www.redfin.com/NC/Thomasville/106-Winston-St-27360/home/70503072,listed,,weekly sweep 2026-09-28,
15 college st|27360,"15 College St, Thomasville, NC 27360",27360,2026-09-28,2026-09-28,224000,224000,both,https://www.redfin.com/NC/Thomasville/15-College-St-27360/home/200703195,listed,,weekly sweep 2026-09-28,
2900 mcconnell rd|27401,"2900 McConnell Rd, Greensboro, NC 27401",27401,2026-09-28,2026-09-28,70000,70000,zillow,https://www.zillow.com/homedetails/2900-McConnell-Rd-Greensboro-NC-27401/110589168_zpid/,listed,,weekly sweep 2026-09-28,
106 e dewey st|27530,"106 E Dewey St, Goldsboro, NC 27530",27530,2026-09-28,2026-09-28,469000,469000,both,https://www.redfin.com/NC/Goldsboro/106-E-Dewey-St-27530/home/65007905,listed,,weekly sweep 2026-09-28,
505 e elizabeth st|27576,"505 E Elizabeth St, Selma, NC 27576",27576,2026-09-28,2026-09-28,219900,219900,both,https://www.redfin.com/NC/Selma/505-E-Elizabeth-St-27576/home/43715723,listed,,weekly sweep 2026-09-28,
706 colfax st|27701,"706 Colfax St, Durham, NC 27701",27701,2026-09-28,2026-09-28,269900,269900,both,https://www.redfin.com/NC/Durham/706-Colfax-St-27701/home/43532276,listed,,weekly sweep 2026-09-28,
908 price ave|27701,"908 Price Ave, Durham, NC 27701",27701,2026-09-28,2026-09-28,369900,369900,both,https://www.redfin.com/NC/Durham/908-Price-Ave-27701/home/43532114,listed,,weekly sweep 2026-09-28,
214 n guthrie ave|27703,"214 N Guthrie Ave #A-b, Durham, NC 27703",27703,2026-09-28,2026-09-28,1100000,1100000,both,https://www.zillow.com/homedetails/214-N-Guthrie-Ave-A-B-Durham-NC-27703/465578004_zpid/,listed,,weekly sweep 2026-09-28,
1006 faison st e|27893,"1006 Faison St E, Wilson, NC 27893",27893,2026-09-28,2026-09-28,99999,99999,redfin,https://www.redfin.com/NC/Wilson/1006-Faison-St-E-27893/home/65290276,listed,,weekly sweep 2026-09-28,
503 coggins ave|28001,"503 Coggins Ave, Albemarle, NC 28001",28001,2026-09-28,2026-09-28,545000,545000,both,https://www.zillow.com/homedetails/503-Coggins-Ave-Albemarle-NC-28001/71400528_zpid/,listed,,weekly sweep 2026-09-28,
305 keswick ave|28206,"305 Keswick Ave, Charlotte, NC 28206",28206,2026-09-28,2026-09-28,429900,429900,both,https://www.redfin.com/NC/Charlotte/305-Keswick-Ave-28206/home/43920783,listed,,weekly sweep 2026-09-28,
320 harrison st|28208,"320 Harrison St, Charlotte, NC 28208",28208,2026-09-28,2026-09-28,399000,399000,zillow,https://www.zillow.com/homedetails/320-Harrison-St-Charlotte-NC-28208/6177472_zpid/,listed,,weekly sweep 2026-09-28,
the crane plan|28217,"The Crane Plan, Charlotte, NC 28217",28217,2026-09-28,2026-09-28,1105000,1105000,redfin,https://www.redfin.com/NC/Charlotte/Charlotte/The-Crane/home/205668846,listed,,weekly sweep 2026-09-28,
205 jasper st|28301,"205 Jasper St, Fayetteville, NC 28301",28301,2026-09-28,2026-09-28,345000,345000,both,https://www.redfin.com/NC/Fayetteville/205-Jasper-St-28301/home/197292415,listed,,weekly sweep 2026-09-28,
429 squirrel st|28303,"429 Squirrel St, Fayetteville, NC 28303",28303,2026-09-28,2026-09-28,220000,220000,both,https://www.redfin.com/NC/Fayetteville/429-Squirrel-St-28303/home/125839213,listed,,weekly sweep 2026-09-28,
58645870 aftonshire dr|28304,"5864-5870 Aftonshire Dr, Fayetteville, NC 28304",28304,2026-09-28,2026-09-28,360000,360000,both,https://www.redfin.com/NC/Fayetteville/5870-Aftonshire-Dr-28304/home/125371621,listed,,weekly sweep 2026-09-28,
436 n green st|28655,"436 N Green St, Morganton, NC 28655",28655,2026-09-28,2026-09-28,349900,349900,zillow,https://www.zillow.com/homedetails/436-N-Green-St-Morganton-NC-28655/227229284_zpid/,listed,,weekly sweep 2026-09-28,
148 church park rd|28659,"148 Church Park Rd, North Wilkesboro, NC 28659",28659,2026-09-28,2026-09-28,335000,335000,both,https://www.zillow.com/homedetails/148-Church-Park-Rd-North-Wilkesboro-NC-28659/93097537_zpid/,listed,,weekly sweep 2026-09-28,
11 trout ave|08021,"11 Trout Ave, Clementon, NJ 08021",08021,2026-09-28,2026-09-28,292000,292000,both,https://www.redfin.com/NJ/Clementon/11-Trout-Ave-08021/home/36169794,listed,,weekly sweep 2026-09-28,
219 white horse pike|08021,"219 White Horse Pike, Clementon, NJ 08021",08021,2026-09-28,2026-09-28,254900,254900,both,https://www.redfin.com/NJ/Clementon/219-White-Horse-Pike-08021/home/184895339,listed,,weekly sweep 2026-09-28,yes
221 white horse pike|08021,"221 White Horse Pike, Clementon, NJ 08021",08021,2026-09-28,2026-09-28,249900,249900,both,https://www.redfin.com/NJ/Clementon/221-White-Horse-Pike-08021/home/184895314,listed,,weekly sweep 2026-09-28,yes
223 white horse pike|08021,"223 White Horse Pike, Clementon, NJ 08021",08021,2026-09-28,2026-09-28,239900,239900,both,https://www.redfin.com/NJ/Clementon/223-White-Horse-Pike-08021/home/36167243,listed,,weekly sweep 2026-09-28,yes
231 white horse pike|08021,"231 White Horse Pike, Clementon, NJ 08021",08021,2026-09-28,2026-09-28,259900,259900,both,https://www.redfin.com/NJ/Clementon/231-White-Horse-Pike-08021/home/36167242,listed,,weekly sweep 2026-09-28,yes
15 s forklanding rd|08052,"15 S Forklanding Rd, Maple Shade, NJ 08052",08052,2026-09-28,2026-09-28,395000,395000,both,https://www.redfin.com/NJ/Maple-Shade/15-S-Forklanding-Rd-08052/home/201988170,listed,,weekly sweep 2026-09-28,
100 rancocas rd|08060,"100 Rancocas Rd, Mt Holly, NJ 08060",08060,2026-09-28,2026-09-28,225000,225000,both,https://www.redfin.com/NJ/Mt-Holly/100-Rancocas-Rd-08060/home/188918985,listed,,weekly sweep 2026-09-28,
117 s pavilion ave|08075,"117 S Pavilion Ave, Riverside, NJ 08075",08075,2026-09-28,2026-09-28,419000,419000,both,https://www.redfin.com/NJ/Riverside/117-S-Pavilion-Ave-08075/home/195247567,listed,,weekly sweep 2026-09-28,
257 progress st|08075,"257 Progress St, Riverside, NJ 08075",08075,2026-09-28,2026-09-28,289999,289999,both,https://www.redfin.com/NJ/Riverside/257-Progress-St-08075/home/36026787,listed,,weekly sweep 2026-09-28,
1811 river ave|08105,"1811 River Ave, Camden, NJ 08105",08105,2026-09-28,2026-09-28,375000,375000,both,https://www.redfin.com/NJ/Camden/1811-River-Ave-08105/home/36106010,listed,,weekly sweep 2026-09-28,
2621 westfield ave|08105,"2621 Westfield Ave, Camden, NJ 08105",08105,2026-09-28,2026-09-28,289900,289900,both,https://www.redfin.com/NJ/Camden/2621-Westfield-Ave-08105/home/198197215,listed,,weekly sweep 2026-09-28,yes
2707 westfield ave|08105,"2707 Westfield Ave, Camden, NJ 08105",08105,2026-09-28,2026-09-28,400000,400000,both,https://www.redfin.com/NJ/Camden/2707-Westfield-Ave-08105/home/39897530,listed,,weekly sweep 2026-09-28,
2709 westfield ave|08105,"2709 Westfield Ave, Camden, NJ 08105",08105,2026-09-28,2026-09-28,400000,400000,both,https://www.redfin.com/NJ/Camden/2709-Westfield-Ave-08105/home/40310080,listed,,weekly sweep 2026-09-28,
127 w edgewater ave|08232,"127 W Edgewater Ave, Pleasantville, NJ 08232",08232,2026-09-28,2026-09-28,400000,400000,zillow,https://www.zillow.com/homedetails/127-W-Edgewater-Ave-Pleasantville-NJ-08232/37836719_zpid/,listed,,weekly sweep 2026-09-28,
9 w pleasant ave|08232,"9 W Pleasant Ave, Pleasantville, NJ 08232",08232,2026-09-28,2026-09-28,309999,309999,both,https://www.redfin.com/NJ/Pleasantville/9-W-Pleasant-Ave-08232/home/100491359,listed,,weekly sweep 2026-09-28,
101 s w ave|08360,"101 S West Ave, Vineland, NJ 08360",08360,2026-09-28,2026-09-28,285000,285000,both,https://www.redfin.com/NJ/Vineland/101-S-West-Ave-08360/home/100416660,listed,,weekly sweep 2026-09-28,
1901 s e blvd|08360,"1901 S East Blvd, Vineland, NJ 08360",08360,2026-09-28,2026-09-28,425000,425000,both,https://www.redfin.com/NJ/Vineland/1901-S-East-Blvd-08360/home/100421045,listed,,weekly sweep 2026-09-28,
229 w plum st|08360,"229 W Plum St, Vineland, NJ 08360",08360,2026-09-28,2026-09-28,250000,250000,zillow,https://www.zillow.com/homedetails/229-W-Plum-St-Vineland-NJ-08360/38423767_zpid/,listed,,weekly sweep 2026-09-28,yes
229 w plum|08360,"229 W Plum, Vineland, NJ 08360",08360,2026-09-28,2026-09-28,250000,250000,redfin,https://www.redfin.com/NJ/Vineland/229-W-Plum-St-08360/home/100415426,listed,,weekly sweep 2026-09-28,yes
2399 s main rd|08360,"2399 S Main Rd, Vineland, NJ 08360",08360,2026-09-28,2026-09-28,1350000,1350000,zillow,https://www.zillow.com/homedetails/2399-S-Main-Rd-Vineland-NJ-08360/448095438_zpid/,listed,,weekly sweep 2026-09-28,
2520 n w blvd|08360,"2520 N West Blvd, Vineland, NJ 08360",08360,2026-09-28,2026-09-28,525000,525000,redfin,https://www.redfin.com/NJ/Vineland/2520-West-Blvd-08360/home/199310010,listed,,weekly sweep 2026-09-28,
48 n myrtle st|08360,"48 N Myrtle St, Vineland, NJ 08360",08360,2026-09-28,2026-09-28,323900,323900,both,https://www.redfin.com/NJ/Vineland/48-N-Myrtle-St-08360/home/100415249,listed,,weekly sweep 2026-09-28,
520 gilmore st|08360,"520 Gilmore St, Vineland, NJ 08360",08360,2026-09-28,2026-09-28,250000,250000,both,https://www.redfin.com/NJ/Vineland/520-Gilmore-St-08360/home/100414143,listed,,weekly sweep 2026-09-28,yes
710 e quince st|08360,"710 E Quince St, Vineland, NJ 08360",08360,2026-09-28,2026-09-28,250000,250000,both,https://www.redfin.com/NJ/Vineland/710-E-Quince-St-08360/home/100417028,listed,,weekly sweep 2026-09-28,yes
715 e montrose st|08360,"715 E Montrose St, Vineland, NJ 08360",08360,2026-09-28,2026-09-28,250000,250000,both,https://www.redfin.com/NJ/Vineland/715-E-Montrose-St-08360/home/100417169,listed,,weekly sweep 2026-09-28,yes
916 e chestnut ave|08360,"916 E Chestnut Ave, Vineland, NJ 08360",08360,2026-09-28,2026-09-28,330000,330000,both,https://www.redfin.com/NJ/Vineland/916-E-Chestnut-Ave-08360/home/100417381,listed,,weekly sweep 2026-09-28,
104 s massachusetts ave|08401,"104 S Massachusetts Ave, Atlantic City, NJ 08401",08401,2026-09-28,2026-09-28,750000,750000,redfin,https://www.redfin.com/NJ/Atlantic-City/104-S-Massachusetts-Ave-08401/home/100502543,listed,,weekly sweep 2026-09-28,
107 st davids pl|08401,"107 Saint Davids Pl, Atlantic City, NJ 08401",08401,2026-09-28,2026-09-28,200000,200000,both,https://www.redfin.com/NJ/Atlantic-City/107-Saint-Davids-Pl-08401/home/100505480,listed,,weekly sweep 2026-09-28,
111 oriental ave|08401,"111 Oriental Ave, Atlantic City, NJ 08401",08401,2026-09-28,2026-09-28,799000,799000,both,https://www.redfin.com/NJ/Atlantic-City/111-Oriental-Ave-08401/home/100502433,listed,,weekly sweep 2026-09-28,
1115 arctic ave|08401,"1115 Arctic Ave, Atlantic City, NJ 08401",08401,2026-09-28,2026-09-28,272000,272000,redfin,https://www.redfin.com/NJ/Atlantic-City/1115-Arctic-Ave-08401/home/59124823,listed,,weekly sweep 2026-09-28,
112 s raleigh ave|08401,"112 S Raleigh Ave, Atlantic City, NJ 08401",08401,2026-09-28,2026-09-28,1199000,1199000,redfin,https://www.redfin.com/NJ/Atlantic-City/112-S-Raleigh-Ave-08401/home/59721628,listed,,weekly sweep 2026-09-28,
114 s raleigh ave|08401,"114 S Raleigh Ave, Atlantic City, NJ 08401",08401,2026-09-28,2026-09-28,1549900,1549900,both,https://www.redfin.com/NJ/Atlantic-City/114-S-Raleigh-Ave-08401/home/100500833,listed,,weekly sweep 2026-09-28,
117 s texas ave|08401,"117 S Texas Ave, Atlantic City, NJ 08401",08401,2026-09-28,2026-09-28,360000,360000,redfin,https://www.redfin.com/NJ/Atlantic-City/117-S-Texas-Ave-08401/home/100502120,listed,,weekly sweep 2026-09-28,
123 s berkley sq|08401,"123 S Berkley Sq, Atlantic City, NJ 08401",08401,2026-09-28,2026-09-28,1150000,1150000,redfin,https://www.redfin.com/NJ/Atlantic-City/123-S-Berkley-Sq-08401/home/100500563,listed,,weekly sweep 2026-09-28,
125 n kingston ave|08401,"125 N Kingston Ave, Atlantic City, NJ 08401",08401,2026-09-28,2026-09-28,569000,569000,zillow,https://www.zillow.com/homedetails/125-N-Kingston-Ave-Atlantic-City-NJ-08401/52666715_zpid/,listed,,weekly sweep 2026-09-28,
14 n providence ave|08401,"14 N Providence Ave, Atlantic City, NJ 08401",08401,2026-09-28,2026-09-28,958000,958000,redfin,https://www.redfin.com/NJ/Atlantic-City/14-N-Providence-Ave-08401/home/100445265,listed,,weekly sweep 2026-09-28,
1501 beach ave|08401,"1501 Beach Ave, Atlantic City, NJ 08401",08401,2026-09-28,2026-09-28,415000,415000,redfin,https://www.redfin.com/NJ/Atlantic-City/1501-Beach-Ave-08401/home/100506976,listed,,weekly sweep 2026-09-28,
1532 emerson ave|08401,"1532 Emerson Ave, Atlantic City, NJ 08401",08401,2026-09-28,2026-09-28,430000,430000,both,https://www.redfin.com/NJ/Atlantic-City/1532-Emerson-Ave-08401/home/100507010,listed,,weekly sweep 2026-09-28,
1658 w riverside dr|08401,"1658 W Riverside Dr, Atlantic City, NJ 08401",08401,2026-09-28,2026-09-28,799900,799900,redfin,https://www.redfin.com/NJ/Atlantic-City/1658-W-Riverside-Dr-08401/home/100507169,listed,,weekly sweep 2026-09-28,
17 n sovereign ave|08401,"17 N Sovereign Ave, Atlantic City, NJ 08401",08401,2026-09-28,2026-09-28,650000,650000,redfin,https://www.redfin.com/NJ/Atlantic-City/17-N-Sovereign-Ave-08401/home/59124511,listed,,weekly sweep 2026-09-28,
17 s presbyterian ave|08401,"17 S Presbyterian Ave, Atlantic City, NJ 08401",08401,2026-09-28,2026-09-28,400000,400000,both,https://www.redfin.com/NJ/Atlantic-City/17-S-Presbyterian-Ave-08401/home/205647761,listed,,weekly sweep 2026-09-28,
1815 hummock ave|08401,"1815 Hummock Ave, Atlantic City, NJ 08401",08401,2026-09-28,2026-09-28,344000,344000,redfin,https://www.redfin.com/NJ/Atlantic-City/1815-Hummock-Ave-08401/home/59124705,listed,,weekly sweep 2026-09-28,
1816 hummock ave|08401,"1816 Hummock Ave, Atlantic City, NJ 08401",08401,2026-09-28,2026-09-28,369900,369900,redfin,https://www.redfin.com/NJ/Atlantic-City/1816-Hummock-Ave-08401/home/100506162,listed,,weekly sweep 2026-09-28,
203 n s carolina ave|08401,"203 N South Carolina Ave, Atlantic City, NJ 08401",08401,2026-09-28,2026-09-28,340000,340000,redfin,https://www.redfin.com/NJ/Atlantic-City/203-N-South-Carolina-Ave-08401/home/100505734,listed,,weekly sweep 2026-09-28,
205 s vermont ave|08401,"205 S Vermont Ave Ave, Atlantic City, NJ 08401",08401,2026-09-28,2026-09-28,540000,540000,redfin,https://www.redfin.com/NJ/Atlantic-City/205-S-Vermont-Ave-08401/home/100502160,listed,,weekly sweep 2026-09-28,
2104 grant ave|08401,"2104 Grant Ave, Atlantic City, NJ 08401",08401,2026-09-28,2026-09-28,238800,238800,redfin,https://www.redfin.com/NJ/Atlantic-City/2104-Grant-Ave-08401/home/100506143,listed,,weekly sweep 2026-09-28,yes
22 s georgia ave|08401,"22 South Georgia Ave, Atlantic City, NJ 08401",08401,2026-09-28,2026-09-28,329000,329000,redfin,https://www.redfin.com/NJ/Atlantic-City/22-S-Georgia-Ave-08401/home/62249215,listed,,weekly sweep 2026-09-28,
2223 kuehnle ave|08401,"2223 Kuehnle Ave, Atlantic City, NJ 08401",08401,2026-09-28,2026-09-28,499000,499000,redfin,https://www.redfin.com/NJ/Atlantic-City/2223-Kuehnle-Ave-08401/home/100507133,listed,,weekly sweep 2026-09-28,
2521 centennial ave|08401,"2521 Centennial Ave, Atlantic City, NJ 08401",08401,2026-09-28,2026-09-28,220000,220000,redfin,https://www.redfin.com/NJ/Atlantic-City/2521-Centennial-Ave-08401/home/59127530,listed,,weekly sweep 2026-09-28,
307 grammercy pl|08401,"307 Grammercy Pl, Atlantic City, NJ 08401",08401,2026-09-28,2026-09-28,299000,299000,redfin,https://www.redfin.com/NJ/Atlantic-City/307-Grammercy-Pl-08401/home/100503235,listed,,weekly sweep 2026-09-28,
3805 ventnor ave|08401,"3805 Ventnor Ave, Atlantic City, NJ 08401",08401,2026-09-28,2026-09-28,479900,479900,redfin,https://www.redfin.com/NJ/Atlantic-City/3805-Ventnor-Ave-08401/home/100440125,listed,,weekly sweep 2026-09-28,
3816 ventnor ave|08401,"3816 Ventnor Ave, Atlantic City, NJ 08401",08401,2026-09-28,2026-09-28,549900,549900,zillow,https://www.zillow.com/homedetails/3816-Ventnor-Ave-Atlantic-City-NJ-08401/2112237041_zpid/,listed,,weekly sweep 2026-09-28,
3901 s blvd|08401,"3901 S Blvd Blvd, Atlantic City, NJ 08401",08401,2026-09-28,2026-09-28,549900,549900,both,https://www.redfin.com/NJ/Atlantic-City/3901-South-Blvd-08401/home/100505376,listed,,weekly sweep 2026-09-28,
426 n connecticut ave|08401,"426 N Connecticut Ave, Atlantic City, NJ 08401",08401,2026-09-28,2026-09-28,260000,260000,zillow,https://www.zillow.com/homedetails/426-N-Connecticut-Ave-Atlantic-City-NJ-08401/52669402_zpid/,listed,,weekly sweep 2026-09-28,
46 s elberon ave|08401,"46 S Elberon Ave, Atlantic City, NJ 08401",08401,2026-09-28,2026-09-28,549000,549000,redfin,https://www.redfin.com/NJ/Atlantic-City/46-S-Elberon-Ave-08401/home/100503449,listed,,weekly sweep 2026-09-28,
55 s elberon ave|08401,"55 S Elberon Ave, Atlantic City, NJ 08401",08401,2026-09-28,2026-09-28,599000,599000,redfin,https://www.redfin.com/NJ/Atlantic-City/55-S-Elberon-Ave-08401/home/100503440,listed,,weekly sweep 2026-09-28,
65 n laclede pl|08401,"65 N Laclede Pl, Atlantic City, NJ 08401",08401,2026-09-28,2026-09-28,579000,579000,redfin,https://www.redfin.com/NJ/Atlantic-City/65-N-Laclede-Pl-08401/home/100504088,listed,,weekly sweep 2026-09-28,
716 drexel ave|08401,"716 Drexel Ave, Atlantic City, NJ 08401",08401,2026-09-28,2026-09-28,285000,285000,redfin,https://www.redfin.com/NJ/Atlantic-City/716-Drexel-Ave-08401/home/100505696,listed,,weekly sweep 2026-09-28,
925 atlantic ave|08401,"925 Atlantic Ave, Atlantic City, NJ 08401",08401,2026-09-28,2026-09-28,1070000,1070000,redfin,https://www.redfin.com/NJ/Atlantic-City/925-Atlantic-Ave-08401/home/100504474,listed,,weekly sweep 2026-09-28,
100 garfield ave|13760,"100 Garfield Ave, Endicott, NY 13760",13760,2026-09-28,2026-09-28,293900,293900,redfin,https://www.redfin.com/NY/Endicott/100-Garfield-Ave-13760/home/114483314,listed,,weekly sweep 2026-09-28,
102 arthur ave|13760,"102 Arthur Ave Ave, Endicott, NY 13760",13760,2026-09-28,2026-09-28,179000,179000,both,https://www.redfin.com/NY/Endicott/102-Arthur-Ave-13760/home/115633744,listed,,weekly sweep 2026-09-28,yes
105 madison ave|13760,"105 Madison Ave, Endicott, NY 13760",13760,2026-09-28,2026-09-28,50000,50000,zillow,https://www.zillow.com/homedetails/105-Madison-Ave-Endicott-NY-13760/2120926712_zpid/,listed,,weekly sweep 2026-09-28,
107 e franklin st|13760,"107 E Franklin St #2, Endicott, NY 13760",13760,2026-09-28,2026-09-28,149900,149900,redfin,https://www.redfin.com/NY/Endicott/107-E-Franklin-St-13760/unit-2/home/204624064,listed,,weekly sweep 2026-09-28,yes
1109 broad st|13760,"1109 Broad Street St, Endicott, NY 13760",13760,2026-09-28,2026-09-28,275000,275000,redfin,https://www.redfin.com/NY/Endicott/1109-Broad-St-13760/home/114829865,listed,,weekly sweep 2026-09-28,
111 s page ave|13760,"111 S Page Ave, Endicott, NY 13760",13760,2026-09-28,2026-09-28,145000,145000,redfin,https://www.redfin.com/NY/Endicott/111-S-Page-Ave-13760/home/114375881,listed,,weekly sweep 2026-09-28,yes
13 lincoln ave|13760,"13 Lincoln Ave, Endicott, NY 13760",13760,2026-09-28,2026-09-28,139000,139000,redfin,https://www.redfin.com/NY/Endicott/13-Lincoln-Ave-13760/home/114363949,listed,,weekly sweep 2026-09-28,yes
14 n loder ave|13760,"14 N Loder Ave, Endicott, NY 13760",13760,2026-09-28,2026-09-28,159000,159000,redfin,https://www.redfin.com/NY/Endicott/14-N-Loder-Ave-13760/home/114258073,listed,,weekly sweep 2026-09-28,yes
1703 watson blvd|13760,"1703 Watson Blvd, Endicott, NY 13760",13760,2026-09-28,2026-09-28,150000,150000,both,https://www.redfin.com/NY/Endicott/1703-Watson-Blvd-13760/home/114884509,listed,,weekly sweep 2026-09-28,yes
1705 e main st|13760,"1705 E Main Street St, Endicott, NY 13760",13760,2026-09-28,2026-09-28,159999,159999,redfin,https://www.redfin.com/NY/Endicott/1705-E-Main-St-13760/home/114564995,listed,,weekly sweep 2026-09-28,yes
1900 e main st e|13760,"1900 E Main St E, Endicott, NY 13760",13760,2026-09-28,2026-09-28,199500,199500,redfin,https://www.redfin.com/NY/Endicott/1900-E-Main-St-13760/home/115502018,listed,,weekly sweep 2026-09-28,
207 prospect st|13760,"207 Prospect St, Endicott, NY 13760",13760,2026-09-28,2026-09-28,230000,230000,redfin,https://www.redfin.com/NY/Endicott/207-Prospect-St-13760/home/115569781,listed,,weekly sweep 2026-09-28,
211 frey ave|13760,"211 Frey Ave, Endicott, NY 13760",13760,2026-09-28,2026-09-28,289000,289000,redfin,https://www.redfin.com/NY/Endicott/211-Frey-Ave-13760/home/115152556,listed,,weekly sweep 2026-09-28,
215 oak hill ave|13760,"215 Oak Hill Ave, Endicott, NY 13760",13760,2026-09-28,2026-09-28,165000,165000,both,https://www.redfin.com/NY/Endicott/215-Oak-Hill-Ave-13760/home/115429830,listed,,weekly sweep 2026-09-28,yes
3004 watson blvd|13760,"3004 Watson Blvd, Endicott, NY 13760",13760,2026-09-28,2026-09-28,250000,250000,redfin,https://www.redfin.com/NY/Endicott/3004-Watson-Blvd-13760/home/115401697,listed,,weekly sweep 2026-09-28,
303 rogers ave|13760,"303 Rogers Ave, Endicott, NY 13760",13760,2026-09-28,2026-09-28,199000,199000,both,https://www.redfin.com/NY/Endicott/303-Rogers-Ave-13760/home/115358834,listed,,weekly sweep 2026-09-28,
306 booth ave|13760,"306 Booth Avenue Ave, Endicott, NY 13760",13760,2026-09-28,2026-09-28,179000,179000,redfin,https://www.redfin.com/NY/Endicott/306-Booth-Ave-13760/home/115562913,listed,,weekly sweep 2026-09-28,yes
319 rogers ave|13760,"319 Rogers Ave, Endicott, NY 13760",13760,2026-09-28,2026-09-28,225000,225000,redfin,https://www.redfin.com/NY/Endicott/319-Rogers-Ave-13760/home/115499620,listed,,weekly sweep 2026-09-28,
3228 wayne st|13760,"3228 Wayne St, Endicott, NY 13760",13760,2026-09-28,2026-09-28,230000,230000,both,https://www.redfin.com/NY/Endicott/3228-Wayne-St-13760/home/114885520,listed,,weekly sweep 2026-09-28,
327 hill ave|13760,"327 Hill Ave, Endicott, NY 13760",13760,2026-09-28,2026-09-28,39900,39900,both,https://www.redfin.com/NY/Endicott/327-Hill-Ave-13760/home/115147363,listed,,weekly sweep 2026-09-28,
49 hooper rd|13760,"49 Hooper Rd, Endicott, NY 13760",13760,2026-09-28,2026-09-28,215000,215000,redfin,https://www.redfin.com/NY/Endicott/49-Hooper-Rd-13760/home/114252063,listed,,weekly sweep 2026-09-28,
512 n rogers ave|13760,"512 N Rogers Ave, Endicott, NY 13760",13760,2026-09-28,2026-09-28,275000,275000,both,https://www.redfin.com/NY/Endicott/512-N-Rogers-Ave-13760/home/115268698,listed,,weekly sweep 2026-09-28,
617 n nanticoke ave|13760,"617 N Nanticoke Ave, Endicott, NY 13760",13760,2026-09-28,2026-09-28,199900,199900,redfin,https://www.redfin.com/NY/Endicott/617-N-Nanticoke-Ave-13760/home/115633017,listed,,weekly sweep 2026-09-28,
6198 state route 17c|13760,"6198 State Route 17c, Endicott, NY 13760",13760,2026-09-28,2026-09-28,139900,139900,both,https://www.redfin.com/NY/Endicott/6198-State-Route-17C-13760/home/139852114,listed,,weekly sweep 2026-09-28,yes
705 broad st|13760,"705 Broad St, Endicott, NY 13760",13760,2026-09-28,2026-09-28,160000,160000,redfin,https://www.redfin.com/NY/Endicott/705-Broad-St-13760/home/115531468,listed,,weekly sweep 2026-09-28,yes
901 monroe st|13760,"901 Monroe St, Endicott, NY 13760",13760,2026-09-28,2026-09-28,169000,169000,redfin,https://www.redfin.com/NY/Endicott/901-Monroe-St-13760/home/115653823,listed,,weekly sweep 2026-09-28,yes
916 irving ave|13760,"916 Irving Ave, Endicott, NY 13760",13760,2026-09-28,2026-09-28,235000,235000,redfin,https://www.redfin.com/NY/Endicott/916-Irving-Ave-13760/home/114152832,listed,,weekly sweep 2026-09-28,yes
928 windsor dr|13760,"928 Windsor Dr, Endicott, NY 13760",13760,2026-09-28,2026-09-28,199900,199900,redfin,https://www.redfin.com/NY/Endicott/928-Windsor-Dr-13760/home/115100137,listed,,weekly sweep 2026-09-28,yes
100 st charles st|13790,"100 St Charles St, Johnson City, NY 13790",13790,2026-09-28,2026-09-28,139900,139900,redfin,https://www.redfin.com/NY/Johnson-City/100-Saint-Charles-St-13790/home/115474126,listed,,weekly sweep 2026-09-28,
106 main st|13790,"106 Main St, Johnson City, NY 13790",13790,2026-09-28,2026-09-28,269900,269900,both,https://www.redfin.com/NY/Johnson-City/106-Main-St-13790/home/114885304,listed,,weekly sweep 2026-09-28,
127 burbank ave|13790,"127 Burbank Ave, Johnson City, NY 13790",13790,2026-09-28,2026-09-28,150000,150000,redfin,https://www.redfin.com/NY/Johnson-City/127-Burbank-Ave-13790/home/115535735,listed,,weekly sweep 2026-09-28,
1434 oakdale rd|13790,"1434 Oakdale Rd, Johnson City, NY 13790",13790,2026-09-28,2026-09-28,239900,239900,both,https://www.redfin.com/NY/Johnson-City/1434-Oakdale-Rd-13790/home/115402859,listed,,weekly sweep 2026-09-28,
1517 massachusetts ave|13790,"15-17 Massachusetts Ave, Johnson City, NY 13790",13790,2026-09-28,2026-09-28,219000,219000,zillow,https://www.zillow.com/homedetails/15-17-Massachusetts-Ave-Johnson-City-NY-13790/2075392467_zpid/,listed,,weekly sweep 2026-09-28,yes
154 st charles st|13790,"154 Saint Charles St, Johnson City, NY 13790",13790,2026-09-28,2026-09-28,94900,94900,both,https://www.redfin.com/NY/Johnson-City/154-Saint-Charles-St-13790/home/114796756,listed,,weekly sweep 2026-09-28,
163 ackley ave|13790,"163 Ackley Ave, Johnson City, NY 13790",13790,2026-09-28,2026-09-28,190000,190000,both,https://www.redfin.com/NY/Johnson-City/163-Ackley-Ave-13790/home/115464122,listed,,weekly sweep 2026-09-28,yes
179 181 corliss ave|13790,"179 & 181 Corliss Ave, Johnson City, NY 13790",13790,2026-09-28,2026-09-28,210000,210000,redfin,https://www.redfin.com/NY/Johnson-City/179-Corliss-Ave-13790/home/114349530,listed,,weekly sweep 2026-09-28,yes
191 hudson st|13790,"191 Hudson St, Johnson City, NY 13790",13790,2026-09-28,2026-09-28,294900,294900,both,https://www.redfin.com/NY/Johnson-City/191-Hudson-St-13790/home/115462125,listed,,weekly sweep 2026-09-28,
217 lester ave|13790,"217 Lester Ave, Johnson City, NY 13790",13790,2026-09-28,2026-09-28,279000,279000,both,https://www.redfin.com/NY/Johnson-City/217-Lester-Ave-13790/home/115535089,listed,,weekly sweep 2026-09-28,
230 st charles st|13790,"230 St Charles Street St, Johnson City, NY 13790",13790,2026-09-28,2026-09-28,105000,105000,both,https://www.redfin.com/NY/Johnson-City/230-Saint-Charles-St-13790/home/115124498,listed,,weekly sweep 2026-09-28,
26 nassau st|13790,"26 Nassau St, Johnson City, NY 13790",13790,2026-09-28,2026-09-28,189000,189000,redfin,https://www.redfin.com/NY/Johnson-City/26-Nassau-St-13790/home/115148976,listed,,weekly sweep 2026-09-28,yes
276 harry l dr|13790,"276 Harry L Dr Dr, Johnson City, NY 13790",13790,2026-09-28,2026-09-28,100000,100000,redfin,https://www.redfin.com/NY/Johnson-City/276-Harry-L-Dr-13790/home/114524447,listed,,weekly sweep 2026-09-28,
32 brown st|13790,"32 Brown St, Johnson City, NY 13790",13790,2026-09-28,2026-09-28,100000,100000,redfin,https://www.redfin.com/NY/Johnson-City/32-Brown-St-13790/home/114521972,listed,,weekly sweep 2026-09-28,
32 farr ave|13790,"32 Farr Ave, Johnson City, NY 13790",13790,2026-09-28,2026-09-28,175000,175000,redfin,https://www.redfin.com/NY/Johnson-City/32-Farr-Ave-13790/home/114567236,listed,,weekly sweep 2026-09-28,
56 n broad st|13790,"56 N Broad St, Johnson City, NY 13790",13790,2026-09-28,2026-09-28,175000,175000,redfin,https://www.redfin.com/NY/Johnson-City/56-N-Broad-St-13790/home/115684693,listed,,weekly sweep 2026-09-28,yes
5759 albert st|13790,"57-59 Albert St St, Johnson City, NY 13790",13790,2026-09-28,2026-09-28,260000,260000,redfin,https://www.redfin.com/NY/Johnson-City/57-59-Albert-St-13790/home/187758956,listed,,weekly sweep 2026-09-28,
61 zoa ave|13790,"61 Zoa Ave, Johnson City, NY 13790",13790,2026-09-28,2026-09-28,265000,265000,both,https://www.redfin.com/NY/Johnson-City/61-Zoa-Ave-13790/home/114885203,listed,,weekly sweep 2026-09-28,
64 st charles st|13790,"64 St Charles St St, Johnson City, NY 13790",13790,2026-09-28,2026-09-28,195000,195000,redfin,https://www.redfin.com/NY/Johnson-City/64-Saint-Charles-St-13790/home/114370060,listed,,weekly sweep 2026-09-28,yes
90909094 state route 38|13811,"9090-9094 State Route 38, Newark Valley, NY 13811",13811,2026-09-28,2026-09-28,138600,138600,zillow,https://www.zillow.com/homedetails/9090-9094-State-Route-38-Newark-Valley-NY-13811/459911607_zpid/,listed,,weekly sweep 2026-09-28,yes
11 talcott st|13827,"11 Talcott St, Owego, NY 13827",13827,2026-09-28,2026-09-28,425000,425000,zillow,https://www.zillow.com/homedetails/11-Talcott-St-Owego-NY-13827/32801713_zpid/,listed,,weekly sweep 2026-09-28,
55 mcmaster st|13827,"55 McMaster St #4, Owego, NY 13827",13827,2026-09-28,2026-09-28,239900,239900,zillow,https://www.zillow.com/homedetails/55-McMaster-St-4-Owego-NY-13827/461553614_zpid/,listed,,weekly sweep 2026-09-28,
70 adaline st|13827,"70 Adaline St, Owego, NY 13827",13827,2026-09-28,2026-09-28,184000,184000,zillow,https://www.zillow.com/homedetails/70-Adaline-St-Owego-NY-13827/2095601852_zpid/,listed,,weekly sweep 2026-09-28,yes
8084 main st|13827,"80-84 Main St, Owego, NY 13827",13827,2026-09-28,2026-09-28,565000,565000,zillow,https://www.zillow.com/homedetails/80-84-Main-St-Owego-NY-13827/461994636_zpid/,listed,,weekly sweep 2026-09-28,
171 front st|13850,"171 Front St, Vestal, NY 13850",13850,2026-09-28,2026-09-28,615000,615000,zillow,https://www.zillow.com/homedetails/171-Front-St-Vestal-NY-13850/142776951_zpid/,listed,,weekly sweep 2026-09-28,
205 rano blvd|13850,"205 Rano Blvd, Vestal, NY 13850",13850,2026-09-28,2026-09-28,699900,699900,zillow,https://www.zillow.com/homedetails/205-Rano-Blvd-Vestal-NY-13850/464192077_zpid/,listed,,weekly sweep 2026-09-28,
2100 owego rd|13850,"2100 Owego Rd Rd, Vestal, NY 13850",13850,2026-09-28,2026-09-28,175000,175000,both,https://www.redfin.com/NY/Vestal/2100-Owego-Rd-13850/home/115110519,listed,,weekly sweep 2026-09-28,
321 marion st|13850,"321 Marion St, Vestal, NY 13850",13850,2026-09-28,2026-09-28,125000,125000,zillow,https://www.zillow.com/homedetails/321-Marion-St-Vestal-NY-13850/142777686_zpid/,listed,,weekly sweep 2026-09-28,
12 sturges st|13901,"1/2 Sturges St St, Binghamton, NY 13901",13901,2026-09-28,2026-09-28,149995,149995,redfin,https://www.redfin.com/NY/Binghamton/1-Sturges-St-13901/unit-2/home/201845617,listed,,weekly sweep 2026-09-28,
111 eldredge st|13901,"111 Eldredge St St, Binghamton, NY 13901",13901,2026-09-28,2026-09-28,219900,219900,both,https://www.redfin.com/NY/Binghamton/111-Eldredge-St-13901/home/115553224,listed,,weekly sweep 2026-09-28,yes
1143 river rd|13901,"1143 River Rd, Binghamton, NY 13901",13901,2026-09-28,2026-09-28,199900,199900,both,https://www.redfin.com/NY/Binghamton/1143-River-Rd-13901/home/115258197,listed,,weekly sweep 2026-09-28,yes
12 jay st|13901,"12 Jay St, Binghamton, NY 13901",13901,2026-09-28,2026-09-28,140000,140000,both,https://www.redfin.com/NY/Binghamton/12-Jay-St-13901/home/114402784,listed,,weekly sweep 2026-09-28,
155 susquehanna st|13901,"155 Susquehanna Street St, Binghamton, NY 13901",13901,2026-09-28,2026-09-28,60000,60000,both,https://www.redfin.com/NY/Binghamton/155-Susquehanna-St-13901/home/114408756,listed,,weekly sweep 2026-09-28,
17 way st|13901,"17 Way St, Binghamton, NY 13901",13901,2026-09-28,2026-09-28,100000,100000,redfin,https://www.redfin.com/NY/Binghamton/17-Way-St-13901/home/114813198,listed,,weekly sweep 2026-09-28,
190 henry st|13901,"190 Henry St, Binghamton, NY 13901",13901,2026-09-28,2026-09-28,150000,150000,redfin,https://www.redfin.com/NY/Binghamton/190-Henry-St-13901/home/115230356,listed,,weekly sweep 2026-09-28,
23 deforest st|13901,"23 Deforest St, Binghamton, NY 13901",13901,2026-09-28,2026-09-28,75000,75000,both,https://www.redfin.com/NY/Binghamton/23-Deforest-St-13901/home/115290273,listed,,weekly sweep 2026-09-28,
23 stuyvesant st|13901,"23 Stuyvesant St St, Binghamton, NY 13901",13901,2026-09-28,2026-09-28,204900,204900,redfin,https://www.redfin.com/NY/Binghamton/23-Stuyvesant-St-13901/home/115253313,listed,,weekly sweep 2026-09-28,
27 stuyvesant st|13901,"27 Stuyvesant St St, Binghamton, NY 13901",13901,2026-09-28,2026-09-28,274900,274900,both,https://www.redfin.com/NY/Binghamton/27-Stuyvesant-St-13901/home/115230072,listed,,weekly sweep 2026-09-28,
274 chenango st|13901,"274 Chenango St St, Binghamton, NY 13901",13901,2026-09-28,2026-09-28,299900,299900,both,https://www.redfin.com/NY/Binghamton/274-Chenango-St-13901/home/114409371,listed,,weekly sweep 2026-09-28,
34 pearne st|13901,"34 Pearne St, Binghamton, NY 13901",13901,2026-09-28,2026-09-28,100000,100000,redfin,https://www.redfin.com/NY/Binghamton/34-Pearne-St-13901/home/114409976,listed,,weekly sweep 2026-09-28,
40 robinson st|13901,"40 Robinson St, Binghamton, NY 13901",13901,2026-09-28,2026-09-28,90000,90000,redfin,https://www.redfin.com/NY/Binghamton/40-Robinson-St-13901/home/115547603,listed,,weekly sweep 2026-09-28,
465 chenango st|13901,"465 Chenango St, Binghamton, NY 13901",13901,2026-09-28,2026-09-28,134000,134000,both,https://www.redfin.com/NY/Binghamton/465-Chenango-St-13901/home/114500451,listed,,weekly sweep 2026-09-28,yes
66 12 morgan st|13901,"6-6 1/2 Morgan St, Binghamton, NY 13901",13901,2026-09-28,2026-09-28,140000,140000,redfin,https://www.redfin.com/NY/Binghamton/10-1-2-Morgan-St-13901/home/204544622,listed,,weekly sweep 2026-09-28,
736 river rd|13901,"736 River Rd, Binghamton, NY 13901",13901,2026-09-28,2026-09-28,189900,189900,both,https://www.redfin.com/NY/Binghamton/736-River-Rd-13901/home/115519176,listed,,weekly sweep 2026-09-28,yes
11 vine st|13903,"11 Vine St, Binghamton, NY 13903",13903,2026-09-28,2026-09-28,117500,117500,both,https://www.redfin.com/NY/Binghamton/11-Vine-St-13903/home/114136567,listed,,weekly sweep 2026-09-28,yes
13 aldrich ave|13903,"13 Aldrich Ave, Binghamton, NY 13903",13903,2026-09-28,2026-09-28,185000,185000,zillow,https://www.zillow.com/homedetails/13-Aldrich-Ave-Binghamton-NY-13903/29724604_zpid/,listed,,weekly sweep 2026-09-28,yes
15 telegraph st|13903,"15 Telegraph St, Binghamton, NY 13903",13903,2026-09-28,2026-09-28,132000,132000,redfin,https://www.redfin.com/NY/Binghamton/15-Telegraph-St-13903/home/115588952,listed,,weekly sweep 2026-09-28,yes
2 burr ave|13903,"2 Burr Ave, Binghamton, NY 13903",13903,2026-09-28,2026-09-28,265000,265000,redfin,https://www.redfin.com/NY/Binghamton/2-Burr-Ave-13903/home/115590754,listed,,weekly sweep 2026-09-28,
22 sherwood ave|13903,"22 Sherwood Ave, Binghamton, NY 13903",13903,2026-09-28,2026-09-28,299000,299000,both,https://www.redfin.com/NY/Binghamton/22-Sherwood-Ave-13903/home/114819177,listed,,weekly sweep 2026-09-28,
25 telegraph st|13903,"25 Telegraph St, Binghamton, NY 13903",13903,2026-09-28,2026-09-28,141900,141900,both,https://www.redfin.com/NY/Binghamton/25-Telegraph-St-13903/home/114335350,listed,,weekly sweep 2026-09-28,yes
3 burr ave|13903,"3 Burr Ave Ave, Binghamton, NY 13903",13903,2026-09-28,2026-09-28,174000,174000,redfin,https://www.redfin.com/NY/Binghamton/3-Burr-Ave-13903/home/115068988,listed,,weekly sweep 2026-09-28,yes
30 telegraph st|13903,"30 Telegraph St St, Binghamton, NY 13903",13903,2026-09-28,2026-09-28,149900,149900,both,https://www.redfin.com/NY/Binghamton/30-Telegraph-St-13903/home/114400203,listed,,weekly sweep 2026-09-28,yes
304 conklin ave|13903,"304 Conklin Ave, Binghamton, NY 13903",13903,2026-09-28,2026-09-28,265000,265000,redfin,https://www.redfin.com/NY/Binghamton/304-Conklin-Ave-13903/home/115488463,listed,,weekly sweep 2026-09-28,
5 genesee ave|13903,"5 Genesee Ave, Binghamton, NY 13903",13903,2026-09-28,2026-09-28,199000,199000,both,https://www.redfin.com/NY/Binghamton/5-Genesee-Ave-13903/home/115588939,listed,,weekly sweep 2026-09-28,
55 tompkins st|13903,"55 Tompkins St St, Binghamton, NY 13903",13903,2026-09-28,2026-09-28,249900,249900,both,https://www.redfin.com/NY/Binghamton/55-Tompkins-St-13903/home/114910552,listed,,weekly sweep 2026-09-28,
6 birch st|13903,"6 Birch St St, Binghamton, NY 13903",13903,2026-09-28,2026-09-28,159000,159000,redfin,https://www.redfin.com/NY/Binghamton/6-Birch-St-13903/home/115552803,listed,,weekly sweep 2026-09-28,yes
6 stone st|13903,"6 Stone St, Binghamton, NY 13903",13903,2026-09-28,2026-09-28,150000,150000,both,https://www.redfin.com/NY/Binghamton/6-Stone-St-13903/home/114812546,listed,,weekly sweep 2026-09-28,yes
67 s washington st|13903,"67 S Washington St, Binghamton, NY 13903",13903,2026-09-28,2026-09-28,105500,105500,redfin,https://www.redfin.com/NY/Binghamton/67-S-Washington-St-13903/home/115589025,listed,,weekly sweep 2026-09-28,
725 mary st|13903,"72.5 Mary St #5, Binghamton, NY 13903",13903,2026-09-28,2026-09-28,155000,155000,zillow,https://www.zillow.com/homedetails/72-5-Mary-St-5-Binghamton-NY-13903/464324934_zpid/,listed,,weekly sweep 2026-09-28,yes
81 baldwin st|13903,"81 Baldwin St, Binghamton, NY 13903",13903,2026-09-28,2026-09-28,198000,198000,redfin,https://www.redfin.com/NY/Binghamton/81-Baldwin-St-13903/home/115215459,listed,,weekly sweep 2026-09-28,
11 burton ave|13904,"11 Burton Ave, Binghamton, NY 13904",13904,2026-09-28,2026-09-28,139000,139000,both,https://www.redfin.com/NY/Binghamton/11-Burton-Ave-13904/home/115395622,listed,,weekly sweep 2026-09-28,yes
12 burton ave|13904,"12 Burton Ave, Binghamton, NY 13904",13904,2026-09-28,2026-09-28,179000,179000,both,https://www.redfin.com/NY/Binghamton/12-Burton-Ave-13904/home/115036281,listed,,weekly sweep 2026-09-28,yes
147 e frederick st|13904,"147 E Frederick St, Binghamton, NY 13904",13904,2026-09-28,2026-09-28,410000,410000,redfin,https://www.redfin.com/NY/Binghamton/147-E-Frederick-St-13904/home/115215768,listed,,weekly sweep 2026-09-28,
29 william st|13904,"29 William ST St, Binghamton, NY 13904",13904,2026-09-28,2026-09-28,205000,205000,both,https://www.redfin.com/NY/Binghamton/29-William-St-13904/home/114233201,listed,,weekly sweep 2026-09-28,
290 robinson st|13904,"290 Robinson St, Binghamton, NY 13904",13904,2026-09-28,2026-09-28,180000,180000,both,https://www.redfin.com/NY/Binghamton/290-Robinson-St-13904/home/114410773,listed,,weekly sweep 2026-09-28,yes
299 robinson st|13904,"299 Robinson St, Binghamton, NY 13904",13904,2026-09-28,2026-09-28,155000,155000,both,https://www.redfin.com/NY/Binghamton/299-Robinson-St-13904/home/114138299,listed,,weekly sweep 2026-09-28,
5 gaylord st|13904,"5 Gaylord St, Binghamton, NY 13904",13904,2026-09-28,2026-09-28,79000,79000,both,https://www.redfin.com/NY/Binghamton/5-Gaylord-St-13904/home/115212546,listed,,weekly sweep 2026-09-28,
84 bigelow st|13904,"84 Bigelow St, Binghamton, NY 13904",13904,2026-09-28,2026-09-28,179100,179100,both,https://www.redfin.com/NY/Binghamton/84-Bigelow-St-13904/home/115590452,listed,,weekly sweep 2026-09-28,yes
90 gaylord st|13904,"90 Gaylord St, Binghamton, NY 13904",13904,2026-09-28,2026-09-28,110000,110000,redfin,https://www.redfin.com/NY/Binghamton/90-Gaylord-St-13904/home/115253951,listed,,weekly sweep 2026-09-28,
95 moeller st|13904,"95 Moeller St, Binghamton, NY 13904",13904,2026-09-28,2026-09-28,125000,125000,both,https://www.redfin.com/NY/Binghamton/95-Moeller-St-13904/home/115172927,listed,,weekly sweep 2026-09-28,yes
99 robinson st|13904,"99 Robinson St, Binghamton, NY 13904",13904,2026-09-28,2026-09-28,250000,250000,zillow,https://www.zillow.com/homedetails/99-Robinson-St-Binghamton-NY-13904/459843122_zpid/,listed,,weekly sweep 2026-09-28,
101 oak st|13905,"101 Oak St, Binghamton, NY 13905",13905,2026-09-28,2026-09-28,375000,375000,redfin,https://www.redfin.com/NY/Binghamton/101-Oak-St-13905/home/115285542,listed,,weekly sweep 2026-09-28,
11 goethe st|13905,"11 Goethe St, Binghamton, NY 13905",13905,2026-09-28,2026-09-28,369000,369000,redfin,https://www.redfin.com/NY/Binghamton/11-Goethe-St-13905/home/115270759,listed,,weekly sweep 2026-09-28,
117 helen st|13905,"117 Helen St, Binghamton, NY 13905",13905,2026-09-28,2026-09-28,195500,195500,redfin,https://www.redfin.com/NY/Binghamton/117-Helen-St-13905/home/114425299,listed,,weekly sweep 2026-09-28,yes
125 franklin st|13905,"12.5 Franklin St St, Binghamton, NY 13905",13905,2026-09-28,2026-09-28,110000,110000,redfin,https://www.redfin.com/NY/Binghamton/12-Franklin-St-13905/home/115232881,listed,,weekly sweep 2026-09-28,
120 murray st|13905,"120 Murray St, Binghamton, NY 13905",13905,2026-09-28,2026-09-28,315000,315000,redfin,https://www.redfin.com/NY/Binghamton/120-Murray-St-13905/home/114394776,listed,,weekly sweep 2026-09-28,
13 crandall st|13905,"13 Crandall St, Binghamton, NY 13905",13905,2026-09-28,2026-09-28,250000,250000,redfin,https://www.redfin.com/NY/Binghamton/13-Crandall-St-13905/home/114229696,listed,,weekly sweep 2026-09-28,
13 holland st|13905,"13 Holland St, Binghamton, NY 13905",13905,2026-09-28,2026-09-28,130000,130000,both,https://www.zillow.com/homedetails/13-Holland-St-Binghamton-NY-13905/29718481_zpid/,listed,,weekly sweep 2026-09-28,yes
130 main st|13905,"130 Main St St, Binghamton, NY 13905",13905,2026-09-28,2026-09-28,499000,499000,redfin,https://www.redfin.com/NY/Binghamton/130-Main-St-13905/home/177657175,listed,,weekly sweep 2026-09-28,
152 murray st|13905,"152 Murray St, Binghamton, NY 13905",13905,2026-09-28,2026-09-28,209900,209900,redfin,https://www.redfin.com/NY/Binghamton/152-Murray-St-13905/home/114550874,listed,,weekly sweep 2026-09-28,
16 cedar st|13905,"16 Cedar St, Binghamton, NY 13905",13905,2026-09-28,2026-09-28,259900,259900,both,https://www.zillow.com/homedetails/16-Cedar-St-Binghamton-NY-13905/145667213_zpid/,listed,,weekly sweep 2026-09-28,
162 oak st|13905,"162 Oak St, Binghamton, NY 13905",13905,2026-09-28,2026-09-28,144900,144900,redfin,https://www.redfin.com/NY/Binghamton/162-Oak-St-13905/home/114394885,listed,,weekly sweep 2026-09-28,
18 division st|13905,"18 Division St, Binghamton, NY 13905",13905,2026-09-28,2026-09-28,185000,185000,both,https://www.zillow.com/homedetails/18-Division-St-Binghamton-NY-13905/29721067_zpid/,listed,,weekly sweep 2026-09-28,yes
18 johnson st|13905,"18 Johnson St, Binghamton, NY 13905",13905,2026-09-28,2026-09-28,169000,169000,redfin,https://www.redfin.com/NY/Binghamton/18-Johnson-St-13905/home/114160941,listed,,weekly sweep 2026-09-28,yes
189 chapin st|13905,"189 Chapin St, Binghamton, NY 13905",13905,2026-09-28,2026-09-28,84900,84900,both,https://www.zillow.com/homedetails/189-Chapin-St-Binghamton-NY-13905/29719829_zpid/,listed,,weekly sweep 2026-09-28,
196 main st|13905,"196 Main St, Binghamton, NY 13905",13905,2026-09-28,2026-09-28,279900,279900,redfin,https://www.redfin.com/NY/Binghamton/196-Main-St-13905/home/115269439,listed,,weekly sweep 2026-09-28,
20 cypress st|13905,"20 Cypress St St, Binghamton, NY 13905",13905,2026-09-28,2026-09-28,149000,149000,redfin,https://www.redfin.com/NY/Binghamton/20-Cypress-St-13905/home/115171250,listed,,weekly sweep 2026-09-28,yes
2224 n st|13905,"22-24 North Street St, Binghamton, NY 13905",13905,2026-09-28,2026-09-28,1299900,1299900,redfin,https://www.redfin.com/NY/Binghamton/2224-North-St-13905/home/204727755,listed,,weekly sweep 2026-09-28,
23 cedar st|13905,"23 Cedar St, Binghamton, NY 13905",13905,2026-09-28,2026-09-28,279900,279900,redfin,https://www.redfin.com/NY/Binghamton/23-Cedar-St-13905/home/188783776,listed,,weekly sweep 2026-09-28,
24 mather st|13905,"24 Mather St, Binghamton, NY 13905",13905,2026-09-28,2026-09-28,234900,234900,redfin,https://www.redfin.com/NY/Binghamton/24-Mather-St-13905/home/115547043,listed,,weekly sweep 2026-09-28,
241 prospect st|13905,"241 Prospect St, Binghamton, NY 13905",13905,2026-09-28,2026-09-28,175000,175000,redfin,https://www.redfin.com/NY/Binghamton/241-Prospect-St-13905/home/115586596,listed,,weekly sweep 2026-09-28,yes
28 emma st|13905,"28 Emma St, Binghamton, NY 13905",13905,2026-09-28,2026-09-28,275000,275000,redfin,https://www.redfin.com/NY/Binghamton/28-Emma-St-13905/home/189844888,listed,,weekly sweep 2026-09-28,
28 glenwood ave|13905,"28 Glenwood Ave, Binghamton, NY 13905",13905,2026-09-28,2026-09-28,119000,119000,redfin,https://www.redfin.com/NY/Binghamton/28-Glenwood-Ave-13905/home/114814193,listed,,weekly sweep 2026-09-28,
30 franklin st|13905,"30 Franklin St, Binghamton, NY 13905",13905,2026-09-28,2026-09-28,157000,157000,redfin,https://www.redfin.com/NY/Binghamton/30-Franklin-St-13905/home/115204029,listed,,weekly sweep 2026-09-28,yes
31 crandall st|13905,"31 Crandall St, Binghamton, NY 13905",13905,2026-09-28,2026-09-28,95000,95000,redfin,https://www.redfin.com/NY/Binghamton/31-Crandall-St-13905/home/114490192,listed,,weekly sweep 2026-09-28,
33 lydia st|13905,"33 Lydia St, Binghamton, NY 13905",13905,2026-09-28,2026-09-28,130000,130000,both,https://www.zillow.com/homedetails/33-Lydia-St-Binghamton-NY-13905/29719012_zpid/,listed,,weekly sweep 2026-09-28,
4 thorp st|13905,"4 Thorp St, Binghamton, NY 13905",13905,2026-09-28,2026-09-28,280000,280000,both,https://www.zillow.com/homedetails/4-Thorp-St-Binghamton-NY-13905/29719712_zpid/,listed,,weekly sweep 2026-09-28,
40 la grange st|13905,"40 La Grange St, Binghamton, NY 13905",13905,2026-09-28,2026-09-28,179000,179000,both,https://www.zillow.com/homedetails/40-La-Grange-St-Binghamton-NY-13905/29719559_zpid/,listed,,weekly sweep 2026-09-28,yes
40 leroy st|13905,"40 Leroy St, Binghamton, NY 13905",13905,2026-09-28,2026-09-28,249999,249999,redfin,https://www.redfin.com/NY/Binghamton/40-Leroy-St-13905/home/114378468,listed,,weekly sweep 2026-09-28,
47 lydia st|13905,"47 Lydia St, Binghamton, NY 13905",13905,2026-09-28,2026-09-28,80000,80000,both,https://www.zillow.com/homedetails/47-Lydia-St-Binghamton-NY-13905/29719019_zpid/,listed,,weekly sweep 2026-09-28,
5 gaines st|13905,"5 Gaines St, Binghamton, NY 13905",13905,2026-09-28,2026-09-28,189000,189000,both,https://www.zillow.com/homedetails/5-Gaines-St-Binghamton-NY-13905/29719445_zpid/,listed,,weekly sweep 2026-09-28,
5 julian st|13905,"5 Julian St, Binghamton, NY 13905",13905,2026-09-28,2026-09-28,125000,125000,redfin,https://www.redfin.com/NY/Binghamton/5-Julian-St-13905/home/115047336,listed,,weekly sweep 2026-09-28,
52 leroy st|13905,"52 Leroy St, Binghamton, NY 13905",13905,2026-09-28,2026-09-28,212500,212500,redfin,https://www.redfin.com/NY/Binghamton/52-Leroy-St-13905/home/115317795,listed,,weekly sweep 2026-09-28,
57 leroy st|13905,"57 Leroy St, Binghamton, NY 13905",13905,2026-09-28,2026-09-28,389999,389999,redfin,https://www.redfin.com/NY/Binghamton/57-Leroy-St-13905/home/202362870,listed,,weekly sweep 2026-09-28,
61 lake ave|13905,"61 Lake Ave Ave #2, Binghamton, NY 13905",13905,2026-09-28,2026-09-28,139000,139000,redfin,https://www.redfin.com/NY/Binghamton/61-Lake-Ave-13905/unit-2/home/201650582,listed,,weekly sweep 2026-09-28,yes
77 murray st|13905,"77 Murray St, Binghamton, NY 13905",13905,2026-09-28,2026-09-28,469999,469999,redfin,https://www.redfin.com/NY/Binghamton/77-Murray-St-13905/home/114163750,listed,,weekly sweep 2026-09-28,
79 murray st|13905,"79 Murray St, Binghamton, NY 13905",13905,2026-09-28,2026-09-28,430000,430000,redfin,https://www.redfin.com/NY/Binghamton/79-Murray-St-13905/home/114332203,listed,,weekly sweep 2026-09-28,
8 holland st|13905,"8 Holland St, Binghamton, NY 13905",13905,2026-09-28,2026-09-28,178000,178000,redfin,https://www.redfin.com/NY/Binghamton/8-Holland-St-13905/home/114814420,listed,,weekly sweep 2026-09-28,yes
9 walnut st|13905,"9 Walnut St, Binghamton, NY 13905",13905,2026-09-28,2026-09-28,489999,489999,redfin,https://www.redfin.com/NY/Binghamton/9-Walnut-St-13905/home/114852414,listed,,weekly sweep 2026-09-28,
91 oak st|13905,"91 Oak St, Binghamton, NY 13905",13905,2026-09-28,2026-09-28,277000,277000,redfin,https://www.redfin.com/NY/Binghamton/91-Oak-St-13905/home/115587215,listed,,weekly sweep 2026-09-28,
925 walnut st|13905,"92.5 Walnut St, Binghamton, NY 13905",13905,2026-09-28,2026-09-28,384000,384000,redfin,https://www.redfin.com/NY/Binghamton/92-Walnut-St-13905/home/115587021,listed,,weekly sweep 2026-09-28,
107 w pulteney st|14830,"107 W Pulteney St, Corning, NY 14830",14830,2026-09-28,2026-09-28,257000,257000,both,https://www.redfin.com/NY/Corning/107-W-Pulteney-St-14830/home/138035000,listed,,weekly sweep 2026-09-28,
110 w 3rd st|14830,"110 W 3rd St, Corning, NY 14830",14830,2026-09-28,2026-09-28,185000,185000,both,https://www.redfin.com/NY/Corning/110-W-3rd-St-14830/home/138003440,listed,,weekly sweep 2026-09-28,
17 w 1st st|14830,"17 W 1st St, Corning, NY 14830",14830,2026-09-28,2026-09-28,211000,211000,both,https://www.redfin.com/NY/Corning/17-W-1st-St-14830/home/138116630,listed,,weekly sweep 2026-09-28,yes
179 sly ave|14830,"179 Sly Ave, Corning, NY 14830",14830,2026-09-28,2026-09-28,189000,189000,zillow,https://www.zillow.com/homedetails/179-Sly-Ave-Corning-NY-14830/32563529_zpid/,listed,,weekly sweep 2026-09-28,yes
201 pine st|14830,"201 Pine St, Corning, NY 14830",14830,2026-09-28,2026-09-28,775000,775000,both,https://www.redfin.com/NY/Corning/201-Pine-St-14830/home/137984743,listed,,weekly sweep 2026-09-28,
242 sly ave|14830,"242 Sly Ave, Corning, NY 14830",14830,2026-09-28,2026-09-28,205000,205000,both,https://www.redfin.com/NY/Corning/242-Sly-Ave-14830/home/138061707,listed,,weekly sweep 2026-09-28,
259 sunset dr|14830,"259 Sunset Dr, Corning, NY 14830",14830,2026-09-28,2026-09-28,120000,120000,both,https://www.redfin.com/NY/Corning/259-Sunset-Dr-14830/home/138082794,listed,,weekly sweep 2026-09-28,
297 e 2nd st|14830,"297 E 2nd St, Corning, NY 14830",14830,2026-09-28,2026-09-28,164900,164900,both,https://www.redfin.com/NY/Corning/297-E-2nd-St-14830/home/138088826,listed,,weekly sweep 2026-09-28,yes
329 e market st ext|14830,"329 E Market Street Ext, Corning, NY 14830",14830,2026-09-28,2026-09-28,94900,94900,redfin,https://www.redfin.com/NY/Corning/329-E-Market-Street-Ext-14830/home/138069642,listed,,weekly sweep 2026-09-28,
6264 perry ave|14830,"62-64 Perry Ave, Corning, NY 14830",14830,2026-09-28,2026-09-28,155000,155000,zillow,https://www.zillow.com/homedetails/62-64-Perry-Ave-Corning-NY-14830/465524920_zpid/,listed,,weekly sweep 2026-09-28,yes
1416 marshall ave|14843,"14-16 Marshall Ave, Hornell, NY 14843",14843,2026-09-28,2026-09-28,169000,169000,zillow,https://www.zillow.com/homedetails/14-16-Marshall-Ave-Hornell-NY-14843/2058627860_zpid/,listed,,weekly sweep 2026-09-28,yes
16 marshall ave|14843,"16 Marshall Ave, Hornell, NY 14843",14843,2026-09-28,2026-09-28,169000,169000,redfin,https://www.redfin.com/NY/Hornell/16-Marshall-Ave-14843/home/204676310,listed,,weekly sweep 2026-09-28,yes
16 pleasant st|14843,"16 Pleasant St, Hornell, NY 14843",14843,2026-09-28,2026-09-28,139900,139900,both,https://www.redfin.com/NY/Hornell/16-Pleasant-St-14843/home/138080476,listed,,weekly sweep 2026-09-28,
347 seneca rd|14843,"347 Seneca Rd, Hornell, NY 14843",14843,2026-09-28,2026-09-28,159900,159900,both,https://www.redfin.com/NY/Hornell/347-Seneca-Rd-14843/home/138018602,listed,,weekly sweep 2026-09-28,
4446 maple st|14843,"44-46 Maple St, Hornell, NY 14843",14843,2026-09-28,2026-09-28,259000,259000,both,https://www.redfin.com/NY/Hornell/4446-Maple-St-14843/home/137996848,listed,,weekly sweep 2026-09-28,
7 bostwick pl|14843,"7 Bostwick Pl, Hornell, NY 14843",14843,2026-09-28,2026-09-28,114900,114900,both,https://www.redfin.com/NY/Hornell/7-Bostwick-Pl-14843/home/137990527,listed,,weekly sweep 2026-09-28,yes
33 lincoln st|14892,"33 Lincoln St, Waverly, NY 14892",14892,2026-09-28,2026-09-28,112000,112000,both,https://www.redfin.com/NY/Waverly/33-Lincoln-St-14892/home/139750428,listed,,weekly sweep 2026-09-28,
367 broad st|14892,"367 Broad St #Portfolio, Waverly, NY 14892",14892,2026-09-28,2026-09-28,7140000,7140000,zillow,https://www.zillow.com/homedetails/367-Broad-St-PORTFOLIO-Waverly-NY-14892/465597192_zpid/,listed,,weekly sweep 2026-09-28,
370 broad st|14892,"370 Broad St, Waverly, NY 14892",14892,2026-09-28,2026-09-28,125000,125000,redfin,https://www.redfin.com/NY/Waverly/370-Broad-St-14892/home/202133020,listed,,weekly sweep 2026-09-28,
410 loder st|14892,"410 Loder St, Waverly, NY 14892",14892,2026-09-28,2026-09-28,80000,80000,both,https://www.redfin.com/NY/Waverly/410-Loder-St-14892/home/139874537,listed,,weekly sweep 2026-09-28,
430 loder st|14892,"430 Loder St, Waverly, NY 14892",14892,2026-09-28,2026-09-28,140000,140000,both,https://www.redfin.com/NY/Waverly/430-Loder-St-14892/home/139890340,listed,,weekly sweep 2026-09-28,yes
1104 lake st|14901,"1104 Lake St, Elmira, NY 14901",14901,2026-09-28,2026-09-28,82900,82900,redfin,https://www.redfin.com/NY/Elmira/1104-Lake-St-14901/home/120177601,listed,,weekly sweep 2026-09-28,
1319 lake st|14901,"1319 Lake Street St, Elmira, NY 14901",14901,2026-09-28,2026-09-28,142000,142000,both,https://www.redfin.com/NY/Elmira/1319-Lake-St-14901/home/120583331,listed,,weekly sweep 2026-09-28,yes
226 crete ave|14901,"226 Crete Ave, Elmira, NY 14901",14901,2026-09-28,2026-09-28,97000,97000,redfin,https://www.redfin.com/NY/Elmira/226-Crete-Ave-14901/home/120280228,listed,,weekly sweep 2026-09-28,
306 w center st|14901,"306 W Center St, Elmira, NY 14901",14901,2026-09-28,2026-09-28,124900,124900,zillow,https://www.zillow.com/homedetails/306-W-Center-St-Elmira-NY-14901/29953883_zpid/,listed,,weekly sweep 2026-09-28,yes
306308 w 4th st|14901,"306-308 W 4th St, Elmira, NY 14901",14901,2026-09-28,2026-09-28,89000,89000,redfin,https://www.redfin.com/NY/Elmira/308-W-4th-St-14901/home/120586667,listed,,weekly sweep 2026-09-28,
316 w 1st st|14901,"316 W 1st St, Elmira, NY 14901",14901,2026-09-28,2026-09-28,64900,64900,both,https://www.redfin.com/NY/Elmira/316-W-1st-St-14901/home/120271698,listed,,weekly sweep 2026-09-28,
324326 diven ave|14901,"324-326 Diven Ave, Elmira, NY 14901",14901,2026-09-28,2026-09-28,82500,82500,both,https://www.redfin.com/NY/Elmira/326-Diven-Ave-14901/home/120251268,listed,,weekly sweep 2026-09-28,
353 columbia st|14901,"353 Columbia St, Elmira, NY 14901",14901,2026-09-28,2026-09-28,19900,19900,both,https://www.redfin.com/NY/Elmira/353-Columbia-St-14901/home/120339527,listed,,weekly sweep 2026-09-28,
360 diven ave|14901,"360 Diven Ave, Elmira, NY 14901",14901,2026-09-28,2026-09-28,70000,70000,both,https://www.redfin.com/NY/Elmira/360-Diven-Ave-14901/home/120330398,listed,,weekly sweep 2026-09-28,
366 diven ave|14901,"366 Diven Ave, Elmira, NY 14901",14901,2026-09-28,2026-09-28,119900,119900,redfin,https://www.redfin.com/NY/Elmira/366-Diven-Ave-14901/home/120583263,listed,,weekly sweep 2026-09-28,
372 diven ave|14901,"372 Diven Ave, Elmira, NY 14901",14901,2026-09-28,2026-09-28,89900,89900,redfin,https://www.redfin.com/NY/Elmira/372-Diven-Ave-14901/home/120391085,listed,,weekly sweep 2026-09-28,
403 walnut st|14901,"403 Walnut St, Elmira, NY 14901",14901,2026-09-28,2026-09-28,239000,239000,redfin,https://www.redfin.com/NY/Elmira/403-Walnut-St-14901/home/189965294,listed,,weekly sweep 2026-09-28,
411 dewitt ave|14901,"411 Dewitt Ave, Elmira, NY 14901",14901,2026-09-28,2026-09-28,139900,139900,redfin,https://www.redfin.com/NY/Elmira/411-Dewitt-Ave-14901/home/120062712,listed,,weekly sweep 2026-09-28,
411 welles st|14901,"411 Welles St #2, Elmira, NY 14901",14901,2026-09-28,2026-09-28,125000,125000,redfin,https://www.redfin.com/NY/Elmira/411-Welles-St-14901/unit-2/home/205618820,listed,,weekly sweep 2026-09-28,yes
419 william st|14901,"419 William St, Elmira, NY 14901",14901,2026-09-28,2026-09-28,89900,89900,redfin,https://www.redfin.com/NY/Elmira/419-William-St-14901/home/120127542,listed,,weekly sweep 2026-09-28,
420 standish st|14901,"420 Standish St, Elmira, NY 14901",14901,2026-09-28,2026-09-28,70000,70000,both,https://www.redfin.com/NY/Elmira/420-Standish-St-14901/home/120543710,listed,,weekly sweep 2026-09-28,
422424 w clinton st|14901,"422-424 W Clinton St, Elmira, NY 14901",14901,2026-09-28,2026-09-28,135000,135000,zillow,https://www.zillow.com/homedetails/422-424-W-Clinton-St-Elmira-NY-14901/246797469_zpid/,listed,,weekly sweep 2026-09-28,
423 w church st|14901,"423 W Church St, Elmira, NY 14901",14901,2026-09-28,2026-09-28,158000,158000,redfin,https://www.redfin.com/NY/Elmira/423-W-Church-St-14901/home/120339488,listed,,weekly sweep 2026-09-28,
424 w 4th st|14901,"424 W 4th St, Elmira, NY 14901",14901,2026-09-28,2026-09-28,94000,94000,redfin,https://www.redfin.com/NY/Elmira/424-W-4th-St-14901/home/120498819,listed,,weekly sweep 2026-09-28,
613 walnut st|14901,"613 Walnut St, Elmira, NY 14901",14901,2026-09-28,2026-09-28,69000,69000,both,https://www.redfin.com/NY/Elmira/613-Walnut-St-14901/home/120252210,listed,,weekly sweep 2026-09-28,
701 jay st|14901,"701 Jay St, Elmira, NY 14901",14901,2026-09-28,2026-09-28,39900,39900,redfin,https://www.redfin.com/NY/Elmira/701-Jay-St-14901/home/120271462,listed,,weekly sweep 2026-09-28,
714 walnut st|14901,"714 Walnut St, Elmira, NY 14901",14901,2026-09-28,2026-09-28,59999,59999,redfin,https://www.redfin.com/NY/Elmira/714-Walnut-St-14901/home/120177840,listed,,weekly sweep 2026-09-28,
352354 race st|17801,"352-354 Race St, Sunbury, PA 17801",17801,2026-09-28,2026-09-28,149000,149000,both,https://www.redfin.com/PA/Sunbury/352-Race-St-17801/home/190978142,listed,,weekly sweep 2026-09-28,
425 race st|17801,"425 Race St, Sunbury, PA 17801",17801,2026-09-28,2026-09-28,270000,270000,both,https://www.redfin.com/PA/Sunbury/425-Race-St-17801/home/193178526,listed,,weekly sweep 2026-09-28,
425427 fairmount ave|17801,"425-427 Fairmount Ave, Sunbury, PA 17801",17801,2026-09-28,2026-09-28,135000,135000,both,https://www.redfin.com/PA/Sunbury/425-Fairmount-Ave-17801/home/205227819,listed,,weekly sweep 2026-09-28,yes
16341636 main st|17815,"1634-1636 Main St, Bloomsburg, PA 17815",17815,2026-09-28,2026-09-28,240000,240000,both,https://www.redfin.com/PA/Bloomsburg/16341636-Main-St-17815/home/205407321,listed,,weekly sweep 2026-09-28,yes
2301 old berwick rd|17815,"2301 Old Berwick Rd, Bloomsburg, PA 17815",17815,2026-09-28,2026-09-28,210000,210000,both,https://www.redfin.com/PA/Bloomsburg/2301-Old-Berwick-Rd-17815/home/187647861,listed,,weekly sweep 2026-09-28,yes
315 e 3rd st|17815,"315 E 3rd Street St, Bloomsburg, PA 17815",17815,2026-09-28,2026-09-28,299500,299500,both,https://www.redfin.com/PA/Bloomsburg/315-E-3rd-St-17815/home/181888997,listed,,weekly sweep 2026-09-28,
337339 chestnut ave|17815,"337/339 Chestnut Ave, Bloomsburg, PA 17815",17815,2026-09-28,2026-09-28,269000,269000,both,https://www.redfin.com/PA/Bloomsburg/339-Chestnut-Ave-17815/unit-337/home/120274642,listed,,weekly sweep 2026-09-28,
345 4th st|17815,"345 4th St, Bloomsburg, PA 17815",17815,2026-09-28,2026-09-28,185000,185000,redfin,https://www.redfin.com/PA/Bloomsburg/345-W-4th-St-17815/home/120227210,listed,,weekly sweep 2026-09-28,
345 e 4th st|17815,"345 East 4th St, Bloomsburg, PA 17815",17815,2026-09-28,2026-09-28,185000,185000,both,https://www.redfin.com/PA/Bloomsburg/345-E-4th-St-17815/home/120300361,listed,,weekly sweep 2026-09-28,yes
375377 fetterman ave|17815,"375-377 Fetterman Ave, Bloomsburg, PA 17815",17815,2026-09-28,2026-09-28,1200000,1200000,both,https://www.redfin.com/PA/Bloomsburg/375377-Fetterman-Ave-17815/home/195922865,listed,,weekly sweep 2026-09-28,
383 12 lightstreet rd|17815,"383 1/2 Lightstreet Rd, Bloomsburg, PA 17815",17815,2026-09-28,2026-09-28,699000,699000,redfin,https://www.redfin.com/PA/Bloomsburg/383-1-2-Lightstreet-Rd-17815/home/202355041,listed,,weekly sweep 2026-09-28,
385 lightstreet rd|17815,"385 Lightstreet Rd, Bloomsburg, PA 17815",17815,2026-09-28,2026-09-28,550000,550000,both,https://www.redfin.com/PA/Bloomsburg/385-Lightstreet-Rd-17815/home/120123289,listed,,weekly sweep 2026-09-28,
391 lightstreet rd|17815,"391 Lightstreet Rd, Bloomsburg, PA 17815",17815,2026-09-28,2026-09-28,525000,525000,redfin,https://www.redfin.com/PA/Bloomsburg/391-Lightstreet-Rd-17815/home/120143241,listed,,weekly sweep 2026-09-28,
398 e st|17815,"398 East St, Bloomsburg, PA 17815",17815,2026-09-28,2026-09-28,200000,200000,both,https://www.redfin.com/PA/Bloomsburg/398-East-St-17815/home/120124237,listed,,weekly sweep 2026-09-28,yes
744 center st|17815,"744 Center St #746, Bloomsburg, PA 17815",17815,2026-09-28,2026-09-28,335000,335000,zillow,https://www.zillow.com/homedetails/744-Center-St-746-Bloomsburg-PA-17815/457973196_zpid/,listed,,weekly sweep 2026-09-28,
744746 center st|17815,"744-746 Center St, Bloomsburg, PA 17815",17815,2026-09-28,2026-09-28,335000,335000,redfin,https://www.redfin.com/PA/Bloomsburg/744746-Center-St-17815/home/205510884,listed,,weekly sweep 2026-09-28,
undisclosed address|17815,"Undisclosed address, Bloomsburg, PA 17815",17815,2026-09-28,2026-09-28,219000,219000,both,https://www.redfin.com/PA/Bloomsburg/Undisclosed-address-17815/home/120130667,listed,,weekly sweep 2026-09-28,
1441 w market st|17901,"1441 W Market St, Pottsville, PA 17901",17901,2026-09-28,2026-09-28,210000,210000,both,https://www.zillow.com/homedetails/1441-W-Market-St-Pottsville-PA-17901/93724266_zpid/,listed,,weekly sweep 2026-09-28,
1903 w market st|17901,"1903 W Market St, Pottsville, PA 17901",17901,2026-09-28,2026-09-28,199900,199900,both,https://www.zillow.com/homedetails/1903-W-Market-St-Pottsville-PA-17901/204675537_zpid/,listed,,weekly sweep 2026-09-28,
219 n 3rd st|17901,"219 N 3rd St, Pottsville, PA 17901",17901,2026-09-28,2026-09-28,420000,420000,zillow,https://www.zillow.com/homedetails/219-N-3rd-St-Pottsville-PA-17901/2062791237_zpid/,listed,,weekly sweep 2026-09-28,
219221 n 3rd st|17901,"219-221 N 3rd St, Pottsville, PA 17901",17901,2026-09-28,2026-09-28,420000,420000,redfin,https://www.redfin.com/PA/Pottsville/219-N-3rd-St-17901/home/196197558,listed,,weekly sweep 2026-09-28,
250 mill creek ave|17901,"250 Mill Creek Ave #248, Pottsville, PA 17901",17901,2026-09-28,2026-09-28,154900,154900,zillow,https://www.zillow.com/homedetails/250-Mill-Creek-Ave-248-Pottsville-PA-17901/2066365503_zpid/,listed,,weekly sweep 2026-09-28,yes
250248 mill creek ave|17901,"250-248 Mill Creek Ave, Pottsville, PA 17901",17901,2026-09-28,2026-09-28,154900,154900,redfin,https://www.redfin.com/PA/Pottsville/248-Mill-Creek-Ave-17901/home/138421160,listed,,weekly sweep 2026-09-28,
403 405 harrison st|17901,"403 405 Harrison St, Pottsville, PA 17901",17901,2026-09-28,2026-09-28,279900,279900,redfin,https://www.redfin.com/PA/Pottsville/403-Harrison-St-17901/home/138552597,listed,,weekly sweep 2026-09-28,
403 harrison st|17901,"403 Harrison St, Pottsville, PA 17901",17901,2026-09-28,2026-09-28,279900,279900,zillow,https://www.zillow.com/homedetails/403-Harrison-St-Pottsville-PA-17901/102724758_zpid/,listed,,weekly sweep 2026-09-28,
404 s centre st|17901,"404 S Centre St, Pottsville, PA 17901",17901,2026-09-28,2026-09-28,179900,179900,both,https://www.zillow.com/homedetails/404-S-Centre-St-Pottsville-PA-17901/204675189_zpid/,listed,,weekly sweep 2026-09-28,
701 w market st|17901,"701 W Market St, Pottsville, PA 17901",17901,2026-09-28,2026-09-28,274900,274900,both,https://www.zillow.com/homedetails/701-W-Market-St-Pottsville-PA-17901/204673801_zpid/,listed,,weekly sweep 2026-09-28,
716 718 w market st|17901,"716 - 718 W Market St, Pottsville, PA 17901",17901,2026-09-28,2026-09-28,324900,324900,redfin,https://www.redfin.com/PA/Pottsville/718-W-Market-St-17901/home/138552838,listed,,weekly sweep 2026-09-28,
716718 w market st|17901,"716-718 W Market St, Pottsville, PA 17901",17901,2026-09-28,2026-09-28,324900,324900,zillow,https://www.zillow.com/homedetails/716-718-W-Market-St-Pottsville-PA-17901/449005504_zpid/,listed,,weekly sweep 2026-09-28,
115 11th st|18201,"115 11th St, Hazleton, PA 18201",18201,2026-09-28,2026-09-28,349000,349000,redfin,https://www.redfin.com/PA/Hazleton/115-E-11th-St-18201/home/134289162,listed,,weekly sweep 2026-09-28,
115 e 11th st|18201,"115 E 11th St, Hazleton, PA 18201",18201,2026-09-28,2026-09-28,349000,349000,zillow,https://www.zillow.com/homedetails/115-E-11th-St-Hazleton-PA-18201/53561394_zpid/,listed,,weekly sweep 2026-09-28,
12001202 broad st|18201,"1200-1202 Broad St, Hazleton, PA 18201",18201,2026-09-28,2026-09-28,415000,415000,redfin,https://www.redfin.com/PA/Hazleton/1202-E-Broad-St-18201/home/135720112,listed,,weekly sweep 2026-09-28,
12001202 e broad st|18201,"1200-1202 E Broad St, Hazleton, PA 18201",18201,2026-09-28,2026-09-28,415000,415000,zillow,https://www.zillow.com/homedetails/1200-1202-E-Broad-St-Hazleton-PA-18201/465204340_zpid/,listed,,weekly sweep 2026-09-28,
192 194 wyoming st|18201,"192 194 Wyoming St, Hazleton, PA 18201",18201,2026-09-28,2026-09-28,329900,329900,redfin,https://www.redfin.com/PA/Hazleton/192-N-Wyoming-St-18201/home/134250967,listed,,weekly sweep 2026-09-28,
192 s wyoming st|18201,"192 S Wyoming St, Hazleton, PA 18201",18201,2026-09-28,2026-09-28,329900,329900,zillow,https://www.zillow.com/homedetails/192-S-Wyoming-St-Hazleton-PA-18201/53565503_zpid/,listed,,weekly sweep 2026-09-28,
208 e noble st|18201,"208 E Noble St, Hazleton, PA 18201",18201,2026-09-28,2026-09-28,109900,109900,zillow,https://www.zillow.com/homedetails/208-E-Noble-St-Hazleton-PA-18201/53566962_zpid/,listed,,weekly sweep 2026-09-28,
239 e chestnut st|18201,"239 E Chestnut St, Hazleton, PA 18201",18201,2026-09-28,2026-09-28,290000,290000,redfin,https://www.redfin.com/PA/Hazleton/239-E-Chestnut-St-18201/home/135490906,listed,,weekly sweep 2026-09-28,
327 e mine st|18201,"327 E Mine St, Hazleton, PA 18201",18201,2026-09-28,2026-09-28,175000,175000,zillow,https://www.zillow.com/homedetails/327-E-Mine-St-Hazleton-PA-18201/53564884_zpid/,listed,,weekly sweep 2026-09-28,yes
327 mine st|18201,"327 Mine St, Hazleton, PA 18201",18201,2026-09-28,2026-09-28,175000,175000,redfin,https://www.redfin.com/PA/Hazleton/327-E-Mine-St-18201/home/134480296,listed,,weekly sweep 2026-09-28,
340 342 green st|18201,"340 342 Green St, Hazleton, PA 18201",18201,2026-09-28,2026-09-28,330000,330000,redfin,https://www.redfin.com/PA/Hazleton/340-W-Green-St-18201/home/133935246,listed,,weekly sweep 2026-09-28,
340 w green st|18201,"340 W Green St, Hazleton, PA 18201",18201,2026-09-28,2026-09-28,330000,330000,zillow,https://www.zillow.com/homedetails/340-W-Green-St-Hazleton-PA-18201/53564221_zpid/,listed,,weekly sweep 2026-09-28,
414 e mine st|18201,"414 E Mine St, Hazleton, PA 18201",18201,2026-09-28,2026-09-28,190000,190000,zillow,https://www.zillow.com/homedetails/414-E-Mine-St-Hazleton-PA-18201/53565010_zpid/,listed,,weekly sweep 2026-09-28,yes
417 w broad st|18201,"417 W Broad St, Hazleton, PA 18201",18201,2026-09-28,2026-09-28,399000,399000,zillow,https://www.zillow.com/homedetails/417-W-Broad-St-Hazleton-PA-18201/446083891_zpid/,listed,,weekly sweep 2026-09-28,
530532 seybert st|18201,"530-532 Seybert St, Hazleton, PA 18201",18201,2026-09-28,2026-09-28,359000,359000,redfin,https://www.redfin.com/PA/Hazleton/532-Seybert-St-18201/home/134481678,listed,,weekly sweep 2026-09-28,
533535 grant st|18201,"533-535 Grant St, Hazleton, PA 18201",18201,2026-09-28,2026-09-28,849900,849900,redfin,https://www.redfin.com/PA/Hazleton/533-Grant-St-18201/home/134676326,listed,,weekly sweep 2026-09-28,
550 552 berner ave|18201,"550 552 Berner Ave, Hazleton, PA 18201",18201,2026-09-28,2026-09-28,449900,449900,redfin,https://www.redfin.com/PA/Hazleton/550-Berner-Ave-18201/home/134272181,listed,,weekly sweep 2026-09-28,
60 62 wyoming st|18201,"60 62 Wyoming St, Hazleton, PA 18201",18201,2026-09-28,2026-09-28,759000,759000,redfin,https://www.redfin.com/PA/Hazleton/62-N-Wyoming-St-18201/home/204428347,listed,,weekly sweep 2026-09-28,
685 687 alter st|18201,"685 687 Alter St, Hazleton, PA 18201",18201,2026-09-28,2026-09-28,479000,479000,redfin,https://www.redfin.com/PA/Hazleton/687-Alter-St-18201/home/202552927,listed,,weekly sweep 2026-09-28,
803 mckinley st|18201,"803 Mckinley St, Hazleton, PA 18201",18201,2026-09-28,2026-09-28,289900,289900,both,https://www.redfin.com/PA/Hazleton/803-McKinley-St-18201/home/134633678,listed,,weekly sweep 2026-09-28,
136 broad st|18202,"136 Broad St, West Hazleton, PA 18202",18202,2026-09-28,2026-09-28,315000,315000,redfin,https://www.redfin.com/PA/West-Hazleton/136-N-Broad-St-18202/home/134809700,listed,,weekly sweep 2026-09-28,
136 n broad st|18202,"136 N Broad St, West Hazleton, PA 18202",18202,2026-09-28,2026-09-28,315000,315000,zillow,https://www.zillow.com/homedetails/136-N-Broad-St-West-Hazleton-PA-18202/53559257_zpid/,listed,,weekly sweep 2026-09-28,
1695 pa940|18202,"1695 Pa-940, Hazle Township, PA 18202",18202,2026-09-28,2026-09-28,219000,219000,redfin,https://www.redfin.com/PA/Hazle-Township/1695-Pennsylvania-940-18202/home/198814051,listed,,weekly sweep 2026-09-28,
1695 state hwy 940|18202,"1695 State Highway 940, Hazleton, PA 18202",18202,2026-09-28,2026-09-28,219000,219000,zillow,https://www.zillow.com/homedetails/1695-State-Highway-940-Hazleton-PA-18202/464710697_zpid/,listed,,weekly sweep 2026-09-28,
328 green st|18202,"328 Green St, West Hazleton, PA 18202",18202,2026-09-28,2026-09-28,999999,999999,redfin,https://www.redfin.com/PA/West-Hazleton/328-W-Green-St-18202/home/133938532,listed,,weekly sweep 2026-09-28,
328 w green st|18202,"328 W Green St, Hazleton, PA 18202",18202,2026-09-28,2026-09-28,999999,999999,zillow,https://www.zillow.com/homedetails/328-W-Green-St-Hazleton-PA-18202/452577283_zpid/,listed,,weekly sweep 2026-09-28,
422 424 green st|18202,"422 424 Green St, West Hazleton, PA 18202",18202,2026-09-28,2026-09-28,289000,289000,redfin,https://www.redfin.com/PA/West-Hazleton/422-W-Green-St-18202/home/135121222,listed,,weekly sweep 2026-09-28,
422 w green st|18202,"422 W Green St, West Hazleton, PA 18202",18202,2026-09-28,2026-09-28,289000,289000,zillow,https://www.zillow.com/homedetails/422-W-Green-St-West-Hazleton-PA-18202/110644858_zpid/,listed,,weekly sweep 2026-09-28,
113 blaine st|18237,"113 Blaine St, Mcadoo, PA 18237",18237,2026-09-28,2026-09-28,259000,259000,redfin,https://www.redfin.com/PA/McAdoo/113-W-Blaine-St-18237/home/138740351,listed,,weekly sweep 2026-09-28,
113 w blaine st|18237,"113 W Blaine St, McAdoo, PA 18237",18237,2026-09-28,2026-09-28,259000,259000,zillow,https://www.zillow.com/homedetails/113-W-Blaine-St-McAdoo-PA-18237/93705493_zpid/,listed,,weekly sweep 2026-09-28,
321 w blaine st|18237,"321 W Blaine St, McAdoo, PA 18237",18237,2026-09-28,2026-09-28,,,zillow,https://www.zillow.com/homedetails/321-W-Blaine-St-McAdoo-PA-18237/93705509_zpid/,listed,,weekly sweep 2026-09-28,
38 e grant st|18237,"38 E Grant St, McAdoo, PA 18237",18237,2026-09-28,2026-09-28,249300,249300,zillow,https://www.zillow.com/homedetails/38-E-Grant-St-McAdoo-PA-18237/93705635_zpid/,listed,,weekly sweep 2026-09-28,
126128 e broad st|18252,"126-128 E Broad St, Tamaqua, PA 18252",18252,2026-09-28,2026-09-28,349900,349900,both,https://www.redfin.com/PA/Tamaqua/128-E-Broad-St-18252/home/177792291,listed,,weekly sweep 2026-09-28,
156 w spruce st|18252,"156 W Spruce St, Tamaqua, PA 18252",18252,2026-09-28,2026-09-28,199000,199000,both,https://www.redfin.com/PA/Tamaqua/156-W-Spruce-St-18252/home/138661546,listed,,weekly sweep 2026-09-28,
199201 market st|18252,"199-201 Market St, Tamaqua, PA 18252",18252,2026-09-28,2026-09-28,275000,275000,zillow,https://www.zillow.com/homedetails/199-201-Market-St-Tamaqua-PA-18252/464885946_zpid/,listed,,weekly sweep 2026-09-28,
21 w spruce st|18252,"21 W Spruce St, Tamaqua, PA 18252",18252,2026-09-28,2026-09-28,312000,312000,zillow,https://www.zillow.com/homedetails/21-W-Spruce-St-Tamaqua-PA-18252/124658731_zpid/,listed,,weekly sweep 2026-09-28,
234 e mauch chunk st|18252,"234 E Mauch Chunk St, Tamaqua, PA 18252",18252,2026-09-28,2026-09-28,150000,150000,redfin,https://www.redfin.com/PA/Tamaqua/234-Mauch-Chunk-St-18252/home/138486689,listed,,weekly sweep 2026-09-28,yes
234 mauch chunk st|18252,"234 Mauch Chunk St, Tamaqua, PA 18252",18252,2026-09-28,2026-09-28,150000,150000,zillow,https://www.zillow.com/homedetails/234-Mauch-Chunk-St-Tamaqua-PA-18252/93718692_zpid/,listed,,weekly sweep 2026-09-28,yes
29 e elm st|18252,"29 E Elm St, Tamaqua, PA 18252",18252,2026-09-28,2026-09-28,209000,209000,zillow,https://www.zillow.com/homedetails/29-E-Elm-St-Tamaqua-PA-18252/93720257_zpid/,listed,,weekly sweep 2026-09-28,yes
170 ter st|18407,"170 Terrace St, Carbondale, PA 18407",18407,2026-09-28,2026-09-28,209000,209000,both,https://www.redfin.com/PA/Carbondale/170-Terrace-St-18407/home/128397734,listed,,weekly sweep 2026-09-28,
175 fallbrook st|18407,"175 Fallbrook St, Carbondale, PA 18407",18407,2026-09-28,2026-09-28,500000,500000,redfin,https://www.redfin.com/PA/Carbondale/175-Fallbrook-St-18407/home/128811835,listed,,weekly sweep 2026-09-28,
23 25 prospect st|18407,"23 25 Prospect St, Simpson, PA 18407",18407,2026-09-28,2026-09-28,324900,324900,redfin,https://www.redfin.com/PA/Simpson/23-25-Prospect-St-18407/home/201186333,listed,,weekly sweep 2026-09-28,
2325 prospect st|18407,"23-25 Prospect St, Carbondale, PA 18407",18407,2026-09-28,2026-09-28,324900,324900,zillow,https://www.zillow.com/homedetails/23-25-Prospect-St-Carbondale-PA-18407/2059390065_zpid/,listed,,weekly sweep 2026-09-28,
34 birkett st|18407,"34 Birkett St, Carbondale, PA 18407",18407,2026-09-28,2026-09-28,213000,213000,zillow,https://www.zillow.com/homedetails/34-Birkett-St-Carbondale-PA-18407/9523563_zpid/,listed,,weekly sweep 2026-09-28,
36 pike st|18407,"36 Pike St, Carbondale, PA 18407",18407,2026-09-28,2026-09-28,254995,254995,both,https://www.redfin.com/PA/Carbondale/36-Pike-St-18407/home/187340922,listed,,weekly sweep 2026-09-28,
5 n church st|18407,"5 N Church St, Carbondale, PA 18407",18407,2026-09-28,2026-09-28,254000,254000,both,https://www.redfin.com/PA/Carbondale/5-N-Church-St-18407/home/200866296,listed,,weekly sweep 2026-09-28,
6264 wayne st|18407,"62-64 Wayne St, Carbondale, PA 18407",18407,2026-09-28,2026-09-28,259995,259995,both,https://www.redfin.com/PA/Carbondale/62-Wayne-St-18407/home/203507865,listed,,weekly sweep 2026-09-28,
8686 12 belmont st|18407,"86-86 1/2 Belmont St, Carbondale, PA 18407",18407,2026-09-28,2026-09-28,56999,56999,both,https://www.redfin.com/PA/Carbondale/41-1-2-Belmont-St-18407/home/200704954,listed,,weekly sweep 2026-09-28,
89 belmont st|18407,"89 Belmont St, Carbondale, PA 18407",18407,2026-09-28,2026-09-28,245000,245000,both,https://www.redfin.com/PA/Carbondale/89-Belmont-St-18407/home/129169890,listed,,weekly sweep 2026-09-28,
95 canaan st|18407,"95 Canaan St, Carbondale, PA 18407",18407,2026-09-28,2026-09-28,299000,299000,zillow,https://www.zillow.com/homedetails/95-Canaan-St-Carbondale-PA-18407/9523609_zpid/,listed,,weekly sweep 2026-09-28,
309 columbia ave|18411,"309 Columbia Ave, Clarks Summit, PA 18411",18411,2026-09-28,2026-09-28,329000,329000,both,https://www.zillow.com/homedetails/309-Columbia-Ave-Clarks-Summit-PA-18411/2082767045_zpid/,listed,,weekly sweep 2026-09-28,
513 melrose ave|18411,"513 Melrose Ave, Clarks Summit, PA 18411",18411,2026-09-28,2026-09-28,284000,284000,both,https://www.zillow.com/homedetails/513-Melrose-Ave-Clarks-Summit-PA-18411/9532006_zpid/,listed,,weekly sweep 2026-09-28,yes
224 n river st|18447,"224 N River St, Olyphant, PA 18447",18447,2026-09-28,2026-09-28,349900,349900,redfin,https://www.redfin.com/PA/Olyphant/224-River-St-18447/home/129068532,listed,,weekly sweep 2026-09-28,
224 river st|18447,"224 River St, Olyphant, PA 18447",18447,2026-09-28,2026-09-28,349900,349900,zillow,https://www.zillow.com/homedetails/224-River-St-Olyphant-PA-18447/103775625_zpid/,listed,,weekly sweep 2026-09-28,
310312 e lackawanna ave|18447,"310-312 E Lackawanna Ave, Olyphant, PA 18447",18447,2026-09-28,2026-09-28,1749995,1749995,both,https://www.redfin.com/PA/Olyphant/310-312-E-Lackawanna-Ave-18447/home/200439897,listed,,weekly sweep 2026-09-28,
607 s valley ave|18447,"607 S Valley Ave, Olyphant, PA 18447",18447,2026-09-28,2026-09-28,215000,215000,both,https://www.redfin.com/PA/Olyphant/607-S-Valley-Ave-18447/home/128740836,listed,,weekly sweep 2026-09-28,yes
911 lincoln ave|18447,"911 Lincoln Ave, Blakely, PA 18447",18447,2026-09-28,2026-09-28,259000,259000,both,https://www.redfin.com/PA/Blakely/911-Lincoln-Ave-18447/home/128260476,listed,,weekly sweep 2026-09-28,
127 brook st|18452,"127 Brook St, Peckville, PA 18452",18452,2026-09-28,2026-09-28,349900,349900,both,https://www.redfin.com/PA/Peckville/127-Brook-St-18452/home/128735844,listed,,weekly sweep 2026-09-28,
934 cottage st|18452,"934 Cottage St, Peckville, PA 18452",18452,2026-09-28,2026-09-28,229000,229000,both,https://www.redfin.com/PA/Peckville/934-Cottage-St-18452/home/129142909,listed,,weekly sweep 2026-09-28,yes
1142 academy st|18504,"1142 Academy St, Scranton, PA 18504",18504,2026-09-28,2026-09-28,470000,470000,redfin,https://www.redfin.com/PA/Scranton/1142-Academy-St-18504/home/191428543,listed,,weekly sweep 2026-09-28,
1213 acker st|18504,"1213 Acker St, Scranton, PA 18504",18504,2026-09-28,2026-09-28,279900,279900,redfin,https://www.redfin.com/PA/Scranton/1213-Acker-Ave-18504/home/128524281,listed,,weekly sweep 2026-09-28,
123 s bromley ave|18504,"123 S Bromley Ave, Scranton, PA 18504",18504,2026-09-28,2026-09-28,158995,158995,redfin,https://www.redfin.com/PA/Scranton/123-S-Bromley-Ave-18504/home/128929967,listed,,weekly sweep 2026-09-28,yes
1273 snyder ave|18504,"1273 Snyder Ave, Scranton, PA 18504",18504,2026-09-28,2026-09-28,194000,194000,zillow,https://www.zillow.com/homedetails/1273-Snyder-Ave-Scranton-PA-18504/9567814_zpid/,listed,,weekly sweep 2026-09-28,yes
1331 1333 bryn mawr st|18504,"1331 1333 Bryn Mawr St, Scranton, PA 18504",18504,2026-09-28,2026-09-28,295000,295000,redfin,https://www.redfin.com/PA/Scranton/1333-Bryn-Mawr-St-18504/home/187484019,listed,,weekly sweep 2026-09-28,
1337 bryn mawr st|18504,"1337 Bryn Mawr St, Scranton, PA 18504",18504,2026-09-28,2026-09-28,249000,249000,redfin,https://www.redfin.com/PA/Scranton/1337-Bryn-Mawr-St-18504/home/128310649,listed,,weekly sweep 2026-09-28,
1338 bryn mawr st|18504,"1338 Bryn Mawr St, Scranton, PA 18504",18504,2026-09-28,2026-09-28,270000,270000,redfin,https://www.redfin.com/PA/Scranton/1338-Bryn-Mawr-St-18504/home/128297072,listed,,weekly sweep 2026-09-28,
1340 bryn mawr st|18504,"1340 Bryn Mawr St, Scranton, PA 18504",18504,2026-09-28,2026-09-28,270000,270000,redfin,https://www.redfin.com/PA/Scranton/1340-Bryn-Mawr-St-18504/home/128440175,listed,,weekly sweep 2026-09-28,
1413 bulwer st|18504,"1413 Bulwer St, Scranton, PA 18504",18504,2026-09-28,2026-09-28,259000,259000,redfin,https://www.redfin.com/PA/Scranton/1413-Bulwer-St-18504/home/128784638,listed,,weekly sweep 2026-09-28,yes
14221424 academy st|18504,"1422-1424 Academy St, Scranton, PA 18504",18504,2026-09-28,2026-09-28,324900,324900,redfin,https://www.redfin.com/PA/Scranton/1424-Academy-St-18504/home/128661840,listed,,weekly sweep 2026-09-28,
1821 1823 jackson st|18504,"1821 1823 Jackson St, Scranton, PA 18504",18504,2026-09-28,2026-09-28,190000,190000,redfin,https://www.redfin.com/PA/Scranton/1823-Jackson-St-18504/home/187483761,listed,,weekly sweep 2026-09-28,yes
18211823 jackson st|18504,"1821-1823 Jackson St, Scranton, PA 18504",18504,2026-09-28,2026-09-28,190000,190000,zillow,https://www.zillow.com/homedetails/1821-1823-Jackson-St-Scranton-PA-18504/9557518_zpid/,listed,,weekly sweep 2026-09-28,yes
1830 1832 washburn st|18504,"1830 1832 Washburn St, Scranton, PA 18504",18504,2026-09-28,2026-09-28,320000,320000,redfin,https://www.redfin.com/PA/Scranton/1832-Washburn-St-18504/home/202194644,listed,,weekly sweep 2026-09-28,
21332135 jackson st|18504,"2133-2135 Jackson St, Scranton, PA 18504",18504,2026-09-28,2026-09-28,279995,279995,zillow,https://www.zillow.com/homedetails/2133-2135-Jackson-St-Scranton-PA-18504/299138099_zpid/,listed,,weekly sweep 2026-09-28,yes
21332135 jackson|18504,"2133-2135 Jackson, Scranton, PA 18504",18504,2026-09-28,2026-09-28,279995,279995,redfin,https://www.redfin.com/PA/Scranton/2133-35-Jackson-St-18504/home/201607228,listed,,weekly sweep 2026-09-28,yes
220222 bromley ave|18504,"220-222 Bromley Ave, Scranton, PA 18504",18504,2026-09-28,2026-09-28,250000,250000,redfin,https://www.redfin.com/PA/Scranton/222-N-Bromley-Ave-18504/home/192214495,listed,,weekly sweep 2026-09-28,
220222 n bromley ave|18504,"220-222 N Bromley Ave, Scranton, PA 18504",18504,2026-09-28,2026-09-28,250000,250000,zillow,https://www.zillow.com/homedetails/220-222-N-Bromley-Ave-Scranton-PA-18504/9558810_zpid/,listed,,weekly sweep 2026-09-28,
227229 n sumner ave|18504,"227-229 N Sumner Ave, Scranton, PA 18504",18504,2026-09-28,2026-09-28,414900,414900,redfin,https://www.redfin.com/PA/Scranton/229-N-Sumner-Ave-18504/home/128675749,listed,,weekly sweep 2026-09-28,
240 n main ave|18504,"240 N Main Ave, Scranton, PA 18504",18504,2026-09-28,2026-09-28,239900,239900,redfin,https://www.redfin.com/PA/Scranton/240-N-Main-Ave-18504/home/176671212,listed,,weekly sweep 2026-09-28,
317319 10th ave|18504,"317-319 10th Ave, Scranton, PA 18504",18504,2026-09-28,2026-09-28,239000,239000,redfin,https://www.redfin.com/PA/Scranton/319-10th-Ave-18504/home/188977614,listed,,weekly sweep 2026-09-28,
328330 15th ave|18504,"328-330 15th Ave, Scranton, PA 18504",18504,2026-09-28,2026-09-28,364500,364500,redfin,https://www.redfin.com/PA/Scranton/328-330-15th-Ave-18504/home/190187377,listed,,weekly sweep 2026-09-28,
330332 s 10th ave|18504,"330-332 S 10th Ave, Scranton, PA 18504",18504,2026-09-28,2026-09-28,263500,263500,redfin,https://www.redfin.com/PA/Scranton/330-332-10th-Ave-18504/home/192445716,listed,,weekly sweep 2026-09-28,
357 n lincoln ave|18504,"357 N Lincoln Ave, Scranton, PA 18504",18504,2026-09-28,2026-09-28,150000,150000,redfin,https://www.redfin.com/PA/Scranton/357-N-Lincoln-Ave-18504/home/129221257,listed,,weekly sweep 2026-09-28,
381 n 9th ave|18504,"381 N 9th Ave, Scranton, PA 18504",18504,2026-09-28,2026-09-28,369500,369500,redfin,https://www.redfin.com/PA/Scranton/381-N-9th-Ave-18504/home/128556824,listed,,weekly sweep 2026-09-28,
409 s 411 s main ave|18504,"409 S 411 S Main Ave, Scranton, PA 18504",18504,2026-09-28,2026-09-28,299000,299000,redfin,https://www.redfin.com/PA/Scranton/409-S-Main-Ave-18504/home/187483061,listed,,weekly sweep 2026-09-28,
414 s 416 s edwards ct|18504,"414 S 416 S Edwards Ct, Scranton, PA 18504",18504,2026-09-28,2026-09-28,249000,249000,redfin,https://www.redfin.com/PA/Scranton/416-S-Edwards-Ct-18504/home/198258298,listed,,weekly sweep 2026-09-28,
442444 s main ave|18504,"442-444 S Main Ave, Scranton, PA 18504",18504,2026-09-28,2026-09-28,150000,150000,both,https://www.redfin.com/PA/Scranton/442-444-S-Main-Ave-18504/home/205394786,listed,,weekly sweep 2026-09-28,
532534 n main ave|18504,"532-534 N Main Ave, Scranton, PA 18504",18504,2026-09-28,2026-09-28,189995,189995,redfin,https://www.redfin.com/PA/Scranton/532-534-N-Main-Ave-18504/home/192445782,listed,,weekly sweep 2026-09-28,yes
636638 n sumner ave|18504,"636-638 N N Sumner Ave, Scranton, PA 18504",18504,2026-09-28,2026-09-28,339999,339999,redfin,https://www.redfin.com/PA/Scranton/638-N-Sumner-Ave-18504/home/194473923,listed,,weekly sweep 2026-09-28,
905 eynon st|18504,"905 Eynon St, Scranton, PA 18504",18504,2026-09-28,2026-09-28,212000,212000,both,https://www.redfin.com/PA/Scranton/905-Eynon-St-18504/home/129078210,listed,,weekly sweep 2026-09-28,
910912 s hampton st|18504,"910-912 S Hampton St, Scranton, PA 18504",18504,2026-09-28,2026-09-28,129000,129000,zillow,https://www.zillow.com/homedetails/910-912-S-Hampton-St-Scranton-PA-18504/461285055_zpid/,listed,,weekly sweep 2026-09-28,yes
915 w lackawanna ave|18504,"915 W Lackawanna Ave, Scranton, PA 18504",18504,2026-09-28,2026-09-28,199900,199900,both,https://www.redfin.com/PA/Scranton/915-W-Lackawanna-Ave-18504/home/128458880,listed,,weekly sweep 2026-09-28,
916 s main ave|18504,"916 S Main Ave, Scranton, PA 18504",18504,2026-09-28,2026-09-28,290000,290000,both,https://www.redfin.com/PA/Scranton/916-S-Main-Ave-18504/home/129236979,listed,,weekly sweep 2026-09-28,
1131 pittston ave|18505,"1131 Pittston Ave, Scranton, PA 18505",18505,2026-09-28,2026-09-28,579000,579000,redfin,https://www.redfin.com/PA/Scranton/1131-Pittston-Ave-18505/home/186048293,listed,,weekly sweep 2026-09-28,
1209 stafford ave|18505,"1209 Stafford Ave, Scranton, PA 18505",18505,2026-09-28,2026-09-28,297000,297000,redfin,https://www.redfin.com/PA/Scranton/1209-Stafford-Ave-18505/home/128476726,listed,,weekly sweep 2026-09-28,
12151217 pittston ave|18505,"1215-1217 Pittston Ave, Scranton, PA 18505",18505,2026-09-28,2026-09-28,380000,380000,both,https://www.zillow.com/homedetails/1215-1217-Pittston-Ave-Scranton-PA-18505/9574108_zpid/,listed,,weekly sweep 2026-09-28,
1830 pittston ave|18505,"1830 Pittston Ave, Scranton, PA 18505",18505,2026-09-28,2026-09-28,199000,199000,redfin,https://www.redfin.com/PA/Scranton/1830-Pittston-Ave-18505/home/128540586,listed,,weekly sweep 2026-09-28,yes
206 crown ave|18505,"206 Crown Ave, Scranton, PA 18505",18505,2026-09-28,2026-09-28,199000,199000,redfin,https://www.redfin.com/PA/Scranton/206-Crown-Ave-18505/home/129079447,listed,,weekly sweep 2026-09-28,yes
338 e elm st|18505,"338 E Elm St, Scranton, PA 18505",18505,2026-09-28,2026-09-28,288000,288000,redfin,https://www.redfin.com/PA/Scranton/338-E-Elm-St-18505/home/128264175,listed,,weekly sweep 2026-09-28,
409 prospect ave|18505,"409 Prospect Ave, Scranton, PA 18505",18505,2026-09-28,2026-09-28,199000,199000,redfin,https://www.redfin.com/PA/Scranton/409-Prospect-Ave-18505/home/176671183,listed,,weekly sweep 2026-09-28,
428 railroad ave|18505,"428 Railroad Ave, Scranton, PA 18505",18505,2026-09-28,2026-09-28,165000,165000,both,https://www.zillow.com/homedetails/428-Railroad-Ave-Scranton-PA-18505/9568867_zpid/,listed,,weekly sweep 2026-09-28,yes
433 willow st|18505,"433 Willow St, Scranton, PA 18505",18505,2026-09-28,2026-09-28,289900,289900,both,https://www.zillow.com/homedetails/433-Willow-St-Scranton-PA-18505/9567439_zpid/,listed,,weekly sweep 2026-09-28,
439 alder st|18505,"439 Alder St, Scranton, PA 18505",18505,2026-09-28,2026-09-28,360000,360000,redfin,https://www.redfin.com/PA/Scranton/439-Alder-St-18505/home/128500627,listed,,weekly sweep 2026-09-28,
501503 cedar ave|18505,"501-503 Cedar Ave, Scranton, PA 18505",18505,2026-09-28,2026-09-28,349995,349995,redfin,https://www.redfin.com/PA/Scranton/501-503-Cedar-Ave-18505/home/198772493,listed,,weekly sweep 2026-09-28,
515517 e elm st|18505,"515-517 E Elm St, Scranton, PA 18505",18505,2026-09-28,2026-09-28,239900,239900,both,https://www.zillow.com/homedetails/515-517-E-Elm-St-Scranton-PA-18505/465285554_zpid/,listed,,weekly sweep 2026-09-28,
523 willow st|18505,"523 Willow St, Scranton, PA 18505",18505,2026-09-28,2026-09-28,400000,400000,redfin,https://www.redfin.com/PA/Scranton/523-Willow-St-18505/home/128280742,listed,,weekly sweep 2026-09-28,
525 527 cedar ave|18505,"525 527 Cedar Ave, Scranton, PA 18505",18505,2026-09-28,2026-09-28,799900,799900,redfin,https://www.redfin.com/PA/Scranton/527-Cedar-Ave-18505/home/197580542,listed,,weekly sweep 2026-09-28,
531 s irving ave|18505,"531 S Irving Ave, Scranton, PA 18505",18505,2026-09-28,2026-09-28,1150000,1150000,both,https://www.zillow.com/homedetails/531-S-Irving-Ave-Scranton-PA-18505/2059390326_zpid/,listed,,weekly sweep 2026-09-28,
533 willow st|18505,"533 Willow St, Scranton, PA 18505",18505,2026-09-28,2026-09-28,319900,319900,redfin,https://www.redfin.com/PA/Scranton/533-Willow-St-18505/home/128273760,listed,,weekly sweep 2026-09-28,
638 willow st|18505,"638 Willow St, Scranton, PA 18505",18505,2026-09-28,2026-09-28,259000,259000,both,https://www.zillow.com/homedetails/638-Willow-St-Scranton-PA-18505/9568362_zpid/,listed,,weekly sweep 2026-09-28,
702 crown ave|18505,"702 Crown Ave, Scranton, PA 18505",18505,2026-09-28,2026-09-28,150000,150000,both,https://www.zillow.com/homedetails/702-Crown-Ave-Scranton-PA-18505/9568508_zpid/,listed,,weekly sweep 2026-09-28,
715 moosic st|18505,"715 Moosic St, Scranton, PA 18505",18505,2026-09-28,2026-09-28,525000,525000,redfin,https://www.redfin.com/PA/Scranton/715-Moosic-St-18505/home/176671188,listed,,weekly sweep 2026-09-28,
740 orchard st|18505,"740 Orchard St, Scranton, PA 18505",18505,2026-09-28,2026-09-28,225000,225000,both,https://www.zillow.com/homedetails/740-Orchard-St-Scranton-PA-18505/9569265_zpid/,listed,,weekly sweep 2026-09-28,
906 crown ave|18505,"906 Crown Ave, Scranton, PA 18505",18505,2026-09-28,2026-09-28,330000,330000,redfin,https://www.redfin.com/PA/Scranton/906-Crown-Ave-18505/home/129018481,listed,,weekly sweep 2026-09-28,
923923|18505,"923-923 #R Slocum Ave, Scranton, PA 18505",18505,2026-09-28,2026-09-28,239900,239900,redfin,https://www.redfin.com/PA/Scranton/923-923-R-Slocum-Ave-18505/home/203287804,listed,,weekly sweep 2026-09-28,
923923 slocum ave|18505,"923-923 Slocum Ave #R, Scranton, PA 18505",18505,2026-09-28,2026-09-28,239900,239900,zillow,https://www.zillow.com/homedetails/923-923-Slocum-Ave-R-Scranton-PA-18505/464148801_zpid/,listed,,weekly sweep 2026-09-28,
1102 1104 albright ave|18508,"1102 1104 Albright Ave, Scranton, PA 18508",18508,2026-09-28,2026-09-28,249000,249000,redfin,https://www.redfin.com/PA/Scranton/1104-Albright-Ave-18508/home/202049553,listed,,weekly sweep 2026-09-28,
11021104 albright ave|18508,"1102-1104 Albright Ave, Scranton, PA 18508",18508,2026-09-28,2026-09-28,249000,249000,zillow,https://www.zillow.com/homedetails/1102-1104-Albright-Ave-Scranton-PA-18508/9556446_zpid/,listed,,weekly sweep 2026-09-28,
11081110 albright ave|18508,"1108-1110 Albright Ave, Scranton, PA 18508",18508,2026-09-28,2026-09-28,394995,394995,both,https://www.redfin.com/PA/Scranton/1108-1110-Albright-Ave-18508/home/200027896,listed,,weekly sweep 2026-09-28,
1430 n main ave|18508,"1430 N Main Ave, Scranton, PA 18508",18508,2026-09-28,2026-09-28,275000,275000,both,https://www.redfin.com/PA/Scranton/1430-N-Main-Ave-18508/home/128929026,listed,,weekly sweep 2026-09-28,
14321436 n main ave|18508,"1432-1436 N Main Ave, Scranton, PA 18508",18508,2026-09-28,2026-09-28,320000,320000,both,https://www.redfin.com/PA/Scranton/1432-N-Main-Ave-18508/home/176672112,listed,,weekly sweep 2026-09-28,
1702 wayne ave|18508,"1702 Wayne Ave, Scranton, PA 18508",18508,2026-09-28,2026-09-28,200000,200000,both,https://www.redfin.com/PA/Scranton/1702-Wayne-Ave-18508/home/160634326,listed,,weekly sweep 2026-09-28,
2016 n main ave|18508,"2016 N Main Ave, Scranton, PA 18508",18508,2026-09-28,2026-09-28,320000,320000,both,https://www.redfin.com/PA/Scranton/2016-N-Main-Ave-18508/home/128262246,listed,,weekly sweep 2026-09-28,
2089 n main ave|18508,"2089 N Main Ave, Scranton, PA 18508",18508,2026-09-28,2026-09-28,379000,379000,both,https://www.redfin.com/PA/Scranton/2089-N-Main-Ave-18508/home/128472085,listed,,weekly sweep 2026-09-28,
724 ct st|18508,"724 Court St, Scranton, PA 18508",18508,2026-09-28,2026-09-28,299000,299000,both,https://www.redfin.com/PA/Scranton/724-Court-St-18508/home/128748250,listed,,weekly sweep 2026-09-28,
8 12 w olive st|18508,"8 & 12 W Olive St, Scranton, PA 18508",18508,2026-09-28,2026-09-28,299900,299900,both,https://www.redfin.com/PA/Scranton/8-W-Olive-St-18508/home/203225603,listed,,weekly sweep 2026-09-28,
817 rear ct st|18508,"817 Rear Court St, Scranton, PA 18508",18508,2026-09-28,2026-09-28,211000,211000,redfin,https://www.redfin.com/PA/Scranton/817-Court-St-18508/home/128453919,listed,,weekly sweep 2026-09-28,yes
1 3 ferguson pl|18509,"1 3 Ferguson Pl, Dunmore, PA 18509",18509,2026-09-28,2026-09-28,339000,339000,redfin,https://www.redfin.com/PA/Dunmore/3-Ferguson-Pl-18509/home/192463152,listed,,weekly sweep 2026-09-28,
14111413 n washington ave|18509,"1411-1413 N Washington Ave, Scranton, PA 18509",18509,2026-09-28,2026-09-28,975000,975000,both,https://www.redfin.com/PA/Scranton/1411-1413-N-Washington-Ave-18509/home/191766484,listed,,weekly sweep 2026-09-28,
1705 1707 capouse ave|18509,"1705 1707 Capouse Ave, Scranton, PA 18509",18509,2026-09-28,2026-09-28,349000,349000,redfin,https://www.redfin.com/PA/Scranton/1705-Capouse-Ave-18509/home/163672594,listed,,weekly sweep 2026-09-28,
17051707 capouse ave|18509,"1705-1707 Capouse Ave, Scranton, PA 18509",18509,2026-09-28,2026-09-28,349000,349000,zillow,https://www.zillow.com/homedetails/1705-1707-Capouse-Ave-Scranton-PA-18509/9553631_zpid/,listed,,weekly sweep 2026-09-28,
2319 adams ave|18509,"2319 Adams Ave, Scranton, PA 18509",18509,2026-09-28,2026-09-28,269900,269900,both,https://www.redfin.com/PA/Scranton/2319-Adams-Ave-18509/home/128939484,listed,,weekly sweep 2026-09-28,
343 phelps st|18509,"343 Phelps St, Scranton, PA 18509",18509,2026-09-28,2026-09-28,265000,265000,redfin,https://www.redfin.com/PA/Scranton/343-Phelps-St-18509/home/129014166,listed,,weekly sweep 2026-09-28,
345 phelps st|18509,"345 Phelps St, Scranton, PA 18509",18509,2026-09-28,2026-09-28,299999,299999,redfin,https://www.redfin.com/PA/Scranton/345-Phelps-St-18509/home/128875766,listed,,weekly sweep 2026-09-28,
535 green ridge st|18509,"535 Green Ridge St, Scranton, PA 18509",18509,2026-09-28,2026-09-28,274995,274995,both,https://www.redfin.com/PA/Scranton/535-Green-Ridge-St-18509/home/199954632,listed,,weekly sweep 2026-09-28,
539 e market st|18509,"539 E Market St, Scranton, PA 18509",18509,2026-09-28,2026-09-28,304900,304900,both,https://www.redfin.com/PA/Scranton/539-E-Market-St-18509/home/128748930,listed,,weekly sweep 2026-09-28,
68 greenridge st|18509,"6-8 Greenridge St, Scranton, PA 18509",18509,2026-09-28,2026-09-28,449000,449000,both,https://www.redfin.com/PA/Scranton/6-8-Green-Ridge-St-18509/home/197351672,listed,,weekly sweep 2026-09-28,
619621 mineral ave|18509,"619-621 Mineral Ave, Scranton, PA 18509",18509,2026-09-28,2026-09-28,349900,349900,both,https://www.redfin.com/PA/Scranton/619-621-Mineral-Ave-18509/home/202296053,listed,,weekly sweep 2026-09-28,
622 e market st|18509,"622 E Market St, Scranton, PA 18509",18509,2026-09-28,2026-09-28,259900,259900,redfin,https://www.redfin.com/PA/Scranton/622-E-Market-St-18509/home/193816463,listed,,weekly sweep 2026-09-28,yes
68 green pl|18509,"68 Green Pl #70, Scranton, PA 18509",18509,2026-09-28,2026-09-28,265000,265000,zillow,https://www.zillow.com/homedetails/68-Green-Pl-70-Scranton-PA-18509/9557211_zpid/,listed,,weekly sweep 2026-09-28,
6870 green pl|18509,"68-70 Green Pl, Scranton, PA 18509",18509,2026-09-28,2026-09-28,265000,265000,redfin,https://www.redfin.com/PA/Scranton/68-70-Green-Pl-18509/home/204718202,listed,,weekly sweep 2026-09-28,
814 816 green ridge st|18509,"814 816 Green Ridge St, Scranton, PA 18509",18509,2026-09-28,2026-09-28,339999,339999,redfin,https://www.redfin.com/PA/Scranton/814-816-Green-Ridge-St-18509/home/187484386,listed,,weekly sweep 2026-09-28,
814 green ridge st|18509,"814 Green Ridge St #816, Scranton, PA 18509",18509,2026-09-28,2026-09-28,339999,339999,zillow,https://www.zillow.com/homedetails/814-Green-Ridge-St-816-Scranton-PA-18509/9553563_zpid/,listed,,weekly sweep 2026-09-28,
908 richmont st|18509,"908 Richmont St, Scranton, PA 18509",18509,2026-09-28,2026-09-28,410000,410000,redfin,https://www.redfin.com/PA/Scranton/908-Richmont-St-18509/home/128966882,listed,,weekly sweep 2026-09-28,
1013 john ave|18510,"1013 John Ave, Scranton, PA 18510",18510,2026-09-28,2026-09-28,175000,175000,both,https://www.zillow.com/homedetails/1013-John-Ave-Scranton-PA-18510/9569901_zpid/,listed,,weekly sweep 2026-09-28,
1017 prescott ave|18510,"1017 Prescott Ave, Scranton, PA 18510",18510,2026-09-28,2026-09-28,549000,549000,both,https://www.zillow.com/homedetails/1017-Prescott-Ave-Scranton-PA-18510/439655787_zpid/,listed,,weekly sweep 2026-09-28,
1019 mark ave|18510,"1019 Mark Ave, Scranton, PA 18510",18510,2026-09-28,2026-09-28,169900,169900,zillow,https://www.zillow.com/homedetails/1019-Mark-Ave-Scranton-PA-18510/9570011_zpid/,listed,,weekly sweep 2026-09-28,
214 harrison ave|18510,"214 Harrison Ave, Scranton, PA 18510",18510,2026-09-28,2026-09-28,260000,260000,both,https://www.zillow.com/homedetails/214-Harrison-Ave-Scranton-PA-18510/2146782648_zpid/,listed,,weekly sweep 2026-09-28,yes
216 harrison ave|18510,"216 Harrison Ave, Scranton, PA 18510",18510,2026-09-28,2026-09-28,425000,425000,redfin,https://www.redfin.com/PA/Scranton/216-Harrison-Ave-18510/home/129247345,listed,,weekly sweep 2026-09-28,
2306 ash st|18510,"2306 Ash St, Scranton, PA 18510",18510,2026-09-28,2026-09-28,330000,330000,both,https://www.zillow.com/homedetails/2306-Ash-St-Scranton-PA-18510/9569975_zpid/,listed,,weekly sweep 2026-09-28,
342 harrison ave|18510,"342 Harrison Ave, Scranton, PA 18510",18510,2026-09-28,2026-09-28,424900,424900,redfin,https://www.redfin.com/PA/Scranton/342-Harrison-Ave-18510/home/128675142,listed,,weekly sweep 2026-09-28,
444 jefferson ave|18510,"444 Jefferson Ave, Scranton, PA 18510",18510,2026-09-28,2026-09-28,299995,299995,both,https://www.zillow.com/homedetails/444-Jefferson-Ave-Scranton-PA-18510/67345973_zpid/,listed,,weekly sweep 2026-09-28,
525 harrison ave|18510,"525 Harrison Ave, Scranton, PA 18510",18510,2026-09-28,2026-09-28,425000,425000,redfin,https://www.redfin.com/PA/Scranton/525-Harrison-Ave-18510/home/200057399,listed,,weekly sweep 2026-09-28,
525527 harrison ave|18510,"525-527 Harrison Ave, Scranton, PA 18510",18510,2026-09-28,2026-09-28,425000,425000,redfin,https://www.redfin.com/PA/Scranton/525-527-Harrison-Ave-18510/home/202695093,listed,,weekly sweep 2026-09-28,
530532 harrison ave|18510,"530-532 Harrison Ave, Scranton, PA 18510",18510,2026-09-28,2026-09-28,250000,250000,redfin,https://www.redfin.com/PA/Scranton/530-532-Harrison-Ave-18510/home/205626868,listed,,weekly sweep 2026-09-28,
530532 harrison|18510,"530-532 Harrison, Scranton, PA 18510",18510,2026-09-28,2026-09-28,250000,250000,zillow,https://www.zillow.com/homedetails/530-532-Harrison-Scranton-PA-18510/2089108050_zpid/,listed,,weekly sweep 2026-09-28,yes
627 prescott ave|18510,"627 Prescott Ave, Scranton, PA 18510",18510,2026-09-28,2026-09-28,822500,822500,redfin,https://www.redfin.com/PA/Scranton/627-Prescott-Ave-18510/home/187483541,listed,,weekly sweep 2026-09-28,
627629 prescott ave|18510,"627-629 Prescott Ave, Scranton, PA 18510",18510,2026-09-28,2026-09-28,822500,822500,redfin,https://www.redfin.com/PA/Scranton/627-629-Prescott-Ave-18510/home/202777219,listed,,weekly sweep 2026-09-28,
708 harrison ave|18510,"708 Harrison Ave, Scranton, PA 18510",18510,2026-09-28,2026-09-28,425000,425000,redfin,https://www.redfin.com/PA/Scranton/708-Harrison-Ave-18510/home/201819888,listed,,weekly sweep 2026-09-28,
708710 harrison ave|18510,"708-710 Harrison Ave, Scranton, PA 18510",18510,2026-09-28,2026-09-28,425000,425000,redfin,https://www.redfin.com/PA/Scranton/708-710-Harrison-Ave-18510/home/202769233,listed,,weekly sweep 2026-09-28,
909 monroe ave|18510,"909 Monroe Ave, Scranton, PA 18510",18510,2026-09-28,2026-09-28,349900,349900,both,https://www.zillow.com/homedetails/909-Monroe-Ave-Scranton-PA-18510/2116526512_zpid/,listed,,weekly sweep 2026-09-28,
913 monroe ave|18510,"913 Monroe Ave, Scranton, PA 18510",18510,2026-09-28,2026-09-28,349900,349900,redfin,https://www.redfin.com/PA/Scranton/913-Monroe-Ave-18510/home/188972404,listed,,weekly sweep 2026-09-28,
914 916 madison ave|18510,"914 916 916 Madison Ave, Scranton, PA 18510",18510,2026-09-28,2026-09-28,595000,595000,redfin,https://www.redfin.com/PA/Scranton/914-Madison-Ave-18510/home/179855586,listed,,weekly sweep 2026-09-28,
946 clay ave|18510,"946 Clay Ave, Scranton, PA 18510",18510,2026-09-28,2026-09-28,409995,409995,both,https://www.zillow.com/homedetails/946-Clay-Ave-Scranton-PA-18510/9561440_zpid/,listed,,weekly sweep 2026-09-28,
225|18512,"225, 233 E & 301 East Drinker Stret, Dunmore, PA 18512",18512,2026-09-28,2026-09-28,485000,485000,redfin,https://www.redfin.com/PA/Dunmore/301-E-Drinker-St-18512/home/163676871,listed,,weekly sweep 2026-09-28,
225233 e|18512,"225-233 E & #301, Scranton, PA 18512",18512,2026-09-28,2026-09-28,485000,485000,zillow,https://www.zillow.com/homedetails/225-233-E-301-Scranton-PA-18512/456112047_zpid/,listed,,weekly sweep 2026-09-28,
327 chestnut st|18512,"327 Chestnut St, Dunmore, PA 18512",18512,2026-09-28,2026-09-28,199000,199000,both,https://www.redfin.com/PA/Dunmore/327-Chestnut-St-18512/home/182473700,listed,,weekly sweep 2026-09-28,yes
343 smith st|18512,"343 Smith St, Dunmore, PA 18512",18512,2026-09-28,2026-09-28,564900,564900,both,https://www.redfin.com/PA/Dunmore/343-Smith-St-18512/home/129110263,listed,,weekly sweep 2026-09-28,
535 chestnut st|18512,"535 Chestnut St, Dunmore, PA 18512",18512,2026-09-28,2026-09-28,489900,489900,both,https://www.redfin.com/PA/Dunmore/535-Chestnut-St-18512/home/129250748,listed,,weekly sweep 2026-09-28,
707 mill st|18512,"707 Mill St, Dunmore, PA 18512",18512,2026-09-28,2026-09-28,199000,199000,both,https://www.redfin.com/PA/Dunmore/707-Mill-St-18512/home/129250611,listed,,weekly sweep 2026-09-28,
710 smith st|18512,"710 Smith St, Dunmore, PA 18512",18512,2026-09-28,2026-09-28,285000,285000,both,https://www.redfin.com/PA/Dunmore/710-Smith-St-18512/home/128665624,listed,,weekly sweep 2026-09-28,
810 george st|18512,"810 George St, Throop, PA 18512",18512,2026-09-28,2026-09-28,190000,190000,both,https://www.redfin.com/PA/Throop/810-George-St-18512/home/129484208,listed,,weekly sweep 2026-09-28,yes
108 110 e atherton st|18517,"108 110 E Atherton St, Taylor, PA 18517",18517,2026-09-28,2026-09-28,259000,259000,redfin,https://www.redfin.com/PA/Taylor/110-W-Atherton-St-18517/home/192426638,listed,,weekly sweep 2026-09-28,
108110 e atherton st|18517,"108-110 E Atherton St, Taylor, PA 18517",18517,2026-09-28,2026-09-28,259000,259000,zillow,https://www.zillow.com/homedetails/108-110-E-Atherton-St-Taylor-PA-18517/65066179_zpid/,listed,,weekly sweep 2026-09-28,
206 union st|18517,"206 Union St #208, Taylor, PA 18517",18517,2026-09-28,2026-09-28,299995,299995,zillow,https://www.zillow.com/homedetails/206-Union-St-208-Taylor-PA-18517/9573187_zpid/,listed,,weekly sweep 2026-09-28,
206208 union st|18517,"206-208 Union St, Taylor, PA 18517",18517,2026-09-28,2026-09-28,299995,299995,redfin,https://www.redfin.com/PA/Taylor/208-Union-St-18517/home/187484155,listed,,weekly sweep 2026-09-28,
207 milwaukee ave|18518,"207 Milwaukee Ave, Old Forge, PA 18518",18518,2026-09-28,2026-09-28,594000,594000,both,https://www.zillow.com/homedetails/207-Milwaukee-Ave-Old-Forge-PA-18518/9581149_zpid/,listed,,weekly sweep 2026-09-28,
1013 grant ct|18519,"1013 Grant Ct, Dickson City, PA 18519",18519,2026-09-28,2026-09-28,149000,149000,both,https://www.redfin.com/PA/Dickson-City/1013-Grant-Ct-18519/home/200969899,listed,,weekly sweep 2026-09-28,yes
1211 main st|18519,"1211 Main St, Dickson City, PA 18519",18519,2026-09-28,2026-09-28,199000,199000,both,https://www.redfin.com/PA/Dickson-City/1211-Main-St-18519/home/128251354,listed,,weekly sweep 2026-09-28,yes
234 bowman st|18519,"234 Bowman St, Dickson City, PA 18519",18519,2026-09-28,2026-09-28,325000,325000,both,https://www.redfin.com/PA/Dickson-City/234-Bowman-St-18519/home/129191572,listed,,weekly sweep 2026-09-28,
445 main st|18519,"445 Main St, Dickson City, PA 18519",18519,2026-09-28,2026-09-28,800000,800000,both,https://www.redfin.com/PA/Dickson-City/445-Main-St-18519/home/129201426,listed,,weekly sweep 2026-09-28,
614 blvd ave|18519,"614 Boulevard Ave, Dickson City, PA 18519",18519,2026-09-28,2026-09-28,239000,239000,both,https://www.redfin.com/PA/Dickson-City/614-Boulevard-Ave-18519/home/128849613,listed,,weekly sweep 2026-09-28,
10041006 w front st|18603,"1004-1006 W Front Street St, Berwick, PA 18603",18603,2026-09-28,2026-09-28,185000,185000,both,https://www.redfin.com/PA/Berwick/10041006-W-Front-St-18603/home/120118881,listed,,weekly sweep 2026-09-28,
109111 walnut st|18603,"109-111 Walnut St, Berwick, PA 18603",18603,2026-09-28,2026-09-28,264000,264000,redfin,https://www.redfin.com/PA/Berwick/109-Walnut-St-18603/home/182006535,listed,,weekly sweep 2026-09-28,
109111 walnut point|18603,"109111 Walnut Point, Berwick, PA 18603",18603,2026-09-28,2026-09-28,264000,264000,zillow,https://www.zillow.com/homedetails/109111-Walnut-Point-Berwick-PA-18603/444906726_zpid/,listed,,weekly sweep 2026-09-28,
12391241 w front st|18603,"1239-1241 W Front Street St, Berwick, PA 18603",18603,2026-09-28,2026-09-28,210000,210000,both,https://www.redfin.com/PA/Berwick/12391241-W-Front-St-18603/home/120348905,listed,,weekly sweep 2026-09-28,
1306 orange st|18603,"1306 Orange St, Berwick, PA 18603",18603,2026-09-28,2026-09-28,349500,349500,both,https://www.redfin.com/PA/Berwick/1306-Orange-St-18603/home/196541672,listed,,weekly sweep 2026-09-28,
421 e 2nd st|18603,"421 E 2nd St, Berwick, PA 18603",18603,2026-09-28,2026-09-28,195000,195000,both,https://www.redfin.com/PA/Berwick/421-E-2nd-St-18603/home/134197900,listed,,weekly sweep 2026-09-28,
604 n market st|18603,"604 N Market St, Berwick, PA 18603",18603,2026-09-28,2026-09-28,235000,235000,zillow,https://www.zillow.com/homedetails/604-N-Market-St-Berwick-PA-18603/465510751_zpid/,listed,,weekly sweep 2026-09-28,
806 n vine st|18603,"806 N Vine St, Berwick, PA 18603",18603,2026-09-28,2026-09-28,165000,165000,zillow,https://www.zillow.com/homedetails/806-N-Vine-St-Berwick-PA-18603/52129569_zpid/,listed,,weekly sweep 2026-09-28,yes
806 vine st|18603,"806 Vine St, Berwick, PA 18603",18603,2026-09-28,2026-09-28,165000,165000,redfin,https://www.redfin.com/PA/Berwick/806-N-Vine-St-18603/home/120288258,listed,,weekly sweep 2026-09-28,yes
828 salem blvd|18603,"828 Salem Blvd, Berwick, PA 18603",18603,2026-09-28,2026-09-28,997700,997700,both,https://www.redfin.com/PA/Berwick/828-Salem-Blvd-18603/home/204602945,listed,,weekly sweep 2026-09-28,
680 main rd|18612,"680 Main Rd, Dallas, PA 18612",18612,2026-09-28,2026-09-28,234500,234500,both,https://www.redfin.com/PA/Dallas/680-Main-Rd-18612/home/181891707,listed,,weekly sweep 2026-09-28,
695701 main st|18612,"695-701 Main St, Dallas, PA 18612",18612,2026-09-28,2026-09-28,450000,450000,zillow,https://www.zillow.com/homedetails/695-701-Main-St-Dallas-PA-18612/465538622_zpid/,listed,,weekly sweep 2026-09-28,
1009 main st|18634,"1009 Main St, Nanticoke, PA 18634",18634,2026-09-28,2026-09-28,350000,350000,redfin,https://www.redfin.com/PA/Nanticoke/1009-W-Main-St-18634/home/205499590,listed,,weekly sweep 2026-09-28,
1009 w main st|18634,"1009 W Main St, Nanticoke, PA 18634",18634,2026-09-28,2026-09-28,350000,350000,zillow,https://www.zillow.com/homedetails/1009-W-Main-St-Nanticoke-PA-18634/53539523_zpid/,listed,,weekly sweep 2026-09-28,
101 e green st|18634,"101 E Green St, Nanticoke, PA 18634",18634,2026-09-28,2026-09-28,399900,399900,zillow,https://www.zillow.com/homedetails/101-E-Green-St-Nanticoke-PA-18634/53534438_zpid/,listed,,weekly sweep 2026-09-28,
101 green st|18634,"101 Green St, Nanticoke, PA 18634",18634,2026-09-28,2026-09-28,399900,399900,redfin,https://www.redfin.com/PA/Nanticoke/101-E-Green-St-18634/home/134183160,listed,,weekly sweep 2026-09-28,
115 phillip st|18634,"115 Phillip St, Nanticoke, PA 18634",18634,2026-09-28,2026-09-28,164395,164395,zillow,https://www.zillow.com/homedetails/115-Phillip-St-Nanticoke-PA-18634/53539935_zpid/,listed,,weekly sweep 2026-09-28,yes
117 e green st|18634,"117 E Green St, Nanticoke, PA 18634",18634,2026-09-28,2026-09-28,225000,225000,zillow,https://www.zillow.com/homedetails/117-E-Green-St-Nanticoke-PA-18634/53534439_zpid/,listed,,weekly sweep 2026-09-28,
117 green st|18634,"117 Green St, Nanticoke, PA 18634",18634,2026-09-28,2026-09-28,225000,225000,redfin,https://www.redfin.com/PA/Nanticoke/117-W-Green-St-18634/home/135103103,listed,,weekly sweep 2026-09-28,
132 espy st|18634,"132 Espy St, Nanticoke, PA 18634",18634,2026-09-28,2026-09-28,135000,135000,zillow,https://www.zillow.com/homedetails/132-Espy-St-Nanticoke-PA-18634/53540079_zpid/,listed,,weekly sweep 2026-09-28,
144 w broad st|18634,"144 W Broad St, Nanticoke, PA 18634",18634,2026-09-28,2026-09-28,275000,275000,redfin,https://www.redfin.com/PA/Nanticoke/144-W-Broad-St-18634/home/134209087,listed,,weekly sweep 2026-09-28,
151 153 robert st|18634,"151 153 Robert St, Nanticoke, PA 18634",18634,2026-09-28,2026-09-28,228900,228900,redfin,https://www.redfin.com/PA/Nanticoke/151-Robert-St-18634/home/134465625,listed,,weekly sweep 2026-09-28,
151 robert st|18634,"151 Robert St, Nanticoke, PA 18634",18634,2026-09-28,2026-09-28,228900,228900,zillow,https://www.zillow.com/homedetails/151-Robert-St-Nanticoke-PA-18634/53539786_zpid/,listed,,weekly sweep 2026-09-28,
162 green st|18634,"162 Green St, Nanticoke, PA 18634",18634,2026-09-28,2026-09-28,450000,450000,redfin,https://www.redfin.com/PA/Nanticoke/162-W-Green-St-18634/home/199283745,listed,,weekly sweep 2026-09-28,
277 e spring st|18634,"277 E Spring St, Nanticoke, PA 18634",18634,2026-09-28,2026-09-28,395000,395000,zillow,https://www.zillow.com/homedetails/277-E-Spring-St-Nanticoke-PA-18634/53533319_zpid/,listed,,weekly sweep 2026-09-28,
277 spring st|18634,"277 Spring St, Nanticoke, PA 18634",18634,2026-09-28,2026-09-28,395000,395000,redfin,https://www.redfin.com/PA/Nanticoke/277-E-Spring-St-18634/home/134188696,listed,,weekly sweep 2026-09-28,
40 coal st|18634,"40 Coal St, Nanticoke, PA 18634",18634,2026-09-28,2026-09-28,74900,74900,zillow,https://www.zillow.com/homedetails/40-Coal-St-Nanticoke-PA-18634/53533864_zpid/,listed,,weekly sweep 2026-09-28,
71 main st|18634,"71 Main St, Nanticoke, PA 18634",18634,2026-09-28,2026-09-28,599000,599000,redfin,https://www.redfin.com/PA/Nanticoke/71-E-Main-St-18634/home/134922223,listed,,weekly sweep 2026-09-28,
741 hanover st|18634,"741 Hanover St, Nanticoke, PA 18634",18634,2026-09-28,2026-09-28,319900,319900,redfin,https://www.redfin.com/PA/Nanticoke/741-S-Hanover-St-18634/home/135604532,listed,,weekly sweep 2026-09-28,
741 s hanover st|18634,"741 S Hanover St, Nanticoke, PA 18634",18634,2026-09-28,2026-09-28,319900,319900,zillow,https://www.zillow.com/homedetails/741-S-Hanover-St-Nanticoke-PA-18634/88959213_zpid/,listed,,weekly sweep 2026-09-28,
1392 1394 main st|18640,"1392 1394 Main St, Pittston, PA 18640",18640,2026-09-28,2026-09-28,300000,300000,redfin,https://www.redfin.com/PA/Pittston/1392-Main-St-18640/home/135551249,listed,,weekly sweep 2026-09-28,
1392 main st|18640,"1392 Main St, Pittston, PA 18640",18640,2026-09-28,2026-09-28,300000,300000,zillow,https://www.zillow.com/homedetails/1392-Main-St-Pittston-PA-18640/446224812_zpid/,listed,,weekly sweep 2026-09-28,
14a 14b oak st|18640,"14A 14B Oak St, Jenkins Township, PA 18640",18640,2026-09-28,2026-09-28,180000,180000,redfin,https://www.redfin.com/PA/Jenkins-Township/14-Oak-St-18640/home/134813662,listed,,weekly sweep 2026-09-28,yes
14a e oak st|18640,"14A E Oak St, Pittston, PA 18640",18640,2026-09-28,2026-09-28,180000,180000,zillow,https://www.zillow.com/homedetails/14A-E-Oak-St-Pittston-PA-18640/464923162_zpid/,listed,,weekly sweep 2026-09-28,yes
38 w columbus ave|18640,"38 W Columbus Ave, Pittston, PA 18640",18640,2026-09-28,2026-09-28,205000,205000,both,https://www.redfin.com/PA/Pittston/38-W-Columbus-Ave-18640/home/134966122,listed,,weekly sweep 2026-09-28,yes
631 main st|18641,"631 Main St, Avoca, PA 18641",18641,2026-09-28,2026-09-28,264900,264900,both,https://www.redfin.com/PA/Avoca/631-Main-St-18641/home/134711785,listed,,weekly sweep 2026-09-28,
197 foote ave|18642,"197 Foote Ave, Duryea, PA 18642",18642,2026-09-28,2026-09-28,232700,232700,zillow,https://www.zillow.com/homedetails/197-Foote-Ave-Duryea-PA-18642/88964110_zpid/,listed,,weekly sweep 2026-09-28,yes
707 exeter ave|18643,"707 Exeter Ave, West Pittston, PA 18643",18643,2026-09-28,2026-09-28,1250000,1250000,both,https://www.redfin.com/PA/West-Pittston/707-Exeter-Ave-18643/home/134957478,listed,,weekly sweep 2026-09-28,
10211023 w main st|18651,"1021-1023 W Main St, Plymouth, PA 18651",18651,2026-09-28,2026-09-28,129000,129000,both,https://www.redfin.com/PA/Plymouth/1023-W-Main-St-18651/home/135621581,listed,,weekly sweep 2026-09-28,
121 123 eno st|18651,"121 123 Eno St, Plymouth, PA 18651",18651,2026-09-28,2026-09-28,189999,189999,redfin,https://www.redfin.com/PA/Plymouth/123-Eno-St-18651/home/135360922,listed,,weekly sweep 2026-09-28,yes
121 eno st|18651,"121 Eno St, Plymouth, PA 18651",18651,2026-09-28,2026-09-28,189999,189999,zillow,https://www.zillow.com/homedetails/121-Eno-St-Plymouth-PA-18651/2063078553_zpid/,listed,,weekly sweep 2026-09-28,yes
14 rear railroad st|18651,"14 14 Rear Railroad St, Plymouth, PA 18651",18651,2026-09-28,2026-09-28,134999,134999,redfin,https://www.redfin.com/PA/Plymouth/14-W-Railroad-St-18651/home/134123351,listed,,weekly sweep 2026-09-28,yes
14 e railroad st|18651,"14 E Railroad St, Plymouth, PA 18651",18651,2026-09-28,2026-09-28,134999,134999,zillow,https://www.zillow.com/homedetails/14-E-Railroad-St-Plymouth-PA-18651/53517169_zpid/,listed,,weekly sweep 2026-09-28,yes
141 143 franklin st|18651,"141 143 Franklin St, Plymouth, PA 18651",18651,2026-09-28,2026-09-28,199000,199000,redfin,https://www.redfin.com/PA/Plymouth/141-Franklin-St-18651/home/135004514,listed,,weekly sweep 2026-09-28,yes
141 franklin st|18651,"141 Franklin St, Plymouth, PA 18651",18651,2026-09-28,2026-09-28,199000,199000,zillow,https://www.zillow.com/homedetails/141-Franklin-St-Plymouth-PA-18651/53524786_zpid/,listed,,weekly sweep 2026-09-28,yes
163 willow st|18651,"163 Willow St #167, Plymouth, PA 18651",18651,2026-09-28,2026-09-28,229000,229000,zillow,https://www.zillow.com/homedetails/163-Willow-St-167-Plymouth-PA-18651/463237214_zpid/,listed,,weekly sweep 2026-09-28,
163167 willow st|18651,"163-167 Willow St, Plymouth, PA 18651",18651,2026-09-28,2026-09-28,229000,229000,redfin,https://www.redfin.com/PA/Plymouth/163-Willow-St-18651/home/202252570,listed,,weekly sweep 2026-09-28,
246 248 orchard st|18651,"246 248 Orchard St, Plymouth, PA 18651",18651,2026-09-28,2026-09-28,222000,222000,redfin,https://www.redfin.com/PA/Plymouth/248-Orchard-St-18651/home/200676385,listed,,weekly sweep 2026-09-28,
256 e main st|18651,"256 E Main St, Plymouth, PA 18651",18651,2026-09-28,2026-09-28,199900,199900,zillow,https://www.zillow.com/homedetails/256-E-Main-St-Plymouth-PA-18651/9786663_zpid/,listed,,weekly sweep 2026-09-28,yes
256 main st|18651,"256 Main St, Plymouth, PA 18651",18651,2026-09-28,2026-09-28,199900,199900,redfin,https://www.redfin.com/PA/Plymouth/256-E-Main-St-18651/home/135033893,listed,,weekly sweep 2026-09-28,
260 e main st|18651,"260 E Main St, Plymouth, PA 18651",18651,2026-09-28,2026-09-28,268000,268000,both,https://www.redfin.com/PA/Plymouth/260-E-Main-St-18651/home/134397387,listed,,weekly sweep 2026-09-28,
423 e state st|18651,"423 E State St, Larksville, PA 18651",18651,2026-09-28,2026-09-28,260000,260000,zillow,https://www.zillow.com/homedetails/423-E-State-St-Larksville-PA-18651/53515640_zpid/,listed,,weekly sweep 2026-09-28,
485 487 2nd st|18651,"485 - 487 2nd St, Plymouth, PA 18651",18651,2026-09-28,2026-09-28,149999,149999,redfin,https://www.redfin.com/PA/Plymouth/487-2nd-St-18651/home/134831361,listed,,weekly sweep 2026-09-28,yes
485487 2nd st|18651,"485-487 2nd St, Plymouth, PA 18651",18651,2026-09-28,2026-09-28,149999,149999,zillow,https://www.zillow.com/homedetails/485-487-2nd-St-Plymouth-PA-18651/457650610_zpid/,listed,,weekly sweep 2026-09-28,yes
546 main st|18651,"546 Main St, Plymouth, PA 18651",18651,2026-09-28,2026-09-28,1100000,1100000,redfin,https://www.redfin.com/PA/Plymouth/546-W-Main-St-18651/home/135104690,listed,,weekly sweep 2026-09-28,
654 656 kuschke st|18651,"654 656 656 Kuschke St, Plymouth, PA 18651",18651,2026-09-28,2026-09-28,250000,250000,redfin,https://www.redfin.com/PA/Plymouth/654-Kuschke-St-18651/home/135425566,listed,,weekly sweep 2026-09-28,
111 old river rd|18702,"111 Old River Rd, Wilkes Barre, PA 18702",18702,2026-09-28,2026-09-28,479000,479000,redfin,https://www.redfin.com/PA/Wilkes-Barre/111-Old-River-Rd-18702/home/134016677,listed,,weekly sweep 2026-09-28,
125 grove st|18702,"125 Grove St, Wilkes-barre, PA 18702",18702,2026-09-28,2026-09-28,249600,249600,redfin,https://www.redfin.com/PA/Wilkes-Barre/125-Grove-St-18702/home/134754097,listed,,weekly sweep 2026-09-28,
13 carey ave|18702,"13 Carey Ave, Wilkes-barre, PA 18702",18702,2026-09-28,2026-09-28,219999,219999,both,https://www.redfin.com/PA/Wilkes-Barre/13-Carey-Ave-18702/home/134753037,listed,,weekly sweep 2026-09-28,yes
179181 mclean st|18702,"179-181 Mclean St, Wilkes-barre Township, PA 18702",18702,2026-09-28,2026-09-28,324000,324000,redfin,https://www.redfin.com/PA/Wilkes-Barre-Township/179-181-McLean-St-18702/home/181890339,listed,,weekly sweep 2026-09-28,
184 186 blackman st|18702,"184 186 Blackman St, Wilkes Barre, PA 18702",18702,2026-09-28,2026-09-28,289900,289900,redfin,https://www.redfin.com/PA/Wilkes-Barre/184-Blackman-St-18702/home/134183575,listed,,weekly sweep 2026-09-28,
184 blackman st|18702,"184 Blackman St, Wilkes Barre, PA 18702",18702,2026-09-28,2026-09-28,289900,289900,zillow,https://www.zillow.com/homedetails/184-Blackman-St-Wilkes-Barre-PA-18702/53528096_zpid/,listed,,weekly sweep 2026-09-28,
188192 high st|18702,"188-192 High St St, Wilkes Barre, PA 18702",18702,2026-09-28,2026-09-28,395000,395000,redfin,https://www.redfin.com/PA/Wilkes-Barre/188-High-Blvd-18702/home/133892978,listed,,weekly sweep 2026-09-28,
2 airy st|18702,"2 Airy St, Wilkes-barre, PA 18702",18702,2026-09-28,2026-09-28,695000,695000,redfin,https://www.redfin.com/PA/Wilkes-Barre/2-Airy-St-18702/home/195223033,listed,,weekly sweep 2026-09-28,
219 washington st|18702,"219 Washington St, Wilkes Barre, PA 18702",18702,2026-09-28,2026-09-28,370000,370000,redfin,https://www.redfin.com/PA/Wilkes-Barre/219-N-Washington-St-18702/home/134484423,listed,,weekly sweep 2026-09-28,
229 231 main st|18702,"229 231 Main St, Wilkes Barre, PA 18702",18702,2026-09-28,2026-09-28,534000,534000,redfin,https://www.redfin.com/PA/Wilkes-Barre/229-N-Main-St-18702/home/135421209,listed,,weekly sweep 2026-09-28,
268270 high st|18702,"268-270 High Street St, Wilkes-barre, PA 18702",18702,2026-09-28,2026-09-28,320000,320000,redfin,https://www.redfin.com/PA/Wilkes-Barre/268-High-St-18702/home/190782338,listed,,weekly sweep 2026-09-28,
2729 oakwood ln|18702,"27-29 Oakwood Ln, Wilkes Barre, PA 18702",18702,2026-09-28,2026-09-28,274900,274900,both,https://www.redfin.com/PA/Wilkes-Barre/29-Oakwood-Ln-18702/home/134580737,listed,,weekly sweep 2026-09-28,
276 main st|18702,"276 Main St, Wilkes Barre, PA 18702",18702,2026-09-28,2026-09-28,275000,275000,redfin,https://www.redfin.com/PA/Wilkes-Barre/276-N-Main-St-18702/home/134759172,listed,,weekly sweep 2026-09-28,yes
294 scott st|18702,"294 Scott St, Wilkes Barre, PA 18702",18702,2026-09-28,2026-09-28,550000,550000,redfin,https://www.redfin.com/PA/Wilkes-Barre/294-Scott-St-18702/home/133892105,listed,,weekly sweep 2026-09-28,
301303 s hancock st|18702,"301-303 S Hancock St, Wilkes Barre, PA 18702",18702,2026-09-28,2026-09-28,359900,359900,zillow,https://www.zillow.com/homedetails/301-303-S-Hancock-St-Wilkes-Barre-PA-18702/446086825_zpid/,listed,,weekly sweep 2026-09-28,
35 37 mallery pl|18702,"35 37 Mallery Pl, Wilkes Barre, PA 18702",18702,2026-09-28,2026-09-28,595000,595000,redfin,https://www.redfin.com/PA/Wilkes-Barre/35-Mallery-Pl-18702/home/134662526,listed,,weekly sweep 2026-09-28,
36 oneil ave|18702,"36 Oneil Ave, Wilkes Barre, PA 18702",18702,2026-09-28,2026-09-28,240000,240000,zillow,https://www.zillow.com/homedetails/36-Oneil-Ave-Wilkes-Barre-PA-18702/53511232_zpid/,listed,,weekly sweep 2026-09-28,yes
40 hancock st|18702,"40 Hancock St, Wilkes Barre, PA 18702",18702,2026-09-28,2026-09-28,1200000,1200000,redfin,https://www.redfin.com/PA/Wilkes-Barre/40-N-Hancock-St-18702/home/135092091,listed,,weekly sweep 2026-09-28,
40 s hancock st|18702,"40 S Hancock St, Wilkes Barre, PA 18702",18702,2026-09-28,2026-09-28,1200000,1200000,redfin,https://www.redfin.com/PA/Wilkes-Barre/40-S-Hancock-St-18702/home/134567058,listed,,weekly sweep 2026-09-28,
486 hazle st|18702,"486 Hazle St, Wilkes-barre, PA 18702",18702,2026-09-28,2026-09-28,1249995,1249995,redfin,https://www.redfin.com/PA/Wilkes-Barre/486-Hazle-St-18702/home/181889569,listed,,weekly sweep 2026-09-28,
51 53 welles st|18702,"51 53 Welles St, Wilkes Barre, PA 18702",18702,2026-09-28,2026-09-28,459000,459000,redfin,https://www.redfin.com/PA/Wilkes-Barre/51-N-Welles-St-18702/home/134565616,listed,,weekly sweep 2026-09-28,
6 8 barney st|18702,"6 8 Barney St, Wilkes Barre, PA 18702",18702,2026-09-28,2026-09-28,218900,218900,redfin,https://www.redfin.com/PA/Wilkes-Barre/6-Barney-St-18702/home/134198404,listed,,weekly sweep 2026-09-28,
6 barney st|18702,"6 Barney St, Wilkes Barre, PA 18702",18702,2026-09-28,2026-09-28,218900,218900,zillow,https://www.zillow.com/homedetails/6-Barney-St-Wilkes-Barre-PA-18702/53519946_zpid/,listed,,weekly sweep 2026-09-28,
64 w hollenback ave|18702,"64 W Hollenback Ave, Wilkes Barre, PA 18702",18702,2026-09-28,2026-09-28,275000,275000,zillow,https://www.zillow.com/homedetails/64-W-Hollenback-Ave-Wilkes-Barre-PA-18702/53511250_zpid/,listed,,weekly sweep 2026-09-28,yes
73 75 sheridan st|18702,"73 75 Sheridan St, Wilkes Barre, PA 18702",18702,2026-09-28,2026-09-28,399000,399000,redfin,https://www.redfin.com/PA/Wilkes-Barre/73-Sheridan-St-18702/home/134164194,listed,,weekly sweep 2026-09-28,
79 81 madison st|18702,"79 81 Madison St, Wilkes Barre, PA 18702",18702,2026-09-28,2026-09-28,550000,550000,redfin,https://www.redfin.com/PA/Wilkes-Barre/79-Madison-St-18702/home/135059567,listed,,weekly sweep 2026-09-28,
8789 custer st|18702,"87-89 Custer St, Wilkes-barre, PA 18702",18702,2026-09-28,2026-09-28,250000,250000,both,https://www.redfin.com/PA/Wilkes-Barre/87-89-Custer-St-18702/home/189496170,listed,,weekly sweep 2026-09-28,
93 academy st|18702,"93 Academy St, Wilkes Barre, PA 18702",18702,2026-09-28,2026-09-28,319990,319990,both,https://www.redfin.com/PA/Wilkes-Barre/93-Academy-St-18702/home/134983822,listed,,weekly sweep 2026-09-28,
1 watkins st|18704,"1 Watkins St, Swoyersville, PA 18704",18704,2026-09-28,2026-09-28,272900,272900,both,https://www.redfin.com/PA/Swoyersville/1-Watkins-St-18704/home/134094612,listed,,weekly sweep 2026-09-28,
112 114 shoemaker st|18704,"112 114 Shoemaker St, Kingston, PA 18704",18704,2026-09-28,2026-09-28,299000,299000,redfin,https://www.redfin.com/PA/Kingston/112-Shoemaker-St-18704/home/134733711,listed,,weekly sweep 2026-09-28,
129 131 summit st|18704,"129 131 Summit St, Edwardsville, PA 18704",18704,2026-09-28,2026-09-28,147000,147000,redfin,https://www.redfin.com/PA/Edwardsville/129-Summit-St-18704/home/134823287,listed,,weekly sweep 2026-09-28,yes
129 summit st|18704,"129 Summit St, Edwardsville, PA 18704",18704,2026-09-28,2026-09-28,147000,147000,zillow,https://www.zillow.com/homedetails/129-Summit-St-Edwardsville-PA-18704/53507087_zpid/,listed,,weekly sweep 2026-09-28,yes
1317 short st|18704,"13-17 Short St, Edwardsville, PA 18704",18704,2026-09-28,2026-09-28,219900,219900,both,https://www.redfin.com/PA/Edwardsville/13-17-Short-St-18704/home/205673404,listed,,weekly sweep 2026-09-28,yes
162164 164 oliver st|18704,"162-164 164 Oliver St, Kingston, PA 18704",18704,2026-09-28,2026-09-28,394900,394900,redfin,https://www.redfin.com/PA/Kingston/164-Oliver-St-18704/home/134443855,listed,,weekly sweep 2026-09-28,
162164 oliver st|18704,"162-164 Oliver St, Kingston, PA 18704",18704,2026-09-28,2026-09-28,394900,394900,zillow,https://www.zillow.com/homedetails/162-164-Oliver-St-Kingston-PA-18704/463555113_zpid/,listed,,weekly sweep 2026-09-28,
20 franklin st|18704,"20 Franklin St, Edwardsville, PA 18704",18704,2026-09-28,2026-09-28,359900,359900,redfin,https://www.redfin.com/PA/Edwardsville/20-Franklin-St-18704/home/135201782,listed,,weekly sweep 2026-09-28,
23 church st|18704,"23 Church St, Edwardsville, PA 18704",18704,2026-09-28,2026-09-28,220000,220000,both,https://www.redfin.com/PA/Edwardsville/23-Church-St-18704/home/134502174,listed,,weekly sweep 2026-09-28,yes
247 green st|18704,"247 Green St #251, Kingston, PA 18704",18704,2026-09-28,2026-09-28,330000,330000,zillow,https://www.zillow.com/homedetails/247-Green-St-251-Kingston-PA-18704/347920048_zpid/,listed,,weekly sweep 2026-09-28,
247251 green st|18704,"247-251 Green Street St, Kingston, PA 18704",18704,2026-09-28,2026-09-28,330000,330000,redfin,https://www.redfin.com/PA/Kingston/247-Green-St-18704/home/134550545,listed,,weekly sweep 2026-09-28,
302 304 owen st|18704,"302 304 Owen St, Swoyersville, PA 18704",18704,2026-09-28,2026-09-28,235000,235000,redfin,https://www.redfin.com/PA/Swoyersville/302-Owen-St-18704/home/134533327,listed,,weekly sweep 2026-09-28,
302 owen st|18704,"302 Owen St, Swoyersville, PA 18704",18704,2026-09-28,2026-09-28,235000,235000,zillow,https://www.zillow.com/homedetails/302-Owen-St-Swoyersville-PA-18704/53493996_zpid/,listed,,weekly sweep 2026-09-28,
342344 wyoming ave|18704,"342-344 Wyoming Ave, Kingston, PA 18704",18704,2026-09-28,2026-09-28,630000,630000,redfin,https://www.redfin.com/PA/Kingston/342-Wyoming-Ave-18704/home/135204148,listed,,weekly sweep 2026-09-28,
437 schuyler ave|18704,"437 Schuyler Ave, Kingston, PA 18704",18704,2026-09-28,2026-09-28,109900,109900,zillow,https://www.zillow.com/homedetails/437-Schuyler-Ave-Kingston-PA-18704/53508087_zpid/,listed,,weekly sweep 2026-09-28,
489491 church st|18704,"489-491 Church St, Kingston, PA 18704",18704,2026-09-28,2026-09-28,399500,399500,redfin,https://www.redfin.com/PA/Kingston/489-Church-St-18704/home/134872533,listed,,weekly sweep 2026-09-28,
594 596 main st|18704,"594 596 Main St, Edwardsville, PA 18704",18704,2026-09-28,2026-09-28,335000,335000,redfin,https://www.redfin.com/PA/Edwardsville/594-Main-St-18704/home/133957014,listed,,weekly sweep 2026-09-28,
598 600 main st|18704,"598 600 Main St, Edwardsville, PA 18704",18704,2026-09-28,2026-09-28,309900,309900,redfin,https://www.redfin.com/PA/Edwardsville/598-600-Main-St-18704/home/191724922,listed,,weekly sweep 2026-09-28,
6567 12 thomas st|18704,"65-67 1/2 Thomas St, Edwardsville, PA 18704",18704,2026-09-28,2026-09-28,469900,469900,redfin,https://www.redfin.com/PA/Edwardsville/67-1-2-Thomas-St-18704/home/204578873,listed,,weekly sweep 2026-09-28,
675 wyoming ave|18704,"675 Wyoming Ave, Kingston, PA 18704",18704,2026-09-28,2026-09-28,1599000,1599000,both,https://www.redfin.com/PA/Kingston/675-Wyoming-Ave-18704/home/205221295,listed,,weekly sweep 2026-09-28,
12 charles st|18705,"12 Charles St, Plains, PA 18705",18705,2026-09-28,2026-09-28,126000,126000,zillow,https://www.zillow.com/homedetails/12-Charles-St-Plains-PA-18705/62957353_zpid/,listed,,weekly sweep 2026-09-28,
728 n washington st|18705,"728 N Washington St, Wilkes Barre, PA 18705",18705,2026-09-28,2026-09-28,300000,300000,zillow,https://www.zillow.com/homedetails/728-N-Washington-St-Wilkes-Barre-PA-18705/53511871_zpid/,listed,,weekly sweep 2026-09-28,
728 washington st|18705,"728 Washington St, Wilkes-barre, PA 18705",18705,2026-09-28,2026-09-28,300000,300000,redfin,https://www.redfin.com/PA/Wilkes-Barre/728-N-Washington-St-18705/home/134446386,listed,,weekly sweep 2026-09-28,
772 n pennsylvania ave|18705,"772 N Pennsylvania Ave, Wilkes Barre, PA 18705",18705,2026-09-28,2026-09-28,249000,249000,zillow,https://www.zillow.com/homedetails/772-N-Pennsylvania-Ave-Wilkes-Barre-PA-18705/452412174_zpid/,listed,,weekly sweep 2026-09-28,yes
772 pennsylvania ave|18705,"772 Pennsylvania Ave, Wilkes Barre, PA 18705",18705,2026-09-28,2026-09-28,249000,249000,redfin,https://www.redfin.com/PA/Wilkes-Barre/772-N-Penna-Ave-18702/home/134448172,listed,,weekly sweep 2026-09-28,yes
98 brookside st|18705,"98 Brookside St, Wilkes Barre, PA 18705",18705,2026-09-28,2026-09-28,129900,129900,both,https://www.redfin.com/PA/Wilkes-Barre/98-Brookside-St-18705/home/134100413,listed,,weekly sweep 2026-09-28,
1012 mary st|18706,"10-12 Mary St, Ashley, PA 18706",18706,2026-09-28,2026-09-28,149999,149999,both,https://www.redfin.com/PA/Ashley/10-Mary-St-18706/home/135323259,listed,,weekly sweep 2026-09-28,yes
1210 s main st|18706,"1210 S Main St, Hanover Township, PA 18706",18706,2026-09-28,2026-09-28,679000,679000,both,https://www.redfin.com/PA/Hanover-Township/1210-S-Main-St-18706/home/134334874,listed,,weekly sweep 2026-09-28,
207 bauer st|18706,"207 Bauer St, Hanover Township, PA 18706",18706,2026-09-28,2026-09-28,212000,212000,both,https://www.redfin.com/PA/Hanover-Township/207-Bauer-St-18706/home/134343640,listed,,weekly sweep 2026-09-28,yes
22 lee park ave|18706,"22 Lee Park Ave, Wilkes-barre, PA 18706",18706,2026-09-28,2026-09-28,330000,330000,both,https://www.redfin.com/PA/Wilkes-Barre/22-Lee-Park-Ave-18706/home/133975931,listed,,weekly sweep 2026-09-28,
262 lee park ave|18706,"262 Lee Park Ave, Wilkes-barre, PA 18706",18706,2026-09-28,2026-09-28,497000,497000,both,https://www.redfin.com/PA/Wilkes-Barre/264-Lee-Park-Ave-18706/home/191911614,listed,,weekly sweep 2026-09-28,
9 adams st|18706,"9 Adams St, Hanover Township, PA 18706",18706,2026-09-28,2026-09-28,229000,229000,both,https://www.redfin.com/PA/Hanover-Township/9-Adams-St-18706/home/133978005,listed,,weekly sweep 2026-09-28,
96 main st|18706,"96 Main St, Ashley, PA 18706",18706,2026-09-28,2026-09-28,612000,612000,redfin,https://www.redfin.com/PA/Ashley/96-N-Main-St-18706/home/134399551,listed,,weekly sweep 2026-09-28,
96 s main st|18706,"96 S Main St, Wilkes Barre, PA 18706",18706,2026-09-28,2026-09-28,612000,612000,zillow,https://www.zillow.com/homedetails/96-S-Main-St-Wilkes-Barre-PA-18706/53537190_zpid/,listed,,weekly sweep 2026-09-28,
1113 upland st|19013,"1113 Upland St #1115, Chester, PA 19013",19013,2026-09-28,2026-09-28,324900,324900,zillow,https://www.zillow.com/homedetails/1113-Upland-St-1115-Chester-PA-19013/2057858552_zpid/,listed,,weekly sweep 2026-09-28,
11131115 upland st|19013,"1113-1115 Upland St, Chester, PA 19013",19013,2026-09-28,2026-09-28,324900,324900,redfin,https://www.redfin.com/PA/Chester/1113-1115-Upland-St-19013/home/185296744,listed,,weekly sweep 2026-09-28,
1125 madison st|19013,"1125 Madison St, Chester, PA 19013",19013,2026-09-28,2026-09-28,134999,134999,both,https://www.redfin.com/PA/Chester/1125-Madison-St-19013/home/39185796,listed,,weekly sweep 2026-09-28,
1300 townsend st|19013,"1300 Townsend St, Chester, PA 19013",19013,2026-09-28,2026-09-28,250000,250000,both,https://www.redfin.com/PA/Chester/1300-Townsend-St-19013/home/38060791,listed,,weekly sweep 2026-09-28,
18 e 21st st|19013,"18 E 21st St, Chester, PA 19013",19013,2026-09-28,2026-09-28,159900,159900,both,https://www.redfin.com/PA/Chester/18-E-21st-St-19013/home/39182829,listed,,weekly sweep 2026-09-28,
2031 madison st|19013,"2031 Madison St, Chester, PA 19013",19013,2026-09-28,2026-09-28,239999,239999,both,https://www.redfin.com/PA/Chester/2031-Madison-St-19013/home/39184671,listed,,weekly sweep 2026-09-28,
2700 2702 w 3rd st|19013,"2700 - 2702 W 3rd St, Chester, PA 19013",19013,2026-09-28,2026-09-28,499999,499999,redfin,https://www.redfin.com/PA/Chester/2702-W-3rd-St-19013/home/39190458,listed,,weekly sweep 2026-09-28,
27002702 w 3rd st|19013,"2700-2702 W 3rd St, Chester, PA 19013",19013,2026-09-28,2026-09-28,499999,499999,zillow,https://www.zillow.com/homedetails/2700-2702-W-3rd-St-Chester-PA-19013/463267948_zpid/,listed,,weekly sweep 2026-09-28,
502 w 10th st|19013,"502 W 10th St, Chester, PA 19013",19013,2026-09-28,2026-09-28,183000,183000,zillow,https://www.zillow.com/homedetails/502-W-10th-St-Chester-PA-19013/9467961_zpid/,listed,,weekly sweep 2026-09-28,
502 w 10th|19013,"502 W 10th, Chester, PA 19013",19013,2026-09-28,2026-09-28,183000,183000,redfin,https://www.redfin.com/PA/Chester/502-W-10th-St-19013/home/39188036,listed,,weekly sweep 2026-09-28,
525 welsh st|19013,"525 Welsh St, Chester, PA 19013",19013,2026-09-28,2026-09-28,275000,275000,both,https://www.redfin.com/PA/Chester/525-Welsh-St-19013/home/170107478,listed,,weekly sweep 2026-09-28,
700 lloyd st|19013,"700 Lloyd St, Chester, PA 19013",19013,2026-09-28,2026-09-28,270000,270000,both,https://www.redfin.com/PA/Chester/700-Lloyd-St-19013/home/171196639,listed,,weekly sweep 2026-09-28,
122 e berkley ave|19018,"122 E Berkley Ave, Clifton Hts, PA 19018",19018,2026-09-28,2026-09-28,285000,285000,both,https://www.redfin.com/PA/Clifton-Hts/122-E-Berkley-Ave-19018/home/40310244,listed,,weekly sweep 2026-09-28,yes
231 s oak ave|19018,"231 S Oak Ave, Clifton Heights, PA 19018",19018,2026-09-28,2026-09-28,440000,440000,both,https://www.redfin.com/PA/Clifton-Heights/231-S-Oak-Ave-19018/home/201462996,listed,,weekly sweep 2026-09-28,
401 n springfield rd|19018,"401 N Springfield Rd, Clifton Heights, PA 19018",19018,2026-09-28,2026-09-28,280000,280000,both,https://www.redfin.com/PA/Clifton-Heights/401-N-Springfield-Rd-19018/home/38120697,listed,,weekly sweep 2026-09-28,yes
409 n springfield rd|19018,"409 N Springfield Rd, Clifton Heights, PA 19018",19018,2026-09-28,2026-09-28,250000,250000,both,https://www.redfin.com/PA/Clifton-Heights/409-N-Springfield-Rd-19018/home/38120701,listed,,weekly sweep 2026-09-28,yes
124 main st|19023,"124 Main St, Darby, PA 19023",19023,2026-09-28,2026-09-28,349999,349999,both,https://www.redfin.com/PA/Darby/124-Main-St-19023/home/38158396,listed,,weekly sweep 2026-09-28,
202 greenway ave|19023,"202 Greenway Ave, Darby, PA 19023",19023,2026-09-28,2026-09-28,339900,339900,both,https://www.redfin.com/PA/Darby/202-Greenway-Ave-19023/home/38207424,listed,,weekly sweep 2026-09-28,
227 macdade blvd|19023,"227 Macdade Blvd, Collingdale, PA 19023",19023,2026-09-28,2026-09-28,325000,325000,both,https://www.redfin.com/PA/Collingdale/227-Macdade-Blvd-19023/home/38139493,listed,,weekly sweep 2026-09-28,
300 s macdade blvd|19023,"300 S Macdade Blvd #308, Darby, PA 19023",19023,2026-09-28,2026-09-28,700000,700000,zillow,https://www.zillow.com/homedetails/300-S-Macdade-Blvd-308-Darby-PA-19023/463873890_zpid/,listed,,weekly sweep 2026-09-28,
300308 macdade blvd|19023,"300-308 Macdade Blvd, Darby, PA 19023",19023,2026-09-28,2026-09-28,700000,700000,redfin,https://www.redfin.com/PA/Darby/308-Macdade-Blvd-19023/home/38139687,listed,,weekly sweep 2026-09-28,
301 n 10th st|19023,"301 N 10th St, Darby, PA 19023",19023,2026-09-28,2026-09-28,220000,220000,both,https://www.redfin.com/PA/Darby/301-N-10th-St-19023/home/38226209,listed,,weekly sweep 2026-09-28,yes
724 macdade blvd|19023,"724 Macdade Blvd, Collingdale, PA 19023",19023,2026-09-28,2026-09-28,275000,275000,both,https://www.redfin.com/PA/Collingdale/724-Macdade-Blvd-19023/home/38143429,listed,,weekly sweep 2026-09-28,
913 chestnut st|19023,"913 Chestnut St, Darby, PA 19023",19023,2026-09-28,2026-09-28,375000,375000,both,https://www.redfin.com/PA/Darby/913-Chestnut-St-19023/home/38134924,listed,,weekly sweep 2026-09-28,
247 burmont rd|19026,"247 Burmont Rd, Drexel Hill, PA 19026",19026,2026-09-28,2026-09-28,275000,275000,both,https://www.redfin.com/PA/Drexel-Hill/247-Burmont-Rd-19026/home/38503666,listed,,weekly sweep 2026-09-28,
3335 mary st|19026,"3335 Mary St, Drexel Hill, PA 19026",19026,2026-09-28,2026-09-28,312500,312500,both,https://www.redfin.com/PA/Drexel-Hill/3335-Mary-St-19026/home/38548758,listed,,weekly sweep 2026-09-28,
4412 bloomfield ave|19026,"4412 Bloomfield Ave, Drexel Hill, PA 19026",19026,2026-09-28,2026-09-28,549999,549999,both,https://www.redfin.com/PA/Drexel-Hill/4412-Bloomfield-Ave-19026/home/38484389,listed,,weekly sweep 2026-09-28,
774 burmont rd|19026,"774 Burmont Rd, Drexel Hill, PA 19026",19026,2026-09-28,2026-09-28,299900,299900,both,https://www.redfin.com/PA/Drexel-Hill/774-Burmont-Rd-19026/home/38484797,listed,,weekly sweep 2026-09-28,yes
104 n union ave|19050,"104 N Union Ave, Lansdowne, PA 19050",19050,2026-09-28,2026-09-28,349972,349972,both,https://www.redfin.com/PA/Lansdowne/104-N-Union-Ave-19050/home/38912122,listed,,weekly sweep 2026-09-28,
104 oak ave|19050,"104 Oak Ave, Lansdowne, PA 19050",19050,2026-09-28,2026-09-28,315000,315000,both,https://www.redfin.com/PA/Lansdowne/104-Oak-Ave-19050/home/38578711,listed,,weekly sweep 2026-09-28,
190 e plumstead ave|19050,"190 E Plumstead Ave, Lansdowne, PA 19050",19050,2026-09-28,2026-09-28,475000,475000,both,https://www.redfin.com/PA/Lansdowne/190-E-Plumstead-Ave-19050/home/38903615,listed,,weekly sweep 2026-09-28,
1900 garrett rd|19050,"1900 Garrett Rd, Lansdowne, PA 19050",19050,2026-09-28,2026-09-28,350000,350000,both,https://www.redfin.com/PA/Lansdowne/1900-Garrett-Rd-19050/home/38441161,listed,,weekly sweep 2026-09-28,
194 e plumstead ave|19050,"194 E Plumstead Ave, Lansdowne, PA 19050",19050,2026-09-28,2026-09-28,494900,494900,both,https://www.redfin.com/PA/Lansdowne/194-E-Plumstead-Ave-19050/home/38903614,listed,,weekly sweep 2026-09-28,
201 mckinley ave|19050,"201 Mckinley Ave, Lansdowne, PA 19050",19050,2026-09-28,2026-09-28,350000,350000,both,https://www.redfin.com/PA/Lansdowne/201-McKinley-Ave-19050/home/38289518,listed,,weekly sweep 2026-09-28,
248 n wycombe ave|19050,"248 N Wycombe Ave, Lansdowne, PA 19050",19050,2026-09-28,2026-09-28,320000,320000,redfin,https://www.redfin.com/PA/Lansdowne/248-N-Wycombe-Ave-19050/home/38911936,listed,,weekly sweep 2026-09-28,
315 e essex ave|19050,"315 E Essex Ave, Lansdowne, PA 19050",19050,2026-09-28,2026-09-28,210000,210000,both,https://www.redfin.com/PA/Lansdowne/315-E-Essex-Ave-19050/home/38282896,listed,,weekly sweep 2026-09-28,yes
319 e essex ave|19050,"319 E Essex Ave, Lansdowne, PA 19050",19050,2026-09-28,2026-09-28,195000,195000,both,https://www.redfin.com/PA/Lansdowne/319-E-Essex-Ave-19050/home/38282898,listed,,weekly sweep 2026-09-28,yes
8 runnemede ave|19050,"8 Runnemede Ave, Lansdowne, PA 19050",19050,2026-09-28,2026-09-28,645000,645000,both,https://www.redfin.com/PA/Lansdowne/8-Runnemede-Ave-19050/home/201536062,listed,,weekly sweep 2026-09-28,
11 oakley rd|19082,"11 Oakley Rd, Upper Darby, PA 19082",19082,2026-09-28,2026-09-28,315000,315000,both,https://www.zillow.com/homedetails/11-Oakley-Rd-Upper-Darby-PA-19082/9347124_zpid/,listed,,weekly sweep 2026-09-28,
20 s carol blvd|19082,"20 S Carol Blvd, Upper Darby, PA 19082",19082,2026-09-28,2026-09-28,389900,389900,zillow,https://www.zillow.com/homedetails/20-S-Carol-Blvd-Upper-Darby-PA-19082/9347893_zpid/,listed,,weekly sweep 2026-09-28,
223 long ln|19082,"223 Long Ln, Upper Darby, PA 19082",19082,2026-09-28,2026-09-28,239900,239900,both,https://www.zillow.com/homedetails/223-Long-Ln-Upper-Darby-PA-19082/9341339_zpid/,listed,,weekly sweep 2026-09-28,yes
27 glendale rd|19082,"27 Glendale Rd, Upper Darby, PA 19082",19082,2026-09-28,2026-09-28,450000,450000,both,https://www.zillow.com/homedetails/27-Glendale-Rd-Upper-Darby-PA-19082/9340733_zpid/,listed,,weekly sweep 2026-09-28,
309 hampden rd|19082,"309 Hampden Rd, Upper Darby, PA 19082",19082,2026-09-28,2026-09-28,279000,279000,redfin,https://www.redfin.com/PA/Upper-Darby/309-Hampden-Rd-19082/home/38307436,listed,,weekly sweep 2026-09-28,yes
313 hampden rd|19082,"313 Hampden Rd, Upper Darby, PA 19082",19082,2026-09-28,2026-09-28,265000,265000,redfin,https://www.redfin.com/PA/Upper-Darby/313-Hampden-Rd-19082/home/38307424,listed,,weekly sweep 2026-09-28,yes
42 brandon rd|19082,"42 Brandon Rd, Upper Darby, PA 19082",19082,2026-09-28,2026-09-28,400000,400000,both,https://www.zillow.com/homedetails/42-Brandon-Rd-Upper-Darby-PA-19082/9340506_zpid/,listed,,weekly sweep 2026-09-28,
605 bywood ave|19082,"605 Bywood Ave, Upper Darby, PA 19082",19082,2026-09-28,2026-09-28,478000,478000,both,https://www.zillow.com/homedetails/605-Bywood-Ave-Upper-Darby-PA-19082/9345011_zpid/,listed,,weekly sweep 2026-09-28,
680507 marshall rd|19082,"6805-07 Marshall Rd, Upper Darby, PA 19082",19082,2026-09-28,2026-09-28,279000,279000,both,https://www.zillow.com/homedetails/6805-07-Marshall-Rd-Upper-Darby-PA-19082/460687624_zpid/,listed,,weekly sweep 2026-09-28,yes
7201 wayne ave|19082,"7201 Wayne Ave, Upper Darby, PA 19082",19082,2026-09-28,2026-09-28,475000,475000,both,https://www.zillow.com/homedetails/7201-Wayne-Ave-Upper-Darby-PA-19082/9346240_zpid/,listed,,weekly sweep 2026-09-28,yes
9218 w chester pike|19082,"9218 W Chester Pike, Upper Darby, PA 19082",19082,2026-09-28,2026-09-28,310000,310000,both,https://www.zillow.com/homedetails/9218-W-Chester-Pike-Upper-Darby-PA-19082/9351358_zpid/,listed,,weekly sweep 2026-09-28,yes
56 church st|19090,"56 Church St, Willow Grove, PA 19090",19090,2026-09-28,2026-09-28,519000,519000,both,https://www.redfin.com/PA/Willow-Grove/56-Church-St-19090/home/39000657,listed,,weekly sweep 2026-09-28,
1006 belmont ave|19104,"1006 Belmont Ave, Philadelphia, PA 19104",19104,2026-09-28,2026-09-28,319000,319000,redfin,https://www.redfin.com/PA/Philadelphia/1006-Belmont-Ave-19104/home/38196022,listed,,weekly sweep 2026-09-28,
1501 belmont ave|19104,"1501 Belmont Ave, Philadelphia, PA 19104",19104,2026-09-28,2026-09-28,389000,389000,redfin,https://www.redfin.com/PA/Philadelphia/1501-Belmont-Ave-19104/home/38195901,listed,,weekly sweep 2026-09-28,
211 s 45th st|19104,"211 S 45th St, Philadelphia, PA 19104",19104,2026-09-28,2026-09-28,550000,550000,both,https://www.redfin.com/PA/Philadelphia/211-S-45th-St-19104/home/38743614,listed,,weekly sweep 2026-09-28,
222 buckingham pl|19104,"222 Buckingham Pl, Philadelphia, PA 19104",19104,2026-09-28,2026-09-28,650000,650000,redfin,https://www.redfin.com/PA/Philadelphia/222-Buckingham-Pl-19104/home/38743615,listed,,weekly sweep 2026-09-28,
236 buckingham pl|19104,"236 Buckingham Pl, Philadelphia, PA 19104",19104,2026-09-28,2026-09-28,650000,650000,redfin,https://www.redfin.com/PA/Philadelphia/236-Buckingham-Pl-19104/home/38743624,listed,,weekly sweep 2026-09-28,
322 s 42nd st|19104,"322 S 42nd St, Philadelphia, PA 19104",19104,2026-09-28,2026-09-28,1190000,1190000,zillow,https://www.zillow.com/homedetails/322-S-42nd-St-Philadelphia-PA-19104/2086042747_zpid/,listed,,weekly sweep 2026-09-28,
3607 spring garden st|19104,"3607 Spring Garden St, Philadelphia, PA 19104",19104,2026-09-28,2026-09-28,1500000,1500000,redfin,https://www.redfin.com/PA/Philadelphia/3607-Spring-Garden-St-19104/home/170468761,listed,,weekly sweep 2026-09-28,
3627 powelton ave|19104,"3627 Powelton Ave, Philadelphia, PA 19104",19104,2026-09-28,2026-09-28,985000,985000,redfin,https://www.redfin.com/PA/Philadelphia/3627-Powelton-Ave-19104/home/38662733,listed,,weekly sweep 2026-09-28,
3800 spring garden st|19104,"3800 Spring Garden St, Philadelphia, PA 19104",19104,2026-09-28,2026-09-28,545000,545000,redfin,https://www.redfin.com/PA/Philadelphia/3800-Spring-Garden-St-19104/home/38662303,listed,,weekly sweep 2026-09-28,
3817 wallace st|19104,"3817 Wallace St, Philadelphia, PA 19104",19104,2026-09-28,2026-09-28,865000,865000,redfin,https://www.redfin.com/PA/Philadelphia/3817-Wallace-St-19104/home/40477991,listed,,weekly sweep 2026-09-28,
3834 lancaster ave|19104,"3834 Lancaster Ave, Philadelphia, PA 19104",19104,2026-09-28,2026-09-28,400000,400000,redfin,https://www.redfin.com/PA/Philadelphia/3834-Lancaster-Ave-19104/home/40307381,listed,,weekly sweep 2026-09-28,
3836 lancaster ave|19104,"3836 Lancaster Ave, Philadelphia, PA 19104",19104,2026-09-28,2026-09-28,400000,400000,redfin,https://www.redfin.com/PA/Philadelphia/3836-Lancaster-Ave-19104/home/40566861,listed,,weekly sweep 2026-09-28,
3839 haverford ave|19104,"3839 Haverford Ave, Philadelphia, PA 19104",19104,2026-09-28,2026-09-28,350000,350000,both,https://www.redfin.com/PA/Philadelphia/3839-Haverford-Ave-19104/home/38665023,listed,,weekly sweep 2026-09-28,
4019 spring garden st|19104,"4019 Spring Garden St, Philadelphia, PA 19104",19104,2026-09-28,2026-09-28,529900,529900,redfin,https://www.redfin.com/PA/Philadelphia/4019-Spring-Garden-St-19104/home/38183735,listed,,weekly sweep 2026-09-28,
4024 parkside ave|19104,"4024 Parkside Ave, Philadelphia, PA 19104",19104,2026-09-28,2026-09-28,650000,650000,redfin,https://www.redfin.com/PA/Philadelphia/4024-Parkside-Ave-19104/home/38192970,listed,,weekly sweep 2026-09-28,
4028 market st|19104,"4028 Market St, Philadelphia, PA 19104",19104,2026-09-28,2026-09-28,699900,699900,redfin,https://www.redfin.com/PA/Philadelphia/4028-Market-St-19104/home/40568659,listed,,weekly sweep 2026-09-28,
4032 powelton ave|19104,"4032 Powelton Ave, Philadelphia, PA 19104",19104,2026-09-28,2026-09-28,525000,525000,both,https://www.redfin.com/PA/Philadelphia/4032-Powelton-Ave-19104/home/38181677,listed,,weekly sweep 2026-09-28,
4033 poplar st|19104,"4033 Poplar St, Philadelphia, PA 19104",19104,2026-09-28,2026-09-28,260000,260000,redfin,https://www.redfin.com/PA/Philadelphia/4033-Poplar-St-19104/home/38190680,listed,,weekly sweep 2026-09-28,
4037 powelton ave|19104,"4037 Powelton Ave, Philadelphia, PA 19104",19104,2026-09-28,2026-09-28,1549000,1549000,redfin,https://www.redfin.com/PA/Philadelphia/4037-Powelton-Ave-19104/home/38183765,listed,,weekly sweep 2026-09-28,
4052 chestnut st|19104,"4052 Chestnut St St, Philadelphia, PA 19104",19104,2026-09-28,2026-09-28,999000,999000,redfin,https://www.redfin.com/PA/Philadelphia/4052-Chestnut-St-19104/home/39476724,listed,,weekly sweep 2026-09-28,
4116 powelton ave|19104,"4116 Powelton Ave, Philadelphia, PA 19104",19104,2026-09-28,2026-09-28,650000,650000,redfin,https://www.redfin.com/PA/Philadelphia/4116-Powelton-Ave-19104/home/38181694,listed,,weekly sweep 2026-09-28,
4122 chester ave|19104,"4122 Chester Ave, Philadelphia, PA 19104",19104,2026-09-28,2026-09-28,665000,665000,redfin,https://www.redfin.com/PA/Philadelphia/4122-Chester-Ave-19104/home/38739016,listed,,weekly sweep 2026-09-28,
4143 westminster ave|19104,"4143 Westminster Ave, Philadelphia, PA 19104",19104,2026-09-28,2026-09-28,270000,270000,redfin,https://www.redfin.com/PA/Philadelphia/4143-Westminster-Ave-19104/home/38191051,listed,,weekly sweep 2026-09-28,
4155 cambridge st|19104,"4155 Cambridge St, Philadelphia, PA 19104",19104,2026-09-28,2026-09-28,225000,225000,both,https://www.redfin.com/PA/Philadelphia/4155-Cambridge-St-19104/home/38192915,listed,,weekly sweep 2026-09-28,
4205 w girard ave|19104,"4205 W Girard Ave, Philadelphia, PA 19104",19104,2026-09-28,2026-09-28,489000,489000,redfin,https://www.redfin.com/PA/Philadelphia/4205-W-Girard-Ave-19104/home/38192815,listed,,weekly sweep 2026-09-28,
4320 spruce st|19104,"4320 Spruce St, Philadelphia, PA 19104",19104,2026-09-28,2026-09-28,1150000,1150000,redfin,https://www.redfin.com/PA/Philadelphia/4320-Spruce-St-19104/home/38741752,listed,,weekly sweep 2026-09-28,
4428 parrish st|19104,"4428 Parrish St, Philadelphia, PA 19104",19104,2026-09-28,2026-09-28,260000,260000,redfin,https://www.redfin.com/PA/Philadelphia/4428-Parrish-St-19104/home/38188677,listed,,weekly sweep 2026-09-28,
503 n 40th st|19104,"503 N 40th St, Philadelphia, PA 19104",19104,2026-09-28,2026-09-28,519900,519900,redfin,https://www.redfin.com/PA/Philadelphia/503-N-40th-St-19104/home/38668960,listed,,weekly sweep 2026-09-28,
517 n 35th st|19104,"517 N 35th St, Philadelphia, PA 19104",19104,2026-09-28,2026-09-28,579000,579000,redfin,https://www.redfin.com/PA/Philadelphia/517-N-35th-St-19104/home/40567121,listed,,weekly sweep 2026-09-28,
521 n 34th st|19104,"521 N 34th St, Philadelphia, PA 19104",19104,2026-09-28,2026-09-28,3675000,3675000,redfin,https://www.redfin.com/PA/Philadelphia/521-N-34th-St-19104/home/167946677,listed,,weekly sweep 2026-09-28,
641 n 34th st|19104,"641 N 34th St, Philadelphia, PA 19104",19104,2026-09-28,2026-09-28,220000,220000,redfin,https://www.redfin.com/PA/Philadelphia/641-N-34th-St-19104/home/38667491,listed,,weekly sweep 2026-09-28,
645 n preston st|19104,"645 N Preston St, Philadelphia, PA 19104",19104,2026-09-28,2026-09-28,229500,229500,redfin,https://www.redfin.com/PA/Philadelphia/645-N-Preston-St-19104/home/38186919,listed,,weekly sweep 2026-09-28,yes
704 n preston st|19104,"704 N Preston St, Philadelphia, PA 19104",19104,2026-09-28,2026-09-28,399000,399000,redfin,https://www.redfin.com/PA/Philadelphia/704-N-Preston-St-19104/home/38186697,listed,,weekly sweep 2026-09-28,
717 n 35th st|19104,"717 N 35th St, Philadelphia, PA 19104",19104,2026-09-28,2026-09-28,1600000,1600000,both,https://www.redfin.com/PA/Philadelphia/717-N-35th-St-19104/home/190181666,listed,,weekly sweep 2026-09-28,
724 n 43rd st|19104,"724 N 43rd St, Philadelphia, PA 19104",19104,2026-09-28,2026-09-28,225000,225000,both,https://www.redfin.com/PA/Philadelphia/724-N-43rd-St-19104/home/38189103,listed,,weekly sweep 2026-09-28,
811 n preston st|19104,"811 N Preston St, Philadelphia, PA 19104",19104,2026-09-28,2026-09-28,375000,375000,redfin,https://www.redfin.com/PA/Philadelphia/811-N-Preston-St-19104/home/38193025,listed,,weekly sweep 2026-09-28,
819 n 41st st|19104,"819 N 41st St, Philadelphia, PA 19104",19104,2026-09-28,2026-09-28,238000,238000,zillow,https://www.zillow.com/homedetails/819-N-41st-St-Philadelphia-PA-19104/465511949_zpid/,listed,,weekly sweep 2026-09-28,yes
819 n 41st|19104,"819 N 41st, Philadelphia, PA 19104",19104,2026-09-28,2026-09-28,238000,238000,redfin,https://www.redfin.com/PA/Philadelphia/819-N-41st-St-19104/home/38193141,listed,,weekly sweep 2026-09-28,yes
821 n 41st st|19104,"821 N 41st St, Philadelphia, PA 19104",19104,2026-09-28,2026-09-28,272000,272000,both,https://www.redfin.com/PA/Philadelphia/821-N-41st-St-19104/home/38193142,listed,,weekly sweep 2026-09-28,
879 n 45th st|19104,"879 N 45th St, Philadelphia, PA 19104",19104,2026-09-28,2026-09-28,99000,99000,redfin,https://www.redfin.com/PA/Philadelphia/879-N-45th-St-19104/home/38196008,listed,,weekly sweep 2026-09-28,
890 n 42nd st|19104,"890 N 42nd St, Philadelphia, PA 19104",19104,2026-09-28,2026-09-28,2999900,2999900,redfin,https://www.redfin.com/PA/Philadelphia/890-N-42nd-St-19104/home/38195740,listed,,weekly sweep 2026-09-28,
929 n 40th st|19104,"929 N 40th St, Philadelphia, PA 19104",19104,2026-09-28,2026-09-28,1188250,1188250,redfin,https://www.redfin.com/PA/Philadelphia/929-N-40th-St-19104/home/40567494,listed,,weekly sweep 2026-09-28,
undisclosed address|19104,"Undisclosed address, Philadelphia, PA 19104",19104,2026-09-28,2026-09-28,779000,779000,redfin,https://www.redfin.com/PA/Philadelphia/Undisclosed-address-19104/home/38186992,listed,,weekly sweep 2026-09-28,
1037 fanshawe st|19111,"1037 Fanshawe St, Philadelphia, PA 19111",19111,2026-09-28,2026-09-28,399000,399000,redfin,https://www.redfin.com/PA/Philadelphia/1037-Fanshawe-St-19111/home/39303104,listed,,weekly sweep 2026-09-28,
1227 hellerman st|19111,"1227 Hellerman St, Philadelphia, PA 19111",19111,2026-09-28,2026-09-28,294900,294900,both,https://www.redfin.com/PA/Philadelphia/1227-Hellerman-St-19111/home/39300476,listed,,weekly sweep 2026-09-28,
1609 borbeck ave|19111,"1609 Borbeck Ave, Philadelphia, PA 19111",19111,2026-09-28,2026-09-28,469900,469900,redfin,https://www.redfin.com/PA/Philadelphia/1609-Borbeck-Ave-19111/home/39335146,listed,,weekly sweep 2026-09-28,
1708 loney st|19111,"1708 Loney St, Philadelphia, PA 19111",19111,2026-09-28,2026-09-28,394900,394900,both,https://www.redfin.com/PA/Philadelphia/1708-Loney-St-19111/home/39335016,listed,,weekly sweep 2026-09-28,
1711 loney st|19111,"1711 Loney St, Philadelphia, PA 19111",19111,2026-09-28,2026-09-28,499900,499900,both,https://www.redfin.com/PA/Philadelphia/1711-Loney-St-19111/home/39334978,listed,,weekly sweep 2026-09-28,
1715 borbeck ave|19111,"1715 Borbeck Ave, Philadelphia, PA 19111",19111,2026-09-28,2026-09-28,449900,449900,zillow,https://www.zillow.com/homedetails/1715-Borbeck-Ave-Philadelphia-PA-19111/465336308_zpid/,listed,,weekly sweep 2026-09-28,
1715 borbeck|19111,"1715 Borbeck, Philadelphia, PA 19111",19111,2026-09-28,2026-09-28,449900,449900,redfin,https://www.redfin.com/PA/Philadelphia/1715-Borbeck-Ave-19111/home/39335092,listed,,weekly sweep 2026-09-28,
203 robbins st|19111,"203 Robbins St, Philadelphia, PA 19111",19111,2026-09-28,2026-09-28,329900,329900,redfin,https://www.redfin.com/PA/Philadelphia/203-Robbins-St-19111/home/38991109,listed,,weekly sweep 2026-09-28,
7008 borbeck ave|19111,"700-8 Borbeck Ave, Philadelphia, PA 19111",19111,2026-09-28,2026-09-28,375000,375000,both,https://www.redfin.com/PA/Philadelphia/700-Borbeck-Ave-19111/home/179285106,listed,,weekly sweep 2026-09-28,
7111 rising sun ave|19111,"7111 Rising Sun Ave, Philadelphia, PA 19111",19111,2026-09-28,2026-09-28,499900,499900,both,https://www.redfin.com/PA/Philadelphia/7111-Rising-Sun-Ave-19111/home/38999216,listed,,weekly sweep 2026-09-28,
7352 dungan rd|19111,"7352 Dungan Rd, Philadelphia, PA 19111",19111,2026-09-28,2026-09-28,410000,410000,redfin,https://www.redfin.com/PA/Philadelphia/7352-Dungan-Rd-19111/home/39327513,listed,,weekly sweep 2026-09-28,
7737 oxford ave|19111,"7737 Oxford Ave, Philadelphia, PA 19111",19111,2026-09-28,2026-09-28,374900,374900,both,https://www.redfin.com/PA/Philadelphia/7737-Oxford-Ave-19111/home/39436108,listed,,weekly sweep 2026-09-28,
7755 oxford ave|19111,"7755 Oxford Ave, Philadelphia, PA 19111",19111,2026-09-28,2026-09-28,400000,400000,redfin,https://www.redfin.com/PA/Philadelphia/7755-Oxford-Ave-19111/home/39436115,listed,,weekly sweep 2026-09-28,
7959 langdon st|19111,"7959 Langdon St, Philadelphia, PA 19111",19111,2026-09-28,2026-09-28,469000,469000,both,https://www.redfin.com/PA/Philadelphia/7959-Langdon-St-19111/home/39328146,listed,,weekly sweep 2026-09-28,
8208 rockwell ave|19111,"8208 Rockwell Ave, Philadelphia, PA 19111",19111,2026-09-28,2026-09-28,459900,459900,both,https://www.redfin.com/PA/Philadelphia/8208-Rockwell-Ave-19111/home/39435658,listed,,weekly sweep 2026-09-28,
3281 red lion rd|19114,"3281 Red Lion Rd, Philadelphia, PA 19114",19114,2026-09-28,2026-09-28,450000,450000,both,https://www.redfin.com/PA/Philadelphia/3281-Red-Lion-Rd-19114/home/39458900,listed,,weekly sweep 2026-09-28,
3344 s keswick rd|19114,"3344 S Keswick Rd, Philadelphia, PA 19114",19114,2026-09-28,2026-09-28,400000,400000,both,https://www.redfin.com/PA/Philadelphia/3344-S-Keswick-Rd-19114/home/39454058,listed,,weekly sweep 2026-09-28,
9412 fairgreen ln|19114,"9412 Fairgreen Ln, Philadelphia, PA 19114",19114,2026-09-28,2026-09-28,379900,379900,both,https://www.redfin.com/PA/Philadelphia/9412-Fairgreen-Ln-19114/home/39357293,listed,,weekly sweep 2026-09-28,
9440 kirkwood rd|19114,"9440 Kirkwood Rd, Philadelphia, PA 19114",19114,2026-09-28,2026-09-28,465000,465000,both,https://www.redfin.com/PA/Philadelphia/9440-Kirkwood-Rd-19114/home/39359754,listed,,weekly sweep 2026-09-28,
9447 lansford st|19114,"9447 Lansford St, Philadelphia, PA 19114",19114,2026-09-28,2026-09-28,449900,449900,both,https://www.redfin.com/PA/Philadelphia/9447-Lansford-St-19114/home/39359725,listed,,weekly sweep 2026-09-28,
1958 goodnaw st|19115,"1958 Goodnaw St, Philadelphia, PA 19115",19115,2026-09-28,2026-09-28,359900,359900,both,https://www.redfin.com/PA/Philadelphia/1958-Goodnaw-St-19115/home/39343169,listed,,weekly sweep 2026-09-28,
2041 grant ave|19115,"2041 Grant Ave, Philadelphia, PA 19115",19115,2026-09-28,2026-09-28,409000,409000,both,https://www.redfin.com/PA/Philadelphia/2041-Grant-Ave-19115/home/39361085,listed,,weekly sweep 2026-09-28,
9777 hilspach st|19115,"9777 Hilspach St, Philadelphia, PA 19115",19115,2026-09-28,2026-09-28,489000,489000,both,https://www.redfin.com/PA/Philadelphia/9777-Hilspach-St-19115/home/39368766,listed,,weekly sweep 2026-09-28,
9853 wistaria st|19115,"9853 Wistaria St, Philadelphia, PA 19115",19115,2026-09-28,2026-09-28,449900,449900,both,https://www.redfin.com/PA/Philadelphia/9853-Wistaria-St-19115/home/39366481,listed,,weekly sweep 2026-09-28,
9926 haldeman ave|19115,"9926 Haldeman Ave, Philadelphia, PA 19115",19115,2026-09-28,2026-09-28,359900,359900,both,https://www.redfin.com/PA/Philadelphia/9926-Haldeman-Ave-19115/home/179454391,listed,,weekly sweep 2026-09-28,
110 e tabor rd|19120,"110 E Tabor Rd, Philadelphia, PA 19120",19120,2026-09-28,2026-09-28,315000,315000,redfin,https://www.redfin.com/PA/Philadelphia/110-E-Tabor-Rd-19120/home/39227328,listed,,weekly sweep 2026-09-28,yes
116 e eleanor st|19120,"116 E Eleanor St, Philadelphia, PA 19120",19120,2026-09-28,2026-09-28,169900,169900,both,https://www.zillow.com/homedetails/116-E-Eleanor-St-Philadelphia-PA-19120/10422465_zpid/,listed,,weekly sweep 2026-09-28,yes
118 e wyoming ave|19120,"118 E Wyoming Ave, Philadelphia, PA 19120",19120,2026-09-28,2026-09-28,199000,199000,both,https://www.zillow.com/homedetails/118-E-Wyoming-Ave-Philadelphia-PA-19120/165294044_zpid/,listed,,weekly sweep 2026-09-28,yes
200 e albanus st|19120,"200 E Albanus St, Philadelphia, PA 19120",19120,2026-09-28,2026-09-28,245000,245000,redfin,https://www.redfin.com/PA/Philadelphia/200-E-Albanus-St-19120/home/39227160,listed,,weekly sweep 2026-09-28,yes
203 widener st|19120,"203 Widener St, Philadelphia, PA 19120",19120,2026-09-28,2026-09-28,178000,178000,both,https://www.zillow.com/homedetails/203-Widener-St-Philadelphia-PA-19120/165408852_zpid/,listed,,weekly sweep 2026-09-28,
205 e wyoming ave|19120,"205 E Wyoming Ave, Philadelphia, PA 19120",19120,2026-09-28,2026-09-28,259000,259000,redfin,https://www.redfin.com/PA/Philadelphia/205-E-Wyoming-Ave-19120/home/39226589,listed,,weekly sweep 2026-09-28,
229 w chew ave|19120,"229 W Chew Ave, Philadelphia, PA 19120",19120,2026-09-28,2026-09-28,260000,260000,redfin,https://www.redfin.com/PA/Philadelphia/229-W-Chew-Ave-19120/home/39416666,listed,,weekly sweep 2026-09-28,
23438 w roosevelt blvd|19120,"234-38 W Roosevelt Blvd, Philadelphia, PA 19120",19120,2026-09-28,2026-09-28,639900,639900,redfin,https://www.redfin.com/PA/Philadelphia/238-W-Roosevelt-Blvd-19120/home/39232708,listed,,weekly sweep 2026-09-28,
253 rosemar st|19120,"253 Rosemar St, Philadelphia, PA 19120",19120,2026-09-28,2026-09-28,260000,260000,both,https://www.zillow.com/homedetails/253-Rosemar-St-Philadelphia-PA-19120/67363568_zpid/,listed,,weekly sweep 2026-09-28,
301 w ruscomb st|19120,"301 W Ruscomb St, Philadelphia, PA 19120",19120,2026-09-28,2026-09-28,387915,387915,both,https://www.zillow.com/homedetails/301-W-Ruscomb-St-Philadelphia-PA-19120/165299971_zpid/,listed,,weekly sweep 2026-09-28,
420 e tabor rd|19120,"420 E Tabor Rd, Philadelphia, PA 19120",19120,2026-09-28,2026-09-28,330000,330000,redfin,https://www.redfin.com/PA/Philadelphia/420-E-Tabor-Rd-19120/home/39227349,listed,,weekly sweep 2026-09-28,yes
444 446 w roosevelt blvd|19120,"444 & 446 W Roosevelt Blvd, Philadelphia, PA 19120",19120,2026-09-28,2026-09-28,499900,499900,redfin,https://www.redfin.com/PA/Philadelphia/444-W-Roosevelt-Blvd-19120/home/39232674,listed,,weekly sweep 2026-09-28,
4611 tampa st|19120,"4611 Tampa St, Philadelphia, PA 19120",19120,2026-09-28,2026-09-28,219999,219999,redfin,https://www.redfin.com/PA/Philadelphia/4611-Tampa-St-19120/home/39230937,listed,,weekly sweep 2026-09-28,yes
4753 rorer st|19120,"4753 Rorer St, Philadelphia, PA 19120",19120,2026-09-28,2026-09-28,134900,134900,redfin,https://www.redfin.com/PA/Philadelphia/4753-Rorer-St-19120/home/39230328,listed,,weekly sweep 2026-09-28,yes
4922 n 8th st|19120,"4922 N 8th St, Philadelphia, PA 19120",19120,2026-09-28,2026-09-28,212500,212500,redfin,https://www.redfin.com/PA/Philadelphia/4922-N-8th-St-19120/home/39270363,listed,,weekly sweep 2026-09-28,
5050 rorer st|19120,"5050 Rorer St, Philadelphia, PA 19120",19120,2026-09-28,2026-09-28,299999,299999,both,https://www.zillow.com/homedetails/5050-Rorer-St-Philadelphia-PA-19120/2094919177_zpid/,listed,,weekly sweep 2026-09-28,
513 w ruscomb st|19120,"513 W Ruscomb St, Philadelphia, PA 19120",19120,2026-09-28,2026-09-28,325000,325000,redfin,https://www.redfin.com/PA/Philadelphia/513-W-Ruscomb-St-19120/home/39269903,listed,,weekly sweep 2026-09-28,
51517 w ruscomb st|19120,"515-17 W Ruscomb St, Philadelphia, PA 19120",19120,2026-09-28,2026-09-28,325000,325000,redfin,https://www.redfin.com/PA/Philadelphia/515-W-Ruscomb-St-19120/home/191752138,listed,,weekly sweep 2026-09-28,
524 w tabor rd|19120,"524 W Tabor Rd, Philadelphia, PA 19120",19120,2026-09-28,2026-09-28,165000,165000,redfin,https://www.redfin.com/PA/Philadelphia/524-W-Tabor-Rd-19120/home/39415641,listed,,weekly sweep 2026-09-28,yes
5244 rising sun ave|19120,"5244 Rising Sun Ave, Philadelphia, PA 19120",19120,2026-09-28,2026-09-28,712000,712000,redfin,https://www.redfin.com/PA/Philadelphia/5244-Rising-Sun-Ave-19120/home/39228698,listed,,weekly sweep 2026-09-28,
5413 n front st|19120,"5413 N Front St, Philadelphia, PA 19120",19120,2026-09-28,2026-09-28,324000,324000,redfin,https://www.redfin.com/PA/Philadelphia/5413-N-Front-St-19120/home/39228108,listed,,weekly sweep 2026-09-28,yes
5438 n fairhill st|19120,"5438 N Fairhill St, Philadelphia, PA 19120",19120,2026-09-28,2026-09-28,300000,300000,both,https://www.zillow.com/homedetails/5438-N-Fairhill-St-Philadelphia-PA-19120/165410225_zpid/,listed,,weekly sweep 2026-09-28,
5515 n fairhill st|19120,"5515 N Fairhill St, Philadelphia, PA 19120",19120,2026-09-28,2026-09-28,225000,225000,both,https://www.zillow.com/homedetails/5515-N-Fairhill-St-Philadelphia-PA-19120/165410306_zpid/,listed,,weekly sweep 2026-09-28,
5549 n 5th st|19120,"5549 N 5th St, Philadelphia, PA 19120",19120,2026-09-28,2026-09-28,419900,419900,redfin,https://www.redfin.com/PA/Philadelphia/5549-N-5th-St-19120/home/40579699,listed,,weekly sweep 2026-09-28,
5702 n 5th|19120,"5702 N 5th, Philadelphia, PA 19120",19120,2026-09-28,2026-09-28,275000,275000,redfin,https://www.redfin.com/PA/Philadelphia/5702-N-5th-St-19120/home/40585913,listed,,weekly sweep 2026-09-28,
623 w olney ave|19120,"623 W Olney Ave, Philadelphia, PA 19120",19120,2026-09-28,2026-09-28,131900,131900,redfin,https://www.redfin.com/PA/Philadelphia/623-W-Olney-Ave-19120/home/39415770,listed,,weekly sweep 2026-09-28,
729 w rockland st|19120,"729 W Rockland St, Philadelphia, PA 19120",19120,2026-09-28,2026-09-28,140000,140000,both,https://www.zillow.com/homedetails/729-W-Rockland-St-Philadelphia-PA-19120/165331031_zpid/,listed,,weekly sweep 2026-09-28,
89 sparks st|19120,"89 Sparks St, Philadelphia, PA 19120",19120,2026-09-28,2026-09-28,338000,338000,redfin,https://www.redfin.com/PA/Philadelphia/89-Sparks-St-19120/home/40585823,listed,,weekly sweep 2026-09-28,
1219 n 27th st|19121,"1219 N 27th St, Philadelphia, PA 19121",19121,2026-09-28,2026-09-28,899999,899999,redfin,https://www.redfin.com/PA/Philadelphia/1219-N-27th-St-19121/home/40570468,listed,,weekly sweep 2026-09-28,
1224 n 28th st|19121,"1224 N 28th St, Philadelphia, PA 19121",19121,2026-09-28,2026-09-28,699900,699900,redfin,https://www.redfin.com/PA/Philadelphia/1224-N-28th-St-19121/home/38784304,listed,,weekly sweep 2026-09-28,
1232 n 15th st|19121,"1232 N 15th St, Philadelphia, PA 19121",19121,2026-09-28,2026-09-28,439900,439900,both,https://www.zillow.com/homedetails/1232-N-15th-St-Philadelphia-PA-19121/2125677090_zpid/,listed,,weekly sweep 2026-09-28,
1241 n 28th st|19121,"1241 N 28th St, Philadelphia, PA 19121",19121,2026-09-28,2026-09-28,499900,499900,redfin,https://www.redfin.com/PA/Philadelphia/1241-N-28th-St-19121/home/38041013,listed,,weekly sweep 2026-09-28,
1517 n 15th st|19121,"1517 N 15th St, Philadelphia, PA 19121",19121,2026-09-28,2026-09-28,1200000,1200000,redfin,https://www.redfin.com/PA/Philadelphia/1517-N-15th-St-19121/home/113203078,listed,,weekly sweep 2026-09-28,
1542 diamond st|19121,"1542 Diamond St, Philadelphia, PA 19121",19121,2026-09-28,2026-09-28,439999,439999,redfin,https://www.redfin.com/PA/Philadelphia/1542-W-Diamond-St-19121/home/38848005,listed,,weekly sweep 2026-09-28,
1601 n 26th st|19121,"1601 N 26th St, Philadelphia, PA 19121",19121,2026-09-28,2026-09-28,349900,349900,redfin,https://www.redfin.com/PA/Philadelphia/1601-N-26th-St-19121/home/38872872,listed,,weekly sweep 2026-09-28,
1631 w diamond st|19121,"1631 W Diamond St, Philadelphia, PA 19121",19121,2026-09-28,2026-09-28,547900,547900,redfin,https://www.redfin.com/PA/Philadelphia/1631-W-Diamond-St-19121/home/38847857,listed,,weekly sweep 2026-09-28,
1631 w susquehanna ave|19121,"1631 W Susquehanna Ave, Philadelphia, PA 19121",19121,2026-09-28,2026-09-28,120000,120000,zillow,https://www.zillow.com/homedetails/1631-W-Susquehanna-Ave-Philadelphia-PA-19121/10246572_zpid/,listed,,weekly sweep 2026-09-28,
1702 n 18th st|19121,"1702 N 18th St, Philadelphia, PA 19121",19121,2026-09-28,2026-09-28,599900,599900,both,https://www.zillow.com/homedetails/1702-N-18th-St-Philadelphia-PA-19121/165608389_zpid/,listed,,weekly sweep 2026-09-28,
1705 w norris st|19121,"1705 W Norris St, Philadelphia, PA 19121",19121,2026-09-28,2026-09-28,524000,524000,both,https://www.zillow.com/homedetails/1705-W-Norris-St-Philadelphia-PA-19121/118362277_zpid/,listed,,weekly sweep 2026-09-28,
1709 w master st|19121,"1709 W Master St, Philadelphia, PA 19121",19121,2026-09-28,2026-09-28,440000,440000,redfin,https://www.redfin.com/PA/Philadelphia/1709-W-Master-St-19121/home/39596624,listed,,weekly sweep 2026-09-28,
1715 cecil b moore ave|19121,"1715 Cecil B Moore Ave, Philadelphia, PA 19121",19121,2026-09-28,2026-09-28,524900,524900,both,https://www.zillow.com/homedetails/1715-Cecil-B-Moore-Ave-Philadelphia-PA-19121/80946646_zpid/,listed,,weekly sweep 2026-09-28,
1735 w diamond st|19121,"1735 W Diamond St, Philadelphia, PA 19121",19121,2026-09-28,2026-09-28,549900,549900,redfin,https://www.redfin.com/PA/Philadelphia/1735-W-Diamond-St-19121/home/40571948,listed,,weekly sweep 2026-09-28,
1739 w berks st|19121,"1739 W Berks St, Philadelphia, PA 19121",19121,2026-09-28,2026-09-28,474900,474900,redfin,https://www.redfin.com/PA/Philadelphia/1739-W-Berks-St-19121/home/40310619,listed,,weekly sweep 2026-09-28,
1741 w diamond st|19121,"1741 W Diamond St, Philadelphia, PA 19121",19121,2026-09-28,2026-09-28,549900,549900,redfin,https://www.redfin.com/PA/Philadelphia/1741-W-Diamond-St-19121/home/40571950,listed,,weekly sweep 2026-09-28,
1751 n 23rd st|19121,"1751 N 23rd St, Philadelphia, PA 19121",19121,2026-09-28,2026-09-28,225000,225000,redfin,https://www.redfin.com/PA/Philadelphia/1751-N-23rd-St-19121/home/39263087,listed,,weekly sweep 2026-09-28,
1808 w susquehanna ave|19121,"1808 W Susquehanna Ave, Philadelphia, PA 19121",19121,2026-09-28,2026-09-28,299900,299900,both,https://www.zillow.com/homedetails/1808-W-Susquehanna-Ave-Philadelphia-PA-19121/10328488_zpid/,listed,,weekly sweep 2026-09-28,
1812 w master st|19121,"1812 W Master St, Philadelphia, PA 19121",19121,2026-09-28,2026-09-28,424999,424999,redfin,https://www.redfin.com/PA/Philadelphia/1812-W-Master-St-19121/home/39262029,listed,,weekly sweep 2026-09-28,
1821 n bouvier st|19121,"1821 N Bouvier St, Philadelphia, PA 19121",19121,2026-09-28,2026-09-28,400000,400000,redfin,https://www.redfin.com/PA/Philadelphia/1821-N-Bouvier-St-19121/home/38851210,listed,,weekly sweep 2026-09-28,
1826 w thompson st|19121,"1826 W Thompson St, Philadelphia, PA 19121",19121,2026-09-28,2026-09-28,150000,150000,redfin,https://www.redfin.com/PA/Philadelphia/1826-W-Thompson-St-19121/home/40352439,listed,,weekly sweep 2026-09-28,
1829 n 33rd st|19121,"1829 N 33rd St, Philadelphia, PA 19121",19121,2026-09-28,2026-09-28,680000,680000,redfin,https://www.redfin.com/PA/Philadelphia/1829-N-33rd-St-19121/home/38870574,listed,,weekly sweep 2026-09-28,
1829 n willington st|19121,"1829 N Willington St, Philadelphia, PA 19121",19121,2026-09-28,2026-09-28,659900,659900,redfin,https://www.redfin.com/PA/Philadelphia/1829-N-Willington-St-19121/home/38847665,listed,,weekly sweep 2026-09-28,
1834 n 22nd st|19121,"1834 N 22nd St, Philadelphia, PA 19121",19121,2026-09-28,2026-09-28,330000,330000,redfin,https://www.redfin.com/PA/Philadelphia/1834-N-22nd-St-19121/home/38853564,listed,,weekly sweep 2026-09-28,
184042 n gratz st|19121,"1840-42 N Gratz St, Philadelphia, PA 19121",19121,2026-09-28,2026-09-28,899000,899000,redfin,https://www.redfin.com/PA/Philadelphia/1840-N-Gratz-St-19121/home/160667827,listed,,weekly sweep 2026-09-28,
1848 n 16th st|19121,"1848 N 16th St, Philadelphia, PA 19121",19121,2026-09-28,2026-09-28,999900,999900,redfin,https://www.redfin.com/PA/Philadelphia/1848-N-16th-St-19121/home/39499526,listed,,weekly sweep 2026-09-28,
1848 n 21st st|19121,"1848 N 21st St, Philadelphia, PA 19121",19121,2026-09-28,2026-09-28,170000,170000,redfin,https://www.redfin.com/PA/Philadelphia/1848-N-21st-St-19121/home/38853945,listed,,weekly sweep 2026-09-28,yes
1915 n gratz st|19121,"1915 N Gratz St, Philadelphia, PA 19121",19121,2026-09-28,2026-09-28,499900,499900,redfin,https://www.redfin.com/PA/Philadelphia/1915-N-Gratz-St-19121/home/40571975,listed,,weekly sweep 2026-09-28,
1916 ingersoll st|19121,"1916 Ingersoll St, Philadelphia, PA 19121",19121,2026-09-28,2026-09-28,260000,260000,redfin,https://www.redfin.com/PA/Philadelphia/1916-Ingersoll-St-19121/home/39262512,listed,,weekly sweep 2026-09-28,
1916 n 17th st|19121,"1916 N 17th St, Philadelphia, PA 19121",19121,2026-09-28,2026-09-28,545000,545000,redfin,https://www.redfin.com/PA/Philadelphia/1916-N-17th-St-19121/home/40313882,listed,,weekly sweep 2026-09-28,
2000 n 17th st|19121,"2000 N 17th St, Philadelphia, PA 19121",19121,2026-09-28,2026-09-28,424900,424900,redfin,https://www.redfin.com/PA/Philadelphia/2000-N-17th-St-19121/home/45387909,listed,,weekly sweep 2026-09-28,
2007 n 16th st|19121,"2007 N 16th St, Philadelphia, PA 19121",19121,2026-09-28,2026-09-28,399900,399900,redfin,https://www.redfin.com/PA/Philadelphia/2007-N-16th-St-19121/home/39472527,listed,,weekly sweep 2026-09-28,
2009 n 16th st|19121,"2009 N 16th St, Philadelphia, PA 19121",19121,2026-09-28,2026-09-28,399900,399900,redfin,https://www.redfin.com/PA/Philadelphia/2009-N-16th-St-19121/home/38847562,listed,,weekly sweep 2026-09-28,
2145 n 29th st|19121,"2145 N 29th St, Philadelphia, PA 19121",19121,2026-09-28,2026-09-28,199900,199900,redfin,https://www.redfin.com/PA/Philadelphia/2145-N-29th-St-19121/home/38864960,listed,,weekly sweep 2026-09-28,
2217 w thompson st|19121,"2217 W Thompson St, Philadelphia, PA 19121",19121,2026-09-28,2026-09-28,789000,789000,both,https://www.zillow.com/homedetails/2217-W-Thompson-St-Philadelphia-PA-19121/118363186_zpid/,listed,,weekly sweep 2026-09-28,
2328 nicholas st|19121,"2328 Nicholas St, Philadelphia, PA 19121",19121,2026-09-28,2026-09-28,310000,310000,redfin,https://www.redfin.com/PA/Philadelphia/2328-Nicholas-St-19121/home/38780374,listed,,weekly sweep 2026-09-28,
2423 w norris st|19121,"2423 W Norris St, Philadelphia, PA 19121",19121,2026-09-28,2026-09-28,189000,189000,redfin,https://www.redfin.com/PA/Philadelphia/2423-W-Norris-St-19121/home/38858699,listed,,weekly sweep 2026-09-28,yes
2812 cecil b moore ave|19121,"2812 Cecil B Moore Ave, Philadelphia, PA 19121",19121,2026-09-28,2026-09-28,650000,650000,both,https://www.zillow.com/homedetails/2812-Cecil-B-Moore-Ave-Philadelphia-PA-19121/80944888_zpid/,listed,,weekly sweep 2026-09-28,
2822 cecil b moore ave|19121,"2822 Cecil B Moore Ave, Philadelphia, PA 19121",19121,2026-09-28,2026-09-28,375000,375000,redfin,https://www.redfin.com/PA/Philadelphia/2822-Cecil-B-Moore-Ave-19121/home/38870622,listed,,weekly sweep 2026-09-28,
2933 w diamond st|19121,"2933 W Diamond St, Philadelphia, PA 19121",19121,2026-09-28,2026-09-28,219000,219000,zillow,https://www.zillow.com/homedetails/2933-W-Diamond-St-Philadelphia-PA-19121/2057794923_zpid/,listed,,weekly sweep 2026-09-28,
3217 turner st|19121,"3217 Turner St, Philadelphia, PA 19121",19121,2026-09-28,2026-09-28,475000,475000,redfin,https://www.redfin.com/PA/Philadelphia/3217-Turner-St-19121/home/38870950,listed,,weekly sweep 2026-09-28,
3236 w berks st|19121,"3236 W Berks St, Philadelphia, PA 19121",19121,2026-09-28,2026-09-28,415000,415000,redfin,https://www.redfin.com/PA/Philadelphia/3236-W-Berks-St-19121/home/38858777,listed,,weekly sweep 2026-09-28,
1224 e columbia rear ave|19125,"1224 E Columbia Rear Ave, Philadelphia, PA 19125",19125,2026-09-28,2026-09-28,200000,200000,zillow,https://www.zillow.com/homedetails/1224-E-Columbia-Rear-Ave-Philadelphia-PA-19125/463704234_zpid/,listed,,weekly sweep 2026-09-28,
1224rear e columbia ave|19125,"1224-REAR E Columbia Ave, Philadelphia, PA 19125",19125,2026-09-28,2026-09-28,200000,200000,redfin,https://www.redfin.com/PA/Philadelphia/1224-REAR-E-Columbia-Ave-19125/home/202671554,listed,,weekly sweep 2026-09-28,
1421 n front st|19125,"1421 N Front St, Philadelphia, PA 19125",19125,2026-09-28,2026-09-28,1975000,1975000,zillow,https://www.zillow.com/homedetails/1421-N-Front-St-Philadelphia-PA-19125/445739865_zpid/,listed,,weekly sweep 2026-09-28,
1802 e huntingdon st|19125,"1802 E Huntingdon St, Philadelphia, PA 19125",19125,2026-09-28,2026-09-28,599900,599900,redfin,https://www.redfin.com/PA/Philadelphia/1802-E-Huntingdon-St-19125/home/40571710,listed,,weekly sweep 2026-09-28,
1804 e huntingdon st|19125,"1804 E Huntingdon St, Philadelphia, PA 19125",19125,2026-09-28,2026-09-28,599900,599900,redfin,https://www.redfin.com/PA/Philadelphia/1804-E-Huntingdon-St-19125/home/38843028,listed,,weekly sweep 2026-09-28,
1919 e huntingdon st|19125,"1919 E Huntingdon St, Philadelphia, PA 19125",19125,2026-09-28,2026-09-28,395000,395000,both,https://www.zillow.com/homedetails/1919-E-Huntingdon-St-Philadelphia-PA-19125/103776619_zpid/,listed,,weekly sweep 2026-09-28,
1940 e harold st|19125,"1940 E Harold St, Philadelphia, PA 19125",19125,2026-09-28,2026-09-28,135000,135000,redfin,https://www.redfin.com/PA/Philadelphia/1940-E-Harold-St-19125/home/196846430,listed,,weekly sweep 2026-09-28,
2143 e arizona st|19125,"2143 E Arizona St, Philadelphia, PA 19125",19125,2026-09-28,2026-09-28,425000,425000,zillow,https://www.zillow.com/homedetails/2143-E-Arizona-St-Philadelphia-PA-19125/2076329017_zpid/,listed,,weekly sweep 2026-09-28,
2201 e huntingdon st|19125,"2201 E Huntingdon St, Philadelphia, PA 19125",19125,2026-09-28,2026-09-28,550000,550000,redfin,https://www.redfin.com/PA/Philadelphia/2201-E-Huntingdon-St-19125/home/38842759,listed,,weekly sweep 2026-09-28,
2208 taggert st|19125,"2208 Taggert St, Philadelphia, PA 19125",19125,2026-09-28,2026-09-28,375000,375000,both,https://www.zillow.com/homedetails/2208-Taggert-St-Philadelphia-PA-19125/67363209_zpid/,listed,,weekly sweep 2026-09-28,
2223 frankford ave|19125,"2223 Frankford Ave, Philadelphia, PA 19125",19125,2026-09-28,2026-09-28,695000,695000,both,https://www.zillow.com/homedetails/2223-Frankford-Ave-Philadelphia-PA-19125/118352544_zpid/,listed,,weekly sweep 2026-09-28,
2329 e cumberland st|19125,"2329 E Cumberland St, Philadelphia, PA 19125",19125,2026-09-28,2026-09-28,569900,569900,both,https://www.zillow.com/homedetails/2329-E-Cumberland-St-Philadelphia-PA-19125/10326405_zpid/,listed,,weekly sweep 2026-09-28,
2655 emerald st|19125,"2655 Emerald St, Philadelphia, PA 19125",19125,2026-09-28,2026-09-28,549900,549900,redfin,https://www.redfin.com/PA/Philadelphia/2655-Emerald-St-19125/home/38816383,listed,,weekly sweep 2026-09-28,
2657 kensington ave|19125,"2657 Kensington Ave, Philadelphia, PA 19125",19125,2026-09-28,2026-09-28,464900,464900,redfin,https://www.redfin.com/PA/Philadelphia/2657-Kensington-Ave-19125/home/38816207,listed,,weekly sweep 2026-09-28,
324 e girard ave|19125,"324 E Girard Ave, Philadelphia, PA 19125",19125,2026-09-28,2026-09-28,495000,495000,zillow,https://www.zillow.com/homedetails/324-E-Girard-Ave-Philadelphia-PA-19125/464051876_zpid/,listed,,weekly sweep 2026-09-28,
408 e girard ave|19125,"408 E Girard Ave, Philadelphia, PA 19125",19125,2026-09-28,2026-09-28,649000,649000,zillow,https://www.zillow.com/homedetails/408-E-Girard-Ave-Philadelphia-PA-19125/10257946_zpid/,listed,,weekly sweep 2026-09-28,
140 sumac st|19128,"140 Sumac St, Philadelphia, PA 19128",19128,2026-09-28,2026-09-28,700000,700000,both,https://www.redfin.com/PA/Philadelphia/140-Sumac-St-19128/home/38552206,listed,,weekly sweep 2026-09-28,
146 vassar st|19128,"146 Vassar St, Philadelphia, PA 19128",19128,2026-09-28,2026-09-28,969000,969000,both,https://www.redfin.com/PA/Philadelphia/146-Vassar-St-19128/home/59356088,listed,,weekly sweep 2026-09-28,
169 parker ave|19128,"169 Parker Ave, Philadelphia, PA 19128",19128,2026-09-28,2026-09-28,424900,424900,both,https://www.redfin.com/PA/Philadelphia/169-Parker-Ave-19128/home/38544854,listed,,weekly sweep 2026-09-28,
207 rector st|19128,"207 Rector St, Philadelphia, PA 19128",19128,2026-09-28,2026-09-28,1250000,1250000,both,https://www.redfin.com/PA/Philadelphia/207-Rector-St-19128/home/40316350,listed,,weekly sweep 2026-09-28,
270 dupont st|19128,"270 Dupont St, Philadelphia, PA 19128",19128,2026-09-28,2026-09-28,575000,575000,both,https://www.redfin.com/PA/Philadelphia/270-DuPont-St-19128/home/38526775,listed,,weekly sweep 2026-09-28,
348 green ln|19128,"348 Green Ln, Philadelphia, PA 19128",19128,2026-09-28,2026-09-28,1295000,1295000,both,https://www.redfin.com/PA/Philadelphia/348-Green-Ln-19128/home/39496957,listed,,weekly sweep 2026-09-28,
5164 ridge ave|19128,"5164 Ridge Ave, Philadelphia, PA 19128",19128,2026-09-28,2026-09-28,1350000,1350000,zillow,https://www.zillow.com/homedetails/5164-Ridge-Ave-Philadelphia-PA-19128/10268602_zpid/,listed,,weekly sweep 2026-09-28,
598284 henry ave|19128,"5982-84 Henry Ave, Philadelphia, PA 19128",19128,2026-09-28,2026-09-28,783333,783333,redfin,https://www.redfin.com/PA/Philadelphia/5982-Henry-Ave-19128/home/203126958,listed,,weekly sweep 2026-09-28,
598688 henry ave|19128,"5986-88 Henry Ave, Philadelphia, PA 19128",19128,2026-09-28,2026-09-28,783333,783333,redfin,https://www.redfin.com/PA/Philadelphia/5986-Henry-Ave-19128/home/203127055,listed,,weekly sweep 2026-09-28,
5994 henry ave|19128,"5994 Henry Ave #96, Philadelphia, PA 19128",19128,2026-09-28,2026-09-28,783333,783333,zillow,https://www.zillow.com/homedetails/5994-Henry-Ave-96-Philadelphia-PA-19128/463855205_zpid/,listed,,weekly sweep 2026-09-28,
599496 henry ave|19128,"5994-96 Henry Ave, Philadelphia, PA 19128",19128,2026-09-28,2026-09-28,783333,783333,redfin,https://www.redfin.com/PA/Philadelphia/5994-Henry-Ave-19128/home/203127166,listed,,weekly sweep 2026-09-28,
7034 valley ave|19128,"7034 Valley Ave, Philadelphia, PA 19128",19128,2026-09-28,2026-09-28,449000,449000,both,https://www.redfin.com/PA/Philadelphia/7034-Valley-Ave-19128/home/38580186,listed,,weekly sweep 2026-09-28,
1216 n 55th st|19131,"1216 N 55th St, Philadelphia, PA 19131",19131,2026-09-28,2026-09-28,230000,230000,redfin,https://www.redfin.com/PA/Philadelphia/1216-N-55th-St-19131/home/38140719,listed,,weekly sweep 2026-09-28,
1239 n allison st|19131,"1239 N Allison St, Philadelphia, PA 19131",19131,2026-09-28,2026-09-28,245000,245000,redfin,https://www.redfin.com/PA/Philadelphia/1239-N-Allison-St-19131/home/38142651,listed,,weekly sweep 2026-09-28,
1257 n 57th st|19131,"1257 N 57th St, Philadelphia, PA 19131",19131,2026-09-28,2026-09-28,208000,208000,redfin,https://www.redfin.com/PA/Philadelphia/1257-N-57th-St-19131/home/38155880,listed,,weekly sweep 2026-09-28,
1436 n 54th st|19131,"1436 N 54th St, Philadelphia, PA 19131",19131,2026-09-28,2026-09-28,186500,186500,redfin,https://www.redfin.com/PA/Philadelphia/1436-N-54th-St-19131/home/38145385,listed,,weekly sweep 2026-09-28,
1500 n 56th st|19131,"1500 N 56th St, Philadelphia, PA 19131",19131,2026-09-28,2026-09-28,154999,154999,both,https://www.redfin.com/PA/Philadelphia/1500-N-56th-St-19131/home/38162713,listed,,weekly sweep 2026-09-28,
1682 n 54th st|19131,"1682 N 54th St, Philadelphia, PA 19131",19131,2026-09-28,2026-09-28,925000,925000,both,https://www.redfin.com/PA/Philadelphia/1682-N-54th-St-19131/home/40555612,listed,,weekly sweep 2026-09-28,
2001 52nd st|19131,"2001 52nd St, Philadelphia, PA 19131",19131,2026-09-28,2026-09-28,279900,279900,redfin,https://www.redfin.com/PA/Philadelphia/2001-N-52nd-St-19131/home/39295601,listed,,weekly sweep 2026-09-28,yes
2001 n 52nd st|19131,"2001 N 52nd St, Philadelphia, PA 19131",19131,2026-09-28,2026-09-28,279900,279900,zillow,https://www.zillow.com/homedetails/2001-N-52nd-St-Philadelphia-PA-19131/10486882_zpid/,listed,,weekly sweep 2026-09-28,yes
2211 melvin st|19131,"2211 Melvin St, Philadelphia, PA 19131",19131,2026-09-28,2026-09-28,259900,259900,both,https://www.redfin.com/PA/Philadelphia/2211-Melvin-St-19131/home/39299005,listed,,weekly sweep 2026-09-28,yes
2832 belmont ave|19131,"2832 Belmont Ave, Philadelphia, PA 19131",19131,2026-09-28,2026-09-28,699900,699900,both,https://www.redfin.com/PA/Philadelphia/2832-Belmont-Ave-19131/home/40584487,listed,,weekly sweep 2026-09-28,
4835 lancaster ave|19131,"4835 Lancaster Ave, Philadelphia, PA 19131",19131,2026-09-28,2026-09-28,250000,250000,zillow,https://www.zillow.com/homedetails/4835-Lancaster-Ave-Philadelphia-PA-19131/165348503_zpid/,listed,,weekly sweep 2026-09-28,
4966 w thompson st|19131,"4966 W Thompson St, Philadelphia, PA 19131",19131,2026-09-28,2026-09-28,229700,229700,redfin,https://www.redfin.com/PA/Philadelphia/4966-W-Thompson-St-19131/home/39246106,listed,,weekly sweep 2026-09-28,
5100 warren st|19131,"5100 Warren St, Philadelphia, PA 19131",19131,2026-09-28,2026-09-28,39000,39000,redfin,https://www.redfin.com/PA/Philadelphia/5100-Warren-St-19131/home/40580843,listed,,weekly sweep 2026-09-28,
5117 warren st|19131,"5117 Warren St, Philadelphia, PA 19131",19131,2026-09-28,2026-09-28,900000,900000,redfin,https://www.redfin.com/PA/Philadelphia/5117-Warren-St-19131/home/40580837,listed,,weekly sweep 2026-09-28,
5137 harlan st|19131,"5137 Harlan St, Philadelphia, PA 19131",19131,2026-09-28,2026-09-28,150000,150000,redfin,https://www.redfin.com/PA/Philadelphia/5137-Harlan-St-19131/home/39246710,listed,,weekly sweep 2026-09-28,yes
5162 viola st|19131,"5162 Viola St, Philadelphia, PA 19131",19131,2026-09-28,2026-09-28,200000,200000,both,https://www.redfin.com/PA/Philadelphia/5162-Viola-St-19131/home/39293997,listed,,weekly sweep 2026-09-28,yes
5200 euclid st|19131,"5200 Euclid St, Philadelphia, PA 19131",19131,2026-09-28,2026-09-28,300000,300000,redfin,https://www.redfin.com/PA/Philadelphia/5200-Euclid-St-19131/home/39293776,listed,,weekly sweep 2026-09-28,
5260 w jefferson st|19131,"5260 W Jefferson St, Philadelphia, PA 19131",19131,2026-09-28,2026-09-28,225000,225000,redfin,https://www.redfin.com/PA/Philadelphia/5260-W-Jefferson-St-19131/home/39293413,listed,,weekly sweep 2026-09-28,yes
5400 lebanon ave|19131,"5400 Lebanon Ave, Philadelphia, PA 19131",19131,2026-09-28,2026-09-28,449900,449900,both,https://www.redfin.com/PA/Philadelphia/5400-Lebanon-Ave-19131/home/39297649,listed,,weekly sweep 2026-09-28,
5402 w thompson st|19131,"5402 W Thompson St, Philadelphia, PA 19131",19131,2026-09-28,2026-09-28,349900,349900,redfin,https://www.redfin.com/PA/Philadelphia/5402-W-Thompson-St-19131/home/38139137,listed,,weekly sweep 2026-09-28,
5408 wyalusing ave|19131,"5408 Wyalusing Ave, Philadelphia, PA 19131",19131,2026-09-28,2026-09-28,430000,430000,redfin,https://www.redfin.com/PA/Philadelphia/5408-Wyalusing-Ave-19131/home/38138738,listed,,weekly sweep 2026-09-28,
5556 lansdowne ave|19131,"5556 Lansdowne Ave, Philadelphia, PA 19131",19131,2026-09-28,2026-09-28,399900,399900,redfin,https://www.redfin.com/PA/Philadelphia/5556-Lansdowne-Ave-19131/home/38145643,listed,,weekly sweep 2026-09-28,
5608 lansdowne ave|19131,"5608 Lansdowne Ave, Philadelphia, PA 19131",19131,2026-09-28,2026-09-28,409000,409000,redfin,https://www.redfin.com/PA/Philadelphia/5608-Lansdowne-Ave-19131/home/38159354,listed,,weekly sweep 2026-09-28,
5818 woodcrest ave|19131,"5818 Woodcrest Ave, Philadelphia, PA 19131",19131,2026-09-28,2026-09-28,374900,374900,redfin,https://www.redfin.com/PA/Philadelphia/5818-Woodcrest-Ave-19131/home/39298100,listed,,weekly sweep 2026-09-28,
939 n 50th st|19131,"939 N 50th St, Philadelphia, PA 19131",19131,2026-09-28,2026-09-28,179000,179000,both,https://www.redfin.com/PA/Philadelphia/939-N-50th-St-19131/home/39246283,listed,,weekly sweep 2026-09-28,yes
130 e allegheny ave|19134,"130 E Allegheny Ave, Philadelphia, PA 19134",19134,2026-09-28,2026-09-28,170000,170000,both,https://www.zillow.com/homedetails/130-E-Allegheny-Ave-Philadelphia-PA-19134/10204214_zpid/,listed,,weekly sweep 2026-09-28,
1864 e cornwall st|19134,"1864 E Cornwall St, Philadelphia, PA 19134",19134,2026-09-28,2026-09-28,139999,139999,both,https://www.zillow.com/homedetails/1864-E-Cornwall-St-Philadelphia-PA-19134/10445672_zpid/,listed,,weekly sweep 2026-09-28,
2003 allegheny ave|19134,"2003 Allegheny Ave, Philadelphia, PA 19134",19134,2026-09-28,2026-09-28,235000,235000,redfin,https://www.redfin.com/PA/Philadelphia/2003-E-Allegheny-Ave-19134/home/39250683,listed,,weekly sweep 2026-09-28,
2014 e clearfield st|19134,"2014 E Clearfield St, Philadelphia, PA 19134",19134,2026-09-28,2026-09-28,139900,139900,both,https://www.zillow.com/homedetails/2014-E-Clearfield-St-Philadelphia-PA-19134/165186215_zpid/,listed,,weekly sweep 2026-09-28,yes
2053 e william st|19134,"2053 E William St, Philadelphia, PA 19134",19134,2026-09-28,2026-09-28,515000,515000,redfin,https://www.redfin.com/PA/Philadelphia/2053-E-William-St-19134/home/40312844,listed,,weekly sweep 2026-09-28,
2076 e birch st|19134,"2076 E Birch St, Philadelphia, PA 19134",19134,2026-09-28,2026-09-28,119900,119900,both,https://www.zillow.com/homedetails/2076-E-Birch-St-Philadelphia-PA-19134/10299314_zpid/,listed,,weekly sweep 2026-09-28,
213739 e ann st|19134,"2137-39 E Ann St, Philadelphia, PA 19134",19134,2026-09-28,2026-09-28,589000,589000,redfin,https://www.redfin.com/PA/Philadelphia/2139-E-Ann-St-19134/home/40568060,listed,,weekly sweep 2026-09-28,
2242 e allegheny ave|19134,"2242 E Allegheny Ave, Philadelphia, PA 19134",19134,2026-09-28,2026-09-28,299500,299500,redfin,https://www.redfin.com/PA/Philadelphia/2242-E-Allegheny-Ave-19134/home/40568123,listed,,weekly sweep 2026-09-28,yes
2255 e clearfield st|19134,"2255 E Clearfield St, Philadelphia, PA 19134",19134,2026-09-28,2026-09-28,333900,333900,redfin,https://www.redfin.com/PA/Philadelphia/2255-E-Clearfield-St-19134/home/38695651,listed,,weekly sweep 2026-09-28,
2307 e clearfield st|19134,"2307 E Clearfield St, Philadelphia, PA 19134",19134,2026-09-28,2026-09-28,259900,259900,both,https://www.zillow.com/homedetails/2307-E-Clearfield-St-Philadelphia-PA-19134/10300087_zpid/,listed,,weekly sweep 2026-09-28,yes
2601 e ontario st|19134,"2601 E Ontario St, Philadelphia, PA 19134",19134,2026-09-28,2026-09-28,365000,365000,redfin,https://www.redfin.com/PA/Philadelphia/2601-E-Ontario-St-19134/home/40581042,listed,,weekly sweep 2026-09-28,
2725 e clearfield st|19134,"2725 E Clearfield St, Philadelphia, PA 19134",19134,2026-09-28,2026-09-28,599000,599000,redfin,https://www.redfin.com/PA/Philadelphia/2725-E-Clearfield-St-19134/home/38678138,listed,,weekly sweep 2026-09-28,
2821 livingston st|19134,"2821 Livingston St, Philadelphia, PA 19134",19134,2026-09-28,2026-09-28,580000,580000,redfin,https://www.redfin.com/PA/Philadelphia/2821-Livingston-St-19134/home/40567689,listed,,weekly sweep 2026-09-28,
2918 d st|19134,"2918 D St, Philadelphia, PA 19134",19134,2026-09-28,2026-09-28,170000,170000,redfin,https://www.redfin.com/PA/Philadelphia/2918-D-St-19134/home/38213701,listed,,weekly sweep 2026-09-28,
3113 frankford ave|19134,"3113 Frankford Ave, Philadelphia, PA 19134",19134,2026-09-28,2026-09-28,339900,339900,redfin,https://www.redfin.com/PA/Philadelphia/3113-Frankford-Ave-19134/home/38702888,listed,,weekly sweep 2026-09-28,
3128 f st|19134,"3128 F St, Philadelphia, PA 19134",19134,2026-09-28,2026-09-28,204999,204999,both,https://www.zillow.com/homedetails/3128-F-St-Philadelphia-PA-19134/10335507_zpid/,listed,,weekly sweep 2026-09-28,
3131 frankford ave|19134,"3131 Frankford Ave, Philadelphia, PA 19134",19134,2026-09-28,2026-09-28,599000,599000,redfin,https://www.redfin.com/PA/Philadelphia/3131-Frankford-Ave-19134/home/40568207,listed,,weekly sweep 2026-09-28,
3135 kensington ave|19134,"3135 Kensington Ave, Philadelphia, PA 19134",19134,2026-09-28,2026-09-28,249000,249000,redfin,https://www.redfin.com/PA/Philadelphia/3135-Kensington-Ave-19134/home/40568411,listed,,weekly sweep 2026-09-28,
3150 emerald st|19134,"3150 Emerald St, Philadelphia, PA 19134",19134,2026-09-28,2026-09-28,240000,240000,both,https://www.zillow.com/homedetails/3150-Emerald-St-Philadelphia-PA-19134/10301897_zpid/,listed,,weekly sweep 2026-09-28,
3252 miller st|19134,"3252 Miller St, Philadelphia, PA 19134",19134,2026-09-28,2026-09-28,415000,415000,redfin,https://www.redfin.com/PA/Philadelphia/3252-Miller-St-19134/home/39249801,listed,,weekly sweep 2026-09-28,
3509 kensington ave|19134,"3509 Kensington Ave, Philadelphia, PA 19134",19134,2026-09-28,2026-09-28,209900,209900,both,https://www.zillow.com/homedetails/3509-Kensington-Ave-Philadelphia-PA-19134/10448264_zpid/,listed,,weekly sweep 2026-09-28,
3518 kip st|19134,"3518 Kip St, Philadelphia, PA 19134",19134,2026-09-28,2026-09-28,154900,154900,redfin,https://www.redfin.com/PA/Philadelphia/3518-Kip-St-19134/home/38223857,listed,,weekly sweep 2026-09-28,
3523 jasper st|19134,"3523 Jasper St, Philadelphia, PA 19134",19134,2026-09-28,2026-09-28,340000,340000,redfin,https://www.redfin.com/PA/Philadelphia/3523-Jasper-St-19134/home/39252814,listed,,weekly sweep 2026-09-28,
3561 frankford ave|19134,"3561 Frankford Ave, Philadelphia, PA 19134",19134,2026-09-28,2026-09-28,300000,300000,redfin,https://www.redfin.com/PA/Philadelphia/3561-Frankford-Ave-19134/home/39252663,listed,,weekly sweep 2026-09-28,
3654 richmond st|19134,"3654 Richmond St, Philadelphia, PA 19134",19134,2026-09-28,2026-09-28,575000,575000,redfin,https://www.redfin.com/PA/Philadelphia/3654-Richmond-St-19134/home/39248268,listed,,weekly sweep 2026-09-28,
422 e allegheny ave|19134,"422 E Allegheny Ave, Philadelphia, PA 19134",19134,2026-09-28,2026-09-28,199999,199999,both,https://www.zillow.com/homedetails/422-E-Allegheny-Ave-Philadelphia-PA-19134/452575426_zpid/,listed,,weekly sweep 2026-09-28,
undisclosed address|19134,"Undisclosed address, Philadelphia, PA 19134",19134,2026-09-28,2026-09-28,185000,185000,redfin,https://www.redfin.com/PA/Philadelphia/Undisclosed-address-19134/home/38703168,listed,,weekly sweep 2026-09-28,
4057 comly st|19135,"4057 Comly St, Philadelphia, PA 19135",19135,2026-09-28,2026-09-28,360000,360000,redfin,https://www.redfin.com/PA/Philadelphia/4057-Comly-St-19135/home/39431889,listed,,weekly sweep 2026-09-28,
4210 disston st|19135,"4210 Disston St, Philadelphia, PA 19135",19135,2026-09-28,2026-09-28,299900,299900,both,https://www.redfin.com/PA/Philadelphia/4210-Disston-St-19135/home/39321394,listed,,weekly sweep 2026-09-28,
4504 cottman ave|19135,"4504 Cottman Ave, Philadelphia, PA 19135",19135,2026-09-28,2026-09-28,245000,245000,both,https://www.redfin.com/PA/Philadelphia/4504-Cottman-Ave-19135/home/39222491,listed,,weekly sweep 2026-09-28,yes
4522 cottman ave|19135,"4522 Cottman Ave, Philadelphia, PA 19135",19135,2026-09-28,2026-09-28,384900,384900,redfin,https://www.redfin.com/PA/Philadelphia/4522-Cottman-Ave-19135/home/39222500,listed,,weekly sweep 2026-09-28,
4609 van kirk st|19135,"4609 Van Kirk St, Philadelphia, PA 19135",19135,2026-09-28,2026-09-28,299900,299900,both,https://www.redfin.com/PA/Philadelphia/4609-Van-Kirk-St-19135/home/39219094,listed,,weekly sweep 2026-09-28,yes
6136 hawthorne st|19135,"6136 Hawthorne St, Philadelphia, PA 19135",19135,2026-09-28,2026-09-28,480000,480000,redfin,https://www.redfin.com/PA/Philadelphia/6136-Hawthorne-St-19135/home/39433225,listed,,weekly sweep 2026-09-28,
6239 frankford ave|19135,"6239 Frankford Ave, Philadelphia, PA 19135",19135,2026-09-28,2026-09-28,430000,430000,redfin,https://www.redfin.com/PA/Philadelphia/6239-Frankford-Ave-19135/home/39322248,listed,,weekly sweep 2026-09-28,
6365 edmund st|19135,"6365 Edmund St, Philadelphia, PA 19135",19135,2026-09-28,2026-09-28,249900,249900,both,https://www.redfin.com/PA/Philadelphia/6365-Edmund-St-19135/home/39221301,listed,,weekly sweep 2026-09-28,
6428 marsden st|19135,"6428 Marsden St, Philadelphia, PA 19135",19135,2026-09-28,2026-09-28,319000,319000,both,https://www.redfin.com/PA/Philadelphia/6428-Marsden-St-19135/home/39220642,listed,,weekly sweep 2026-09-28,
6610 ditman st|19135,"6610 Ditman St, Philadelphia, PA 19135",19135,2026-09-28,2026-09-28,275000,275000,both,https://www.redfin.com/PA/Philadelphia/6610-Ditman-St-19135/home/39220061,listed,,weekly sweep 2026-09-28,
6906 torresdale ave|19135,"6906 Torresdale Ave, Philadelphia, PA 19135",19135,2026-09-28,2026-09-28,250000,250000,both,https://www.redfin.com/PA/Philadelphia/6906-Torresdale-Ave-19135/home/40579256,listed,,weekly sweep 2026-09-28,yes
7101 charles st|19135,"7101 Charles St, Philadelphia, PA 19135",19135,2026-09-28,2026-09-28,399000,399000,both,https://www.redfin.com/PA/Philadelphia/7101-Charles-St-19135/home/39224189,listed,,weekly sweep 2026-09-28,
7113 torresdale ave|19135,"7113 Torresdale Ave, Philadelphia, PA 19135",19135,2026-09-28,2026-09-28,270000,270000,both,https://www.redfin.com/PA/Philadelphia/7113-Torresdale-Ave-19135/home/40586550,listed,,weekly sweep 2026-09-28,yes
7125 torresdale ave|19135,"7125 Torresdale Ave, Philadelphia, PA 19135",19135,2026-09-28,2026-09-28,289900,289900,redfin,https://www.redfin.com/PA/Philadelphia/7125-Torresdale-Ave-19135/home/39448774,listed,,weekly sweep 2026-09-28,yes
3337 oakmont st|19136,"3337 Oakmont St, Philadelphia, PA 19136",19136,2026-09-28,2026-09-28,260000,260000,both,https://www.redfin.com/PA/Philadelphia/3337-Oakmont-St-19136/home/39445430,listed,,weekly sweep 2026-09-28,
4236 aldine st|19136,"4236 Aldine St, Philadelphia, PA 19136",19136,2026-09-28,2026-09-28,229000,229000,both,https://www.redfin.com/PA/Philadelphia/4236-Aldine-St-19136/home/39223206,listed,,weekly sweep 2026-09-28,yes
4243 chippendale st|19136,"4243 Chippendale St, Philadelphia, PA 19136",19136,2026-09-28,2026-09-28,259900,259900,both,https://www.redfin.com/PA/Philadelphia/4243-Chippendale-Ave-19136/home/39448117,listed,,weekly sweep 2026-09-28,yes
4624 rhawn st|19136,"4624 Rhawn St, Philadelphia, PA 19136",19136,2026-09-28,2026-09-28,825000,825000,both,https://www.redfin.com/PA/Philadelphia/4624-Rhawn-St-19136/home/59361935,listed,,weekly sweep 2026-09-28,
4735 loring st|19136,"4735 Loring St, Philadelphia, PA 19136",19136,2026-09-28,2026-09-28,275000,275000,both,https://www.redfin.com/PA/Philadelphia/4735-Loring-St-19136/home/39446953,listed,,weekly sweep 2026-09-28,yes
8116 ditman st|19136,"8116 Ditman St, Philadelphia, PA 19136",19136,2026-09-28,2026-09-28,247990,247990,both,https://www.redfin.com/PA/Philadelphia/8116-Ditman-St-19136/home/39451972,listed,,weekly sweep 2026-09-28,yes
1967 georgian rd|19138,"1967 Georgian Rd, Philadelphia, PA 19138",19138,2026-09-28,2026-09-28,250000,250000,both,https://www.zillow.com/homedetails/1967-Georgian-Rd-Philadelphia-PA-19138/165113870_zpid/,listed,,weekly sweep 2026-09-28,yes
5663 boyer st|19138,"5663 Boyer St, Philadelphia, PA 19138",19138,2026-09-28,2026-09-28,259000,259000,both,https://www.zillow.com/homedetails/5663-Boyer-St-Philadelphia-PA-19138/10231226_zpid/,listed,,weekly sweep 2026-09-28,
5843 crittenden st|19138,"5843 Crittenden St, Philadelphia, PA 19138",19138,2026-09-28,2026-09-28,319900,319900,both,https://www.zillow.com/homedetails/5843-Crittenden-St-Philadelphia-PA-19138/455880832_zpid/,listed,,weekly sweep 2026-09-28,
6223 chew ave|19138,"6223 Chew Ave, Philadelphia, PA 19138",19138,2026-09-28,2026-09-28,325000,325000,both,https://www.zillow.com/homedetails/6223-Chew-Ave-Philadelphia-PA-19138/165399542_zpid/,listed,,weekly sweep 2026-09-28,
6321 limekiln pike|19138,"6321 Limekiln Pike, Philadelphia, PA 19138",19138,2026-09-28,2026-09-28,169000,169000,zillow,https://www.zillow.com/homedetails/6321-Limekiln-Pike-Philadelphia-PA-19138/90196486_zpid/,listed,,weekly sweep 2026-09-28,
6532 limekiln pike|19138,"6532 Limekiln Pike, Philadelphia, PA 19138",19138,2026-09-28,2026-09-28,205000,205000,redfin,https://www.redfin.com/PA/Philadelphia/6532-Limekiln-Pike-19138/home/38274836,listed,,weekly sweep 2026-09-28,yes
6942 ogontz ave|19138,"6942 Ogontz Ave, Philadelphia, PA 19138",19138,2026-09-28,2026-09-28,169000,169000,both,https://www.zillow.com/homedetails/6942-Ogontz-Ave-Philadelphia-PA-19138/10219263_zpid/,listed,,weekly sweep 2026-09-28,
7254 limekiln pike|19138,"7254 Limekiln Pike #0, Philadelphia, PA 19138",19138,2026-09-28,2026-09-28,369999,369999,zillow,https://www.zillow.com/homedetails/7254-Limekiln-Pike-0-Philadelphia-PA-19138/465459840_zpid/,listed,,weekly sweep 2026-09-28,
725400 limekiln pike|19138,"7254-00 Limekiln Pike, Philadelphia, PA 19138",19138,2026-09-28,2026-09-28,369999,369999,redfin,https://www.redfin.com/PA/Philadelphia/7200-Limekiln-Pike-19138/home/38274944,listed,,weekly sweep 2026-09-28,
7314 ogontz ave|19138,"7314 Ogontz Ave, Philadelphia, PA 19138",19138,2026-09-28,2026-09-28,325000,325000,both,https://www.zillow.com/homedetails/7314-Ogontz-Ave-Philadelphia-PA-19138/10471894_zpid/,listed,,weekly sweep 2026-09-28,
7317 e walnut ln|19138,"7317 E Walnut Ln, Philadelphia, PA 19138",19138,2026-09-28,2026-09-28,255000,255000,both,https://www.zillow.com/homedetails/7317-E-Walnut-Ln-Philadelphia-PA-19138/445781527_zpid/,listed,,weekly sweep 2026-09-28,yes
851 e chelten ave|19138,"851 E Chelten Ave, Philadelphia, PA 19138",19138,2026-09-28,2026-09-28,299900,299900,redfin,https://www.redfin.com/PA/Philadelphia/851-E-Chelten-Ave-19138/home/39385726,listed,,weekly sweep 2026-09-28,
868 e chelten ave|19138,"868 E Chelten Ave, Philadelphia, PA 19138",19138,2026-09-28,2026-09-28,385000,385000,redfin,https://www.redfin.com/PA/Philadelphia/868-E-Chelten-Ave-19138/home/38326911,listed,,weekly sweep 2026-09-28,
100 n millick st|19139,"100 N Millick St, Philadelphia, PA 19139",19139,2026-09-28,2026-09-28,149000,149000,both,https://www.redfin.com/PA/Philadelphia/100-N-Millick-St-19139/home/38915055,listed,,weekly sweep 2026-09-28,
108 s peach st|19139,"108 S Peach St, Philadelphia, PA 19139",19139,2026-09-28,2026-09-28,220000,220000,redfin,https://www.redfin.com/PA/Philadelphia/108-S-Peach-St-19139/home/39402491,listed,,weekly sweep 2026-09-28,yes
112 s 57th st|19139,"112 S 57th St, Philadelphia, PA 19139",19139,2026-09-28,2026-09-28,295000,295000,redfin,https://www.redfin.com/PA/Philadelphia/112-S-57th-St-19139/home/39406711,listed,,weekly sweep 2026-09-28,yes
113 n 50th st|19139,"113 N 50th St, Philadelphia, PA 19139",19139,2026-09-28,2026-09-28,330000,330000,redfin,https://www.redfin.com/PA/Philadelphia/113-N-50th-St-19139/home/39243216,listed,,weekly sweep 2026-09-28,
113 n 63rd st|19139,"113 N 63rd St, Philadelphia, PA 19139",19139,2026-09-28,2026-09-28,220000,220000,redfin,https://www.redfin.com/PA/Philadelphia/113-N-63rd-St-19139/home/38920050,listed,,weekly sweep 2026-09-28,yes
115 n farson st|19139,"115 N Farson St, Philadelphia, PA 19139",19139,2026-09-28,2026-09-28,145000,145000,redfin,https://www.redfin.com/PA/Philadelphia/115-N-Farson-St-19139/home/39242770,listed,,weekly sweep 2026-09-28,
12 n 50th st|19139,"12 N 50th St, Philadelphia, PA 19139",19139,2026-09-28,2026-09-28,475000,475000,redfin,https://www.redfin.com/PA/Philadelphia/12-N-50th-St-19139/home/39243132,listed,,weekly sweep 2026-09-28,
127 s 51st st|19139,"127 S 51st St, Philadelphia, PA 19139",19139,2026-09-28,2026-09-28,329000,329000,redfin,https://www.redfin.com/PA/Philadelphia/127-S-51st-St-19139/home/39401205,listed,,weekly sweep 2026-09-28,
134 n 53rd st|19139,"134 N 53rd St, Philadelphia, PA 19139",19139,2026-09-28,2026-09-28,170000,170000,both,https://www.redfin.com/PA/Philadelphia/134-N-53rd-St-19139/home/39244152,listed,,weekly sweep 2026-09-28,yes
139 n farson|19139,"139 N Farson, Philadelphia, PA 19139",19139,2026-09-28,2026-09-28,319900,319900,redfin,https://www.redfin.com/PA/Philadelphia/139-N-Farson-St-19139/home/39242758,listed,,weekly sweep 2026-09-28,
207 n 63rd st|19139,"207 N 63rd St, Philadelphia, PA 19139",19139,2026-09-28,2026-09-28,599000,599000,redfin,https://www.redfin.com/PA/Philadelphia/207-N-63rd-St-19139/home/38920335,listed,,weekly sweep 2026-09-28,
211 n 52nd st|19139,"211 N 52nd St, Philadelphia, PA 19139",19139,2026-09-28,2026-09-28,260000,260000,redfin,https://www.redfin.com/PA/Philadelphia/211-N-52nd-St-19139/home/39243497,listed,,weekly sweep 2026-09-28,yes
211 n 63rd st|19139,"211 N 63rd St, Philadelphia, PA 19139",19139,2026-09-28,2026-09-28,449000,449000,redfin,https://www.redfin.com/PA/Philadelphia/211-N-63rd-St-19139/home/40573532,listed,,weekly sweep 2026-09-28,
22931 n 65th st|19139,"229-31 N 65th St, Philadelphia, PA 19139",19139,2026-09-28,2026-09-28,475000,475000,redfin,https://www.redfin.com/PA/Philadelphia/229-N-65th-St-19139/home/180701029,listed,,weekly sweep 2026-09-28,
245 n ruby st|19139,"245 N Ruby St, Philadelphia, PA 19139",19139,2026-09-28,2026-09-28,149000,149000,both,https://www.redfin.com/PA/Philadelphia/245-N-Ruby-St-19139/home/39243802,listed,,weekly sweep 2026-09-28,
25 s 55th st|19139,"25 S 55th St, Philadelphia, PA 19139",19139,2026-09-28,2026-09-28,219000,219000,redfin,https://www.redfin.com/PA/Philadelphia/25-S-55th-St-19139/home/39403038,listed,,weekly sweep 2026-09-28,yes
258 s 55th st|19139,"258 S 55th St, Philadelphia, PA 19139",19139,2026-09-28,2026-09-28,199900,199900,redfin,https://www.redfin.com/PA/Philadelphia/258-S-55th-St-19139/home/39405699,listed,,weekly sweep 2026-09-28,yes
322 n 62nd st|19139,"322 N 62nd St, Philadelphia, PA 19139",19139,2026-09-28,2026-09-28,375000,375000,both,https://www.redfin.com/PA/Philadelphia/322-N-62nd-St-19139/home/38920470,listed,,weekly sweep 2026-09-28,
336 n gross st|19139,"336 N Gross St, Philadelphia, PA 19139",19139,2026-09-28,2026-09-28,139900,139900,redfin,https://www.redfin.com/PA/Philadelphia/336-N-Gross-St-19139/home/38934788,listed,,weekly sweep 2026-09-28,
38 n 50th st|19139,"38 N 50th St, Philadelphia, PA 19139",19139,2026-09-28,2026-09-28,329000,329000,redfin,https://www.redfin.com/PA/Philadelphia/38-N-50th-St-19139/home/39243121,listed,,weekly sweep 2026-09-28,
4631 locust st|19139,"4631 Locust St, Philadelphia, PA 19139",19139,2026-09-28,2026-09-28,675000,675000,redfin,https://www.redfin.com/PA/Philadelphia/4631-Locust-St-19139/home/39256594,listed,,weekly sweep 2026-09-28,
4640 sansom st|19139,"4640 Sansom St, Philadelphia, PA 19139",19139,2026-09-28,2026-09-28,585000,585000,redfin,https://www.redfin.com/PA/Philadelphia/4640-Sansom-St-19139/home/39398443,listed,,weekly sweep 2026-09-28,
4841 haverford ave|19139,"4841 Haverford Ave, Philadelphia, PA 19139",19139,2026-09-28,2026-09-28,170000,170000,redfin,https://www.redfin.com/PA/Philadelphia/4841-Haverford-Ave-19139/home/39244439,listed,,weekly sweep 2026-09-28,yes
4942 chestnut st|19139,"4942 Chestnut St, Philadelphia, PA 19139",19139,2026-09-28,2026-09-28,675000,675000,both,https://www.redfin.com/PA/Philadelphia/4942-Chestnut-St-19139/home/39397563,listed,,weekly sweep 2026-09-28,
4944 aspen st|19139,"4944 Aspen St, Philadelphia, PA 19139",19139,2026-09-28,2026-09-28,215000,215000,redfin,https://www.redfin.com/PA/Philadelphia/4944-Aspen-St-19139/home/39244690,listed,,weekly sweep 2026-09-28,yes
5122 arch st|19139,"5122 Arch St, Philadelphia, PA 19139",19139,2026-09-28,2026-09-28,254900,254900,redfin,https://www.redfin.com/PA/Philadelphia/5122-Arch-St-19139/home/39242645,listed,,weekly sweep 2026-09-28,yes
5134 spruce st|19139,"5134 Spruce St, Philadelphia, PA 19139",19139,2026-09-28,2026-09-28,428000,428000,redfin,https://www.redfin.com/PA/Philadelphia/5134-Spruce-St-19139/home/39400206,listed,,weekly sweep 2026-09-28,
5228 vine st|19139,"5228 Vine St, Philadelphia, PA 19139",19139,2026-09-28,2026-09-28,295000,295000,redfin,https://www.redfin.com/PA/Philadelphia/5228-Vine-St-19139/home/39242979,listed,,weekly sweep 2026-09-28,
524100 walnut st|19139,"5241-00 Walnut St, Philadelphia, PA 19139",19139,2026-09-28,2026-09-28,349999,349999,redfin,https://www.redfin.com/PA/Philadelphia/5241-Walnut-St-19139/home/39399707,listed,,weekly sweep 2026-09-28,
5304 chestnut st|19139,"5304 Chestnut St, Philadelphia, PA 19139",19139,2026-09-28,2026-09-28,299000,299000,redfin,https://www.redfin.com/PA/Philadelphia/5304-Chestnut-St-19139/home/39400957,listed,,weekly sweep 2026-09-28,
5331 market st|19139,"5331 Market St, Philadelphia, PA 19139",19139,2026-09-28,2026-09-28,380000,380000,redfin,https://www.redfin.com/PA/Philadelphia/5331-Market-St-19139/home/39242625,listed,,weekly sweep 2026-09-28,
5340 haverford ave|19139,"5340 Haverford Ave, Philadelphia, PA 19139",19139,2026-09-28,2026-09-28,214900,214900,both,https://www.redfin.com/PA/Philadelphia/5340-Haverford-Ave-19139/home/40580519,listed,,weekly sweep 2026-09-28,yes
5432 walnut st|19139,"5432 Walnut St, Philadelphia, PA 19139",19139,2026-09-28,2026-09-28,310000,310000,redfin,https://www.redfin.com/PA/Philadelphia/5432-Walnut-St-19139/home/39401848,listed,,weekly sweep 2026-09-28,
5531 walnut st|19139,"5531 Walnut St, Philadelphia, PA 19139",19139,2026-09-28,2026-09-28,365000,365000,redfin,https://www.redfin.com/PA/Philadelphia/5531-Walnut-St-19139/home/39403248,listed,,weekly sweep 2026-09-28,
5578 ludlow st|19139,"5578 Ludlow St, Philadelphia, PA 19139",19139,2026-09-28,2026-09-28,299900,299900,zillow,https://www.zillow.com/homedetails/5578-Ludlow-St-Philadelphia-PA-19139/165402970_zpid/,listed,,weekly sweep 2026-09-28,yes
5633 sansom st|19139,"5633 Sansom St, Philadelphia, PA 19139",19139,2026-09-28,2026-09-28,369900,369900,both,https://www.redfin.com/PA/Philadelphia/5633-Sansom-St-19139/home/39403189,listed,,weekly sweep 2026-09-28,
5744 chestnut st|19139,"5744 Chestnut St, Philadelphia, PA 19139",19139,2026-09-28,2026-09-28,235000,235000,redfin,https://www.redfin.com/PA/Philadelphia/5744-Chestnut-St-19139/home/39403289,listed,,weekly sweep 2026-09-28,yes
6031 chestnut st|19139,"6031 Chestnut St, Philadelphia, PA 19139",19139,2026-09-28,2026-09-28,450000,450000,redfin,https://www.redfin.com/PA/Philadelphia/6031-Chestnut-St-19139/home/38114066,listed,,weekly sweep 2026-09-28,
6033 vine st|19139,"6033 Vine St, Philadelphia, PA 19139",19139,2026-09-28,2026-09-28,264999,264999,redfin,https://www.redfin.com/PA/Philadelphia/6033-Vine-St-19139/home/38913251,listed,,weekly sweep 2026-09-28,yes
6100 walnut st|19139,"6100 Walnut St, Philadelphia, PA 19139",19139,2026-09-28,2026-09-28,270000,270000,both,https://www.redfin.com/PA/Philadelphia/6100-Walnut-St-19139/home/38116012,listed,,weekly sweep 2026-09-28,
6147 vine st|19139,"6147 Vine St, Philadelphia, PA 19139",19139,2026-09-28,2026-09-28,275000,275000,redfin,https://www.redfin.com/PA/Philadelphia/6147-Vine-St-19139/home/38913268,listed,,weekly sweep 2026-09-28,yes
832 n 46th st|19139,"832 N 46th St, Philadelphia, PA 19139",19139,2026-09-28,2026-09-28,314900,314900,redfin,https://www.redfin.com/PA/Philadelphia/832-N-46th-St-19139/home/38197418,listed,,weekly sweep 2026-09-28,
1135 w venango st|19140,"1135 W Venango St, Philadelphia, PA 19140",19140,2026-09-28,2026-09-28,219900,219900,redfin,https://www.redfin.com/PA/Philadelphia/1135-W-Venango-St-19140/home/39473270,listed,,weekly sweep 2026-09-28,
1214 w tioga st|19140,"1214 W Tioga St, Philadelphia, PA 19140",19140,2026-09-28,2026-09-28,319900,319900,redfin,https://www.redfin.com/PA/Philadelphia/1214-W-Tioga-St-19140/home/39235953,listed,,weekly sweep 2026-09-28,
1219 w butler st|19140,"1219 W Butler St, Philadelphia, PA 19140",19140,2026-09-28,2026-09-28,605000,605000,redfin,https://www.redfin.com/PA/Philadelphia/1219-W-Butler-St-19140/home/39238122,listed,,weekly sweep 2026-09-28,
130100 w venango st|19140,"1301-00 W Venango St, Philadelphia, PA 19140",19140,2026-09-28,2026-09-28,260000,260000,redfin,https://www.redfin.com/PA/Philadelphia/1301-W-Venango-St-19140/home/40579963,listed,,weekly sweep 2026-09-28,
130305 w venango st|19140,"1303-05 W Venango St, Philadelphia, PA 19140",19140,2026-09-28,2026-09-28,345000,345000,redfin,https://www.redfin.com/PA/Philadelphia/1305-W-Venango-St-19140/home/39237075,listed,,weekly sweep 2026-09-28,
1311 w butler st|19140,"1311 W Butler St, Philadelphia, PA 19140",19140,2026-09-28,2026-09-28,430000,430000,redfin,https://www.redfin.com/PA/Philadelphia/1311-W-Butler-St-19140/home/39238135,listed,,weekly sweep 2026-09-28,
1332 w hunting park ave|19140,"1332 W Hunting Park Ave, Philadelphia, PA 19140",19140,2026-09-28,2026-09-28,225000,225000,redfin,https://www.redfin.com/PA/Philadelphia/1332-W-Hunting-Park-Ave-19140/home/39240939,listed,,weekly sweep 2026-09-28,
1425 w cayuga st|19140,"1425 W Cayuga St, Philadelphia, PA 19140",19140,2026-09-28,2026-09-28,225000,225000,redfin,https://www.redfin.com/PA/Philadelphia/1425-W-Cayuga-St-19140/home/38367753,listed,,weekly sweep 2026-09-28,
1516 w westmoreland st|19140,"1516 W Westmoreland St, Philadelphia, PA 19140",19140,2026-09-28,2026-09-28,289900,289900,redfin,https://www.redfin.com/PA/Philadelphia/1516-W-Westmoreland-St-19140/home/38311126,listed,,weekly sweep 2026-09-28,
1520 w tioga st|19140,"1520 W Tioga St, Philadelphia, PA 19140",19140,2026-09-28,2026-09-28,279000,279000,both,https://www.redfin.com/PA/Philadelphia/1520-W-Tioga-St-19140/home/40558897,listed,,weekly sweep 2026-09-28,
1940 w erie ave|19140,"1940 W Erie Ave, Philadelphia, PA 19140",19140,2026-09-28,2026-09-28,300000,300000,redfin,https://www.redfin.com/PA/Philadelphia/1940-W-Erie-Ave-19140/home/38347912,listed,,weekly sweep 2026-09-28,
1946 rowan st|19140,"1946 Rowan St, Philadelphia, PA 19140",19140,2026-09-28,2026-09-28,339900,339900,redfin,https://www.redfin.com/PA/Philadelphia/1946-Rowan-St-19140/home/38355229,listed,,weekly sweep 2026-09-28,
2117 w hunting park ave|19140,"2117 W Hunting Park Ave, Philadelphia, PA 19140",19140,2026-09-28,2026-09-28,225000,225000,redfin,https://www.redfin.com/PA/Philadelphia/2117-W-Hunting-Park-Ave-19140/home/38350059,listed,,weekly sweep 2026-09-28,yes
234 w erie ave|19140,"234 W Erie Ave, Philadelphia, PA 19140",19140,2026-09-28,2026-09-28,219900,219900,redfin,https://www.redfin.com/PA/Philadelphia/234-W-Erie-Ave-19140/home/38220262,listed,,weekly sweep 2026-09-28,yes
3320 n park ave|19140,"3320 N Park Ave, Philadelphia, PA 19140",19140,2026-09-28,2026-09-28,319900,319900,redfin,https://www.redfin.com/PA/Philadelphia/3320-N-Park-Ave-19140/home/39236228,listed,,weekly sweep 2026-09-28,
3322 n 17th st|19140,"3322 N 17th St, Philadelphia, PA 19140",19140,2026-09-28,2026-09-28,265000,265000,redfin,https://www.redfin.com/PA/Philadelphia/3322-N-17th-St-19140/home/38315053,listed,,weekly sweep 2026-09-28,
3323 n 22nd st|19140,"3323 N 22nd St, Philadelphia, PA 19140",19140,2026-09-28,2026-09-28,255000,255000,redfin,https://www.redfin.com/PA/Philadelphia/3323-N-22nd-St-19140/home/38317537,listed,,weekly sweep 2026-09-28,
3412 n 19th st|19140,"3412 N 19th St, Philadelphia, PA 19140",19140,2026-09-28,2026-09-28,699000,699000,redfin,https://www.redfin.com/PA/Philadelphia/3412-N-19th-St-19140/home/38315119,listed,,weekly sweep 2026-09-28,
3424 n reese st|19140,"3424 N Reese St, Philadelphia, PA 19140",19140,2026-09-28,2026-09-28,175000,175000,both,https://www.redfin.com/PA/Philadelphia/3424-N-Reese-St-19140/home/38505571,listed,,weekly sweep 2026-09-28,yes
3519 n 15th st|19140,"3519 N 15th St, Philadelphia, PA 19140",19140,2026-09-28,2026-09-28,83000,83000,redfin,https://www.redfin.com/PA/Philadelphia/3519-N-15th-St-19140/home/38313735,listed,,weekly sweep 2026-09-28,
3525 n 16th st|19140,"3525 N 16th St, Philadelphia, PA 19140",19140,2026-09-28,2026-09-28,275000,275000,both,https://www.redfin.com/PA/Philadelphia/3525-N-16th-St-19140/home/38315372,listed,,weekly sweep 2026-09-28,
3527 n 15th st|19140,"3527 N 15th St, Philadelphia, PA 19140",19140,2026-09-28,2026-09-28,100000,100000,redfin,https://www.redfin.com/PA/Philadelphia/3527-N-15th-St-19140/home/38313739,listed,,weekly sweep 2026-09-28,
3527 n 16th st|19140,"3527 N 16th St, Philadelphia, PA 19140",19140,2026-09-28,2026-09-28,400000,400000,redfin,https://www.redfin.com/PA/Philadelphia/3527-N-16th-St-19140/home/38315375,listed,,weekly sweep 2026-09-28,
3537 n 16th st|19140,"3537 N 16th St, Philadelphia, PA 19140",19140,2026-09-28,2026-09-28,587500,587500,redfin,https://www.redfin.com/PA/Philadelphia/3537-N-16th-St-19140/home/144828208,listed,,weekly sweep 2026-09-28,
3542 n randolph st|19140,"3542 N Randolph St, Philadelphia, PA 19140",19140,2026-09-28,2026-09-28,250000,250000,redfin,https://www.redfin.com/PA/Philadelphia/3542-N-Randolph-St-19140/home/39237215,listed,,weekly sweep 2026-09-28,
3551 n 11th st|19140,"3551 N 11th St, Philadelphia, PA 19140",19140,2026-09-28,2026-09-28,195900,195900,redfin,https://www.redfin.com/PA/Philadelphia/3551-N-11th-St-19140/home/39237266,listed,,weekly sweep 2026-09-28,
3666 n percy st|19140,"3666 N Percy St, Philadelphia, PA 19140",19140,2026-09-28,2026-09-28,179000,179000,both,https://www.redfin.com/PA/Philadelphia/3666-N-Percy-St-19140/home/45388501,listed,,weekly sweep 2026-09-28,
3716 n carlisle st|19140,"3716 N Carlisle St, Philadelphia, PA 19140",19140,2026-09-28,2026-09-28,219000,219000,both,https://www.redfin.com/PA/Philadelphia/3716-N-Carlisle-St-19140/home/38350157,listed,,weekly sweep 2026-09-28,
3818 n park ave|19140,"3818 N Park Ave, Philadelphia, PA 19140",19140,2026-09-28,2026-09-28,250000,250000,redfin,https://www.redfin.com/PA/Philadelphia/3818-N-Park-Ave-19140/home/39238842,listed,,weekly sweep 2026-09-28,
3832 n 18th st|19140,"3832 N 18th St, Philadelphia, PA 19140",19140,2026-09-28,2026-09-28,280000,280000,redfin,https://www.redfin.com/PA/Philadelphia/3832-N-18th-St-19140/home/38354328,listed,,weekly sweep 2026-09-28,
3850 n 18th st|19140,"3850 N 18th St, Philadelphia, PA 19140",19140,2026-09-28,2026-09-28,50000,50000,both,https://www.redfin.com/PA/Philadelphia/3850-N-18th-St-19140/home/38354342,listed,,weekly sweep 2026-09-28,
3851 n broad st|19140,"3851 N Broad St, Philadelphia, PA 19140",19140,2026-09-28,2026-09-28,339900,339900,redfin,https://www.redfin.com/PA/Philadelphia/3851-N-Broad-St-19140/home/39238809,listed,,weekly sweep 2026-09-28,
3858 n darien st|19140,"3858 N Darien St, Philadelphia, PA 19140",19140,2026-09-28,2026-09-28,139900,139900,redfin,https://www.redfin.com/PA/Philadelphia/3858-N-Darien-St-19140/home/39238393,listed,,weekly sweep 2026-09-28,yes
3862 n 6th st|19140,"3862 N 6th St, Philadelphia, PA 19140",19140,2026-09-28,2026-09-28,149900,149900,both,https://www.redfin.com/PA/Philadelphia/3862-N-6th-St-19140/home/39237797,listed,,weekly sweep 2026-09-28,yes
3957 n percy st|19140,"3957 N Percy St, Philadelphia, PA 19140",19140,2026-09-28,2026-09-28,280000,280000,redfin,https://www.redfin.com/PA/Philadelphia/3957-N-Percy-St-19140/home/39240347,listed,,weekly sweep 2026-09-28,
4115 n broad st|19140,"4115 N Broad St, Philadelphia, PA 19140",19140,2026-09-28,2026-09-28,245000,245000,redfin,https://www.redfin.com/PA/Philadelphia/4115-N-Broad-St-19140/home/39242521,listed,,weekly sweep 2026-09-28,
4425 n uber st|19140,"4425 N Uber St, Philadelphia, PA 19140",19140,2026-09-28,2026-09-28,200000,200000,both,https://www.redfin.com/PA/Philadelphia/4425-N-Uber-St-19140/home/38362788,listed,,weekly sweep 2026-09-28,
4513 n 19th st|19140,"4513 N 19th St, Philadelphia, PA 19140",19140,2026-09-28,2026-09-28,239999,239999,redfin,https://www.redfin.com/PA/Philadelphia/4513-N-19th-St-19140/home/38362630,listed,,weekly sweep 2026-09-28,
4529 n 16th st|19140,"4529 N 16th St, Philadelphia, PA 19140",19140,2026-09-28,2026-09-28,267500,267500,redfin,https://www.redfin.com/PA/Philadelphia/4529-N-16th-St-19140/home/38360856,listed,,weekly sweep 2026-09-28,
703 w annsbury st|19140,"703 W Annsbury St, Philadelphia, PA 19140",19140,2026-09-28,2026-09-28,218000,218000,both,https://www.redfin.com/PA/Philadelphia/703-W-Annsbury-St-19140/home/39269332,listed,,weekly sweep 2026-09-28,
undisclosed address|19140,"Undisclosed address, Philadelphia, PA 19140",19140,2026-09-28,2026-09-28,479000,479000,redfin,https://www.redfin.com/PA/Philadelphia/Undisclosed-address-19140/home/38315061,listed,,weekly sweep 2026-09-28,
1016 w duncannon ave|19141,"1016 W Duncannon Ave, Philadelphia, PA 19141",19141,2026-09-28,2026-09-28,239999,239999,both,https://www.redfin.com/PA/Philadelphia/1016-W-Duncannon-Ave-19141/home/39272584,listed,,weekly sweep 2026-09-28,
1103 lindley ave|19141,"1103 Lindley Ave, Philadelphia, PA 19141",19141,2026-09-28,2026-09-28,324900,324900,redfin,https://www.redfin.com/PA/Philadelphia/1103-Lindley-Ave-19141/home/39274355,listed,,weekly sweep 2026-09-28,
122100 lindley ave|19141,"1221-00 Lindley Ave, Philadelphia, PA 19141",19141,2026-09-28,2026-09-28,289900,289900,redfin,https://www.redfin.com/PA/Philadelphia/1200-Lindley-Ave-19141/home/39269927,listed,,weekly sweep 2026-09-28,
1227 w champlost ave|19141,"1227 W Champlost Ave, Philadelphia, PA 19141",19141,2026-09-28,2026-09-28,375000,375000,redfin,https://www.redfin.com/PA/Philadelphia/1227-W-Champlost-St-19141/home/39274587,listed,,weekly sweep 2026-09-28,
1314 w rockland st|19141,"1314 W Rockland St, Philadelphia, PA 19141",19141,2026-09-28,2026-09-28,339900,339900,both,https://www.redfin.com/PA/Philadelphia/1314-W-Rockland-St-19141/home/39269991,listed,,weekly sweep 2026-09-28,
1323 w loudon st|19141,"1323 W Loudon St, Philadelphia, PA 19141",19141,2026-09-28,2026-09-28,195000,195000,both,https://www.redfin.com/PA/Philadelphia/1323-W-Loudon-St-19141/home/39270124,listed,,weekly sweep 2026-09-28,
1411 w loudon st|19141,"1411 W Loudon St, Philadelphia, PA 19141",19141,2026-09-28,2026-09-28,324900,324900,redfin,https://www.redfin.com/PA/Philadelphia/1411-W-Loudon-St-19141/home/38367873,listed,,weekly sweep 2026-09-28,
1626 lindley ave|19141,"1626 Lindley Ave, Philadelphia, PA 19141",19141,2026-09-28,2026-09-28,465000,465000,redfin,https://www.redfin.com/PA/Philadelphia/1626-Lindley-Ave-19141/home/38422927,listed,,weekly sweep 2026-09-28,
1724 roselyn st|19141,"1724 Roselyn St, Philadelphia, PA 19141",19141,2026-09-28,2026-09-28,214900,214900,redfin,https://www.redfin.com/PA/Philadelphia/1724-Roselyn-St-19141/home/38428819,listed,,weekly sweep 2026-09-28,yes
1950 e logan st|19141,"1950 E Logan St, Philadelphia, PA 19141",19141,2026-09-28,2026-09-28,1300000,1300000,redfin,https://www.redfin.com/PA/Philadelphia/1950-E-Logan-St-19141/home/147373835,listed,,weekly sweep 2026-09-28,
1999 church ln|19141,"1999 Church Ln, Philadelphia, PA 19141",19141,2026-09-28,2026-09-28,299900,299900,both,https://www.redfin.com/PA/Philadelphia/1999-Church-Ln-19141/home/40309960,listed,,weekly sweep 2026-09-28,
4817 n 11th st|19141,"4817 N 11th St, Philadelphia, PA 19141",19141,2026-09-28,2026-09-28,304000,304000,redfin,https://www.redfin.com/PA/Philadelphia/4817-N-11th-St-19141/home/39271242,listed,,weekly sweep 2026-09-28,
4822 n broad st|19141,"4822 N Broad St, Philadelphia, PA 19141",19141,2026-09-28,2026-09-28,550000,550000,redfin,https://www.redfin.com/PA/Philadelphia/4822-N-Broad-St-19141/home/38356911,listed,,weekly sweep 2026-09-28,
4823 old york rd|19141,"4823 Old York Rd, Philadelphia, PA 19141",19141,2026-09-28,2026-09-28,300000,300000,redfin,https://www.redfin.com/PA/Philadelphia/4823-Old-York-Rd-19141/home/39272317,listed,,weekly sweep 2026-09-28,
4824 n broad st|19141,"4824 N Broad St, Philadelphia, PA 19141",19141,2026-09-28,2026-09-28,550000,550000,redfin,https://www.redfin.com/PA/Philadelphia/4824-N-Broad-St-19141/home/38356908,listed,,weekly sweep 2026-09-28,
4825 old york rd|19141,"4825 Old York Rd, Philadelphia, PA 19141",19141,2026-09-28,2026-09-28,330000,330000,redfin,https://www.redfin.com/PA/Philadelphia/4825-Old-York-Rd-19141/home/39272314,listed,,weekly sweep 2026-09-28,
4849 n 9th st|19141,"4849 N 9th St, Philadelphia, PA 19141",19141,2026-09-28,2026-09-28,214900,214900,both,https://www.redfin.com/PA/Philadelphia/4849-N-9th-St-19141/home/39270739,listed,,weekly sweep 2026-09-28,
4927 n 13th st|19141,"4927 N 13th St, Philadelphia, PA 19141",19141,2026-09-28,2026-09-28,184900,184900,both,https://www.redfin.com/PA/Philadelphia/4927-N-13th-St-19141/home/39272001,listed,,weekly sweep 2026-09-28,
5113 n 13th st|19141,"5113 N 13th St, Philadelphia, PA 19141",19141,2026-09-28,2026-09-28,239900,239900,redfin,https://www.redfin.com/PA/Philadelphia/5113-N-13th-St-19141/home/39276199,listed,,weekly sweep 2026-09-28,
5324 n marvine st|19141,"5324 N Marvine St, Philadelphia, PA 19141",19141,2026-09-28,2026-09-28,300000,300000,redfin,https://www.redfin.com/PA/Philadelphia/5324-N-Marvine-St-19141/home/39274974,listed,,weekly sweep 2026-09-28,
5602 n 10th st|19141,"5602 N 10th St, Philadelphia, PA 19141",19141,2026-09-28,2026-09-28,215000,215000,both,https://www.redfin.com/PA/Philadelphia/5602-N-10th-St-19141/home/39273771,listed,,weekly sweep 2026-09-28,
5631 n 11th st|19141,"5631 N 11th St, Philadelphia, PA 19141",19141,2026-09-28,2026-09-28,254900,254900,redfin,https://www.redfin.com/PA/Philadelphia/5631-N-11th-St-19141/home/39274262,listed,,weekly sweep 2026-09-28,
5731 n 12th st|19141,"5731 N 12th St, Philadelphia, PA 19141",19141,2026-09-28,2026-09-28,225000,225000,both,https://www.redfin.com/PA/Philadelphia/5731-N-12th-St-19141/home/39275662,listed,,weekly sweep 2026-09-28,
5830 n 12th st|19141,"5830 N 12th St, Philadelphia, PA 19141",19141,2026-09-28,2026-09-28,135000,135000,both,https://www.redfin.com/PA/Philadelphia/5830-N-12th-St-19141/home/39275482,listed,,weekly sweep 2026-09-28,
5923 n broad st|19141,"5923 N Broad St, Philadelphia, PA 19141",19141,2026-09-28,2026-09-28,499999,499999,redfin,https://www.redfin.com/PA/Philadelphia/5923-N-Broad-St-19141/home/39275735,listed,,weekly sweep 2026-09-28,
6255 n 15th st|19141,"6255 N 15th St, Philadelphia, PA 19141",19141,2026-09-28,2026-09-28,225000,225000,redfin,https://www.redfin.com/PA/Philadelphia/6255-N-15th-St-19141/home/205525072,listed,,weekly sweep 2026-09-28,
903 w duncannon ave|19141,"903 W Duncannon Ave, Philadelphia, PA 19141",19141,2026-09-28,2026-09-28,209900,209900,redfin,https://www.redfin.com/PA/Philadelphia/903-W-Duncannon-Ave-19141/home/39272680,listed,,weekly sweep 2026-09-28,
undisclosed address|19141,"Undisclosed address, Philadelphia, PA 19141",19141,2026-09-28,2026-09-28,240999,240999,redfin,https://www.redfin.com/PA/Philadelphia/Undisclosed-address-19141/home/38426202,listed,,weekly sweep 2026-09-28,
1246 s 53rd st|19143,"1246 S 53rd St, Philadelphia, PA 19143",19143,2026-09-28,2026-09-28,404500,404500,redfin,https://www.redfin.com/PA/Philadelphia/1246-S-53rd-St-19143/home/39287495,listed,,weekly sweep 2026-09-28,
1309 s 52nd st|19143,"1309 S 52nd St, Philadelphia, PA 19143",19143,2026-09-28,2026-09-28,1250000,1250000,redfin,https://www.redfin.com/PA/Philadelphia/1309-S-52nd-St-19143/home/39286834,listed,,weekly sweep 2026-09-28,
1315 s 56th st|19143,"1315 S 56th St, Philadelphia, PA 19143",19143,2026-09-28,2026-09-28,289900,289900,redfin,https://www.redfin.com/PA/Philadelphia/1315-S-56th-St-19143/home/39289281,listed,,weekly sweep 2026-09-28,
1402 s 54th st|19143,"1402 S 54th St, Philadelphia, PA 19143",19143,2026-09-28,2026-09-28,489900,489900,redfin,https://www.redfin.com/PA/Philadelphia/1402-S-54th-St-19143/home/39291008,listed,,weekly sweep 2026-09-28,
1604 s 56th st|19143,"1604 S 56th St, Philadelphia, PA 19143",19143,2026-09-28,2026-09-28,343000,343000,redfin,https://www.redfin.com/PA/Philadelphia/1604-S-56th-St-19143/home/39291251,listed,,weekly sweep 2026-09-28,
4706 warrington ave|19143,"4706 Warrington Ave, Philadelphia, PA 19143",19143,2026-09-28,2026-09-28,675000,675000,both,https://www.redfin.com/PA/Philadelphia/4706-Warrington-Ave-19143/home/39256781,listed,,weekly sweep 2026-09-28,
481315 chester ave|19143,"4813-15 Chester Ave, Philadelphia, PA 19143",19143,2026-09-28,2026-09-28,1825000,1825000,redfin,https://www.redfin.com/PA/Philadelphia/4815-Chester-Ave-19143/home/39477121,listed,,weekly sweep 2026-09-28,
481416 cedar ave|19143,"4814-16 Cedar Ave, Philadelphia, PA 19143",19143,2026-09-28,2026-09-28,1125000,1125000,redfin,https://www.redfin.com/PA/Philadelphia/4816-Cedar-Ave-19143/home/39477181,listed,,weekly sweep 2026-09-28,
4818 trinity pl|19143,"4818 Trinity Pl, Philadelphia, PA 19143",19143,2026-09-28,2026-09-28,649000,649000,both,https://www.redfin.com/PA/Philadelphia/4818-Trinity-Pl-19143/home/39257245,listed,,weekly sweep 2026-09-28,
4921 warrington ave|19143,"4921 Warrington Ave, Philadelphia, PA 19143",19143,2026-09-28,2026-09-28,675000,675000,redfin,https://www.redfin.com/PA/Philadelphia/4921-Warrington-Ave-19143/home/39286724,listed,,weekly sweep 2026-09-28,
4949 hazel ave|19143,"4949 Hazel Ave, Philadelphia, PA 19143",19143,2026-09-28,2026-09-28,579500,579500,redfin,https://www.redfin.com/PA/Philadelphia/4949-Hazel-Ave-19143/home/39258242,listed,,weekly sweep 2026-09-28,
5225 chester ave|19143,"5225 Chester Ave, Philadelphia, PA 19143",19143,2026-09-28,2026-09-28,499900,499900,redfin,https://www.redfin.com/PA/Philadelphia/5225-Chester-Ave-19143/home/39287389,listed,,weekly sweep 2026-09-28,
5227 catharine st|19143,"5227 Catharine St, Philadelphia, PA 19143",19143,2026-09-28,2026-09-28,325000,325000,both,https://www.redfin.com/PA/Philadelphia/5227-Catharine-St-19143/home/39258925,listed,,weekly sweep 2026-09-28,yes
5241 chester ave|19143,"5241 Chester Ave, Philadelphia, PA 19143",19143,2026-09-28,2026-09-28,450000,450000,redfin,https://www.redfin.com/PA/Philadelphia/5241-Chester-Ave-19143/home/39287382,listed,,weekly sweep 2026-09-28,
5306 webster st|19143,"5306 Webster St, Philadelphia, PA 19143",19143,2026-09-28,2026-09-28,210000,210000,both,https://www.redfin.com/PA/Philadelphia/5306-Webster-St-19143/home/39259017,listed,,weekly sweep 2026-09-28,
5323 angora ter|19143,"5323 Angora Ter, Philadelphia, PA 19143",19143,2026-09-28,2026-09-28,345000,345000,redfin,https://www.redfin.com/PA/Philadelphia/5323-Angora-Ter-19143/home/39286159,listed,,weekly sweep 2026-09-28,
537 s 55th st|19143,"537 S 55th St, Philadelphia, PA 19143",19143,2026-09-28,2026-09-28,415000,415000,redfin,https://www.redfin.com/PA/Philadelphia/537-S-55th-St-19143/home/39260735,listed,,weekly sweep 2026-09-28,
5409 christian st|19143,"5409 Christian St, Philadelphia, PA 19143",19143,2026-09-28,2026-09-28,450000,450000,redfin,https://www.redfin.com/PA/Philadelphia/5409-Christian-St-19143/home/39260257,listed,,weekly sweep 2026-09-28,
5410 delancey st|19143,"5410 Delancey St, Philadelphia, PA 19143",19143,2026-09-28,2026-09-28,379999,379999,redfin,https://www.redfin.com/PA/Philadelphia/5410-Delancey-St-19143/home/40585650,listed,,weekly sweep 2026-09-28,
5410 springfield ave|19143,"5410 Springfield Ave, Philadelphia, PA 19143",19143,2026-09-28,2026-09-28,750000,750000,redfin,https://www.redfin.com/PA/Philadelphia/5410-Springfield-Ave-19143/home/39291862,listed,,weekly sweep 2026-09-28,
5413 angora ter|19143,"5413 Angora Ter, Philadelphia, PA 19143",19143,2026-09-28,2026-09-28,410000,410000,redfin,https://www.redfin.com/PA/Philadelphia/5413-Angora-Ter-19143/home/39289084,listed,,weekly sweep 2026-09-28,
5419 osage ave|19143,"5419 Osage Ave, Philadelphia, PA 19143",19143,2026-09-28,2026-09-28,279000,279000,redfin,https://www.redfin.com/PA/Philadelphia/5419-Osage-Ave-19143/home/39402760,listed,,weekly sweep 2026-09-28,yes
5434 angora ter|19143,"5434 Angora Ter, Philadelphia, PA 19143",19143,2026-09-28,2026-09-28,339900,339900,redfin,https://www.redfin.com/PA/Philadelphia/5434-Angora-Ter-19143/home/39289001,listed,,weekly sweep 2026-09-28,
5700 kingsessing ave|19143,"5700 Kingsessing Ave, Philadelphia, PA 19143",19143,2026-09-28,2026-09-28,175000,175000,both,https://www.redfin.com/PA/Philadelphia/5700-Kingsessing-Ave-19143/home/39203951,listed,,weekly sweep 2026-09-28,
5739 springfield ave|19143,"5739 Springfield Ave, Philadelphia, PA 19143",19143,2026-09-28,2026-09-28,209900,209900,both,https://www.redfin.com/PA/Philadelphia/5739-Springfield-Ave-19143/home/39291852,listed,,weekly sweep 2026-09-28,
5902 addison st|19143,"5902 Addison St, Philadelphia, PA 19143",19143,2026-09-28,2026-09-28,279900,279900,redfin,https://www.redfin.com/PA/Philadelphia/5902-Addison-St-19143/home/167875862,listed,,weekly sweep 2026-09-28,yes
5957 belmar st|19143,"5957 Belmar St, Philadelphia, PA 19143",19143,2026-09-28,2026-09-28,339900,339900,redfin,https://www.redfin.com/PA/Philadelphia/5957-Belmar-Ter-19143/home/38134661,listed,,weekly sweep 2026-09-28,
6015 catharine st|19143,"6015 Catharine St, Philadelphia, PA 19143",19143,2026-09-28,2026-09-28,275000,275000,redfin,https://www.redfin.com/PA/Philadelphia/6015-Catharine-St-19143/home/38123417,listed,,weekly sweep 2026-09-28,
6037 delancey st|19143,"6037 Delancey St, Philadelphia, PA 19143",19143,2026-09-28,2026-09-28,345000,345000,redfin,https://www.redfin.com/PA/Philadelphia/6037-Delancey-St-19143/home/38118875,listed,,weekly sweep 2026-09-28,
6109 delancey st|19143,"6109 Delancey St, Philadelphia, PA 19143",19143,2026-09-28,2026-09-28,315000,315000,redfin,https://www.redfin.com/PA/Philadelphia/6109-Delancey-St-19143/home/38118886,listed,,weekly sweep 2026-09-28,
613 s 52nd st|19143,"613 S 52nd St, Philadelphia, PA 19143",19143,2026-09-28,2026-09-28,230000,230000,zillow,https://www.zillow.com/homedetails/613-S-52nd-St-Philadelphia-PA-19143/165321952_zpid/,listed,,weekly sweep 2026-09-28,yes
741 s 58th st|19143,"741 S 58th St, Philadelphia, PA 19143",19143,2026-09-28,2026-09-28,220000,220000,redfin,https://www.redfin.com/PA/Philadelphia/741-S-58th-St-19143/home/39261530,listed,,weekly sweep 2026-09-28,
807 s 49th st|19143,"807 S 49th St, Philadelphia, PA 19143",19143,2026-09-28,2026-09-28,700000,700000,redfin,https://www.redfin.com/PA/Philadelphia/807-S-49th-St-19143/home/39257797,listed,,weekly sweep 2026-09-28,
813 s 49th st|19143,"813 S 49th St, Philadelphia, PA 19143",19143,2026-09-28,2026-09-28,1399000,1399000,redfin,https://www.redfin.com/PA/Philadelphia/813-S-49th-St-19143/home/39477027,listed,,weekly sweep 2026-09-28,
815 s 49th st|19143,"815 S 49th St, Philadelphia, PA 19143",19143,2026-09-28,2026-09-28,1399000,1399000,redfin,https://www.redfin.com/PA/Philadelphia/815-S-49th-St-19143/home/39477028,listed,,weekly sweep 2026-09-28,
824 s st bernard st|19143,"824 S St Bernard St, Philadelphia, PA 19143",19143,2026-09-28,2026-09-28,525000,525000,both,https://www.redfin.com/PA/Philadelphia/824-S-Saint-Bernard-St-19143/home/39287785,listed,,weekly sweep 2026-09-28,
828 s 49th st|19143,"828 S 49th St, Philadelphia, PA 19143",19143,2026-09-28,2026-09-28,374900,374900,both,https://www.redfin.com/PA/Philadelphia/828-S-49th-St-19143/home/39285477,listed,,weekly sweep 2026-09-28,
828 s 57th st|19143,"828 S 57th St, Philadelphia, PA 19143",19143,2026-09-28,2026-09-28,229000,229000,redfin,https://www.redfin.com/PA/Philadelphia/828-S-57th-St-19143/home/39261339,listed,,weekly sweep 2026-09-28,
925 s 60th st|19143,"925 S 60th St, Philadelphia, PA 19143",19143,2026-09-28,2026-09-28,280000,280000,redfin,https://www.redfin.com/PA/Philadelphia/925-S-60th-St-19143/home/38130783,listed,,weekly sweep 2026-09-28,
145 w school house ln|19144,"145 W School House Ln, Philadelphia, PA 19144",19144,2026-09-28,2026-09-28,495000,495000,both,https://www.redfin.com/PA/Philadelphia/145-W-School-House-Ln-19144/home/38346002,listed,,weekly sweep 2026-09-28,
219 w queen ln|19144,"219 W Queen Ln, Philadelphia, PA 19144",19144,2026-09-28,2026-09-28,529000,529000,redfin,https://www.redfin.com/PA/Philadelphia/219-W-Queen-Ln-19144/home/38344356,listed,,weekly sweep 2026-09-28,
331 e high st|19144,"331 E High St, Philadelphia, PA 19144",19144,2026-09-28,2026-09-28,375000,375000,redfin,https://www.redfin.com/PA/Philadelphia/331-E-High-St-19144/home/39390266,listed,,weekly sweep 2026-09-28,
334 w manheim st|19144,"334 W Manheim St, Philadelphia, PA 19144",19144,2026-09-28,2026-09-28,350000,350000,redfin,https://www.redfin.com/PA/Philadelphia/334-W-Manheim-St-19144/home/38373021,listed,,weekly sweep 2026-09-28,
40 w wyneva st|19144,"40 W Wyneva St, Philadelphia, PA 19144",19144,2026-09-28,2026-09-28,155000,155000,redfin,https://www.redfin.com/PA/Philadelphia/40-W-Wyneva-St-19144/home/38333409,listed,,weekly sweep 2026-09-28,yes
435 e walnut ln|19144,"435 E Walnut Ln, Philadelphia, PA 19144",19144,2026-09-28,2026-09-28,339000,339000,both,https://www.redfin.com/PA/Philadelphia/435-E-Walnut-Ln-19144/home/39391004,listed,,weekly sweep 2026-09-28,
439 e washington ln|19144,"439 E Washington Ln, Philadelphia, PA 19144",19144,2026-09-28,2026-09-28,375000,375000,both,https://www.redfin.com/PA/Philadelphia/439-E-Washington-Ln-19144/home/39392555,listed,,weekly sweep 2026-09-28,
452 e tulpehocken st|19144,"452 E Tulpehocken St, Philadelphia, PA 19144",19144,2026-09-28,2026-09-28,449990,449990,redfin,https://www.redfin.com/PA/Philadelphia/452-E-Tulpehocken-St-19144/home/39391408,listed,,weekly sweep 2026-09-28,
468 e walnut ln|19144,"468 E Walnut Ln, Philadelphia, PA 19144",19144,2026-09-28,2026-09-28,514999,514999,redfin,https://www.redfin.com/PA/Philadelphia/468-E-Walnut-Ln-19144/home/39391079,listed,,weekly sweep 2026-09-28,
4948 wayne ave|19144,"4948 Wayne Ave, Philadelphia, PA 19144",19144,2026-09-28,2026-09-28,525000,525000,redfin,https://www.redfin.com/PA/Philadelphia/4948-Wayne-Ave-19144/home/40560495,listed,,weekly sweep 2026-09-28,
508 w midvale ave|19144,"508 W Midvale Ave, Philadelphia, PA 19144",19144,2026-09-28,2026-09-28,295000,295000,both,https://www.redfin.com/PA/Philadelphia/508-W-Midvale-Ave-19144/home/38343929,listed,,weekly sweep 2026-09-28,
5230 schuyler st|19144,"5230 Schuyler St, Philadelphia, PA 19144",19144,2026-09-28,2026-09-28,515000,515000,both,https://www.redfin.com/PA/Philadelphia/5230-Schuyler-St-19144/home/38344382,listed,,weekly sweep 2026-09-28,
5317 greene st|19144,"5317 Greene St, Philadelphia, PA 19144",19144,2026-09-28,2026-09-28,339000,339000,both,https://www.redfin.com/PA/Philadelphia/5317-Greene-St-19144/home/38346280,listed,,weekly sweep 2026-09-28,
5506 greene st|19144,"5506 Greene St, Philadelphia, PA 19144",19144,2026-09-28,2026-09-28,419000,419000,both,https://www.redfin.com/PA/Philadelphia/5506-Greene-St-19144/home/38346276,listed,,weekly sweep 2026-09-28,
5519 germantown ave|19144,"5519 Germantown Ave, Philadelphia, PA 19144",19144,2026-09-28,2026-09-28,585000,585000,redfin,https://www.redfin.com/PA/Philadelphia/5519-Germantown-Ave-19144/home/199988244,listed,,weekly sweep 2026-09-28,
5643 e wister st|19144,"5643 E Wister St, Philadelphia, PA 19144",19144,2026-09-28,2026-09-28,639900,639900,redfin,https://www.redfin.com/PA/Philadelphia/5643-E-Wister-St-19144/home/38458628,listed,,weekly sweep 2026-09-28,
620 w park ln|19144,"620 W Park Ln, Philadelphia, PA 19144",19144,2026-09-28,2026-09-28,395000,395000,both,https://www.redfin.com/PA/Philadelphia/620-W-Park-Ln-19144/home/38556861,listed,,weekly sweep 2026-09-28,
6319 gardenia st|19144,"6319 Gardenia St, Philadelphia, PA 19144",19144,2026-09-28,2026-09-28,234900,234900,redfin,https://www.redfin.com/PA/Philadelphia/6319-Gardenia-St-19144/home/39393702,listed,,weekly sweep 2026-09-28,
6322 germantown ave|19144,"6322 Germantown Ave #24, Philadelphia, PA 19144",19144,2026-09-28,2026-09-28,275000,275000,zillow,https://www.zillow.com/homedetails/6322-Germantown-Ave-24-Philadelphia-PA-19144/464181334_zpid/,listed,,weekly sweep 2026-09-28,
undisclosed address|19144,"Undisclosed address, Philadelphia, PA 19144",19144,2026-09-28,2026-09-28,425000,425000,redfin,https://www.redfin.com/PA/Philadelphia/Undisclosed-address-19144/home/38343888,listed,,weekly sweep 2026-09-28,
1421 w ritner st|19145,"1421 W Ritner St, Philadelphia, PA 19145",19145,2026-09-28,2026-09-28,569000,569000,redfin,https://www.redfin.com/PA/Philadelphia/1421-W-Ritner-St-19145/home/38706983,listed,,weekly sweep 2026-09-28,
1427 w ritner st|19145,"1427 W Ritner St, Philadelphia, PA 19145",19145,2026-09-28,2026-09-28,489999,489999,redfin,https://www.redfin.com/PA/Philadelphia/1427-W-Ritner-St-19145/home/38706980,listed,,weekly sweep 2026-09-28,
1502 moore st|19145,"1502 Moore St, Philadelphia, PA 19145",19145,2026-09-28,2026-09-28,300000,300000,zillow,https://www.zillow.com/homedetails/1502-Moore-St-Philadelphia-PA-19145/67363404_zpid/,listed,,weekly sweep 2026-09-28,yes
1506 w porter st|19145,"1506 W Porter St, Philadelphia, PA 19145",19145,2026-09-28,2026-09-28,399900,399900,redfin,https://www.redfin.com/PA/Philadelphia/1506-W-Porter-St-19145/home/38707234,listed,,weekly sweep 2026-09-28,
1514 wolf st|19145,"1514 Wolf St, Philadelphia, PA 19145",19145,2026-09-28,2026-09-28,345000,345000,both,https://www.zillow.com/homedetails/1514-Wolf-St-Philadelphia-PA-19145/80949567_zpid/,listed,,weekly sweep 2026-09-28,
1523 curtin st|19145,"1523 Curtin St, Philadelphia, PA 19145",19145,2026-09-28,2026-09-28,649000,649000,zillow,https://www.zillow.com/homedetails/1523-Curtin-St-Philadelphia-PA-19145/2097588914_zpid/,listed,,weekly sweep 2026-09-28,
1528 w porter st|19145,"1528 W Porter St, Philadelphia, PA 19145",19145,2026-09-28,2026-09-28,580000,580000,redfin,https://www.redfin.com/PA/Philadelphia/1528-W-Porter-St-19145/home/38707228,listed,,weekly sweep 2026-09-28,
1533 w passyunk ave|19145,"1533 W Passyunk Ave, Philadelphia, PA 19145",19145,2026-09-28,2026-09-28,440000,440000,redfin,https://www.redfin.com/PA/Philadelphia/1533-W-Passyunk-Ave-19145/home/39264019,listed,,weekly sweep 2026-09-28,
1617 point breeze ave|19145,"1617 Point Breeze Ave, Philadelphia, PA 19145",19145,2026-09-28,2026-09-28,375000,375000,redfin,https://www.redfin.com/PA/Philadelphia/1617-Point-Breeze-Ave-19145/home/39026912,listed,,weekly sweep 2026-09-28,
1618 s broad st|19145,"1618 S Broad St, Philadelphia, PA 19145",19145,2026-09-28,2026-09-28,800000,800000,both,https://www.zillow.com/homedetails/1618-S-Broad-St-Philadelphia-PA-19145/10370737_zpid/,listed,,weekly sweep 2026-09-28,
1626 s 19th st|19145,"1626 S 19th St, Philadelphia, PA 19145",19145,2026-09-28,2026-09-28,585000,585000,redfin,https://www.redfin.com/PA/Philadelphia/1626-S-19th-St-19145/home/39596455,listed,,weekly sweep 2026-09-28,
1641 w ritner st|19145,"1641 W Ritner St, Philadelphia, PA 19145",19145,2026-09-28,2026-09-28,624900,624900,redfin,https://www.redfin.com/PA/Philadelphia/1641-W-Ritner-St-19145/home/40568503,listed,,weekly sweep 2026-09-28,
1648 s 16th st|19145,"1648 S 16th St, Philadelphia, PA 19145",19145,2026-09-28,2026-09-28,829000,829000,redfin,https://www.redfin.com/PA/Philadelphia/1648-S-16th-St-19145/home/40575225,listed,,weekly sweep 2026-09-28,
1702 s 22nd st|19145,"1702 S 22nd St, Philadelphia, PA 19145",19145,2026-09-28,2026-09-28,892000,892000,redfin,https://www.redfin.com/PA/Philadelphia/1702-S-22nd-St-19145/home/39026899,listed,,weekly sweep 2026-09-28,
1713 wolf st|19145,"1713 Wolf St, Philadelphia, PA 19145",19145,2026-09-28,2026-09-28,329900,329900,both,https://www.zillow.com/homedetails/1713-Wolf-St-Philadelphia-PA-19145/165192565_zpid/,listed,,weekly sweep 2026-09-28,
1715 s 18th st|19145,"1715 S 18th St, Philadelphia, PA 19145",19145,2026-09-28,2026-09-28,899900,899900,redfin,https://www.redfin.com/PA/Philadelphia/1715-S-18th-St-19145/home/40313674,listed,,weekly sweep 2026-09-28,
1735 s 23rd st|19145,"1735 S 23rd St, Philadelphia, PA 19145",19145,2026-09-28,2026-09-28,1400000,1400000,redfin,https://www.redfin.com/PA/Philadelphia/1735-S-23rd-St-19145/home/184814596,listed,,weekly sweep 2026-09-28,
1745 s 16th st|19145,"1745 S 16th St, Philadelphia, PA 19145",19145,2026-09-28,2026-09-28,369900,369900,redfin,https://www.redfin.com/PA/Philadelphia/1745-S-16th-St-19145/home/39038848,listed,,weekly sweep 2026-09-28,
1803 s 17th st|19145,"1803 S 17th St, Philadelphia, PA 19145",19145,2026-09-28,2026-09-28,329900,329900,zillow,https://www.zillow.com/homedetails/1803-S-17th-St-Philadelphia-PA-19145/165326364_zpid/,listed,,weekly sweep 2026-09-28,
1814 s 20th st|19145,"1814 S 20th St, Philadelphia, PA 19145",19145,2026-09-28,2026-09-28,299900,299900,zillow,https://www.zillow.com/homedetails/1814-S-20th-St-Philadelphia-PA-19145/10459130_zpid/,listed,,weekly sweep 2026-09-28,yes
1825 s 19th st|19145,"1825 S 19th St, Philadelphia, PA 19145",19145,2026-09-28,2026-09-28,499999,499999,redfin,https://www.redfin.com/PA/Philadelphia/1825-S-19th-St-19145/home/40582417,listed,,weekly sweep 2026-09-28,
1848 point breeze ave|19145,"1848 Point Breeze Ave, Philadelphia, PA 19145",19145,2026-09-28,2026-09-28,300000,300000,zillow,https://www.zillow.com/homedetails/1848-Point-Breeze-Ave-Philadelphia-PA-19145/118349119_zpid/,listed,,weekly sweep 2026-09-28,yes
1941 s 30th st|19145,"1941 S 30th St, Philadelphia, PA 19145",19145,2026-09-28,2026-09-28,450000,450000,redfin,https://www.redfin.com/PA/Philadelphia/1941-S-30th-St-19145/home/39269491,listed,,weekly sweep 2026-09-28,
1942 wolf st|19145,"1942 Wolf St, Philadelphia, PA 19145",19145,2026-09-28,2026-09-28,385000,385000,redfin,https://www.redfin.com/PA/Philadelphia/1942-Wolf-St-19145/home/38733561,listed,,weekly sweep 2026-09-28,
2001 s norwood st|19145,"2001 S Norwood St, Philadelphia, PA 19145",19145,2026-09-28,2026-09-28,460000,460000,zillow,https://www.zillow.com/homedetails/2001-S-Norwood-St-Philadelphia-PA-19145/10460739_zpid/,listed,,weekly sweep 2026-09-28,
2222 snyder ave|19145,"2222 Snyder Ave, Philadelphia, PA 19145",19145,2026-09-28,2026-09-28,275000,275000,redfin,https://www.redfin.com/PA/Philadelphia/2222-Snyder-Ave-19145/home/39266408,listed,,weekly sweep 2026-09-28,
2236 moore st|19145,"2236 Moore St, Philadelphia, PA 19145",19145,2026-09-28,2026-09-28,445000,445000,redfin,https://www.redfin.com/PA/Philadelphia/2236-Moore-St-19145/home/39265914,listed,,weekly sweep 2026-09-28,
undisclosed address|19145,"Undisclosed address, Philadelphia, PA 19145",19145,2026-09-28,2026-09-28,2499999,2499999,redfin,https://www.redfin.com/PA/Philadelphia/Undisclosed-address-19145/home/39494960,listed,,weekly sweep 2026-09-28,
1727 s 2nd st|19148,"1727 S 2nd St, Philadelphia, PA 19148",19148,2026-09-28,2026-09-28,555000,555000,zillow,https://www.zillow.com/homedetails/1727-S-2nd-St-Philadelphia-PA-19148/10171499_zpid/,listed,,weekly sweep 2026-09-28,
1727 s 4th st|19148,"1727 S 4th St, Philadelphia, PA 19148",19148,2026-09-28,2026-09-28,650000,650000,both,https://www.redfin.com/PA/Philadelphia/1727-S-4th-St-19148/home/203149692,listed,,weekly sweep 2026-09-28,
1803 s broad st|19148,"1803 S Broad St, Philadelphia, PA 19148",19148,2026-09-28,2026-09-28,699000,699000,redfin,https://www.redfin.com/PA/Philadelphia/1803-S-Broad-St-19148/home/39201015,listed,,weekly sweep 2026-09-28,
181618 e passyunk ave|19148,"1816-18 E Passyunk Ave, Philadelphia, PA 19148",19148,2026-09-28,2026-09-28,1400000,1400000,redfin,https://www.redfin.com/PA/Philadelphia/1818-E-Passyunk-Ave-19148/home/39199780,listed,,weekly sweep 2026-09-28,
1831 s 5th st|19148,"1831 S 5th St, Philadelphia, PA 19148",19148,2026-09-28,2026-09-28,425000,425000,redfin,https://www.redfin.com/PA/Philadelphia/1831-S-5th-St-19148/home/38072437,listed,,weekly sweep 2026-09-28,
1905 s 7th st|19148,"1905 S 7th St, Philadelphia, PA 19148",19148,2026-09-28,2026-09-28,379900,379900,redfin,https://www.redfin.com/PA/Philadelphia/1905-S-7th-St-19148/home/39104472,listed,,weekly sweep 2026-09-28,
2024 s 4th st|19148,"2024 S 4th St, Philadelphia, PA 19148",19148,2026-09-28,2026-09-28,389900,389900,both,https://www.redfin.com/PA/Philadelphia/2024-S-4th-St-19148/home/40577379,listed,,weekly sweep 2026-09-28,
2119 s 13th st|19148,"2119 S 13th St, Philadelphia, PA 19148",19148,2026-09-28,2026-09-28,440000,440000,zillow,https://www.zillow.com/homedetails/2119-S-13th-St-Philadelphia-PA-19148/10396119_zpid/,listed,,weekly sweep 2026-09-28,
2119 s 13th|19148,"2119 S 13th, Philadelphia, PA 19148",19148,2026-09-28,2026-09-28,440000,440000,redfin,https://www.redfin.com/PA/Philadelphia/2119-S-13th-St-19148/home/39199546,listed,,weekly sweep 2026-09-28,
2149 s 3rd st|19148,"2149 S 3rd St, Philadelphia, PA 19148",19148,2026-09-28,2026-09-28,399000,399000,redfin,https://www.redfin.com/PA/Philadelphia/2149-S-3rd-St-19148/home/192394755,listed,,weekly sweep 2026-09-28,
231500 s 12th st|19148,"2315-00 S 12th St, Philadelphia, PA 19148",19148,2026-09-28,2026-09-28,459990,459990,redfin,https://www.redfin.com/PA/Philadelphia/2300-S-12th-St-19148/home/39198290,listed,,weekly sweep 2026-09-28,
2324 s 7th st|19148,"2324 S 7th St, Philadelphia, PA 19148",19148,2026-09-28,2026-09-28,300000,300000,redfin,https://www.redfin.com/PA/Philadelphia/2324-S-7th-St-19148/home/40577648,listed,,weekly sweep 2026-09-28,yes
232729 s 7th st|19148,"2327-29 S 7th St, Philadelphia, PA 19148",19148,2026-09-28,2026-09-28,620000,620000,redfin,https://www.redfin.com/PA/Philadelphia/2329-S-7th-St-19148/home/39104489,listed,,weekly sweep 2026-09-28,
2337 s 13th st|19148,"2337 S 13th St, Philadelphia, PA 19148",19148,2026-09-28,2026-09-28,1074999,1074999,redfin,https://www.redfin.com/PA/Philadelphia/2337-S-13th-St-19148/home/181719562,listed,,weekly sweep 2026-09-28,
244042 s 9th st|19148,"2440-42 S 9th St, Philadelphia, PA 19148",19148,2026-09-28,2026-09-28,459000,459000,redfin,https://www.redfin.com/PA/Philadelphia/2440-S-9th-St-19148/home/40577856,listed,,weekly sweep 2026-09-28,
2516 s 6th st|19148,"2516 S 6th St, Philadelphia, PA 19148",19148,2026-09-28,2026-09-28,250000,250000,both,https://www.redfin.com/PA/Philadelphia/2516-S-6th-St-19148/home/39101521,listed,,weekly sweep 2026-09-28,yes
2520 s iseminger st|19148,"2520 S Iseminger St, Philadelphia, PA 19148",19148,2026-09-28,2026-09-28,399900,399900,redfin,https://www.redfin.com/PA/Philadelphia/2520-S-Iseminger-St-19148/home/39199601,listed,,weekly sweep 2026-09-28,
2554 s sheridan st|19148,"2554 S Sheridan St, Philadelphia, PA 19148",19148,2026-09-28,2026-09-28,239000,239000,redfin,https://www.redfin.com/PA/Philadelphia/2554-S-Sheridan-St-19148/home/39104453,listed,,weekly sweep 2026-09-28,yes
2555 s jessup st|19148,"2555 S Jessup St, Philadelphia, PA 19148",19148,2026-09-28,2026-09-28,450000,450000,both,https://www.redfin.com/PA/Philadelphia/2555-S-Jessup-St-19148/home/40577920,listed,,weekly sweep 2026-09-28,
2601 s 12th st|19148,"2601 S 12th St, Philadelphia, PA 19148",19148,2026-09-28,2026-09-28,575000,575000,redfin,https://www.redfin.com/PA/Philadelphia/2601-S-12th-St-19148/home/187621585,listed,,weekly sweep 2026-09-28,
2601 s marshall st|19148,"2601 S Marshall St, Philadelphia, PA 19148",19148,2026-09-28,2026-09-28,275000,275000,both,https://www.redfin.com/PA/Philadelphia/2601-S-Marshall-St-19148/home/39104637,listed,,weekly sweep 2026-09-28,yes
2747 s 7th st|19148,"2747 S 7th St, Philadelphia, PA 19148",19148,2026-09-28,2026-09-28,539000,539000,redfin,https://www.redfin.com/PA/Philadelphia/2747-S-7th-St-19148/home/40578147,listed,,weekly sweep 2026-09-28,
406 pierce st|19148,"406 Pierce St, Philadelphia, PA 19148",19148,2026-09-28,2026-09-28,439900,439900,both,https://www.redfin.com/PA/Philadelphia/406-Pierce-St-19148/home/38070797,listed,,weekly sweep 2026-09-28,
407 pierce st|19148,"407 Pierce St, Philadelphia, PA 19148",19148,2026-09-28,2026-09-28,525000,525000,redfin,https://www.redfin.com/PA/Philadelphia/407-Pierce-St-19148/home/38070716,listed,,weekly sweep 2026-09-28,
616 w ritner st|19148,"616 W Ritner St, Philadelphia, PA 19148",19148,2026-09-28,2026-09-28,279000,279000,redfin,https://www.redfin.com/PA/Philadelphia/616-W-Ritner-St-19148/home/40577576,listed,,weekly sweep 2026-09-28,yes
641 jackson st|19148,"641 Jackson St, Philadelphia, PA 19148",19148,2026-09-28,2026-09-28,790000,790000,redfin,https://www.redfin.com/PA/Philadelphia/641-Jackson-St-19148/home/199067490,listed,,weekly sweep 2026-09-28,
826 w porter st|19148,"826 W Porter St, Philadelphia, PA 19148",19148,2026-09-28,2026-09-28,400000,400000,redfin,https://www.redfin.com/PA/Philadelphia/826-W-Porter-St-19148/home/40577795,listed,,weekly sweep 2026-09-28,
927 w shunk st|19148,"927 W Shunk St, Philadelphia, PA 19148",19148,2026-09-28,2026-09-28,400000,400000,redfin,https://www.redfin.com/PA/Philadelphia/927-W-Shunk-St-19148/home/39194887,listed,,weekly sweep 2026-09-28,
955 daly st|19148,"955 Daly St, Philadelphia, PA 19148",19148,2026-09-28,2026-09-28,419000,419000,both,https://www.redfin.com/PA/Philadelphia/955-Daly-St-19148/home/40577815,listed,,weekly sweep 2026-09-28,
1450 benner st|19149,"1450 Benner St, Philadelphia, PA 19149",19149,2026-09-28,2026-09-28,289999,289999,redfin,https://www.redfin.com/PA/Philadelphia/1450-Benner-St-19149/home/39306735,listed,,weekly sweep 2026-09-28,
2711 unruh ave|19149,"2711 Unruh Ave, Philadelphia, PA 19149",19149,2026-09-28,2026-09-28,349000,349000,both,https://www.redfin.com/PA/Philadelphia/2711-Unruh-Ave-19149/home/39315197,listed,,weekly sweep 2026-09-28,yes
3019 st vincent st|19149,"3019 Saint Vincent St, Philadelphia, PA 19149",19149,2026-09-28,2026-09-28,429900,429900,both,https://www.redfin.com/PA/Philadelphia/3019-Saint-Vincent-St-19149/home/39443010,listed,,weekly sweep 2026-09-28,
3106 robbins ave|19149,"3106 Robbins Ave, Philadelphia, PA 19149",19149,2026-09-28,2026-09-28,288888,288888,zillow,https://www.zillow.com/homedetails/3106-Robbins-Ave-Philadelphia-PA-19149/2124399116_zpid/,listed,,weekly sweep 2026-09-28,yes
310600 robbins st|19149,"3106-00 Robbins St, Philadelphia, PA 19149",19149,2026-09-28,2026-09-28,288888,288888,redfin,https://www.redfin.com/PA/Philadelphia/3100-Robbins-Ave-19149/home/39313823,listed,,weekly sweep 2026-09-28,yes
3201 fanshawe st|19149,"3201 Fanshawe St #0, Philadelphia, PA 19149",19149,2026-09-28,2026-09-28,379000,379000,zillow,https://www.zillow.com/homedetails/3201-Fanshawe-St-0-Philadelphia-PA-19149/464394780_zpid/,listed,,weekly sweep 2026-09-28,yes
320100 fanshawe st|19149,"3201-00 Fanshawe St, Philadelphia, PA 19149",19149,2026-09-28,2026-09-28,379000,379000,redfin,https://www.redfin.com/PA/Philadelphia/3200-Fanshawe-St-19149/home/40584789,listed,,weekly sweep 2026-09-28,yes
3212 tyson ave|19149,"3212 Tyson Ave, Philadelphia, PA 19149",19149,2026-09-28,2026-09-28,417000,417000,redfin,https://www.redfin.com/PA/Philadelphia/3212-Tyson-Ave-19149/home/39316770,listed,,weekly sweep 2026-09-28,
3300 princeton ave|19149,"3300 Princeton Ave, Philadelphia, PA 19149",19149,2026-09-28,2026-09-28,450000,450000,both,https://www.redfin.com/PA/Philadelphia/3300-Princeton-Ave-19149/home/39317418,listed,,weekly sweep 2026-09-28,
3300 st vincent st|19149,"3300 Saint Vincent St #0, Philadelphia, PA 19149",19149,2026-09-28,2026-09-28,550000,550000,zillow,https://www.zillow.com/homedetails/3300-Saint-Vincent-St-0-Philadelphia-PA-19149/463958137_zpid/,listed,,weekly sweep 2026-09-28,
330000 st vincent|19149,"3300-00 St Vincent, Philadelphia, PA 19149",19149,2026-09-28,2026-09-28,550000,550000,redfin,https://www.redfin.com/PA/Philadelphia/3300-Saint-Vincent-St-19149/home/39317772,listed,,weekly sweep 2026-09-28,
353234 wellington st|19149,"3532-34 Wellington St, Philadelphia, PA 19149",19149,2026-09-28,2026-09-28,300000,300000,both,https://www.redfin.com/PA/Philadelphia/3532-Wellington-St-19149/home/39319048,listed,,weekly sweep 2026-09-28,yes
5858 penn st|19149,"5858 Penn St, Philadelphia, PA 19149",19149,2026-09-28,2026-09-28,290000,290000,redfin,https://www.redfin.com/PA/Philadelphia/5858-Penn-St-19149/home/39429810,listed,,weekly sweep 2026-09-28,
6066 e roosevelt blvd|19149,"6066 E Roosevelt Blvd, Philadelphia, PA 19149",19149,2026-09-28,2026-09-28,4500000,4500000,redfin,https://www.redfin.com/PA/Philadelphia/6066-Roosevelt-Blvd-19149/home/39309189,listed,,weekly sweep 2026-09-28,
6299 kindred st|19149,"6299 Kindred St, Philadelphia, PA 19149",19149,2026-09-28,2026-09-28,399000,399000,zillow,https://www.zillow.com/homedetails/6299-Kindred-St-Philadelphia-PA-19149/2134018837_zpid/,listed,,weekly sweep 2026-09-28,
6914 kindred st|19149,"6914 Kindred St, Philadelphia, PA 19149",19149,2026-09-28,2026-09-28,299900,299900,redfin,https://www.redfin.com/PA/Philadelphia/6914-Kindred-St-19149/home/39311553,listed,,weekly sweep 2026-09-28,yes
7200 calvert st|19149,"7200 Calvert St, Philadelphia, PA 19149",19149,2026-09-28,2026-09-28,379000,379000,both,https://www.redfin.com/PA/Philadelphia/7200-Calvert-St-19149/home/39313271,listed,,weekly sweep 2026-09-28,
1258 n 64th st|19151,"1258 N 64th St, Philadelphia, PA 19151",19151,2026-09-28,2026-09-28,550000,550000,redfin,https://www.redfin.com/PA/Philadelphia/1258-N-64th-St-19151/home/38954136,listed,,weekly sweep 2026-09-28,
550 n 63rd st|19151,"550 N 63rd St, Philadelphia, PA 19151",19151,2026-09-28,2026-09-28,285000,285000,redfin,https://www.redfin.com/PA/Philadelphia/550-N-63rd-St-19151/home/38934763,listed,,weekly sweep 2026-09-28,
551 n 63rd st|19151,"551 N 63rd St, Philadelphia, PA 19151",19151,2026-09-28,2026-09-28,140000,140000,redfin,https://www.redfin.com/PA/Philadelphia/551-N-63rd-St-19151/home/39467265,listed,,weekly sweep 2026-09-28,yes
5905 haverford ave|19151,"5905 Haverford Ave, Philadelphia, PA 19151",19151,2026-09-28,2026-09-28,135000,135000,both,https://www.redfin.com/PA/Philadelphia/5905-Haverford-Ave-19151/home/38154627,listed,,weekly sweep 2026-09-28,
607 n 64th st|19151,"607 N 64th St, Philadelphia, PA 19151",19151,2026-09-28,2026-09-28,349000,349000,redfin,https://www.redfin.com/PA/Philadelphia/607-N-64th-St-19151/home/38952487,listed,,weekly sweep 2026-09-28,
6148 w oxford st|19151,"6148 W Oxford St, Philadelphia, PA 19151",19151,2026-09-28,2026-09-28,309900,309900,both,https://www.redfin.com/PA/Philadelphia/6148-W-Oxford-St-19151/home/38925634,listed,,weekly sweep 2026-09-28,
6227 callowhill st|19151,"6227 Callowhill St, Philadelphia, PA 19151",19151,2026-09-28,2026-09-28,350000,350000,redfin,https://www.redfin.com/PA/Philadelphia/6227-Callowhill-St-19151/home/38913293,listed,,weekly sweep 2026-09-28,
6452 lansdowne ave|19151,"6452 Lansdowne Ave, Philadelphia, PA 19151",19151,2026-09-28,2026-09-28,450000,450000,zillow,https://www.zillow.com/homedetails/6452-Lansdowne-Ave-Philadelphia-PA-19151/80946841_zpid/,listed,,weekly sweep 2026-09-28,
6522 lebanon ave|19151,"6522 Lebanon Ave, Philadelphia, PA 19151",19151,2026-09-28,2026-09-28,1099000,1099000,zillow,https://www.zillow.com/homedetails/6522-Lebanon-Ave-Philadelphia-PA-19151/244629698_zpid/,listed,,weekly sweep 2026-09-28,
6625 lansdowne ave|19151,"6625 Lansdowne Ave, Philadelphia, PA 19151",19151,2026-09-28,2026-09-28,224900,224900,both,https://www.redfin.com/PA/Philadelphia/6625-Lansdowne-Ave-19151/home/38947601,listed,,weekly sweep 2026-09-28,yes
6647 haverford ave|19151,"6647 Haverford Ave, Philadelphia, PA 19151",19151,2026-09-28,2026-09-28,274500,274500,redfin,https://www.redfin.com/PA/Philadelphia/6647-Haverford-Ave-19151/home/38945838,listed,,weekly sweep 2026-09-28,
7205 haverford ave|19151,"7205 Haverford Ave, Philadelphia, PA 19151",19151,2026-09-28,2026-09-28,320000,320000,both,https://www.redfin.com/PA/Philadelphia/7205-Haverford-Ave-19151/home/38945796,listed,,weekly sweep 2026-09-28,yes
7251 haverford ave|19151,"7251 Haverford Ave, Philadelphia, PA 19151",19151,2026-09-28,2026-09-28,339900,339900,redfin,https://www.redfin.com/PA/Philadelphia/7251-Haverford-Ave-19151/home/38945751,listed,,weekly sweep 2026-09-28,yes
7326 ruskin rd|19151,"7326 Ruskin Rd, Philadelphia, PA 19151",19151,2026-09-28,2026-09-28,299900,299900,redfin,https://www.redfin.com/PA/Philadelphia/7326-Ruskin-Rd-19151/home/38947414,listed,,weekly sweep 2026-09-28,yes
7328 ruskin rd|19151,"7328 Ruskin Rd, Philadelphia, PA 19151",19151,2026-09-28,2026-09-28,299900,299900,redfin,https://www.redfin.com/PA/Philadelphia/7328-Ruskin-Rd-19151/home/38947413,listed,,weekly sweep 2026-09-28,yes
817 wynnewood rd|19151,"817 Wynnewood Rd, Philadelphia, PA 19151",19151,2026-09-28,2026-09-28,415000,415000,both,https://www.redfin.com/PA/Philadelphia/817-Wynnewood-Rd-19151/home/38952880,listed,,weekly sweep 2026-09-28,
836 wynnewood rd|19151,"836 Wynnewood Rd, Philadelphia, PA 19151",19151,2026-09-28,2026-09-28,399900,399900,both,https://www.redfin.com/PA/Philadelphia/836-Wynnewood-Rd-19151/home/38952725,listed,,weekly sweep 2026-09-28,
846 wynnewood rd|19151,"846 Wynnewood Rd, Philadelphia, PA 19151",19151,2026-09-28,2026-09-28,304995,304995,both,https://www.redfin.com/PA/Philadelphia/846-Wynnewood-Rd-19151/home/38952743,listed,,weekly sweep 2026-09-28,
1907 fuller st|19152,"1907 Fuller St #9, Philadelphia, PA 19152",19152,2026-09-28,2026-09-28,630000,630000,zillow,https://www.zillow.com/homedetails/1907-Fuller-St-9-Philadelphia-PA-19152/463806981_zpid/,listed,,weekly sweep 2026-09-28,
190709 fuller st|19152,"1907-09 Fuller St, Philadelphia, PA 19152",19152,2026-09-28,2026-09-28,630000,630000,redfin,https://www.redfin.com/PA/Philadelphia/1909-Fuller-St-19152/home/39336177,listed,,weekly sweep 2026-09-28,
2329 rhawn st|19152,"2329 Rhawn St, Philadelphia, PA 19152",19152,2026-09-28,2026-09-28,399000,399000,both,https://www.redfin.com/PA/Philadelphia/2329-Rhawn-St-19152/home/39335913,listed,,weekly sweep 2026-09-28,
2727 rhawn st|19152,"2727 Rhawn St, Philadelphia, PA 19152",19152,2026-09-28,2026-09-28,375000,375000,zillow,https://www.zillow.com/homedetails/2727-Rhawn-St-Philadelphia-PA-19152/443073149_zpid/,listed,,weekly sweep 2026-09-28,
7904 bradford st|19152,"7904 Bradford St, Philadelphia, PA 19152",19152,2026-09-28,2026-09-28,349900,349900,both,https://www.redfin.com/PA/Philadelphia/7904-Bradford-St-19152/home/39329720,listed,,weekly sweep 2026-09-28,
2771 island ave|19153,"2771 Island Ave, Philadelphia, PA 19153",19153,2026-09-28,2026-09-28,265000,265000,both,https://www.redfin.com/PA/Philadelphia/2771-Island-Ave-19153/home/39218727,listed,,weekly sweep 2026-09-28,
7134 guyer ave|19153,"7134 Guyer Ave, Philadelphia, PA 19153",19153,2026-09-28,2026-09-28,319000,319000,both,https://www.redfin.com/PA/Philadelphia/7134-Guyer-Ave-19153/home/39212498,listed,,weekly sweep 2026-09-28,
11717 telfair rd|19154,"11717 Telfair Rd, Philadelphia, PA 19154",19154,2026-09-28,2026-09-28,349900,349900,both,https://www.zillow.com/homedetails/11717-Telfair-Rd-Philadelphia-PA-19154/10582097_zpid/,listed,,weekly sweep 2026-09-28,
12084 abby rd|19154,"12084 Abby Rd, Philadelphia, PA 19154",19154,2026-09-28,2026-09-28,499900,499900,both,https://www.zillow.com/homedetails/12084-Abby-Rd-Philadelphia-PA-19154/452579487_zpid/,listed,,weekly sweep 2026-09-28,
12564 knights ter|19154,"12564 Knights Ter, Philadelphia, PA 19154",19154,2026-09-28,2026-09-28,459900,459900,both,https://www.zillow.com/homedetails/12564-Knights-Ter-Philadelphia-PA-19154/2106999656_zpid/,listed,,weekly sweep 2026-09-28,
1009 dekalb st|19401,"1009 Dekalb St, Norristown, PA 19401",19401,2026-09-28,2026-09-28,400000,400000,both,https://www.zillow.com/homedetails/1009-Dekalb-St-Norristown-PA-19401/9867309_zpid/,listed,,weekly sweep 2026-09-28,
1020 w main st|19401,"1020 W Main St, Norristown, PA 19401",19401,2026-09-28,2026-09-28,549000,549000,both,https://www.zillow.com/homedetails/1020-W-Main-St-Norristown-PA-19401/9869992_zpid/,listed,,weekly sweep 2026-09-28,
112 haws ave|19401,"112 Haws Ave, Norristown, PA 19401",19401,2026-09-28,2026-09-28,425000,425000,both,https://www.zillow.com/homedetails/112-Haws-Ave-Norristown-PA-19401/9868649_zpid/,listed,,weekly sweep 2026-09-28,
208 stanbridge st|19401,"208 Stanbridge St, Norristown, PA 19401",19401,2026-09-28,2026-09-28,295000,295000,redfin,https://www.redfin.com/PA/Norristown/208-Stanbridge-St-19401/home/38118293,listed,,weekly sweep 2026-09-28,yes
219 e main st|19401,"219 E Main St, Norristown, PA 19401",19401,2026-09-28,2026-09-28,1200000,1200000,redfin,https://www.redfin.com/PA/Norristown/219-E-Main-St-19401/home/178704430,listed,,weekly sweep 2026-09-28,
2952 dekalb pike|19401,"2952 Dekalb Pike, Norristown, PA 19401",19401,2026-09-28,2026-09-28,1150000,1150000,zillow,https://www.zillow.com/homedetails/2952-Dekalb-Pike-Norristown-PA-19401/9922551_zpid/,listed,,weekly sweep 2026-09-28,
295254 dekalb pike|19401,"2952-54 Dekalb Pike, Norristown, PA 19401",19401,2026-09-28,2026-09-28,1150000,1150000,redfin,https://www.redfin.com/PA/Norristown/2954-DeKalb-Pike-19401/home/38324336,listed,,weekly sweep 2026-09-28,
525 kohn st|19401,"525 Kohn St, Norristown, PA 19401",19401,2026-09-28,2026-09-28,265000,265000,redfin,https://www.redfin.com/PA/Norristown/525-Kohn-St-19401/home/38107478,listed,,weekly sweep 2026-09-28,
534 haws ave|19401,"534 Haws Ave, Norristown, PA 19401",19401,2026-09-28,2026-09-28,389900,389900,both,https://www.zillow.com/homedetails/534-Haws-Ave-Norristown-PA-19401/9868669_zpid/,listed,,weekly sweep 2026-09-28,
535 e lafayette st|19401,"535 E Lafayette St, Norristown, PA 19401",19401,2026-09-28,2026-09-28,295000,295000,both,https://www.zillow.com/homedetails/535-E-Lafayette-St-Norristown-PA-19401/9869406_zpid/,listed,,weekly sweep 2026-09-28,
558 stanbridge st|19401,"558 Stanbridge St, Norristown, PA 19401",19401,2026-09-28,2026-09-28,328000,328000,both,https://www.zillow.com/homedetails/558-Stanbridge-St-Norristown-PA-19401/9872584_zpid/,listed,,weekly sweep 2026-09-28,
618 w lafayette st|19401,"618 W Lafayette St, Norristown, PA 19401",19401,2026-09-28,2026-09-28,375000,375000,both,https://www.zillow.com/homedetails/618-W-Lafayette-St-Norristown-PA-19401/9869445_zpid/,listed,,weekly sweep 2026-09-28,
619 w main st|19401,"619 W Main St, Norristown, PA 19401",19401,2026-09-28,2026-09-28,559000,559000,redfin,https://www.redfin.com/PA/Norristown/619-W-Main-St-19401/home/38109809,listed,,weekly sweep 2026-09-28,
809 green st|19401,"809 Green St, Norristown, PA 19401",19401,2026-09-28,2026-09-28,395000,395000,redfin,https://www.redfin.com/PA/Norristown/809-Green-St-19401/home/38103863,listed,,weekly sweep 2026-09-28,
911 w lafayette st|19401,"911 W Lafayette St, Norristown, PA 19401",19401,2026-09-28,2026-09-28,249900,249900,both,https://www.zillow.com/homedetails/911-W-Lafayette-St-Norristown-PA-19401/9869560_zpid/,listed,,weekly sweep 2026-09-28,
24 e main st|19446,"24 E Main St, Lansdale, PA 19446",19446,2026-09-28,2026-09-28,745000,745000,both,https://www.redfin.com/PA/Lansdale/24-E-Main-St-19446/home/203157867,listed,,weekly sweep 2026-09-28,
30 e main st|19446,"30 E Main St, Lansdale, PA 19446",19446,2026-09-28,2026-09-28,745000,745000,both,https://www.redfin.com/PA/Lansdale/30-E-Main-St-19446/home/203157866,listed,,weekly sweep 2026-09-28,
355 nutt rd|19460,"355 Nutt Rd, Phoenixville, PA 19460",19460,2026-09-28,2026-09-28,465000,465000,both,https://www.redfin.com/PA/Phoenixville/355-Nutt-Rd-19460/home/38448389,listed,,weekly sweep 2026-09-28,
2318 e high st|19464,"2318 E High St, Pottstown, PA 19464",19464,2026-09-28,2026-09-28,390000,390000,both,https://www.redfin.com/PA/Pottstown/2318-E-High-St-19464/home/38610230,listed,,weekly sweep 2026-09-28,
2933 e high st|19464,"2933 E High St, Pottstown, PA 19464",19464,2026-09-28,2026-09-28,1350000,1350000,both,https://www.redfin.com/PA/Pottstown/2933-E-High-St-19464/home/199593255,listed,,weekly sweep 2026-09-28,
404 n charlotte st|19464,"404 N Charlotte St, Pottstown, PA 19464",19464,2026-09-28,2026-09-28,500000,500000,both,https://www.redfin.com/PA/Pottstown/404-N-Charlotte-St-19464/home/86035387,listed,,weekly sweep 2026-09-28,
413 lincoln ave|19464,"413 Lincoln Ave, Pottstown, PA 19464",19464,2026-09-28,2026-09-28,269000,269000,both,https://www.redfin.com/PA/Pottstown/413-Lincoln-Ave-19464/home/38145153,listed,,weekly sweep 2026-09-28,yes
436 s st|19464,"436 South St, Pottstown, PA 19464",19464,2026-09-28,2026-09-28,373000,373000,both,https://www.redfin.com/PA/Pottstown/436-South-St-19464/home/38152190,listed,,weekly sweep 2026-09-28,
438 e high st|19464,"438 E High St, Pottstown, PA 19464",19464,2026-09-28,2026-09-28,675000,675000,both,https://www.redfin.com/PA/Pottstown/438-E-High-St-19464/home/205524366,listed,,weekly sweep 2026-09-28,
452 n charlotte st|19464,"452 N Charlotte St, Pottstown, PA 19464",19464,2026-09-28,2026-09-28,272600,272600,zillow,https://www.zillow.com/homedetails/452-N-Charlotte-St-Pottstown-PA-19464/9876181_zpid/,listed,,weekly sweep 2026-09-28,yes
48 chestnut st|19464,"48 Chestnut St, Pottstown, PA 19464",19464,2026-09-28,2026-09-28,299999,299999,redfin,https://www.redfin.com/PA/Pottstown/48-Chestnut-St-19464/home/38133332,listed,,weekly sweep 2026-09-28,
503 king st|19464,"503 King St, Pottstown, PA 19464",19464,2026-09-28,2026-09-28,475000,475000,both,https://www.redfin.com/PA/Pottstown/503-King-St-19464/home/55533926,listed,,weekly sweep 2026-09-28,
870 e high st|19464,"870 E High St, Pottstown, PA 19464",19464,2026-09-28,2026-09-28,725000,725000,both,https://www.redfin.com/PA/Pottstown/870-E-High-St-19464/home/38142703,listed,,weekly sweep 2026-09-28,
1027 walnut st|19601,"1027 Walnut St, Reading, PA 19601",19601,2026-09-28,2026-09-28,470000,470000,redfin,https://www.redfin.com/PA/Reading/1027-Walnut-St-19601/home/38203768,listed,,weekly sweep 2026-09-28,
109 douglass st|19601,"109 Douglass St, Reading, PA 19601",19601,2026-09-28,2026-09-28,299000,299000,both,https://www.redfin.com/PA/Reading/109-Douglass-St-19601/home/38238528,listed,,weekly sweep 2026-09-28,
112 n 11th st|19601,"112 N 11th St, Reading, PA 19601",19601,2026-09-28,2026-09-28,575000,575000,redfin,https://www.redfin.com/PA/Reading/112-N-11th-St-19601/home/38204162,listed,,weekly sweep 2026-09-28,
112 n 4th st|19601,"112 N 4th St, Reading, PA 19601",19601,2026-09-28,2026-09-28,245000,245000,both,https://www.redfin.com/PA/Reading/112-N-4th-St-19601/home/38200481,listed,,weekly sweep 2026-09-28,
1208 n 6th st|19601,"1208 N 6th St, Reading, PA 19601",19601,2026-09-28,2026-09-28,265500,265500,both,https://www.redfin.com/PA/Reading/1208-N-6th-St-19601/home/38224660,listed,,weekly sweep 2026-09-28,yes
265 n front st|19601,"265 N Front St, Reading, PA 19601",19601,2026-09-28,2026-09-28,259000,259000,both,https://www.redfin.com/PA/Reading/265-N-Front-St-19601/home/175618777,listed,,weekly sweep 2026-09-28,
349 n 4th st|19601,"349 N 4th St, Reading, PA 19601",19601,2026-09-28,2026-09-28,234900,234900,both,https://www.redfin.com/PA/Reading/349-N-4th-St-19601/home/38200638,listed,,weekly sweep 2026-09-28,
351 n 6th st|19601,"351 N 6th St, Reading, PA 19601",19601,2026-09-28,2026-09-28,799900,799900,both,https://www.redfin.com/PA/Reading/351-N-6th-St-19601/home/38203076,listed,,weekly sweep 2026-09-28,
353 n 2nd st|19601,"353 N 2nd St, Reading, PA 19601",19601,2026-09-28,2026-09-28,279900,279900,both,https://www.redfin.com/PA/Reading/353-N-2nd-St-19601/home/38200340,listed,,weekly sweep 2026-09-28,
520 windsor st|19601,"520 Windsor St, Reading, PA 19601",19601,2026-09-28,2026-09-28,599900,599900,both,https://www.redfin.com/PA/Reading/520-Windsor-St-19601/home/203149502,listed,,weekly sweep 2026-09-28,
643 n 3rd st|19601,"643 N 3rd St, Reading, PA 19601",19601,2026-09-28,2026-09-28,499900,499900,both,https://www.redfin.com/PA/Reading/643-N-3rd-St-19601/home/38227965,listed,,weekly sweep 2026-09-28,
835 washington st|19601,"835 Washington St, Reading, PA 19601",19601,2026-09-28,2026-09-28,470000,470000,redfin,https://www.redfin.com/PA/Reading/835-Washington-St-19601/home/146200753,listed,,weekly sweep 2026-09-28,
1016 n 11th st|19604,"1016 N 11th St, Reading, PA 19604",19604,2026-09-28,2026-09-28,349000,349000,both,https://www.redfin.com/PA/Reading/1016-N-11th-St-19604/home/38221069,listed,,weekly sweep 2026-09-28,
1112 s rodney st|19805,"1112 S Rodney St, Wilmington, DE 19805",19805,2026-09-28,2026-09-28,249500,249500,both,https://www.zillow.com/homedetails/1112-S-Rodney-St-Wilmington-DE-19805/73001329_zpid/,listed,,weekly sweep 2026-09-28,yes
1220 w 4th st|19805,"1220 W 4th St, Wilmington, DE 19805",19805,2026-09-28,2026-09-28,339000,339000,both,https://www.zillow.com/homedetails/1220-W-4th-St-Wilmington-DE-19805/72961497_zpid/,listed,,weekly sweep 2026-09-28,
1301 w 4th st|19805,"1301 W 4th St, Wilmington, DE 19805",19805,2026-09-28,2026-09-28,365000,365000,both,https://www.zillow.com/homedetails/1301-W-4th-St-Wilmington-DE-19805/462665082_zpid/,listed,,weekly sweep 2026-09-28,
19 corbin ct|19805,"19 Corbin Ct, Wilmington, DE 19805",19805,2026-09-28,2026-09-28,210000,210000,both,https://www.zillow.com/homedetails/19-Corbin-Ct-Wilmington-DE-19805/72951200_zpid/,listed,,weekly sweep 2026-09-28,yes
202 n union st|19805,"202 N Union St, Wilmington, DE 19805",19805,2026-09-28,2026-09-28,215000,215000,both,https://www.zillow.com/homedetails/202-N-Union-St-Wilmington-DE-19805/458295006_zpid/,listed,,weekly sweep 2026-09-28,yes
1320 irwin st|15001,"1320 Irwin St, Aliquippa, PA 15001",15001,2026-09-28,2026-09-28,135000,135000,both,https://www.zillow.com/homedetails/1320-Irwin-St-Aliquippa-PA-15001/86396538_zpid/,listed,,weekly sweep 2026-09-28,
1702 mcminn st|15001,"1702 McMinn St, Aliquippa, PA 15001",15001,2026-09-28,2026-09-28,200000,200000,both,https://www.zillow.com/homedetails/1702-McMinn-St-Aliquippa-PA-15001/86397034_zpid/,listed,,weekly sweep 2026-09-28,yes
1809 garfield st|15001,"1809 Garfield St, Aliquippa, PA 15001",15001,2026-09-28,2026-09-28,160000,160000,both,https://www.zillow.com/homedetails/1809-Garfield-St-Aliquippa-PA-15001/204202629_zpid/,listed,,weekly sweep 2026-09-28,
1810 vanburen st|15001,"1810 Vanburen St, Aliquippa, PA 15001",15001,2026-09-28,2026-09-28,175000,175000,zillow,https://www.zillow.com/homedetails/1810-Vanburen-St-Aliquippa-PA-15001/86397340_zpid/,listed,,weekly sweep 2026-09-28,
212 2nd ave|15001,"212 2nd Ave, Aliquippa, PA 15001",15001,2026-09-28,2026-09-28,130000,130000,zillow,https://www.zillow.com/homedetails/212-2nd-Ave-Aliquippa-PA-15001/86395995_zpid/,listed,,weekly sweep 2026-09-28,
414 erie ave|15001,"414 Erie Ave, Aliquippa, PA 15001",15001,2026-09-28,2026-09-28,170000,170000,both,https://www.zillow.com/homedetails/414-Erie-Ave-Aliquippa-PA-15001/93416700_zpid/,listed,,weekly sweep 2026-09-28,
1006 beaver rd|15003,"1006 Beaver Rd, Ambridge, PA 15003",15003,2026-09-28,2026-09-28,120000,120000,both,https://www.redfin.com/PA/Ambridge/1006-Beaver-Rd-15003/home/73422727,listed,,weekly sweep 2026-09-28,
1507 duss ave|15003,"1507 Duss Ave, Ambridge, PA 15003",15003,2026-09-28,2026-09-28,219900,219900,redfin,https://www.redfin.com/PA/Ambridge/1507-Duss-Ave-15003/home/195488279,listed,,weekly sweep 2026-09-28,yes
2208 duss ave|15003,"2208 Duss Ave, Ambridge, PA 15003",15003,2026-09-28,2026-09-28,140000,140000,both,https://www.redfin.com/PA/Ambridge/2208-Duss-Ave-15003/home/101203444,listed,,weekly sweep 2026-09-28,yes
238 park rd|15003,"238 Park Rd, Ambridge, PA 15003",15003,2026-09-28,2026-09-28,180000,180000,both,https://www.redfin.com/PA/Ambridge/238-Park-Rd-15003/home/73422622,listed,,weekly sweep 2026-09-28,yes
270 15th st|15003,"270 15th St, Ambridge, PA 15003",15003,2026-09-28,2026-09-28,299000,299000,redfin,https://www.redfin.com/PA/Ambridge/270-15th-St-15003/home/73422601,listed,,weekly sweep 2026-09-28,
306 park rd|15003,"306 Park Rd, Ambridge, PA 15003",15003,2026-09-28,2026-09-28,170000,170000,both,https://www.redfin.com/PA/Ambridge/306-Park-Rd-15003/home/73422594,listed,,weekly sweep 2026-09-28,
324 park rd|15003,"324 Park Rd #330, Ambridge, PA 15003",15003,2026-09-28,2026-09-28,649900,649900,zillow,https://www.zillow.com/homedetails/324-Park-Rd-330-Ambridge-PA-15003/401917975_zpid/,listed,,weekly sweep 2026-09-28,
324330 park rd|15003,"324-330 Park Rd, Ambridge, PA 15003",15003,2026-09-28,2026-09-28,649900,649900,redfin,https://www.redfin.com/PA/Ambridge/324-Park-Rd-15003/home/73456000,listed,,weekly sweep 2026-09-28,
501 glenwood ave|15003,"501 Glenwood Ave, Ambridge, PA 15003",15003,2026-09-28,2026-09-28,550000,550000,both,https://www.redfin.com/PA/Ambridge/501-Glenwood-Ave-15003/home/202128124,listed,,weekly sweep 2026-09-28,
609 pine st|15003,"609 Pine St, Ambridge, PA 15003",15003,2026-09-28,2026-09-28,229900,229900,zillow,https://www.zillow.com/homedetails/609-Pine-St-Ambridge-PA-15003/86354285_zpid/,listed,,weekly sweep 2026-09-28,
627 olive ln|15003,"627 Olive Ln, Ambridge, PA 15003",15003,2026-09-28,2026-09-28,57500,57500,zillow,https://www.zillow.com/homedetails/627-Olive-Ln-Ambridge-PA-15003/460658979_zpid/,listed,,weekly sweep 2026-09-28,
801 23rd st|15003,"801 23rd St, Ambridge, PA 15003",15003,2026-09-28,2026-09-28,555000,555000,redfin,https://www.redfin.com/PA/Ambridge/801-23rd-St-15003/home/101203457,listed,,weekly sweep 2026-09-28,
848 duss ave|15003,"848 Duss Ave, Ambridge, PA 15003",15003,2026-09-28,2026-09-28,149900,149900,both,https://www.redfin.com/PA/Ambridge/848-Duss-Ave-15003/home/81973755,listed,,weekly sweep 2026-09-28,yes
1512 6th ave|15010,"1512 6th Ave, Beaver Falls, PA 15010",15010,2026-09-28,2026-09-28,169000,169000,both,https://www.redfin.com/PA/Beaver-Falls/1512-6th-Ave-15010/home/101200752,listed,,weekly sweep 2026-09-28,
1526 2nd ave|15010,"1526 2nd Ave, Beaver Falls, PA 15010",15010,2026-09-28,2026-09-28,239900,239900,both,https://www.redfin.com/PA/Beaver-Falls/1526-2nd-Ave-15010/home/101200691,listed,,weekly sweep 2026-09-28,
2024 7th ave|15010,"2024 7th Ave, Beaver Falls, PA 15010",15010,2026-09-28,2026-09-28,100000,100000,redfin,https://www.redfin.com/PA/Beaver-Falls/2024-7th-Ave-15010/home/101200876,listed,,weekly sweep 2026-09-28,yes
3303 4th ave|15010,"3303 4th Ave, Beaver Falls, PA 15010",15010,2026-09-28,2026-09-28,190000,190000,both,https://www.redfin.com/PA/Beaver-Falls/3303-4th-Ave-15010/home/73455659,listed,,weekly sweep 2026-09-28,
3508 4th ave|15010,"3508 4th Ave, Beaver Falls, PA 15010",15010,2026-09-28,2026-09-28,350000,350000,both,https://www.redfin.com/PA/Beaver-Falls/3508-4th-Ave-15010/home/102207532,listed,,weekly sweep 2026-09-28,
deerfield duplex plan|15010,"DEERFIELD - DUPLEX Plan, Beaver Falls, PA 15010",15010,2026-09-28,2026-09-28,339990,339990,redfin,https://www.redfin.com/PA/Beaver-Falls/Beaver-Falls/DEERFIELD-DUPLEX/home/198188351,listed,,weekly sweep 2026-09-28,
deerfield plan|15010,"Deerfield Plan, Beaver Falls, PA 15010",15010,2026-09-28,2026-09-28,349990,349990,redfin,https://www.redfin.com/PA/Beaver-Falls/Beaver-Falls/Deerfield/home/194107532,listed,,weekly sweep 2026-09-28,
galen plan|15010,"Galen Plan, Beaver Falls, PA 15010",15010,2026-09-28,2026-09-28,359990,359990,redfin,https://www.redfin.com/PA/Beaver-Falls/Beaver-Falls/Galen/home/194107540,listed,,weekly sweep 2026-09-28,
hamilton duplex plan|15010,"HAMILTON - DUPLEX Plan, Beaver Falls, PA 15010",15010,2026-09-28,2026-09-28,349990,349990,redfin,https://www.redfin.com/PA/Beaver-Falls/Beaver-Falls/HAMILTON-DUPLEX/home/194107524,listed,,weekly sweep 2026-09-28,
penwell plan|15010,"Penwell Plan, Beaver Falls, PA 15010",15010,2026-09-28,2026-09-28,354990,354990,redfin,https://www.redfin.com/PA/Beaver-Falls/Beaver-Falls/Penwell/home/196001905,listed,,weekly sweep 2026-09-28,
1516 3rd st|15022,"15-16 3rd St, Charleroi, PA 15022",15022,2026-09-28,2026-09-28,125000,125000,both,https://www.redfin.com/PA/Charleroi/16-3rd-St-15022/home/195994655,listed,,weekly sweep 2026-09-28,yes
400 5th st|15022,"400 5th St, Charleroi, PA 15022",15022,2026-09-28,2026-09-28,149900,149900,both,https://www.redfin.com/PA/Charleroi/400-5th-St-15022/home/201848547,listed,,weekly sweep 2026-09-28,yes
401 5th st|15022,"401 5th St, Charleroi, PA 15022",15022,2026-09-28,2026-09-28,120000,120000,both,https://www.redfin.com/PA/Charleroi/401-5th-St-15022/home/70048437,listed,,weekly sweep 2026-09-28,yes
519521 1st st|15022,"519-521 1st St, Charleroi, PA 15022",15022,2026-09-28,2026-09-28,89724,89724,zillow,https://www.zillow.com/homedetails/519-521-1st-St-Charleroi-PA-15022/462918669_zpid/,listed,,weekly sweep 2026-09-28,yes
601 4th st|15022,"601 4th St, Charleroi, PA 15022",15022,2026-09-28,2026-09-28,79900,79900,both,https://www.redfin.com/PA/Charleroi/601-4th-St-15022/home/70068248,listed,,weekly sweep 2026-09-28,yes
628 fallowfield ave|15022,"628 Fallowfield Ave, Charleroi, PA 15022",15022,2026-09-28,2026-09-28,162500,162500,both,https://www.redfin.com/PA/Charleroi/628-Fallowfield-Ave-15022/home/198780727,listed,,weekly sweep 2026-09-28,yes
639 washington ave|15022,"639 Washington Ave, Charleroi, PA 15022",15022,2026-09-28,2026-09-28,79900,79900,both,https://www.redfin.com/PA/Charleroi/639-Washington-Ave-15022/home/201031066,listed,,weekly sweep 2026-09-28,
708 lookout ave|15022,"708 Lookout Ave, Charleroi, PA 15022",15022,2026-09-28,2026-09-28,70000,70000,both,https://www.redfin.com/PA/Charleroi/708-Lookout-Ave-15022/home/70047629,listed,,weekly sweep 2026-09-28,
731 lincoln ave|15022,"731 Lincoln Ave, Charleroi, PA 15022",15022,2026-09-28,2026-09-28,75000,75000,both,https://www.redfin.com/PA/Charleroi/731-Lincoln-Ave-15022/home/70047600,listed,,weekly sweep 2026-09-28,
1257 8th ave|15065,"1257 8th Ave, Natrona Heights, PA 15065",15065,2026-09-28,2026-09-28,599900,599900,both,https://www.zillow.com/homedetails/1257-8th-Ave-Natrona-Heights-PA-15065/11302460_zpid/,listed,,weekly sweep 2026-09-28,
1700 6th st|15066,"1700 6th St, New Brighton, PA 15066",15066,2026-09-28,2026-09-28,135000,135000,both,https://www.redfin.com/PA/New-Brighton/1700-6th-St-15066/home/101207207,listed,,weekly sweep 2026-09-28,
3202 46th st|15066,"3202 46th St, New Brighton, PA 15066",15066,2026-09-28,2026-09-28,475000,475000,both,https://www.redfin.com/PA/New-Brighton/3202-46th-St-15066/home/73442300,listed,,weekly sweep 2026-09-28,
327 7th ave|15066,"327 7th Ave, New Brighton, PA 15066",15066,2026-09-28,2026-09-28,145000,145000,both,https://www.redfin.com/PA/New-Brighton/327-7th-Ave-15066/home/73435919,listed,,weekly sweep 2026-09-28,yes
3700 49th st|15066,"3700 49th St, New Brighton, PA 15066",15066,2026-09-28,2026-09-28,385000,385000,both,https://www.redfin.com/PA/New-Brighton/3700-49th-St-15066/home/73464461,listed,,weekly sweep 2026-09-28,
408 15th st|15066,"408 15th St, New Brighton, PA 15066",15066,2026-09-28,2026-09-28,99000,99000,both,https://www.redfin.com/PA/New-Brighton/408-15th-St-15066/home/73457770,listed,,weekly sweep 2026-09-28,yes
611 6th st|15066,"611 6th St, New Brighton, PA 15066",15066,2026-09-28,2026-09-28,97000,97000,both,https://www.redfin.com/PA/New-Brighton/611-6th-St-15066/home/73447117,listed,,weekly sweep 2026-09-28,yes
803 6th st|15066,"803 6th St, New Brighton, PA 15066",15066,2026-09-28,2026-09-28,99500,99500,both,https://www.redfin.com/PA/New-Brighton/803-6th-St-15066/home/114111150,listed,,weekly sweep 2026-09-28,yes
805811 3rd ave|15066,"805-811 3rd Ave, New Brighton, PA 15066",15066,2026-09-28,2026-09-28,650000,650000,both,https://www.redfin.com/PA/New-Brighton/811-3rd-Ave-15066/home/194845318,listed,,weekly sweep 2026-09-28,
1421 5th ave|15068,"1421 5th Ave, Arnold, PA 15068",15068,2026-09-28,2026-09-28,165000,165000,both,https://www.zillow.com/homedetails/1421-5th-Ave-Arnold-PA-15068/304136618_zpid/,listed,,weekly sweep 2026-09-28,
144 ridge ave|15068,"144 Ridge Ave, New Kensington, PA 15068",15068,2026-09-28,2026-09-28,135000,135000,both,https://www.zillow.com/homedetails/144-Ridge-Ave-New-Kensington-PA-15068/10649083_zpid/,listed,,weekly sweep 2026-09-28,yes
1739 kimball ave|15068,"1739 Kimball Ave, Arnold, PA 15068",15068,2026-09-28,2026-09-28,124000,124000,both,https://www.zillow.com/homedetails/1739-Kimball-Ave-Arnold-PA-15068/10615289_zpid/,listed,,weekly sweep 2026-09-28,yes
1909 woodmont ave|15068,"1909 Woodmont Ave, Arnold, PA 15068",15068,2026-09-28,2026-09-28,127000,127000,zillow,https://www.zillow.com/homedetails/1909-Woodmont-Ave-Arnold-PA-15068/10614056_zpid/,listed,,weekly sweep 2026-09-28,yes
216 ridge ave|15068,"216 Ridge Ave, New Kensington, PA 15068",15068,2026-09-28,2026-09-28,139900,139900,redfin,https://www.redfin.com/PA/New-Kensington/216-Ridge-Ave-15068/home/69223760,listed,,weekly sweep 2026-09-28,yes
2204 constitution blvd|15068,"2204 Constitution Blvd, Camp, PA 15068",15068,2026-09-28,2026-09-28,560000,560000,both,https://www.zillow.com/homedetails/2204-Constitution-Blvd-Camp-PA-15068/10647180_zpid/,listed,,weekly sweep 2026-09-28,
454 freeport st|15068,"454 Freeport St, New Kensington, PA 15068",15068,2026-09-28,2026-09-28,185000,185000,both,https://www.zillow.com/homedetails/454-Freeport-St-New-Kensington-PA-15068/10650854_zpid/,listed,,weekly sweep 2026-09-28,
529 birch st|15068,"529 Birch St, New Kensington, PA 15068",15068,2026-09-28,2026-09-28,410000,410000,redfin,https://www.redfin.com/PA/New-Kensington/529-Birch-Way-15068/home/69224543,listed,,weekly sweep 2026-09-28,
529 birch way|15068,"529 Birch Way, New Kensington, PA 15068",15068,2026-09-28,2026-09-28,410000,410000,zillow,https://www.zillow.com/homedetails/529-Birch-Way-New-Kensington-PA-15068/10650038_zpid/,listed,,weekly sweep 2026-09-28,
614 constitution blvd|15068,"614 Constitution Blvd, New Kensington, PA 15068",15068,2026-09-28,2026-09-28,149000,149000,both,https://www.zillow.com/homedetails/614-Constitution-Blvd-New-Kensington-PA-15068/10650780_zpid/,listed,,weekly sweep 2026-09-28,
625 walnut st|15068,"625 Walnut St, New Kensington, PA 15068",15068,2026-09-28,2026-09-28,165000,165000,redfin,https://www.redfin.com/PA/New-Kensington/625-Walnut-St-15068/home/69223141,listed,,weekly sweep 2026-09-28,yes
641 bell st|15068,"641 Bell St, New Kensington, PA 15068",15068,2026-09-28,2026-09-28,220000,220000,both,https://www.zillow.com/homedetails/641-Bell-St-New-Kensington-PA-15068/465228016_zpid/,listed,,weekly sweep 2026-09-28,
719721 anderson st|15068,"719/721 Anderson St, New Kensington, PA 15068",15068,2026-09-28,2026-09-28,165000,165000,redfin,https://www.redfin.com/PA/New-Kensington/719-Anderson-St-15068/home/184190845,listed,,weekly sweep 2026-09-28,
745 anderson st|15068,"745 Anderson St, New Kensington, PA 15068",15068,2026-09-28,2026-09-28,175000,175000,redfin,https://www.redfin.com/PA/New-Kensington/745-Anderson-St-15068/home/69223838,listed,,weekly sweep 2026-09-28,
800 n st|15068,"800 North St, New Kensington, PA 15068",15068,2026-09-28,2026-09-28,289000,289000,redfin,https://www.redfin.com/PA/New-Kensington/800-North-St-15068/home/102197757,listed,,weekly sweep 2026-09-28,
805807 pittsburgh st|15068,"805-807 Pittsburgh St, Lower Burrell, PA 15068",15068,2026-09-28,2026-09-28,169900,169900,redfin,https://www.redfin.com/PA/Lower-Burrell/807-Pittsburgh-St-15068/home/183849924,listed,,weekly sweep 2026-09-28,
912 7th st|15068,"912 7th St, New Kensington, PA 15068",15068,2026-09-28,2026-09-28,99900,99900,redfin,https://www.redfin.com/PA/New-Kensington/912-7th-St-15068/home/202212281,listed,,weekly sweep 2026-09-28,
1117 highland st|15084,"1117 Highland St, Tarentum, PA 15084",15084,2026-09-28,2026-09-28,119900,119900,zillow,https://www.zillow.com/homedetails/1117-Highland-St-Tarentum-PA-15084/11279150_zpid/,listed,,weekly sweep 2026-09-28,yes
117 w 11th ave|15084,"117 W 11th Ave, Tarentum, PA 15084",15084,2026-09-28,2026-09-28,105000,105000,both,https://www.redfin.com/PA/Tarentum/117-W-11th-Ave-15084/home/74470650,listed,,weekly sweep 2026-09-28,yes
205 5th ave|15084,"205 5th Ave, Tarentum, PA 15084",15084,2026-09-28,2026-09-28,599000,599000,both,https://www.redfin.com/PA/Tarentum/205-E-5th-Ave-15084/home/205696755,listed,,weekly sweep 2026-09-28,
211 e 7th ave|15084,"211 E 7th Ave, Tarentum, PA 15084",15084,2026-09-28,2026-09-28,68900,68900,zillow,https://www.zillow.com/homedetails/211-E-7th-Ave-Tarentum-PA-15084/11279823_zpid/,listed,,weekly sweep 2026-09-28,
320 5th ave|15084,"320 5th Ave, Tarentum, PA 15084",15084,2026-09-28,2026-09-28,1477700,1477700,both,https://www.redfin.com/PA/Tarentum/320-E-5th-Ave-15084/home/169984448,listed,,weekly sweep 2026-09-28,
701 e 2nd ave|15084,"701 E 2nd Ave, Tarentum, PA 15084",15084,2026-09-28,2026-09-28,315900,315900,zillow,https://www.zillow.com/homedetails/701-E-2nd-Ave-Tarentum-PA-15084/2079765494_zpid/,listed,,weekly sweep 2026-09-28,
701 e 2nd|15084,"701 E 2nd, Tarentum, PA 15084",15084,2026-09-28,2026-09-28,315900,315900,redfin,https://www.redfin.com/PA/Tarentum/701-E-2nd-Ave-15084/home/74471605,listed,,weekly sweep 2026-09-28,
720 center st|15084,"720 Center St, Tarentum, PA 15084",15084,2026-09-28,2026-09-28,60000,60000,both,https://www.redfin.com/PA/Tarentum/720-Center-St-15084/home/74470902,listed,,weekly sweep 2026-09-28,
14381440 grandview ave|15104,"1438-1440 Grandview Ave, Braddock, PA 15104",15104,2026-09-28,2026-09-28,102200,102200,both,https://www.redfin.com/PA/Braddock/1438-1440-Grandview-Ave-15104/home/200842231,listed,,weekly sweep 2026-09-28,yes
1515 ter st|15104,"1515 Terrace St, Braddock, PA 15104",15104,2026-09-28,2026-09-28,115000,115000,both,https://www.redfin.com/PA/Braddock/1515-Terrace-St-15104/home/187529172,listed,,weekly sweep 2026-09-28,yes
12131215 washington ave|15106,"1213-1215 Washington Ave, Carnegie, PA 15106",15106,2026-09-28,2026-09-28,105000,105000,both,https://www.redfin.com/PA/Carnegie/1213-1215-Washington-Ave-15106/home/185214912,listed,,weekly sweep 2026-09-28,yes
205 mcmichael rd|15106,"205 Mcmichael Rd, Carnegie, PA 15106",15106,2026-09-28,2026-09-28,344000,344000,both,https://www.redfin.com/PA/Carnegie/205-McMichael-Rd-15106/home/73560738,listed,,weekly sweep 2026-09-28,
207 railroad ave|15106,"207 Railroad Ave, Carnegie, PA 15106",15106,2026-09-28,2026-09-28,175000,175000,both,https://www.redfin.com/PA/Carnegie/207-Railroad-Ave-15106/home/74453293,listed,,weekly sweep 2026-09-28,yes
443 carothers ave|15106,"443 Carothers Ave, Carnegie, PA 15106",15106,2026-09-28,2026-09-28,169000,169000,zillow,https://www.zillow.com/homedetails/443-Carothers-Ave-Carnegie-PA-15106/11254415_zpid/,listed,,weekly sweep 2026-09-28,yes
517 3rd ave|15106,"517 3rd Ave, Carnegie, PA 15106",15106,2026-09-28,2026-09-28,169000,169000,both,https://www.redfin.com/PA/Carnegie/517-3rd-Ave-15106/home/74451939,listed,,weekly sweep 2026-09-28,
517 carothers ave|15106,"517 Carothers Ave, Carnegie, PA 15106",15106,2026-09-28,2026-09-28,179000,179000,both,https://www.redfin.com/PA/Carnegie/517-Carothers-Ave-15106/home/74453009,listed,,weekly sweep 2026-09-28,yes
517 ridge ave|15106,"517 Ridge Ave, Carnegie, PA 15106",15106,2026-09-28,2026-09-28,239900,239900,zillow,https://www.zillow.com/homedetails/517-Ridge-Ave-Carnegie-PA-15106/11581897_zpid/,listed,,weekly sweep 2026-09-28,
620 carothers ave|15106,"620 Carothers Ave, Carnegie, PA 15106",15106,2026-09-28,2026-09-28,334000,334000,both,https://www.redfin.com/PA/Carnegie/620-Carothers-Ave-15106/home/74452932,listed,,weekly sweep 2026-09-28,
656 dow ave|15106,"656 Dow Ave, Carnegie, PA 15106",15106,2026-09-28,2026-09-28,334900,334900,both,https://www.redfin.com/PA/Carnegie/656-Dow-Ave-15106/home/74709095,listed,,weekly sweep 2026-09-28,
110 main st|15108,"110 Main St, Coraopolis, PA 15108",15108,2026-09-28,2026-09-28,149900,149900,both,https://www.redfin.com/PA/Coraopolis/108-110-Main-St-15108/home/202170581,listed,,weekly sweep 2026-09-28,yes
1234 ridge ave|15108,"1234 Ridge Ave, Coraopolis, PA 15108",15108,2026-09-28,2026-09-28,350000,350000,both,https://www.redfin.com/PA/Coraopolis/1234-Ridge-Ave-15108/home/74592448,listed,,weekly sweep 2026-09-28,
1355 5th ave|15108,"1355 5th Ave, Coraopolis, PA 15108",15108,2026-09-28,2026-09-28,185000,185000,both,https://www.redfin.com/PA/Coraopolis/1355-5th-Ave-15108/home/74592410,listed,,weekly sweep 2026-09-28,yes
420 5th ave|15108,"420 5th Ave, Coraopolis, PA 15108",15108,2026-09-28,2026-09-28,165000,165000,both,https://www.redfin.com/PA/Coraopolis/420-5th-Ave-15108/home/74625617,listed,,weekly sweep 2026-09-28,
104 wallace ave|15112,"104 Wallace Ave, East Pittsburgh, PA 15112",15112,2026-09-28,2026-09-28,140000,140000,both,https://www.redfin.com/PA/East-Pittsburgh/104-Wallace-Ave-15112/home/74606462,listed,,weekly sweep 2026-09-28,yes
505 main st|15112,"505 Main St, East Pittsburgh, PA 15112",15112,2026-09-28,2026-09-28,139000,139000,both,https://www.redfin.com/PA/East-Pittsburgh/505-Main-St-15112/home/73502812,listed,,weekly sweep 2026-09-28,yes
833 greensburg pike|15112,"833 Greensburg Pike, East Pittsburgh, PA 15112",15112,2026-09-28,2026-09-28,195000,195000,both,https://www.redfin.com/PA/East-Pittsburgh/833-Greensburg-Pike-15112/home/74607552,listed,,weekly sweep 2026-09-28,
144 e eugene|15120,"144 E Eugene, Homestead, PA 15120",15120,2026-09-28,2026-09-28,249900,249900,redfin,https://www.redfin.com/PA/Homestead/144-E-Eugene-St-15120/home/74482235,listed,,weekly sweep 2026-09-28,
1600 mcclure st|15120,"1600 Mcclure St, Homestead, PA 15120",15120,2026-09-28,2026-09-28,125000,125000,redfin,https://www.redfin.com/PA/Homestead/1600-McClure-St-15120/home/74480827,listed,,weekly sweep 2026-09-28,yes
200 e 8th ave|15120,"200 E 8th Ave, Homestead, PA 15120",15120,2026-09-28,2026-09-28,1100000,1100000,both,https://www.redfin.com/PA/Homestead/200-E-8th-Ave-15120/home/167163645,listed,,weekly sweep 2026-09-28,
2102 w st|15120,"2102 West St, Homestead, PA 15120",15120,2026-09-28,2026-09-28,199500,199500,both,https://www.redfin.com/PA/Homestead/2102-West-St-15120/home/74481007,listed,,weekly sweep 2026-09-28,
2106 w st|15120,"2106 West St, Homestead, PA 15120",15120,2026-09-28,2026-09-28,189500,189500,redfin,https://www.redfin.com/PA/Homestead/2106-West-St-15120/home/74481006,listed,,weekly sweep 2026-09-28,
2110 w st|15120,"2110 West St, Homestead, PA 15120",15120,2026-09-28,2026-09-28,159500,159500,redfin,https://www.redfin.com/PA/Homestead/2110-West-St-15120/home/74481018,listed,,weekly sweep 2026-09-28,yes
2113 orchard st|15120,"2113 Orchard St, Homestead, PA 15120",15120,2026-09-28,2026-09-28,190000,190000,redfin,https://www.redfin.com/PA/Homestead/2113-Orchard-St-15120/home/74481032,listed,,weekly sweep 2026-09-28,
220 e 15th ave|15120,"220 E 15th Ave, Homestead, PA 15120",15120,2026-09-28,2026-09-28,450000,450000,zillow,https://www.zillow.com/homedetails/220-E-15th-Ave-Homestead-PA-15120/464692389_zpid/,listed,,weekly sweep 2026-09-28,
220 e 15th st|15120,"220 E 15th St, Homestead, PA 15120",15120,2026-09-28,2026-09-28,450000,450000,redfin,https://www.redfin.com/PA/Homestead/220-E-15th-Ave-15120/home/204647174,listed,,weekly sweep 2026-09-28,
227 e 16th ave|15120,"227 E 16th Ave, Homestead, PA 15120",15120,2026-09-28,2026-09-28,315000,315000,redfin,https://www.redfin.com/PA/Homestead/227-E-16th-Ave-15120/home/200724859,listed,,weekly sweep 2026-09-28,
241 e 18th ave|15120,"241 E 18th Ave, Homestead, PA 15120",15120,2026-09-28,2026-09-28,140000,140000,redfin,https://www.redfin.com/PA/Homestead/241-E-18th-Ave-15120/home/74480439,listed,,weekly sweep 2026-09-28,yes
316 e 16th ave|15120,"316 E 16th Ave, Homestead, PA 15120",15120,2026-09-28,2026-09-28,200000,200000,both,https://www.redfin.com/PA/Homestead/316-E-16th-Ave-15120/home/74480943,listed,,weekly sweep 2026-09-28,yes
321 e 18th ave|15120,"321 E 18th Ave, Homestead, PA 15120",15120,2026-09-28,2026-09-28,250000,250000,redfin,https://www.redfin.com/PA/Homestead/321-E-18th-Ave-15120/home/74480412,listed,,weekly sweep 2026-09-28,
321 e 22nd ave|15120,"321 E 22nd Ave, Homestead, PA 15120",15120,2026-09-28,2026-09-28,229900,229900,both,https://www.redfin.com/PA/Homestead/321-E-22nd-Ave-15120/home/74481014,listed,,weekly sweep 2026-09-28,yes
400 e 10th ave|15120,"400 E 10th Ave, Homestead, PA 15120",15120,2026-09-28,2026-09-28,350000,350000,zillow,https://www.zillow.com/homedetails/400-E-10th-Ave-Homestead-PA-15120/11292246_zpid/,listed,,weekly sweep 2026-09-28,
405 e 11th ave|15120,"405 E 11th Ave, Homestead, PA 15120",15120,2026-09-28,2026-09-28,269900,269900,redfin,https://www.redfin.com/PA/Homestead/405-E-11th-Ave-15120/home/74479762,listed,,weekly sweep 2026-09-28,
508 e 9th ave|15120,"508 E 9th Ave, Homestead, PA 15120",15120,2026-09-28,2026-09-28,265000,265000,redfin,https://www.redfin.com/PA/Homestead/508-E-9th-Ave-15120/home/74479795,listed,,weekly sweep 2026-09-28,
526 e 8th ave|15120,"526 E 8th Ave, Munhall, PA 15120",15120,2026-09-28,2026-09-28,284900,284900,redfin,https://www.redfin.com/PA/Munhall/526-E-8th-Ave-15120/home/102193627,listed,,weekly sweep 2026-09-28,
601 e 16th ave|15120,"601 E 16th Ave, Homestead, PA 15120",15120,2026-09-28,2026-09-28,295000,295000,both,https://www.redfin.com/PA/Homestead/601-E-16th-Ave-15120/home/74480919,listed,,weekly sweep 2026-09-28,
609 ann st|15120,"609 Ann St, Homestead, PA 15120",15120,2026-09-28,2026-09-28,749000,749000,redfin,https://www.redfin.com/PA/Homestead/609-Ann-St-15120/home/102190701,listed,,weekly sweep 2026-09-28,
726 e 9th ave|15120,"726 E 9th Ave, Homestead, PA 15120",15120,2026-09-28,2026-09-28,198500,198500,both,https://www.redfin.com/PA/Homestead/726-E-9th-Ave-15120/home/74479806,listed,,weekly sweep 2026-09-28,yes
810 amity st|15120,"810 Amity St, Homestead, PA 15120",15120,2026-09-28,2026-09-28,227500,227500,redfin,https://www.redfin.com/PA/Homestead/810-Amity-St-15120/home/75166300,listed,,weekly sweep 2026-09-28,
810 amity|15120,"810 Amity, Homestead, PA 15120",15120,2026-09-28,2026-09-28,227500,227500,zillow,https://www.zillow.com/homedetails/810-Amity-Homestead-PA-15120/2095368702_zpid/,listed,,weekly sweep 2026-09-28,
1116 oneil blvd|15132,"1116 Oneil Blvd, Mckeesport, PA 15132",15132,2026-09-28,2026-09-28,450000,450000,both,https://www.redfin.com/PA/McKeesport/1116-Oneil-Blvd-15132/home/74611295,listed,,weekly sweep 2026-09-28,
1500 grandview ave|15132,"1500 Grandview Ave, McKeesport, PA 15132",15132,2026-09-28,2026-09-28,55000,55000,zillow,https://www.zillow.com/homedetails/1500-Grandview-Ave-McKeesport-PA-15132/11462872_zpid/,listed,,weekly sweep 2026-09-28,
1615 sumac st|15132,"1615 Sumac St, Mckeesport, PA 15132",15132,2026-09-28,2026-09-28,300000,300000,both,https://www.redfin.com/PA/McKeesport/1615-Sumac-St-15132/home/74611383,listed,,weekly sweep 2026-09-28,
2121 5th ave|15132,"2121 5th Ave, Mckeesport, PA 15132",15132,2026-09-28,2026-09-28,239000,239000,redfin,https://www.redfin.com/PA/McKeesport/2121-5th-Ave-15132/home/200894330,listed,,weekly sweep 2026-09-28,
2518 walnut st|15132,"2518 Walnut St, Mckeesport, PA 15132",15132,2026-09-28,2026-09-28,179900,179900,both,https://www.redfin.com/PA/McKeesport/2518-Walnut-St-15132/home/74643337,listed,,weekly sweep 2026-09-28,
2809 highland ave|15132,"2809 Highland Ave, Mckeesport, PA 15132",15132,2026-09-28,2026-09-28,59900,59900,redfin,https://www.redfin.com/PA/McKeesport/2809-Highland-Ave-15132/home/74609424,listed,,weekly sweep 2026-09-28,yes
3204 versailles ave|15132,"3204 Versailles Ave, Mckeesport, PA 15132",15132,2026-09-28,2026-09-28,25000,25000,both,https://www.redfin.com/PA/McKeesport/3204-Versailles-Ave-15132/home/110025196,listed,,weekly sweep 2026-09-28,
322324 atlantic ave|15132,"322-324 Atlantic Ave, Mckeesport, PA 15132",15132,2026-09-28,2026-09-28,200000,200000,redfin,https://www.redfin.com/PA/McKeesport/322-Atlantic-Ave-15132/home/204643248,listed,,weekly sweep 2026-09-28,yes
3412 gleason st|15132,"3412 Gleason St, Mckeesport, PA 15132",15132,2026-09-28,2026-09-28,90000,90000,both,https://www.redfin.com/PA/McKeesport/3412-Gleason-St-15132/home/74612539,listed,,weekly sweep 2026-09-28,yes
4716 walnut st|15132,"4716 Walnut St, Mckeesport, PA 15132",15132,2026-09-28,2026-09-28,125000,125000,both,https://www.redfin.com/PA/McKeesport/4716-Walnut-St-15132/home/74676226,listed,,weekly sweep 2026-09-28,yes
719 ridge ave|15132,"719 Ridge Ave, Mckeesport, PA 15132",15132,2026-09-28,2026-09-28,9900,9900,redfin,https://www.redfin.com/PA/McKeesport/719-Ridge-St-15132/home/74581844,listed,,weekly sweep 2026-09-28,
719 ridge st|15132,"719 Ridge St, McKeesport, PA 15132",15132,2026-09-28,2026-09-28,9900,9900,zillow,https://www.zillow.com/homedetails/719-Ridge-St-McKeesport-PA-15132/11425520_zpid/,listed,,weekly sweep 2026-09-28,
823 grant st|15132,"823 Grant St, Mckeesport, PA 15132",15132,2026-09-28,2026-09-28,14500,14500,both,https://www.redfin.com/PA/McKeesport/823-Grant-St-15132/home/189888736,listed,,weekly sweep 2026-09-28,
1096 1098 valley st|15136,"1096 - 1098 Valley St, Mckees Rocks, PA 15136",15136,2026-09-28,2026-09-28,350000,350000,redfin,https://www.redfin.com/PA/McKees-Rocks/1096-1098-Valley-St-15136/home/198356199,listed,,weekly sweep 2026-09-28,
1096 valley st|15136,"1096 Valley St #1098, Mc Kees Rocks, PA 15136",15136,2026-09-28,2026-09-28,350000,350000,zillow,https://www.zillow.com/homedetails/1096-Valley-St-1098-Mc-Kees-Rocks-PA-15136/457078417_zpid/,listed,,weekly sweep 2026-09-28,
119121 shingiss st|15136,"119-121 Shingiss St, Mckees Rocks, PA 15136",15136,2026-09-28,2026-09-28,245000,245000,redfin,https://www.redfin.com/PA/McKees-Rocks/121-Shingiss-St-15136/home/147536750,listed,,weekly sweep 2026-09-28,
1200 holmes st|15136,"1200 Holmes St, Mc Kees Rocks, PA 15136",15136,2026-09-28,2026-09-28,2790000,2790000,redfin,https://www.redfin.com/PA/Mc-Kees-Rocks/1200-Holmes-St-15136/home/74720470,listed,,weekly sweep 2026-09-28,
1255 chartiers ave|15136,"1255 Chartiers Ave, Mc Kees Rocks, PA 15136",15136,2026-09-28,2026-09-28,114900,114900,both,https://www.redfin.com/PA/Mc-Kees-Rocks/1255-Chartiers-Ave-15136/home/74720202,listed,,weekly sweep 2026-09-28,yes
1809 pine hollow rd|15136,"1809 Pine Hollow Rd, Mckees Rocks, PA 15136",15136,2026-09-28,2026-09-28,460000,460000,both,https://www.redfin.com/PA/McKees-Rocks/1809-Pine-Hollow-Rd-15136/home/74501798,listed,,weekly sweep 2026-09-28,
200 copeland st|15136,"200 Copeland St, Mc Kees Rocks, PA 15136",15136,2026-09-28,2026-09-28,125000,125000,redfin,https://www.redfin.com/PA/Mc-Kees-Rocks/200-Copeland-St-15136/home/74719721,listed,,weekly sweep 2026-09-28,yes
227 munson ave|15136,"227 Munson Ave, Mc Kees Rocks, PA 15136",15136,2026-09-28,2026-09-28,55800,55800,both,https://www.redfin.com/PA/Mc-Kees-Rocks/227-Munson-Ave-15136/home/74726770,listed,,weekly sweep 2026-09-28,
306 campbell st|15136,"306 Campbell St, Mckees Rocks, PA 15136",15136,2026-09-28,2026-09-28,225000,225000,redfin,https://www.redfin.com/PA/McKees-Rocks/306-Campbell-St-15136/home/198204784,listed,,weekly sweep 2026-09-28,
310 broadway ave|15136,"310 Broadway Ave, Mc Kees Rocks, PA 15136",15136,2026-09-28,2026-09-28,134900,134900,redfin,https://www.redfin.com/PA/Mc-Kees-Rocks/310-Broadway-Ave-15136/home/74719753,listed,,weekly sweep 2026-09-28,yes
502 broadway ave|15136,"502 Broadway Ave, Mc Kees Rocks, PA 15136",15136,2026-09-28,2026-09-28,130000,130000,redfin,https://www.redfin.com/PA/Mc-Kees-Rocks/502-Broadway-Ave-15136/home/74719434,listed,,weekly sweep 2026-09-28,yes
704 russellwood ave|15136,"704 Russellwood Ave, Mc Kees Rocks, PA 15136",15136,2026-09-28,2026-09-28,240000,240000,both,https://www.redfin.com/PA/Mc-Kees-Rocks/704-Russellwood-Ave-15136/home/73590046,listed,,weekly sweep 2026-09-28,yes
705 broadway ave|15136,"705 Broadway Ave, Mckees Rocks, PA 15136",15136,2026-09-28,2026-09-28,419000,419000,redfin,https://www.redfin.com/PA/McKees-Rocks/705-Broadway-Ave-15136/home/74723890,listed,,weekly sweep 2026-09-28,
708 broadway ave|15136,"708 Broadway Ave, Mckees Rocks, PA 15136",15136,2026-09-28,2026-09-28,120000,120000,redfin,https://www.redfin.com/PA/McKees-Rocks/708-Broadway-Ave-15136/home/200058325,listed,,weekly sweep 2026-09-28,yes
709711 fruit st|15136,"709-711 Fruit St, Mc Kees Rocks, PA 15136",15136,2026-09-28,2026-09-28,59900,59900,zillow,https://www.zillow.com/homedetails/709-711-Fruit-St-Mc-Kees-Rocks-PA-15136/458666930_zpid/,listed,,weekly sweep 2026-09-28,
709711 fruit way|15136,"709-711 Fruit Way, Mc Kees Rocks, PA 15136",15136,2026-09-28,2026-09-28,59900,59900,redfin,https://www.redfin.com/PA/Mc-Kees-Rocks/711-Fruit-Way-15136/home/74726901,listed,,weekly sweep 2026-09-28,
742 chartiers ave|15136,"742 Chartiers Ave, Mc Kees Rocks, PA 15136",15136,2026-09-28,2026-09-28,105000,105000,both,https://www.redfin.com/PA/Mc-Kees-Rocks/742-Chartiers-Ave-15136/home/74632245,listed,,weekly sweep 2026-09-28,
753 chartiers ave|15136,"753 Chartiers Ave, Mckees Rocks, PA 15136",15136,2026-09-28,2026-09-28,161900,161900,redfin,https://www.redfin.com/PA/McKees-Rocks/753-Chartiers-Ave-15136/home/73577867,listed,,weekly sweep 2026-09-28,yes
811 10th st|15136,"811 10th St, Mc Kees Rocks, PA 15136",15136,2026-09-28,2026-09-28,89900,89900,redfin,https://www.redfin.com/PA/Mc-Kees-Rocks/811-10th-St-15136/home/74723422,listed,,weekly sweep 2026-09-28,
822 lamont st|15136,"822 Lamont St, Mc Kees Rocks, PA 15136",15136,2026-09-28,2026-09-28,59000,59000,redfin,https://www.redfin.com/PA/Mc-Kees-Rocks/822-Lamont-St-15136/home/74723907,listed,,weekly sweep 2026-09-28,
825 benwood ave|15136,"825 Benwood Ave, Mc Kees Rocks, PA 15136",15136,2026-09-28,2026-09-28,160000,160000,both,https://www.redfin.com/PA/Mc-Kees-Rocks/825-Benwood-Ave-15136/home/74723441,listed,,weekly sweep 2026-09-28,yes
902 robinson st|15136,"902 Robinson St, Mc Kees Rocks, PA 15136",15136,2026-09-28,2026-09-28,179900,179900,redfin,https://www.redfin.com/PA/Mc-Kees-Rocks/902-Robinson-St-15136/home/74726933,listed,,weekly sweep 2026-09-28,yes
906 broadway ave|15136,"906 Broadway Ave, Mc Kees Rocks, PA 15136",15136,2026-09-28,2026-09-28,150000,150000,zillow,https://www.zillow.com/homedetails/906-Broadway-Ave-Mc-Kees-Rocks-PA-15136/11598996_zpid/,listed,,weekly sweep 2026-09-28,yes
934 ridge st|15136,"934 Ridge St, Mc Kees Rocks, PA 15136",15136,2026-09-28,2026-09-28,89900,89900,redfin,https://www.redfin.com/PA/Mc-Kees-Rocks/934-Ridge-Ave-15136/home/74723466,listed,,weekly sweep 2026-09-28,
213215 arlington ave|15137,"213-215 Arlington Ave, North Versailles, PA 15137",15137,2026-09-28,2026-09-28,230000,230000,both,https://www.zillow.com/homedetails/213-215-Arlington-Ave-North-Versailles-PA-15137/11538477_zpid/,listed,,weekly sweep 2026-09-28,
2614 girard ave|15137,"2614 Girard Ave #A & B, North Versailles, PA 15137",15137,2026-09-28,2026-09-28,260000,260000,zillow,https://www.zillow.com/homedetails/2614-Girard-Ave-A-B-North-Versailles-PA-15137/463301462_zpid/,listed,,weekly sweep 2026-09-28,
2614 girard ave a b|15137,"2614 Girard Ave A & B, North Versailles, PA 15137",15137,2026-09-28,2026-09-28,260000,260000,redfin,https://www.redfin.com/PA/North-Versailles/2614-Girard-Ave-15137/home/73504765,listed,,weekly sweep 2026-09-28,
3206 maryland ave|15137,"3206 Maryland Ave, North Versailles, PA 15137",15137,2026-09-28,2026-09-28,250000,250000,both,https://www.zillow.com/homedetails/3206-Maryland-Ave-North-Versailles-PA-15137/11497179_zpid/,listed,,weekly sweep 2026-09-28,
1800 lynn ave|15145,"1800 Lynn Ave, Turtle Creek, PA 15145",15145,2026-09-28,2026-09-28,349900,349900,zillow,https://www.zillow.com/homedetails/1800-Lynn-Ave-Turtle-Creek-PA-15145/11536032_zpid/,listed,,weekly sweep 2026-09-28,
1800 lynn|15145,"1800 Lynn, Turtle Creek, PA 15145",15145,2026-09-28,2026-09-28,349900,349900,redfin,https://www.redfin.com/PA/Turtle-Creek/1800-Lynn-Ave-15145/home/74671259,listed,,weekly sweep 2026-09-28,
202 11th st|15145,"202 11th St, Turtle Creek, PA 15145",15145,2026-09-28,2026-09-28,170000,170000,redfin,https://www.redfin.com/PA/Turtle-Creek/202-11th-St-15145/home/74638438,listed,,weekly sweep 2026-09-28,
335 larimer ave|15145,"335 Larimer Ave, Turtle Creek, PA 15145",15145,2026-09-28,2026-09-28,180000,180000,both,https://www.zillow.com/homedetails/335-Larimer-Ave-Turtle-Creek-PA-15145/2066505603_zpid/,listed,,weekly sweep 2026-09-28,
347 highland ave|15145,"347 Highland Ave, Turtle Creek, PA 15145",15145,2026-09-28,2026-09-28,130000,130000,zillow,https://www.zillow.com/homedetails/347-Highland-Ave-Turtle-Creek-PA-15145/11495823_zpid/,listed,,weekly sweep 2026-09-28,yes
347 highland|15145,"347 Highland, Turtle Creek, PA 15145",15145,2026-09-28,2026-09-28,130000,130000,redfin,https://www.redfin.com/PA/Turtle-Creek/347-Highland-Ave-15145/home/74637991,listed,,weekly sweep 2026-09-28,
927 lynn ave|15145,"927 Lynn Ave, Turtle Creek, PA 15145",15145,2026-09-28,2026-09-28,189900,189900,both,https://www.zillow.com/homedetails/927-Lynn-Ave-Turtle-Creek-PA-15145/11496399_zpid/,listed,,weekly sweep 2026-09-28,
1517 hulton rd|15147,"1517 Hulton Rd, Verona, PA 15147",15147,2026-09-28,2026-09-28,165000,165000,both,https://www.zillow.com/homedetails/1517-Hulton-Rd-Verona-PA-15147/11567211_zpid/,listed,,weekly sweep 2026-09-28,yes
160162 faybern dr|15147,"160-162 Faybern Dr, Verona, PA 15147",15147,2026-09-28,2026-09-28,349000,349000,zillow,https://www.zillow.com/homedetails/160-162-Faybern-Dr-Verona-PA-15147/304650769_zpid/,listed,,weekly sweep 2026-09-28,
227 penn st|15147,"227 Penn St, Verona, PA 15147",15147,2026-09-28,2026-09-28,215999,215999,both,https://www.zillow.com/homedetails/227-Penn-St-Verona-PA-15147/465537036_zpid/,listed,,weekly sweep 2026-09-28,
5614 verona rd|15147,"5614 Verona Rd, Verona, PA 15147",15147,2026-09-28,2026-09-28,170000,170000,both,https://www.zillow.com/homedetails/5614-Verona-Rd-Verona-PA-15147/87991283_zpid/,listed,,weekly sweep 2026-09-28,yes
5725 verona rd|15147,"5725 Verona Rd, Verona, PA 15147",15147,2026-09-28,2026-09-28,260000,260000,both,https://www.zillow.com/homedetails/5725-Verona-Rd-Verona-PA-15147/11449884_zpid/,listed,,weekly sweep 2026-09-28,
5929 verona rd|15147,"5929 Verona Rd, Verona, PA 15147",15147,2026-09-28,2026-09-28,150000,150000,both,https://www.zillow.com/homedetails/5929-Verona-Rd-Verona-PA-15147/11449840_zpid/,listed,,weekly sweep 2026-09-28,
6150 saltsburg rd|15147,"6150 Saltsburg Rd, Verona, PA 15147",15147,2026-09-28,2026-09-28,189900,189900,zillow,https://www.zillow.com/homedetails/6150-Saltsburg-Rd-Verona-PA-15147/164644282_zpid/,listed,,weekly sweep 2026-09-28,yes
1115 woodbine st|15201,"1115 Woodbine St Unit #1113, Pittsburgh, PA 15201",15201,2026-09-28,2026-09-28,299999,299999,both,https://www.redfin.com/PA/Pittsburgh/1115-Woodbine-St-15201/unit-1113/home/74737251,listed,,weekly sweep 2026-09-28,yes
147 44th st|15201,"147 44th St, Pittsburgh, PA 15201",15201,2026-09-28,2026-09-28,399000,399000,zillow,https://www.zillow.com/homedetails/147-44th-St-Pittsburgh-PA-15201/164502657_zpid/,listed,,weekly sweep 2026-09-28,
156 45th st|15201,"156 45th St, Pittsburgh, PA 15201",15201,2026-09-28,2026-09-28,499999,499999,redfin,https://www.redfin.com/PA/Pittsburgh/156-45th-St-15201/home/74735620,listed,,weekly sweep 2026-09-28,
175177 43 12 st|15201,"175-177 43 1/2 St, Pittsburgh, PA 15201",15201,2026-09-28,2026-09-28,475000,475000,zillow,https://www.zillow.com/homedetails/175-177-43-1-2-St-Pittsburgh-PA-15201/11512951_zpid/,listed,,weekly sweep 2026-09-28,
3329 liberty ave|15201,"3329 Liberty Ave, Pittsburgh, PA 15201",15201,2026-09-28,2026-09-28,899000,899000,both,https://www.redfin.com/PA/Pittsburgh/3329-Liberty-Ave-15201/home/143287540,listed,,weekly sweep 2026-09-28,
3800 butler st|15201,"3800 Butler St, Pittsburgh, PA 15201",15201,2026-09-28,2026-09-28,1499000,1499000,both,https://www.redfin.com/PA/Pittsburgh/3800-Butler-St-15201/home/74652466,listed,,weekly sweep 2026-09-28,
405409 52nd|15201,"405-409 52nd, Pittsburgh, PA 15201",15201,2026-09-28,2026-09-28,425000,425000,redfin,https://www.redfin.com/PA/Pittsburgh/405-409-52nd-St-15201/home/200694601,listed,,weekly sweep 2026-09-28,
4407 butler st|15201,"4407 Butler St, Pittsburgh, PA 15201",15201,2026-09-28,2026-09-28,1595000,1595000,zillow,https://www.zillow.com/homedetails/4407-Butler-St-Pittsburgh-PA-15201/164421190_zpid/,listed,,weekly sweep 2026-09-28,
4407 butler|15201,"4407 Butler, Pittsburgh, PA 15201",15201,2026-09-28,2026-09-28,1595000,1595000,redfin,https://www.redfin.com/PA/Pittsburgh/4407-Butler-St-15201/home/184617586,listed,,weekly sweep 2026-09-28,
4519 butler st|15201,"4519 Butler St, Pittsburgh, PA 15201",15201,2026-09-28,2026-09-28,699000,699000,both,https://www.redfin.com/PA/Pittsburgh/4519-Butler-St-15201/home/74735523,listed,,weekly sweep 2026-09-28,
4731 butler st|15201,"4731 Butler St, Pittsburgh, PA 15201",15201,2026-09-28,2026-09-28,1495000,1495000,redfin,https://www.redfin.com/PA/Pittsburgh/4731-Butler-St-15201/home/193657821,listed,,weekly sweep 2026-09-28,
51545158 natrona way|15201,"5154-5158 Natrona Way, Pittsburgh, PA 15201",15201,2026-09-28,2026-09-28,595000,595000,redfin,https://www.redfin.com/PA/Pittsburgh/5158-Natrona-Way-15201/home/74734960,listed,,weekly sweep 2026-09-28,
5205 stanton ave|15201,"5205 Stanton Ave, Pittsburgh, PA 15201",15201,2026-09-28,2026-09-28,449989,449989,zillow,https://www.zillow.com/homedetails/5205-Stanton-Ave-Pittsburgh-PA-15201/11612966_zpid/,listed,,weekly sweep 2026-09-28,
5239 wickliff st|15201,"5239 Wickliff St, Pittsburgh, PA 15201",15201,2026-09-28,2026-09-28,690000,690000,redfin,https://www.redfin.com/PA/Pittsburgh/5239-Wickliff-St-15201/home/74734990,listed,,weekly sweep 2026-09-28,
610 52nd st|15201,"610 52nd St, Pittsburgh, PA 15201",15201,2026-09-28,2026-09-28,750000,750000,redfin,https://www.redfin.com/PA/Pittsburgh/610-52nd-St-15201/home/201873091,listed,,weekly sweep 2026-09-28,
814 mccandless ave|15201,"814 Mccandless Ave, Pittsburgh, PA 15201",15201,2026-09-28,2026-09-28,400000,400000,both,https://www.redfin.com/PA/Pittsburgh/814-McCandless-Ave-15201/home/74734986,listed,,weekly sweep 2026-09-28,
117 cleveland ave|15202,"117 Cleveland Ave, Pittsburgh, PA 15202",15202,2026-09-28,2026-09-28,150000,150000,both,https://www.redfin.com/PA/Pittsburgh/117-Cleveland-Ave-15202/home/73546783,listed,,weekly sweep 2026-09-28,yes
125 washington ave|15202,"125 Washington Ave, Pittsburgh, PA 15202",15202,2026-09-28,2026-09-28,350000,350000,both,https://www.redfin.com/PA/Pittsburgh/125-Washington-Ave-15202/home/74461765,listed,,weekly sweep 2026-09-28,
170 lincoln ave|15202,"170 Lincoln Ave, Bellevue, PA 15202",15202,2026-09-28,2026-09-28,375000,375000,redfin,https://www.redfin.com/PA/Bellevue/170-Lincoln-Ave-15202/home/74461881,listed,,weekly sweep 2026-09-28,
188 kendall ave|15202,"188 Kendall Ave, Pittsburgh, PA 15202",15202,2026-09-28,2026-09-28,145000,145000,both,https://www.redfin.com/PA/Pittsburgh/188-Kendall-Ave-15202/home/74461287,listed,,weekly sweep 2026-09-28,
197199 e bellevue ave|15202,"197-199 E Bellevue Ave, Pittsburgh, PA 15202",15202,2026-09-28,2026-09-28,200000,200000,both,https://www.redfin.com/PA/Pittsburgh/197-199-E-Bellevue-Ave-15202/home/192322444,listed,,weekly sweep 2026-09-28,yes
203 cleveland ave|15202,"203 Cleveland Ave, Bellevue, PA 15202",15202,2026-09-28,2026-09-28,299000,299000,both,https://www.redfin.com/PA/Bellevue/203-Cleveland-Ave-15202/home/74537158,listed,,weekly sweep 2026-09-28,
204 teece ave|15202,"204 Teece Ave, Pittsburgh, PA 15202",15202,2026-09-28,2026-09-28,325000,325000,redfin,https://www.redfin.com/PA/Pittsburgh/204-Teece-Ave-15202/home/74505713,listed,,weekly sweep 2026-09-28,
225 spring ave|15202,"225 Spring Ave, Pittsburgh, PA 15202",15202,2026-09-28,2026-09-28,425000,425000,redfin,https://www.redfin.com/PA/Pittsburgh/225-Spring-Ave-15202/home/74461272,listed,,weekly sweep 2026-09-28,
331333 n balph ave|15202,"331-333 N Balph Ave, Pittsburgh, PA 15202",15202,2026-09-28,2026-09-28,275990,275990,both,https://www.redfin.com/PA/Pittsburgh/333-N-Balph-Ave-15202/home/102201389,listed,,weekly sweep 2026-09-28,yes
512514 carolyn ave|15202,"512-514 Carolyn Ave, Pittsburgh, PA 15202",15202,2026-09-28,2026-09-28,263000,263000,redfin,https://www.redfin.com/PA/Pittsburgh/512-514-Carolyn-Ave-15202/home/185196427,listed,,weekly sweep 2026-09-28,
617 florence ave|15202,"617 Florence Ave, Pittsburgh, PA 15202",15202,2026-09-28,2026-09-28,155000,155000,zillow,https://www.zillow.com/homedetails/617-Florence-Ave-Pittsburgh-PA-15202/11322892_zpid/,listed,,weekly sweep 2026-09-28,yes
89 sumner ave|15202,"89 Sumner Ave, Pittsburgh, PA 15202",15202,2026-09-28,2026-09-28,355000,355000,zillow,https://www.zillow.com/homedetails/89-Sumner-Ave-Pittsburgh-PA-15202/11327072_zpid/,listed,,weekly sweep 2026-09-28,
93 n jackson ave|15202,"93 N Jackson Ave, Pittsburgh, PA 15202",15202,2026-09-28,2026-09-28,300000,300000,zillow,https://www.zillow.com/homedetails/93-N-Jackson-Ave-Pittsburgh-PA-15202/11325296_zpid/,listed,,weekly sweep 2026-09-28,
100 s 14th st|15203,"100 S 14th St, Pittsburgh, PA 15203",15203,2026-09-28,2026-09-28,235000,235000,both,https://www.redfin.com/PA/Pittsburgh/100-S-14th-St-15203/home/74621003,listed,,weekly sweep 2026-09-28,yes
105 s 18th st|15203,"105 S 18th St, Pittsburgh, PA 15203",15203,2026-09-28,2026-09-28,304000,304000,redfin,https://www.redfin.com/PA/Pittsburgh/105-S-18th-St-15203/home/74478718,listed,,weekly sweep 2026-09-28,yes
108 pius st|15203,"108 Pius St, Pittsburgh, PA 15203",15203,2026-09-28,2026-09-28,249900,249900,redfin,https://www.redfin.com/PA/Pittsburgh/108-Pius-St-15203/home/74479425,listed,,weekly sweep 2026-09-28,yes
110114 s 11th st|15203,"110-114 S 11th St, Pittsburgh, PA 15203",15203,2026-09-28,2026-09-28,394900,394900,both,https://www.redfin.com/PA/Pittsburgh/110-114-S-11th-St-15203/home/191989851,listed,,weekly sweep 2026-09-28,
114 s 12th st|15203,"114 S 12th St, Pittsburgh, PA 15203",15203,2026-09-28,2026-09-28,315000,315000,redfin,https://www.redfin.com/PA/Pittsburgh/114-S-12th-St-15203/home/74620849,listed,,weekly sweep 2026-09-28,yes
114 s 18th st|15203,"114 S 18th St, Pittsburgh, PA 15203",15203,2026-09-28,2026-09-28,349900,349900,redfin,https://www.redfin.com/PA/Pittsburgh/114-S-18th-St-15203/home/74478416,listed,,weekly sweep 2026-09-28,
116 s 17th st|15203,"116 S 17th St, Pittsburgh, PA 15203",15203,2026-09-28,2026-09-28,500000,500000,redfin,https://www.redfin.com/PA/Pittsburgh/116-S-17th-St-15203/home/190137743,listed,,weekly sweep 2026-09-28,
121 s 12th st|15203,"121 S 12th St, Pittsburgh, PA 15203",15203,2026-09-28,2026-09-28,310000,310000,redfin,https://www.redfin.com/PA/Pittsburgh/121-S-12th-St-15203/home/73577070,listed,,weekly sweep 2026-09-28,yes
124 s 19th st|15203,"124 S 19th St, Pittsburgh, PA 15203",15203,2026-09-28,2026-09-28,350000,350000,redfin,https://www.redfin.com/PA/Pittsburgh/124-S-19th-St-15203/home/74478660,listed,,weekly sweep 2026-09-28,
133 s 18th st|15203,"133 S 18th St, Pittsburgh, PA 15203",15203,2026-09-28,2026-09-28,550000,550000,redfin,https://www.redfin.com/PA/Pittsburgh/133-S-18th-St-15203/home/74478685,listed,,weekly sweep 2026-09-28,
15 s 14th st|15203,"15 S 14th St, Pittsburgh, PA 15203",15203,2026-09-28,2026-09-28,599900,599900,both,https://www.redfin.com/PA/Pittsburgh/15-S-14th-St-15203/home/74620670,listed,,weekly sweep 2026-09-28,
1709 wrights way|15203,"1709 Wrights Way, Pittsburgh, PA 15203",15203,2026-09-28,2026-09-28,250000,250000,redfin,https://www.redfin.com/PA/Pittsburgh/1709-Wrights-Way-15203/home/74478131,listed,,weekly sweep 2026-09-28,yes
1710 sidney st|15203,"1710 Sidney St, Pittsburgh, PA 15203",15203,2026-09-28,2026-09-28,269900,269900,zillow,https://www.zillow.com/homedetails/1710-Sidney-St-Pittsburgh-PA-15203/11290621_zpid/,listed,,weekly sweep 2026-09-28,yes
1734 e carson st|15203,"1734 E Carson St, Pittsburgh, PA 15203",15203,2026-09-28,2026-09-28,550000,550000,redfin,https://www.redfin.com/PA/Pittsburgh/1734-E-Carson-St-15203/home/102214962,listed,,weekly sweep 2026-09-28,
1818 mary st|15203,"1818 Mary St, Pittsburgh, PA 15203",15203,2026-09-28,2026-09-28,229900,229900,both,https://www.redfin.com/PA/Pittsburgh/1818-Mary-St-15203/home/74479508,listed,,weekly sweep 2026-09-28,yes
19 enon way|15203,"19 Enon Way, Pittsburgh, PA 15203",15203,2026-09-28,2026-09-28,229900,229900,zillow,https://www.zillow.com/homedetails/19-Enon-Way-Pittsburgh-PA-15203/11474705_zpid/,listed,,weekly sweep 2026-09-28,yes
1913 fox way|15203,"1913 Fox Way, Pittsburgh, PA 15203",15203,2026-09-28,2026-09-28,259875,259875,both,https://www.redfin.com/PA/Pittsburgh/1913-Fox-Way-15203/home/74478569,listed,,weekly sweep 2026-09-28,yes
2320 e carson|15203,"2320 E Carson, Pittsburgh, PA 15203",15203,2026-09-28,2026-09-28,375000,375000,redfin,https://www.redfin.com/PA/Pittsburgh/2320-E-Carson-St-15203/home/102191230,listed,,weekly sweep 2026-09-28,
2817 jane st|15203,"2817 Jane St, Pittsburgh, PA 15203",15203,2026-09-28,2026-09-28,339000,339000,redfin,https://www.redfin.com/PA/Pittsburgh/2817-Jane-St-15203/home/74479697,listed,,weekly sweep 2026-09-28,yes
70 s 12th st|15203,"70 S 12th St, Pittsburgh, PA 15203",15203,2026-09-28,2026-09-28,489900,489900,both,https://www.redfin.com/PA/Pittsburgh/70-S-12th-St-15203/home/177897377,listed,,weekly sweep 2026-09-28,
73 s 14th st|15203,"73 S 14th St, Pittsburgh, PA 15203",15203,2026-09-28,2026-09-28,398000,398000,redfin,https://www.redfin.com/PA/Pittsburgh/73-S-14th-St-15203/home/74621242,listed,,weekly sweep 2026-09-28,
75 s 19th st|15203,"75 South 19th St, Pittsburgh, PA 15203",15203,2026-09-28,2026-09-28,540000,540000,redfin,https://www.redfin.com/PA/Pittsburgh/75-S-19th-St-15203/home/73567768,listed,,weekly sweep 2026-09-28,
900 bingham st|15203,"900 Bingham St, Pittsburgh, PA 15203",15203,2026-09-28,2026-09-28,575000,575000,zillow,https://www.zillow.com/homedetails/900-Bingham-St-Pittsburgh-PA-15203/2091807701_zpid/,listed,,weekly sweep 2026-09-28,
98 s 14th st|15203,"98 S 14th St, Pittsburgh, PA 15203",15203,2026-09-28,2026-09-28,289900,289900,redfin,https://www.redfin.com/PA/Pittsburgh/98-S-14th-St-15203/home/74621005,listed,,weekly sweep 2026-09-28,yes
98 s 15th st|15203,"98 S 15th St, Pittsburgh, PA 15203",15203,2026-09-28,2026-09-28,305000,305000,redfin,https://www.redfin.com/PA/Pittsburgh/98-S-15th-St-15203/home/74621118,listed,,weekly sweep 2026-09-28,yes
98 s 19th st|15203,"98 S 19th St, Pittsburgh, PA 15203",15203,2026-09-28,2026-09-28,315000,315000,redfin,https://www.redfin.com/PA/Pittsburgh/98-S-19th-St-15203/home/74478705,listed,,weekly sweep 2026-09-28,yes
1031 tyndall st|15204,"1031 Tyndall St, Pittsburgh, PA 15204",15204,2026-09-28,2026-09-28,124900,124900,zillow,https://www.zillow.com/homedetails/1031-Tyndall-St-Pittsburgh-PA-15204/11479136_zpid/,listed,,weekly sweep 2026-09-28,yes
1309 justine st|15204,"1309 Justine St, Pittsburgh, PA 15204",15204,2026-09-28,2026-09-28,350000,350000,zillow,https://www.zillow.com/homedetails/1309-Justine-St-Pittsburgh-PA-15204/11479468_zpid/,listed,,weekly sweep 2026-09-28,
2949 chartiers ave|15204,"2949 Chartiers Ave, Pittsburgh, PA 15204",15204,2026-09-28,2026-09-28,150000,150000,both,https://www.zillow.com/homedetails/2949-Chartiers-Ave-Pittsburgh-PA-15204/11483602_zpid/,listed,,weekly sweep 2026-09-28,yes
3347 w carson st|15204,"3347 W Carson St, Pittsburgh, PA 15204",15204,2026-09-28,2026-09-28,210000,210000,both,https://www.zillow.com/homedetails/3347-W-Carson-St-Pittsburgh-PA-15204/87987432_zpid/,listed,,weekly sweep 2026-09-28,
3427 clearfield st|15204,"3427 Clearfield St, Pittsburgh, PA 15204",15204,2026-09-28,2026-09-28,150000,150000,both,https://www.zillow.com/homedetails/3427-Clearfield-St-Pittsburgh-PA-15204/11587639_zpid/,listed,,weekly sweep 2026-09-28,yes
1632 steuben st|15205,"1632 Steuben St, Pittsburgh, PA 15205",15205,2026-09-28,2026-09-28,205000,205000,both,https://www.redfin.com/PA/Pittsburgh/1632-Steuben-St-15205/home/74625404,listed,,weekly sweep 2026-09-28,
1851 crafton blvd|15205,"1851 Crafton Blvd, Pittsburgh, PA 15205",15205,2026-09-28,2026-09-28,245000,245000,both,https://www.redfin.com/PA/Pittsburgh/1851-Crafton-Blvd-15205/home/74710057,listed,,weekly sweep 2026-09-28,
27 richmond st|15205,"27 Richmond St, Pittsburgh, PA 15205",15205,2026-09-28,2026-09-28,275000,275000,zillow,https://www.zillow.com/homedetails/27-Richmond-St-Pittsburgh-PA-15205/11584863_zpid/,listed,,weekly sweep 2026-09-28,
2736 middletown rd|15205,"2736 Middletown Rd, Pittsburgh, PA 15205",15205,2026-09-28,2026-09-28,125000,125000,zillow,https://www.zillow.com/homedetails/2736-Middletown-Rd-Pittsburgh-PA-15205/11479749_zpid/,listed,,weekly sweep 2026-09-28,
2736 middletown|15205,"2736 Middletown, Pittsburgh, PA 15205",15205,2026-09-28,2026-09-28,125000,125000,redfin,https://www.redfin.com/PA/Pittsburgh/2736-Middletown-Rd-15205/home/74625360,listed,,weekly sweep 2026-09-28,
6264 wynne ave|15205,"62-64 Wynne Ave, Pittsburgh, PA 15205",15205,2026-09-28,2026-09-28,309000,309000,both,https://www.redfin.com/PA/Pittsburgh/64-Wynne-Ave-15205/home/196918613,listed,,weekly sweep 2026-09-28,
92 bradford ave|15205,"92 Bradford Ave, Pittsburgh, PA 15205",15205,2026-09-28,2026-09-28,225000,225000,zillow,https://www.zillow.com/homedetails/92-Bradford-Ave-Pittsburgh-PA-15205/87993891_zpid/,listed,,weekly sweep 2026-09-28,
1010 lincoln ave|15206,"1010 Lincoln Ave, Pittsburgh, PA 15206",15206,2026-09-28,2026-09-28,240000,240000,redfin,https://www.redfin.com/PA/Pittsburgh/1010-Lincoln-Ave-15206/home/74474561,listed,,weekly sweep 2026-09-28,
107109 sheridan ave|15206,"107-109 Sheridan Ave, Pittsburgh, PA 15206",15206,2026-09-28,2026-09-28,300000,300000,zillow,https://www.zillow.com/homedetails/107-109-Sheridan-Ave-Pittsburgh-PA-15206/464222357_zpid/,listed,,weekly sweep 2026-09-28,
1207 jancey st|15206,"1207 Jancey St, Pittsburgh, PA 15206",15206,2026-09-28,2026-09-28,340000,340000,zillow,https://www.zillow.com/homedetails/1207-Jancey-St-Pittsburgh-PA-15206/11619475_zpid/,listed,,weekly sweep 2026-09-28,
1367 cordova rd|15206,"1367 Cordova Rd, Pittsburgh, PA 15206",15206,2026-09-28,2026-09-28,479500,479500,both,https://www.redfin.com/PA/Pittsburgh/1367-Cordova-Rd-15206/home/74741167,listed,,weekly sweep 2026-09-28,
241 amber st|15206,"241 Amber St, Pittsburgh, PA 15206",15206,2026-09-28,2026-09-28,850000,850000,redfin,https://www.redfin.com/PA/Pittsburgh/241-Amber-St-15206/home/74745376,listed,,weekly sweep 2026-09-28,
300 n graham st|15206,"300 N Graham St, Pittsburgh, PA 15206",15206,2026-09-28,2026-09-28,310000,310000,redfin,https://www.redfin.com/PA/Pittsburgh/300-N-Graham-St-15206/home/74657953,listed,,weekly sweep 2026-09-28,
528 mellon|15206,"528 Mellon, Pittsburgh, PA 15206",15206,2026-09-28,2026-09-28,332578,332578,redfin,https://www.redfin.com/PA/Pittsburgh/528-Mellon-St-15206/home/74744058,listed,,weekly sweep 2026-09-28,
5421 wellesley ave|15206,"5421 Wellesley Ave, Pittsburgh, PA 15206",15206,2026-09-28,2026-09-28,400000,400000,both,https://www.redfin.com/PA/Pittsburgh/5421-Wellesley-Ave-15206/home/74741766,listed,,weekly sweep 2026-09-28,
5428 stanton ave|15206,"5428 Stanton Ave, Pittsburgh, PA 15206",15206,2026-09-28,2026-09-28,449000,449000,redfin,https://www.redfin.com/PA/Pittsburgh/5428-Stanton-Ave-15206/home/74741909,listed,,weekly sweep 2026-09-28,
56375639 callowhill st|15206,"5637-5639 Callowhill St, Pittsburgh, PA 15206",15206,2026-09-28,2026-09-28,500000,500000,both,https://www.redfin.com/PA/Pittsburgh/5637-5639-Callowhill-St-15206/home/200999895,listed,,weekly sweep 2026-09-28,
5708 stanton ave|15206,"5708 Stanton Ave, Pittsburgh, PA 15206",15206,2026-09-28,2026-09-28,839000,839000,redfin,https://www.redfin.com/PA/Pittsburgh/5708-Stanton-Ave-15206/home/74743639,listed,,weekly sweep 2026-09-28,
5712 stanton ave|15206,"5712 Stanton Ave, Pittsburgh, PA 15206",15206,2026-09-28,2026-09-28,839000,839000,redfin,https://www.redfin.com/PA/Pittsburgh/5712-Stanton-Ave-15206/home/74743638,listed,,weekly sweep 2026-09-28,
5715 e liberty blvd|15206,"5715 E Liberty Blvd, Pittsburgh, PA 15206",15206,2026-09-28,2026-09-28,385000,385000,redfin,https://www.redfin.com/PA/Pittsburgh/5715-E-Liberty-Blvd-15206/home/74744303,listed,,weekly sweep 2026-09-28,
5727 rural st|15206,"5727 Rural St, Pittsburgh, PA 15206",15206,2026-09-28,2026-09-28,600000,600000,redfin,https://www.redfin.com/PA/Pittsburgh/5727-Rural-St-15206/home/73509313,listed,,weekly sweep 2026-09-28,
601 n st clair st|15206,"601 N Saint Clair St, Pittsburgh, PA 15206",15206,2026-09-28,2026-09-28,990000,990000,redfin,https://www.redfin.com/PA/Pittsburgh/601-N-Saint-Clair-St-15206/home/74743995,listed,,weekly sweep 2026-09-28,
6016 walnut st|15206,"6016 Walnut St, Pittsburgh, PA 15206",15206,2026-09-28,2026-09-28,1199900,1199900,both,https://www.redfin.com/PA/Pittsburgh/6016-Walnut-St-15206/home/74746421,listed,,weekly sweep 2026-09-28,
611 lincoln ave|15206,"611 Lincoln Ave, Pittsburgh, PA 15206",15206,2026-09-28,2026-09-28,75000,75000,both,https://www.redfin.com/PA/Pittsburgh/611-Lincoln-Ave-15206/home/180547269,listed,,weekly sweep 2026-09-28,
629 gettysburg st|15206,"629 Gettysburg St, Pittsburgh, PA 15206",15206,2026-09-28,2026-09-28,365000,365000,both,https://www.redfin.com/PA/Pittsburgh/629-Gettysburg-St-15206/home/74749677,listed,,weekly sweep 2026-09-28,
64386440 jackson st|15206,"6438-6440 Jackson St, Pittsburgh, PA 15206",15206,2026-09-28,2026-09-28,425000,425000,both,https://www.redfin.com/PA/Pittsburgh/6440-Jackson-St-15206/home/183990790,listed,,weekly sweep 2026-09-28,
3819 winterburn ave|15207,"3819 Winterburn Ave, Pittsburgh, PA 15207",15207,2026-09-28,2026-09-28,275000,275000,both,https://www.redfin.com/PA/Pittsburgh/3819-Winterburn-Ave-15207/home/74673797,listed,,weekly sweep 2026-09-28,yes
3908 winterburn ave|15207,"3908 Winterburn Ave, Pittsburgh, PA 15207",15207,2026-09-28,2026-09-28,225000,225000,both,https://www.redfin.com/PA/Pittsburgh/3908-Winterburn-Ave-15207/home/74673742,listed,,weekly sweep 2026-09-28,yes
711713 mifflin rd|15207,"711-713 Mifflin Rd, Pittsburgh, PA 15207",15207,2026-09-28,2026-09-28,155000,155000,zillow,https://www.zillow.com/homedetails/711-713-Mifflin-Rd-Pittsburgh-PA-15207/11297927_zpid/,listed,,weekly sweep 2026-09-28,yes
600 oakwood st|15208,"600 Oakwood St, Pittsburgh, PA 15208",15208,2026-09-28,2026-09-28,199000,199000,both,https://www.redfin.com/PA/Pittsburgh/600-Oakwood-St-15208/home/74515630,listed,,weekly sweep 2026-09-28,
628 haverhill st|15208,"628 Haverhill St, Pittsburgh, PA 15208",15208,2026-09-28,2026-09-28,475000,475000,both,https://www.redfin.com/PA/Pittsburgh/628-Haverhill-St-15208/home/74515180,listed,,weekly sweep 2026-09-28,
7040 penn ave|15208,"7040 Penn Ave, Pittsburgh, PA 15208",15208,2026-09-28,2026-09-28,600000,600000,both,https://www.redfin.com/PA/Pittsburgh/7040-Penn-Ave-15208/home/74475847,listed,,weekly sweep 2026-09-28,
7105 reynolds st|15208,"7105 Reynolds St, Pittsburgh, PA 15208",15208,2026-09-28,2026-09-28,555000,555000,both,https://www.redfin.com/PA/Pittsburgh/7105-Reynolds-St-15208/home/147557850,listed,,weekly sweep 2026-09-28,
806 inwood st|15208,"806 Inwood St, Pittsburgh, PA 15208",15208,2026-09-28,2026-09-28,195000,195000,both,https://www.redfin.com/PA/Pittsburgh/806-Inwood-St-15208/home/74474854,listed,,weekly sweep 2026-09-28,
107 maryland ave|15209,"107 Maryland Ave, Pittsburgh, PA 15209",15209,2026-09-28,2026-09-28,135000,135000,both,https://www.redfin.com/PA/Pittsburgh/107-Maryland-Ave-15209/home/74733736,listed,,weekly sweep 2026-09-28,yes
114 grant ave|15209,"114 Grant Ave, Pittsburgh, PA 15209",15209,2026-09-28,2026-09-28,725000,725000,both,https://www.redfin.com/PA/Pittsburgh/114-Grant-Ave-15209/home/200411572,listed,,weekly sweep 2026-09-28,
115 fornoff st|15209,"115 Fornoff St, Pittsburgh, PA 15209",15209,2026-09-28,2026-09-28,245000,245000,zillow,https://www.zillow.com/homedetails/115-Fornoff-St-Pittsburgh-PA-15209/11611002_zpid/,listed,,weekly sweep 2026-09-28,
123 grant ave|15209,"123 Grant Ave, Millvale, PA 15209",15209,2026-09-28,2026-09-28,184000,184000,both,https://www.redfin.com/PA/Millvale/123-Grant-Ave-15209/home/74733929,listed,,weekly sweep 2026-09-28,yes
1329 anderson rd|15209,"1329 Anderson Rd, Pittsburgh, PA 15209",15209,2026-09-28,2026-09-28,275000,275000,zillow,https://www.zillow.com/homedetails/1329-Anderson-Rd-Pittsburgh-PA-15209/11410451_zpid/,listed,,weekly sweep 2026-09-28,yes
149 grant ave|15209,"149 Grant Ave, Millvale, PA 15209",15209,2026-09-28,2026-09-28,595000,595000,both,https://www.redfin.com/PA/Millvale/149-Grant-Ave-15209/home/102216283,listed,,weekly sweep 2026-09-28,
1523 evergreen ave|15209,"1523 Evergreen Ave, Pittsburgh, PA 15209",15209,2026-09-28,2026-09-28,194900,194900,both,https://www.redfin.com/PA/Pittsburgh/1523-Evergreen-Ave-15209/home/74507421,listed,,weekly sweep 2026-09-28,
529531 stanton ave|15209,"529-531 Stanton Ave, Pittsburgh, PA 15209",15209,2026-09-28,2026-09-28,139900,139900,both,https://www.redfin.com/PA/Pittsburgh/529-531-Stanton-Ave-15209/home/204446157,listed,,weekly sweep 2026-09-28,
540 n ave|15209,"540 North Ave, Pittsburgh, PA 15209",15209,2026-09-28,2026-09-28,199000,199000,zillow,https://www.zillow.com/homedetails/540-North-Ave-Pittsburgh-PA-15209/462297515_zpid/,listed,,weekly sweep 2026-09-28,yes
540 n|15209,"540 North, Millvale, PA 15209",15209,2026-09-28,2026-09-28,199000,199000,redfin,https://www.redfin.com/PA/Millvale/540-North-Ave-15209/home/74464986,listed,,weekly sweep 2026-09-28,yes
107 overbrook blvd|15210,"107 Overbrook Blvd, Pittsburgh, PA 15210",15210,2026-09-28,2026-09-28,160000,160000,redfin,https://www.redfin.com/PA/Pittsburgh/107-Overbrook-Blvd-15210/home/74764809,listed,,weekly sweep 2026-09-28,
119 birmingham ave|15210,"119 Birmingham Ave, Pittsburgh, PA 15210",15210,2026-09-28,2026-09-28,175000,175000,redfin,https://www.redfin.com/PA/Pittsburgh/119-Birmingham-Ave-15210/home/194627149,listed,,weekly sweep 2026-09-28,yes
119121 giffin ave|15210,"119-121 Giffin Ave, Mount Oliver, PA 15210",15210,2026-09-28,2026-09-28,359000,359000,redfin,https://www.redfin.com/PA/Mount-Oliver/121-Giffin-Ave-15210/home/200544937,listed,,weekly sweep 2026-09-28,
125 margaret st|15210,"125 Margaret St, Pittsburgh, PA 15210",15210,2026-09-28,2026-09-28,264900,264900,redfin,https://www.redfin.com/PA/Pittsburgh/125-Margaret-St-15210/home/74590588,listed,,weekly sweep 2026-09-28,yes
130 john st|15210,"130 John St, Pittsburgh, PA 15210",15210,2026-09-28,2026-09-28,130000,130000,redfin,https://www.redfin.com/PA/Pittsburgh/130-John-St-15210/home/74498014,listed,,weekly sweep 2026-09-28,yes
133135 bausman st|15210,"133-135 Bausman St, Pittsburgh, PA 15210",15210,2026-09-28,2026-09-28,160000,160000,redfin,https://www.redfin.com/PA/Pittsburgh/133-Bausman-St-15210/home/197557291,listed,,weekly sweep 2026-09-28,yes
140 bausman st|15210,"140 Bausman St, Pittsburgh, PA 15210",15210,2026-09-28,2026-09-28,172000,172000,redfin,https://www.redfin.com/PA/Pittsburgh/140-Bausman-St-15210/home/74498526,listed,,weekly sweep 2026-09-28,yes
1502 arlington ave|15210,"1502 Arlington Ave, Pittsburgh, PA 15210",15210,2026-09-28,2026-09-28,180000,180000,zillow,https://www.zillow.com/homedetails/1502-Arlington-Ave-Pittsburgh-PA-15210/11315931_zpid/,listed,,weekly sweep 2026-09-28,yes
1511 st patrick st|15210,"1511 St Patrick St, Pittsburgh, PA 15210",15210,2026-09-28,2026-09-28,265000,265000,redfin,https://www.redfin.com/PA/Pittsburgh/1511-Saint-Patrick-St-15210/home/74491059,listed,,weekly sweep 2026-09-28,yes
153 jucunda st|15210,"153 Jucunda St, Pittsburgh, PA 15210",15210,2026-09-28,2026-09-28,199900,199900,redfin,https://www.redfin.com/PA/Pittsburgh/153-Jucunda-St-15210/home/74498091,listed,,weekly sweep 2026-09-28,yes
162 parkfield st|15210,"162 Parkfield St, Pittsburgh, PA 15210",15210,2026-09-28,2026-09-28,199900,199900,redfin,https://www.redfin.com/PA/Pittsburgh/162-Parkfield-St-15210/home/73511208,listed,,weekly sweep 2026-09-28,yes
1633 brownsville rd|15210,"1633 Brownsville Rd, Pittsburgh, PA 15210",15210,2026-09-28,2026-09-28,349900,349900,both,https://www.redfin.com/PA/Pittsburgh/1633-Brownsville-Rd-15210/home/74687681,listed,,weekly sweep 2026-09-28,
18111813 mt joseph st|15210,"1811-1813 Mount Joseph St, Pittsburgh, PA 15210",15210,2026-09-28,2026-09-28,219900,219900,redfin,https://www.redfin.com/PA/Pittsburgh/1813-Mount-Joseph-St-15210/home/195258681,listed,,weekly sweep 2026-09-28,
193335 saw mill run blvd|15210,"1933-35 Saw Mill Run Blvd, Pittsburgh, PA 15210",15210,2026-09-28,2026-09-28,525000,525000,redfin,https://www.redfin.com/PA/Pittsburgh/1935-Saw-Mill-Run-Blvd-15210/home/205554167,listed,,weekly sweep 2026-09-28,
2112 abel st|15210,"2112 Abel St, Pittsburgh, PA 15210",15210,2026-09-28,2026-09-28,140000,140000,redfin,https://www.redfin.com/PA/Pittsburgh/2112-Abel-St-15210/home/74492131,listed,,weekly sweep 2026-09-28,
215 anthony st|15210,"215 Anthony St, Pittsburgh, PA 15210",15210,2026-09-28,2026-09-28,64900,64900,both,https://www.redfin.com/PA/Pittsburgh/215-Anthony-St-15210/home/74590422,listed,,weekly sweep 2026-09-28,
219 brownsville rd|15210,"219 Brownsville Rd, Pittsburgh, PA 15210",15210,2026-09-28,2026-09-28,325000,325000,redfin,https://www.redfin.com/PA/Pittsburgh/219-Brownsville-Rd-15210/home/102197589,listed,,weekly sweep 2026-09-28,
225 rothman st|15210,"225 Rothman St, Pittsburgh, PA 15210",15210,2026-09-28,2026-09-28,115000,115000,both,https://www.redfin.com/PA/Pittsburgh/225-Rothman-St-15210/home/74492259,listed,,weekly sweep 2026-09-28,
2251 brownsville rd|15210,"2251 Brownsville Rd, Pittsburgh, PA 15210",15210,2026-09-28,2026-09-28,699999,699999,redfin,https://www.redfin.com/PA/Pittsburgh/2251-Brownsville-Rd-15210/home/74764508,listed,,weekly sweep 2026-09-28,
2332 eccles st|15210,"2332 Eccles St, Pittsburgh, PA 15210",15210,2026-09-28,2026-09-28,145000,145000,redfin,https://www.redfin.com/PA/Pittsburgh/2332-Eccles-St-15210/home/74491708,listed,,weekly sweep 2026-09-28,yes
2361 brownsville rd|15210,"2361 Brownsville Rd, Pittsburgh, PA 15210",15210,2026-09-28,2026-09-28,257000,257000,both,https://www.redfin.com/PA/Pittsburgh/2361-Brownsville-Rd-15210/home/74764816,listed,,weekly sweep 2026-09-28,
2415 spring st|15210,"2415 Spring St, Pittsburgh, PA 15210",15210,2026-09-28,2026-09-28,79900,79900,redfin,https://www.redfin.com/PA/Pittsburgh/2415-Spring-St-15210/home/74492209,listed,,weekly sweep 2026-09-28,
2428 arlington ave|15210,"2428 Arlington Ave, Pittsburgh, PA 15210",15210,2026-09-28,2026-09-28,199900,199900,redfin,https://www.redfin.com/PA/Pittsburgh/2428-Arlington-Ave-15210/home/74491644,listed,,weekly sweep 2026-09-28,
2550 brownsville rd|15210,"2550 Brownsville Rd, Pittsburgh, PA 15210",15210,2026-09-28,2026-09-28,399900,399900,redfin,https://www.redfin.com/PA/Pittsburgh/2550-Brownsville-Rd-15210/home/201085129,listed,,weekly sweep 2026-09-28,
258 e warrington ave|15210,"258 E Warrington Ave, Pittsburgh, PA 15210",15210,2026-09-28,2026-09-28,147000,147000,both,https://www.redfin.com/PA/Pittsburgh/258-E-Warrington-Ave-15210/home/74503922,listed,,weekly sweep 2026-09-28,yes
26112609 s 18th st|15210,"2611-2609 S 18th St, Pittsburgh, PA 15210",15210,2026-09-28,2026-09-28,249900,249900,redfin,https://www.redfin.com/PA/Pittsburgh/2609-2611-S-18th-St-15210/home/191490296,listed,,weekly sweep 2026-09-28,yes
319 birmingham ave|15210,"319 Birmingham Ave, Pittsburgh, PA 15210",15210,2026-09-28,2026-09-28,205000,205000,redfin,https://www.redfin.com/PA/Pittsburgh/319-Birmingham-Ave-15210/home/74687473,listed,,weekly sweep 2026-09-28,
430 brownsville rd|15210,"430 Brownsville Rd, Pittsburgh, PA 15210",15210,2026-09-28,2026-09-28,39900,39900,both,https://www.redfin.com/PA/Pittsburgh/430-Brownsville-Rd-15210/home/74590023,listed,,weekly sweep 2026-09-28,
509 transverse ave|15210,"509 Transverse Ave, Pittsburgh, PA 15210",15210,2026-09-28,2026-09-28,80000,80000,both,https://www.redfin.com/PA/Pittsburgh/509-Transverse-Ave-15210/home/74590525,listed,,weekly sweep 2026-09-28,
53 carrick ave|15210,"53 Carrick Ave, Pittsburgh, PA 15210",15210,2026-09-28,2026-09-28,150000,150000,redfin,https://www.redfin.com/PA/Pittsburgh/53-Carrick-Ave-15210/home/73510943,listed,,weekly sweep 2026-09-28,yes
705 e warrington ave|15210,"705 E Warrington Ave, Pittsburgh, PA 15210",15210,2026-09-28,2026-09-28,226000,226000,redfin,https://www.redfin.com/PA/Pittsburgh/705-E-Warrington-Ave-15210/home/199305421,listed,,weekly sweep 2026-09-28,yes
718 brownsville rd|15210,"718 Brownsville Rd, Pittsburgh, PA 15210",15210,2026-09-28,2026-09-28,260000,260000,both,https://www.redfin.com/PA/Pittsburgh/718-Brownsville-Rd-15210/home/74590108,listed,,weekly sweep 2026-09-28,
737 mclain st|15210,"737 Mclain St, Pittsburgh, PA 15210",15210,2026-09-28,2026-09-28,189900,189900,redfin,https://www.redfin.com/PA/Pittsburgh/737-McLain-St-15210/home/74621357,listed,,weekly sweep 2026-09-28,yes
120 prospect st|15211,"120 Prospect St, Mount Washington, PA 15211",15211,2026-09-28,2026-09-28,499900,499900,zillow,https://www.zillow.com/homedetails/120-Prospect-St-Mount-Washington-PA-15211/11515750_zpid/,listed,,weekly sweep 2026-09-28,
17 lelia st|15211,"17 Lelia St, Pittsburgh, PA 15211",15211,2026-09-28,2026-09-28,360000,360000,both,https://www.zillow.com/homedetails/17-Lelia-St-Pittsburgh-PA-15211/11323402_zpid/,listed,,weekly sweep 2026-09-28,
237 grandview ave|15211,"237 Grandview Ave, Pittsburgh, PA 15211",15211,2026-09-28,2026-09-28,975000,975000,both,https://www.zillow.com/homedetails/237-Grandview-Ave-Pittsburgh-PA-15211/11515443_zpid/,listed,,weekly sweep 2026-09-28,
245247 natchez st|15211,"245-247 Natchez St, Pittsburgh, PA 15211",15211,2026-09-28,2026-09-28,299000,299000,both,https://www.zillow.com/homedetails/245-247-Natchez-St-Pittsburgh-PA-15211/11515718_zpid/,listed,,weekly sweep 2026-09-28,
300 shiloh st|15211,"300 Shiloh St, Mount Washington, PA 15211",15211,2026-09-28,2026-09-28,1050000,1050000,both,https://www.zillow.com/homedetails/300-Shiloh-St-Mount-Washington-PA-15211/2094650920_zpid/,listed,,weekly sweep 2026-09-28,
305309 natchez st|15211,"305-309 Natchez St, Pittsburgh, PA 15211",15211,2026-09-28,2026-09-28,549999,549999,both,https://www.zillow.com/homedetails/305-309-Natchez-St-Pittsburgh-PA-15211/460817939_zpid/,listed,,weekly sweep 2026-09-28,
317 kearsarge st|15211,"317 Kearsarge St, Pittsburgh, PA 15211",15211,2026-09-28,2026-09-28,369900,369900,both,https://www.zillow.com/homedetails/317-Kearsarge-St-Pittsburgh-PA-15211/11515837_zpid/,listed,,weekly sweep 2026-09-28,
457 natchez st|15211,"457 Natchez St, Pittsburgh, PA 15211",15211,2026-09-28,2026-09-28,348000,348000,both,https://www.zillow.com/homedetails/457-Natchez-St-Pittsburgh-PA-15211/457245016_zpid/,listed,,weekly sweep 2026-09-28,
6 bailey ave|15211,"6 Bailey Ave, Pittsburgh, PA 15211",15211,2026-09-28,2026-09-28,575000,575000,zillow,https://www.zillow.com/homedetails/6-Bailey-Ave-Pittsburgh-PA-15211/11516261_zpid/,listed,,weekly sweep 2026-09-28,
1000 davis ave|15212,"1000 Davis Ave, Pittsburgh, PA 15212",15212,2026-09-28,2026-09-28,299000,299000,redfin,https://www.redfin.com/PA/Pittsburgh/1000-Davis-Ave-15212/home/74729066,listed,,weekly sweep 2026-09-28,
104 solar st|15212,"104 Solar St, Pittsburgh, PA 15212",15212,2026-09-28,2026-09-28,225000,225000,redfin,https://www.redfin.com/PA/Pittsburgh/104-Solar-St-15212/home/74650648,listed,,weekly sweep 2026-09-28,
1100 grand ave|15212,"1100 Grand Ave, Pittsburgh, PA 15212",15212,2026-09-28,2026-09-28,199000,199000,redfin,https://www.redfin.com/PA/Pittsburgh/1100-Grand-Ave-15212/home/74729620,listed,,weekly sweep 2026-09-28,
1117 12 hall st|15212,"1117 & 1117 1/2 Hall St, Pittsburgh, PA 15212",15212,2026-09-28,2026-09-28,165000,165000,redfin,https://www.redfin.com/PA/Pittsburgh/1117-1-2-Hall-St-15212/home/205183500,listed,,weekly sweep 2026-09-28,
1160 hodgkiss st|15212,"1160 Hodgkiss St, Pittsburgh, PA 15212",15212,2026-09-28,2026-09-28,899000,899000,redfin,https://www.redfin.com/PA/Pittsburgh/1160-Hodgkiss-St-15212/home/163690278,listed,,weekly sweep 2026-09-28,
1229 success st|15212,"1229 Success St, Pittsburgh, PA 15212",15212,2026-09-28,2026-09-28,165000,165000,redfin,https://www.redfin.com/PA/Pittsburgh/1229-Success-St-15212/home/74542624,listed,,weekly sweep 2026-09-28,
1301 veto st|15212,"1301 Veto St, Pittsburgh, PA 15212",15212,2026-09-28,2026-09-28,489900,489900,both,https://www.redfin.com/PA/Pittsburgh/1301-Veto-St-15212/home/74552238,listed,,weekly sweep 2026-09-28,
1306 complete st|15212,"1306 Complete St, Pittsburgh, PA 15212",15212,2026-09-28,2026-09-28,349900,349900,redfin,https://www.redfin.com/PA/Pittsburgh/1306-1308-Complete-St-15212/home/185200669,listed,,weekly sweep 2026-09-28,
1502 eckert st|15212,"1502 Eckert St, Pittsburgh, PA 15212",15212,2026-09-28,2026-09-28,185000,185000,zillow,https://www.zillow.com/homedetails/1502-Eckert-St-Pittsburgh-PA-15212/11492744_zpid/,listed,,weekly sweep 2026-09-28,
1604 hatteras st|15212,"1604 Hatteras St, Pittsburgh, PA 15212",15212,2026-09-28,2026-09-28,269900,269900,redfin,https://www.redfin.com/PA/Pittsburgh/1604-Hatteras-St-15212/home/74650895,listed,,weekly sweep 2026-09-28,yes
1685 perrysville ave|15212,"1685 Perrysville Ave, Pittsburgh, PA 15212",15212,2026-09-28,2026-09-28,265000,265000,both,https://www.redfin.com/PA/Pittsburgh/1685-Perrysville-Ave-15212/home/74551403,listed,,weekly sweep 2026-09-28,
1787 perrysville ave|15212,"1787 Perrysville Ave, Pittsburgh, PA 15212",15212,2026-09-28,2026-09-28,499000,499000,both,https://www.redfin.com/PA/Pittsburgh/1787-Perrysville-Ave-15212/home/74551455,listed,,weekly sweep 2026-09-28,
1809 rialto st|15212,"1809 Rialto St, Pittsburgh, PA 15212",15212,2026-09-28,2026-09-28,275000,275000,redfin,https://www.redfin.com/PA/Pittsburgh/1809-Rialto-St-15212/home/74651098,listed,,weekly sweep 2026-09-28,yes
1910 rockledge st|15212,"1910 Rockledge St, Pittsburgh, PA 15212",15212,2026-09-28,2026-09-28,250000,250000,redfin,https://www.redfin.com/PA/Pittsburgh/1910-Rockledge-St-15212/home/74650291,listed,,weekly sweep 2026-09-28,
20032005 straubs ln|15212,"2003-2005 Straubs Ln, Pittsburgh, PA 15212",15212,2026-09-28,2026-09-28,275000,275000,both,https://www.redfin.com/PA/Pittsburgh/2005-Straubs-Ln-15212/home/190141846,listed,,weekly sweep 2026-09-28,
2023 lowrie st|15212,"2023 Lowrie St, Pittsburgh, PA 15212",15212,2026-09-28,2026-09-28,229999,229999,redfin,https://www.redfin.com/PA/Pittsburgh/2023-Lowrie-St-15212/home/74651243,listed,,weekly sweep 2026-09-28,yes
2123 lautner st|15212,"2123 Lautner St, Pittsburgh, PA 15212",15212,2026-09-28,2026-09-28,225000,225000,redfin,https://www.redfin.com/PA/Pittsburgh/2123-Lautner-St-15212/home/74650977,listed,,weekly sweep 2026-09-28,yes
2460 colorado way|15212,"2460 Colorado Way, Pittsburgh, PA 15212",15212,2026-09-28,2026-09-28,499000,499000,redfin,https://www.redfin.com/PA/Pittsburgh/2460-Colorado-Way-15212/home/74640519,listed,,weekly sweep 2026-09-28,
2844 california ave|15212,"2844 California Ave, Pittsburgh, PA 15212",15212,2026-09-28,2026-09-28,99900,99900,redfin,https://www.redfin.com/PA/Pittsburgh/2844-California-Ave-15212/home/74635800,listed,,weekly sweep 2026-09-28,
3124 frederick st|15212,"3124 Frederick St, Pittsburgh, PA 15212",15212,2026-09-28,2026-09-28,62000,62000,both,https://www.redfin.com/PA/Pittsburgh/3124-Frederick-St-15212/home/74729703,listed,,weekly sweep 2026-09-28,
34213427 california|15212,"3421-3427 California, Pittsburgh, PA 15212",15212,2026-09-28,2026-09-28,1100000,1100000,redfin,https://www.redfin.com/PA/Pittsburgh/3427-Brighton-Rd-15212/home/74729352,listed,,weekly sweep 2026-09-28,
34223424 fleming ave|15212,"3422-3424 Fleming Ave, Pittsburgh, PA 15212",15212,2026-09-28,2026-09-28,195000,195000,redfin,https://www.redfin.com/PA/Pittsburgh/3424-Fleming-Ave-15212/home/74727455,listed,,weekly sweep 2026-09-28,yes
3441 fleming ave|15212,"3441 Fleming Ave, Pittsburgh, PA 15212",15212,2026-09-28,2026-09-28,169900,169900,redfin,https://www.redfin.com/PA/Pittsburgh/3441-Fleming-Ave-15212/home/74727454,listed,,weekly sweep 2026-09-28,yes
3524 brighton rd|15212,"3524 Brighton Rd, Pittsburgh, PA 15212",15212,2026-09-28,2026-09-28,99900,99900,both,https://www.redfin.com/PA/Pittsburgh/3524-Brighton-Rd-15212/home/73556977,listed,,weekly sweep 2026-09-28,
3700 brighton rd|15212,"3700 Brighton Rd, Pittsburgh, PA 15212",15212,2026-09-28,2026-09-28,319900,319900,both,https://www.redfin.com/PA/Pittsburgh/3700-Brighton-Rd-15212/home/74462973,listed,,weekly sweep 2026-09-28,
518 avery st|15212,"518 Avery St, Pittsburgh, PA 15212",15212,2026-09-28,2026-09-28,824500,824500,redfin,https://www.redfin.com/PA/Pittsburgh/518-Avery-St-15212/home/74552648,listed,,weekly sweep 2026-09-28,
614 jacksonia st|15212,"614 Jacksonia St, Pittsburgh, PA 15212",15212,2026-09-28,2026-09-28,549900,549900,both,https://www.redfin.com/PA/Pittsburgh/614-Jacksonia-St-15212/home/74551861,listed,,weekly sweep 2026-09-28,
630 e ohio st|15212,"630 E Ohio St, Pittsburgh, PA 15212",15212,2026-09-28,2026-09-28,399800,399800,redfin,https://www.redfin.com/PA/Pittsburgh/630-E-Ohio-St-15212/home/200931157,listed,,weekly sweep 2026-09-28,
910 smithton ave|15212,"910 Smithton Ave, Pittsburgh, PA 15212",15212,2026-09-28,2026-09-28,325000,325000,redfin,https://www.redfin.com/PA/Pittsburgh/910-Smithton-Ave-15212/home/180784340,listed,,weekly sweep 2026-09-28,
920 james st|15212,"920 James St, Allegheny, PA 15212",15212,2026-09-28,2026-09-28,260000,260000,redfin,https://www.redfin.com/PA/Allegheny/920-James-St-15212/home/74552391,listed,,weekly sweep 2026-09-28,
214 marsonia st|15214,"214 Marsonia St, Pittsburgh, PA 15214",15214,2026-09-28,2026-09-28,195900,195900,zillow,https://www.zillow.com/homedetails/214-Marsonia-St-Pittsburgh-PA-15214/11506176_zpid/,listed,,weekly sweep 2026-09-28,
2329 perrysville ave|15214,"2329 Perrysville Ave, Pittsburgh, PA 15214",15214,2026-09-28,2026-09-28,95000,95000,zillow,https://www.zillow.com/homedetails/2329-Perrysville-Ave-Pittsburgh-PA-15214/11505807_zpid/,listed,,weekly sweep 2026-09-28,
239 watson blvd|15214,"239 Watson Blvd, Pittsburgh, PA 15214",15214,2026-09-28,2026-09-28,209900,209900,both,https://www.redfin.com/PA/Pittsburgh/239-Watson-Blvd-15214/home/73541096,listed,,weekly sweep 2026-09-28,yes
2417 osgood st|15214,"2417 Osgood St, Pittsburgh, PA 15214",15214,2026-09-28,2026-09-28,50000,50000,both,https://www.redfin.com/PA/Pittsburgh/2417-Osgood-St-15214/home/74645787,listed,,weekly sweep 2026-09-28,
36263628 perrysville ave|15214,"3626-3628 Perrysville Ave, Pittsburgh, PA 15214",15214,2026-09-28,2026-09-28,285000,285000,both,https://www.redfin.com/PA/Pittsburgh/3628-Perrysville-Ave-15214/home/198274831,listed,,weekly sweep 2026-09-28,
3654 perrysville ave|15214,"3654 Perrysville Ave, Pittsburgh, PA 15214",15214,2026-09-28,2026-09-28,189000,189000,both,https://www.redfin.com/PA/Pittsburgh/3654-Perrysville-Ave-15214/home/204645753,listed,,weekly sweep 2026-09-28,yes
3884 e st|15214,"3884 East St, Pittsburgh, PA 15214",15214,2026-09-28,2026-09-28,210000,210000,zillow,https://www.zillow.com/homedetails/3884-East-St-Pittsburgh-PA-15214/11269715_zpid/,listed,,weekly sweep 2026-09-28,yes
102 n main st|15215,"102 N Main St, Pittsburgh, PA 15215",15215,2026-09-28,2026-09-28,90000,90000,zillow,https://www.zillow.com/homedetails/102-N-Main-St-Pittsburgh-PA-15215/452429752_zpid/,listed,,weekly sweep 2026-09-28,
206 clay st|15215,"206 Clay St, Pittsburgh, PA 15215",15215,2026-09-28,2026-09-28,185000,185000,both,https://www.redfin.com/PA/Pittsburgh/206-208-Clay-St-15215/home/147574999,listed,,weekly sweep 2026-09-28,yes
209 n main st|15215,"209 N Main St, Sharpsburg, PA 15215",15215,2026-09-28,2026-09-28,499999,499999,zillow,https://www.zillow.com/homedetails/209-N-Main-St-Sharpsburg-PA-15215/461073657_zpid/,listed,,weekly sweep 2026-09-28,
216 clifton ave|15215,"216 Clifton Ave, Pittsburgh, PA 15215",15215,2026-09-28,2026-09-28,325000,325000,both,https://www.redfin.com/PA/Pittsburgh/216-Clifton-Ave-15215/home/74511332,listed,,weekly sweep 2026-09-28,
222 n main st|15215,"222 N Main St, Pittsburgh, PA 15215",15215,2026-09-28,2026-09-28,209000,209000,both,https://www.redfin.com/PA/Pittsburgh/222-N-Main-St-15215/home/74510282,listed,,weekly sweep 2026-09-28,yes
227 9th st|15215,"227 9th St, Sharpsburg, PA 15215",15215,2026-09-28,2026-09-28,180500,180500,both,https://www.redfin.com/PA/Sharpsburg/227-9th-St-15215/home/74510202,listed,,weekly sweep 2026-09-28,yes
304 pilgrim way|15215,"304 Pilgrim Way, Pittsburgh, PA 15215",15215,2026-09-28,2026-09-28,174900,174900,both,https://www.redfin.com/PA/Pittsburgh/304-Pilgrim-Way-15215/home/74510245,listed,,weekly sweep 2026-09-28,yes
806808 penn st|15215,"806-808 Penn St, Pittsburgh, PA 15215",15215,2026-09-28,2026-09-28,154900,154900,both,https://www.redfin.com/PA/Pittsburgh/806-808-Penn-St-15215/home/204568124,listed,,weekly sweep 2026-09-28,yes
1217 mcneilly ave|15216,"1217 Mcneilly Ave, Pittsburgh, PA 15216",15216,2026-09-28,2026-09-28,250000,250000,both,https://www.redfin.com/PA/Pittsburgh/1217-McNeilly-Ave-15216/home/74768196,listed,,weekly sweep 2026-09-28,
1305 methyl st|15216,"1305 Methyl St, Pittsburgh, PA 15216",15216,2026-09-28,2026-09-28,265000,265000,both,https://www.redfin.com/PA/Pittsburgh/1305-Methyl-St-15216/home/74512616,listed,,weekly sweep 2026-09-28,
1314 kenberma ave|15216,"1314 Kenberma Ave, Pittsburgh, PA 15216",15216,2026-09-28,2026-09-28,255000,255000,both,https://www.redfin.com/PA/Pittsburgh/1314-Kenberma-Ave-15216/home/74597179,listed,,weekly sweep 2026-09-28,yes
1527 rutherford ave|15216,"1527 Rutherford Ave, Pittsburgh, PA 15216",15216,2026-09-28,2026-09-28,249000,249000,both,https://www.redfin.com/PA/Pittsburgh/1527-Rutherford-Ave-15216/home/74597285,listed,,weekly sweep 2026-09-28,yes
25142516 dalemount st|15216,"2514-2516 Dalemount St, Pittsburgh, PA 15216",15216,2026-09-28,2026-09-28,249900,249900,both,https://www.redfin.com/PA/Pittsburgh/2516-Dalemount-St-15216/home/205658572,listed,,weekly sweep 2026-09-28,
1043 welfer st|15217,"1043 Welfer St, Pittsburgh, PA 15217",15217,2026-09-28,2026-09-28,390000,390000,redfin,https://www.redfin.com/PA/Pittsburgh/1043-Welfer-St-15217/home/74755262,listed,,weekly sweep 2026-09-28,
1048 mirror st|15217,"1048 Mirror St, Pittsburgh, PA 15217",15217,2026-09-28,2026-09-28,370000,370000,redfin,https://www.redfin.com/PA/Pittsburgh/1048-Mirror-St-15217/home/74755248,listed,,weekly sweep 2026-09-28,
1107 greenfield ave|15217,"1107 Greenfield Ave, Pittsburgh, PA 15217",15217,2026-09-28,2026-09-28,399500,399500,redfin,https://www.redfin.com/PA/Pittsburgh/1107-Greenfield-Ave-15217/home/74757952,listed,,weekly sweep 2026-09-28,
1349 beechwood blvd|15217,"1349 Beechwood Blvd, Pittsburgh, PA 15217",15217,2026-09-28,2026-09-28,695000,695000,both,https://www.redfin.com/PA/Pittsburgh/1349-Beechwood-Blvd-15217/home/74750201,listed,,weekly sweep 2026-09-28,
1900 wightman st|15217,"1900 Wightman St, Pittsburgh, PA 15217",15217,2026-09-28,2026-09-28,1099000,1099000,zillow,https://www.zillow.com/homedetails/1900-Wightman-St-Pittsburgh-PA-15217/11631971_zpid/,listed,,weekly sweep 2026-09-28,
2207 imperial st|15217,"2207 Imperial St, Pittsburgh, PA 15217",15217,2026-09-28,2026-09-28,519900,519900,redfin,https://www.redfin.com/PA/Pittsburgh/2207-Imperial-St-15217/home/74477265,listed,,weekly sweep 2026-09-28,
3809 beechwood blvd|15217,"3809 Beechwood Blvd, Pittsburgh, PA 15217",15217,2026-09-28,2026-09-28,280000,280000,redfin,https://www.redfin.com/PA/Pittsburgh/3809-3811-Beechwood-Blvd-15217/home/185095655,listed,,weekly sweep 2026-09-28,yes
38093811 beechwood blvd|15217,"3809-3811 Beechwood Blvd, Pittsburgh, PA 15217",15217,2026-09-28,2026-09-28,280000,280000,zillow,https://www.zillow.com/homedetails/3809-3811-Beechwood-Blvd-Pittsburgh-PA-15217/11635754_zpid/,listed,,weekly sweep 2026-09-28,yes
3825 beechwood blvd|15217,"3825 Beechwood Blvd, Pittsburgh, PA 15217",15217,2026-09-28,2026-09-28,230000,230000,redfin,https://www.redfin.com/PA/Pittsburgh/3825-Beechwood-Blvd-15217/home/201238953,listed,,weekly sweep 2026-09-28,yes
4336 murray ave|15217,"4336 Murray Ave, Pittsburgh, PA 15217",15217,2026-09-28,2026-09-28,449500,449500,redfin,https://www.redfin.com/PA/Pittsburgh/4336-Murray-Ave-15217/home/73534557,listed,,weekly sweep 2026-09-28,
5624 woodmont st|15217,"5624 Woodmont St, Pittsburgh, PA 15217",15217,2026-09-28,2026-09-28,509900,509900,both,https://www.redfin.com/PA/Pittsburgh/5624-Woodmont-St-15217/home/74750567,listed,,weekly sweep 2026-09-28,
5644 beacon st|15217,"5644 Beacon St, Pittsburgh, PA 15217",15217,2026-09-28,2026-09-28,475000,475000,both,https://www.redfin.com/PA/Pittsburgh/5644-Beacon-St-15217/home/74751478,listed,,weekly sweep 2026-09-28,
5658 northumberland st|15217,"5658 Northumberland St, Pittsburgh, PA 15217",15217,2026-09-28,2026-09-28,389000,389000,both,https://www.redfin.com/PA/Pittsburgh/5658-Northumberland-St-15217/home/74750662,listed,,weekly sweep 2026-09-28,
5706 darlington rd|15217,"5706 Darlington Rd, Pittsburgh, PA 15217",15217,2026-09-28,2026-09-28,925000,925000,redfin,https://www.redfin.com/PA/Pittsburgh/5706-Darlington-Rd-15217/home/74751399,listed,,weekly sweep 2026-09-28,
5708 solway st|15217,"5708 Solway St, Pittsburgh, PA 15217",15217,2026-09-28,2026-09-28,695000,695000,both,https://www.redfin.com/PA/Pittsburgh/5708-Solway-St-15217/home/74750594,listed,,weekly sweep 2026-09-28,
602 s dallas ave|15217,"602 S Dallas Ave, Pittsburgh, PA 15217",15217,2026-09-28,2026-09-28,499900,499900,zillow,https://www.zillow.com/homedetails/602-S-Dallas-Ave-Pittsburgh-PA-15217/11287915_zpid/,listed,,weekly sweep 2026-09-28,
616618 montclair st|15217,"616-618 Montclair St, Pittsburgh, PA 15217",15217,2026-09-28,2026-09-28,1250000,1250000,redfin,https://www.redfin.com/PA/Pittsburgh/618-Montclair-St-15217/home/147567620,listed,,weekly sweep 2026-09-28,
6336 phillips ave|15217,"6336 Phillips Ave, Pittsburgh, PA 15217",15217,2026-09-28,2026-09-28,600000,600000,redfin,https://www.redfin.com/PA/Pittsburgh/6336-Phillips-Ave-15217/home/74754192,listed,,weekly sweep 2026-09-28,
6430 bartlett st|15217,"6430 Bartlett St, Pittsburgh, PA 15217",15217,2026-09-28,2026-09-28,874500,874500,zillow,https://www.zillow.com/homedetails/6430-Bartlett-St-Pittsburgh-PA-15217/11632223_zpid/,listed,,weekly sweep 2026-09-28,
1611 aurelius st|15218,"1611 Aurelius St, Pittsburgh, PA 15218",15218,2026-09-28,2026-09-28,275000,275000,both,https://www.redfin.com/PA/Pittsburgh/1611-Aurelius-St-15218/home/74518704,listed,,weekly sweep 2026-09-28,
1751 harvard ave|15218,"1751 Harvard Ave, Pittsburgh, PA 15218",15218,2026-09-28,2026-09-28,300000,300000,both,https://www.redfin.com/PA/Pittsburgh/1751-Harvard-Ave-15218/home/74518865,listed,,weekly sweep 2026-09-28,
2120 columbia ave|15218,"2120 Columbia Ave, Pittsburgh, PA 15218",15218,2026-09-28,2026-09-28,300000,300000,both,https://www.redfin.com/PA/Pittsburgh/2120-Columbia-Ave-15218/home/73547631,listed,,weekly sweep 2026-09-28,
2201 hawthorne ave|15218,"2201 Hawthorne Ave, Pittsburgh, PA 15218",15218,2026-09-28,2026-09-28,590000,590000,both,https://www.redfin.com/PA/Pittsburgh/2201-Hawthorne-Ave-15218/home/74519486,listed,,weekly sweep 2026-09-28,
2319 12 patterson ave|15218,"2319 1/2 Patterson Ave, Pittsburgh, PA 15218",15218,2026-09-28,2026-09-28,849000,849000,zillow,https://www.zillow.com/homedetails/2319-1-2-Patterson-Ave-Pittsburgh-PA-15218/465320197_zpid/,listed,,weekly sweep 2026-09-28,
2319 12 patterson|15218,"2319 1/2 Patterson, Swissvale, PA 15218",15218,2026-09-28,2026-09-28,849000,849000,redfin,https://www.redfin.com/PA/Swissvale/2319-1-2-Patterson-Ave-15218/home/205563730,listed,,weekly sweep 2026-09-28,
7237 whipple st|15218,"7237 Whipple St, Pittsburgh, PA 15218",15218,2026-09-28,2026-09-28,210000,210000,both,https://www.redfin.com/PA/Pittsburgh/7237-Whipple-St-15218/home/73497485,listed,,weekly sweep 2026-09-28,yes
7500 ellesmere st|15218,"7500 Ellesmere St, Pittsburgh, PA 15218",15218,2026-09-28,2026-09-28,499900,499900,both,https://www.redfin.com/PA/Pittsburgh/7500-Ellesmere-St-15218/home/74548424,listed,,weekly sweep 2026-09-28,
75197521 roslyn st|15218,"7519-7521 Roslyn St, Pittsburgh, PA 15218",15218,2026-09-28,2026-09-28,224000,224000,both,https://www.redfin.com/PA/Pittsburgh/7519-7521-Roslyn-St-15218/home/185211224,listed,,weekly sweep 2026-09-28,
2029 rose st|15219,"2029 Rose St, Pittsburgh, PA 15219",15219,2026-09-28,2026-09-28,329900,329900,both,https://www.redfin.com/PA/Pittsburgh/2029-Rose-St-15219/home/74457449,listed,,weekly sweep 2026-09-28,
23 seneca st|15219,"23 Seneca St, Pittsburgh, PA 15219",15219,2026-09-28,2026-09-28,200000,200000,zillow,https://www.zillow.com/homedetails/23-Seneca-St-Pittsburgh-PA-15219/11273357_zpid/,listed,,weekly sweep 2026-09-28,yes
2566 centre ave|15219,"2566 Centre Ave, Pittsburgh, PA 15219",15219,2026-09-28,2026-09-28,285000,285000,zillow,https://www.zillow.com/homedetails/2566-Centre-Ave-Pittsburgh-PA-15219/11261022_zpid/,listed,,weekly sweep 2026-09-28,
2566 centre|15219,"2566 Centre, Pittsburgh, PA 15219",15219,2026-09-28,2026-09-28,285000,285000,redfin,https://www.redfin.com/PA/Pittsburgh/2566-Centre-Ave-15219/home/74457154,listed,,weekly sweep 2026-09-28,
519 francis st|15219,"519 Francis St, Pittsburgh, PA 15219",15219,2026-09-28,2026-09-28,50000,50000,both,https://www.redfin.com/PA/Pittsburgh/519-Francis-St-15219/home/74457219,listed,,weekly sweep 2026-09-28,
725 clarissa st|15219,"725 Clarissa St, Pittsburgh, PA 15219",15219,2026-09-28,2026-09-28,215000,215000,both,https://www.redfin.com/PA/Pittsburgh/725-Clarissa-St-15219/home/74564010,listed,,weekly sweep 2026-09-28,
1008 chartiers ave|15220,"1008 Chartiers Ave, Pittsburgh, PA 15220",15220,2026-09-28,2026-09-28,134999,134999,both,https://www.zillow.com/homedetails/1008-Chartiers-Ave-Pittsburgh-PA-15220/11367134_zpid/,listed,,weekly sweep 2026-09-28,
1029 chartiers ave|15220,"1029 Chartiers Ave, Pittsburgh, PA 15220",15220,2026-09-28,2026-09-28,175000,175000,both,https://www.zillow.com/homedetails/1029-Chartiers-Ave-Pittsburgh-PA-15220/11366928_zpid/,listed,,weekly sweep 2026-09-28,
1036 steuben st|15220,"1036 Steuben St, Pittsburgh, PA 15220",15220,2026-09-28,2026-09-28,214900,214900,both,https://www.zillow.com/homedetails/1036-Steuben-St-Pittsburgh-PA-15220/11366967_zpid/,listed,,weekly sweep 2026-09-28,yes
112 wabash st|15220,"112 Wabash St, Pittsburgh, PA 15220",15220,2026-09-28,2026-09-28,350000,350000,both,https://www.zillow.com/homedetails/112-Wabash-St-Pittsburgh-PA-15220/164292876_zpid/,listed,,weekly sweep 2026-09-28,
193335 saw mill run blvd s|15220,"1933-35 Saw Mill Run Blvd S, Pittsburgh, PA 15220",15220,2026-09-28,2026-09-28,525000,525000,zillow,https://www.zillow.com/homedetails/1933-35-Saw-Mill-Run-Blvd-S-Pittsburgh-PA-15220/465320909_zpid/,listed,,weekly sweep 2026-09-28,
410 s main st|15220,"410 S Main St, Pittsburgh, PA 15220",15220,2026-09-28,2026-09-28,485000,485000,both,https://www.zillow.com/homedetails/410-S-Main-St-Pittsburgh-PA-15220/462173421_zpid/,listed,,weekly sweep 2026-09-28,
412 s main st|15220,"412 S Main St, Pittsburgh, PA 15220",15220,2026-09-28,2026-09-28,385000,385000,both,https://www.zillow.com/homedetails/412-S-Main-St-Pittsburgh-PA-15220/462173378_zpid/,listed,,weekly sweep 2026-09-28,
436440 s main st|15220,"436-440 S Main St, Pittsburgh, PA 15220",15220,2026-09-28,2026-09-28,948000,948000,both,https://www.zillow.com/homedetails/436-440-S-Main-St-Pittsburgh-PA-15220/462173375_zpid/,listed,,weekly sweep 2026-09-28,
520 s main st|15220,"520 S Main St, Pittsburgh, PA 15220",15220,2026-09-28,2026-09-28,375000,375000,zillow,https://www.zillow.com/homedetails/520-S-Main-St-Pittsburgh-PA-15220/11362365_zpid/,listed,,weekly sweep 2026-09-28,
10041006 coal st|15221,"1004-1006 Coal St, Pittsburgh, PA 15221",15221,2026-09-28,2026-09-28,175000,175000,redfin,https://www.redfin.com/PA/Pittsburgh/1004-Coal-St-15221/home/202153435,listed,,weekly sweep 2026-09-28,yes
1110 center|15221,"1110 Center, Pittsburgh, PA 15221",15221,2026-09-28,2026-09-28,245000,245000,redfin,https://www.redfin.com/PA/Pittsburgh/1110-Center-St-15221/home/74545138,listed,,weekly sweep 2026-09-28,
121 sumner ave|15221,"121 Sumner Ave, Pittsburgh, PA 15221",15221,2026-09-28,2026-09-28,274750,274750,redfin,https://www.redfin.com/PA/Pittsburgh/121-Sumner-Ave-15221/home/74606513,listed,,weekly sweep 2026-09-28,
16271629 laketon rd|15221,"1627-1629 Laketon Rd, Pittsburgh, PA 15221",15221,2026-09-28,2026-09-28,150000,150000,both,https://www.redfin.com/PA/Pittsburgh/1629-Laketon-Rd-15221/home/196588353,listed,,weekly sweep 2026-09-28,yes
1735 laketon rd|15221,"1735 Laketon Rd, Pittsburgh, PA 15221",15221,2026-09-28,2026-09-28,99500,99500,redfin,https://www.redfin.com/PA/Pittsburgh/1735-Laketon-Rd-15221/home/74544574,listed,,weekly sweep 2026-09-28,yes
20502052 chalfant st|15221,"2050-2052 Chalfant St, Pittsburgh, PA 15221",15221,2026-09-28,2026-09-28,90000,90000,both,https://www.redfin.com/PA/Pittsburgh/2052-Chalfant-St-15221/home/205650476,listed,,weekly sweep 2026-09-28,yes
213 rockwood ave|15221,"213 Rockwood Ave, Pittsburgh, PA 15221",15221,2026-09-28,2026-09-28,149900,149900,redfin,https://www.redfin.com/PA/Pittsburgh/213-Rockwood-Ave-15221/home/74607073,listed,,weekly sweep 2026-09-28,yes
214 biddle ave|15221,"214 Biddle Ave, Pittsburgh, PA 15221",15221,2026-09-28,2026-09-28,465000,465000,both,https://www.redfin.com/PA/Pittsburgh/214-Biddle-Ave-15221/home/74517414,listed,,weekly sweep 2026-09-28,
214 lenox ave|15221,"214 Lenox Ave, Pittsburgh, PA 15221",15221,2026-09-28,2026-09-28,189000,189000,redfin,https://www.redfin.com/PA/Pittsburgh/214-Lenox-Ave-15221/home/74606644,listed,,weekly sweep 2026-09-28,yes
2146 ardmore blvd|15221,"2146 Ardmore Blvd, Pittsburgh, PA 15221",15221,2026-09-28,2026-09-28,299900,299900,redfin,https://www.redfin.com/PA/Pittsburgh/2146-Ardmore-Blvd-15221/home/102193207,listed,,weekly sweep 2026-09-28,
215 s braddock ave|15221,"215 S Braddock Ave, Pittsburgh, PA 15221",15221,2026-09-28,2026-09-28,600000,600000,both,https://www.redfin.com/PA/Pittsburgh/215-S-Braddock-Ave-15221/home/74516246,listed,,weekly sweep 2026-09-28,
2215 ardmore blvd|15221,"2215 Ardmore Blvd, Pittsburgh, PA 15221",15221,2026-09-28,2026-09-28,725000,725000,redfin,https://www.redfin.com/PA/Pittsburgh/2215-Ardmore-Blvd-15221/home/198972917,listed,,weekly sweep 2026-09-28,
300 s trenton ave|15221,"300 S Trenton Ave, Pittsburgh, PA 15221",15221,2026-09-28,2026-09-28,479000,479000,both,https://www.redfin.com/PA/Pittsburgh/300-S-Trenton-Ave-15221/home/74516153,listed,,weekly sweep 2026-09-28,
425 braddock rd|15221,"425 Braddock Rd, Pittsburgh, PA 15221",15221,2026-09-28,2026-09-28,280000,280000,redfin,https://www.redfin.com/PA/Pittsburgh/425-Braddock-Rd-15221/home/74577215,listed,,weekly sweep 2026-09-28,
431 ella st|15221,"431 Ella St, Wilkinsburg, PA 15221",15221,2026-09-28,2026-09-28,150000,150000,both,https://www.redfin.com/PA/Wilkinsburg/431-Ella-St-15221/home/74546678,listed,,weekly sweep 2026-09-28,yes
515 barclay ave|15221,"515 Barclay Ave, Pittsburgh, PA 15221",15221,2026-09-28,2026-09-28,279000,279000,both,https://www.redfin.com/PA/Pittsburgh/515-Barclay-Ave-15221/home/74606095,listed,,weekly sweep 2026-09-28,
549551 ardmore blvd|15221,"549-551 Ardmore Blvd, Pittsburgh, PA 15221",15221,2026-09-28,2026-09-28,150000,150000,redfin,https://www.redfin.com/PA/Pittsburgh/549-551-Ardmore-Blvd-15221/home/189888744,listed,,weekly sweep 2026-09-28,yes
563 s braddock ave|15221,"563 S Braddock Ave, Pittsburgh, PA 15221",15221,2026-09-28,2026-09-28,485000,485000,both,https://www.redfin.com/PA/Pittsburgh/563-S-Braddock-Ave-15221/home/74515903,listed,,weekly sweep 2026-09-28,
7710 waverly st|15221,"7710 Waverly St, Pittsburgh, PA 15221",15221,2026-09-28,2026-09-28,700000,700000,both,https://www.redfin.com/PA/Pittsburgh/7710-Waverly-St-15221/home/74516199,listed,,weekly sweep 2026-09-28,
17 locust st|15223,"17 Locust St, Etna, PA 15223",15223,2026-09-28,2026-09-28,269000,269000,both,https://www.redfin.com/PA/Etna/17-Locust-St-15223/home/74510453,listed,,weekly sweep 2026-09-28,
21 grant ave|15223,"21 Grant Ave, Etna, PA 15223",15223,2026-09-28,2026-09-28,489900,489900,both,https://www.redfin.com/PA/Etna/21-Grant-Ave-15223/home/95670216,listed,,weekly sweep 2026-09-28,
22 james st|15223,"22 James St, Pittsburgh, PA 15223",15223,2026-09-28,2026-09-28,299900,299900,zillow,https://www.zillow.com/homedetails/22-James-St-Pittsburgh-PA-15223/11332989_zpid/,listed,,weekly sweep 2026-09-28,yes
617 butler st|15223,"617 Butler St, Pittsburgh, PA 15223",15223,2026-09-28,2026-09-28,339000,339000,both,https://www.redfin.com/PA/Pittsburgh/617-Butler-St-15223/home/202480150,listed,,weekly sweep 2026-09-28,
224 226 ella st|15224,"224 - 226 Ella St, Pittsburgh, PA 15224",15224,2026-09-28,2026-09-28,599000,599000,redfin,https://www.redfin.com/PA/Pittsburgh/224-226-Ella-St-15224/home/194995842,listed,,weekly sweep 2026-09-28,
224226 ella st|15224,"224-226 Ella St, Pittsburgh, PA 15224",15224,2026-09-28,2026-09-28,599000,599000,zillow,https://www.zillow.com/homedetails/224-226-Ella-St-Pittsburgh-PA-15224/11515010_zpid/,listed,,weekly sweep 2026-09-28,
224226 s pacific ave|15224,"224-226 S Pacific Ave, Pittsburgh, PA 15224",15224,2026-09-28,2026-09-28,1100000,1100000,both,https://www.redfin.com/PA/Pittsburgh/224-S-Pacific-Ave-15224/home/202294376,listed,,weekly sweep 2026-09-28,
312 ella st|15224,"312 Ella St, Pittsburgh, PA 15224",15224,2026-09-28,2026-09-28,279900,279900,both,https://www.redfin.com/PA/Pittsburgh/312-Ella-St-15224/home/74653871,listed,,weekly sweep 2026-09-28,yes
327329 ella st|15224,"327-329 Ella St, Pittsburgh, PA 15224",15224,2026-09-28,2026-09-28,349900,349900,both,https://www.redfin.com/PA/Pittsburgh/329-Ella-St-15224/home/184357477,listed,,weekly sweep 2026-09-28,
4316 penn ave|15224,"4316 Penn Ave, Pittsburgh, PA 15224",15224,2026-09-28,2026-09-28,565000,565000,both,https://www.redfin.com/PA/Pittsburgh/4316-Penn-Ave-15224/home/102191510,listed,,weekly sweep 2026-09-28,
443 cedarville st|15224,"443 Cedarville St, Pittsburgh, PA 15224",15224,2026-09-28,2026-09-28,350000,350000,both,https://www.redfin.com/PA/Pittsburgh/443-Cedarville-St-15224/home/74563562,listed,,weekly sweep 2026-09-28,
49114915 friendship ave|15224,"4911-4915 Friendship Ave, Pittsburgh, PA 15224",15224,2026-09-28,2026-09-28,900000,900000,both,https://www.redfin.com/PA/Pittsburgh/4915-Friendship-Ave-15224/home/74658486,listed,,weekly sweep 2026-09-28,
2088 plainview ave|15226,"2088 Plainview Ave, Pittsburgh, PA 15226",15226,2026-09-28,2026-09-28,165000,165000,both,https://www.zillow.com/homedetails/2088-Plainview-Ave-Pittsburgh-PA-15226/11565374_zpid/,listed,,weekly sweep 2026-09-28,yes
803 brookline blvd|15226,"803 Brookline Blvd, Pittsburgh, PA 15226",15226,2026-09-28,2026-09-28,300000,300000,both,https://www.zillow.com/homedetails/803-Brookline-Blvd-Pittsburgh-PA-15226/11652933_zpid/,listed,,weekly sweep 2026-09-28,
908 brookline blvd|15226,"908 Brookline Blvd, Pittsburgh, PA 15226",15226,2026-09-28,2026-09-28,434900,434900,both,https://www.zillow.com/homedetails/908-Brookline-Blvd-Pittsburgh-PA-15226/464891800_zpid/,listed,,weekly sweep 2026-09-28,
100 catskill ave|15227,"100 Catskill Ave, Pittsburgh, PA 15227",15227,2026-09-28,2026-09-28,265000,265000,both,https://www.redfin.com/PA/Pittsburgh/100-Catskill-Ave-15227/home/74489249,listed,,weekly sweep 2026-09-28,
102 stewart ave|15227,"102 Stewart Ave, Pittsburgh, PA 15227",15227,2026-09-28,2026-09-28,189900,189900,both,https://www.redfin.com/PA/Pittsburgh/102-Stewart-Ave-15227/home/73568393,listed,,weekly sweep 2026-09-28,yes
10211023 joseph st|15227,"1021-1023 Joseph St, Pittsburgh, PA 15227",15227,2026-09-28,2026-09-28,219900,219900,both,https://www.redfin.com/PA/Pittsburgh/1021-Joseph-St-15227/home/202032275,listed,,weekly sweep 2026-09-28,yes
218220 pointview rd|15227,"218-220 Pointview Rd, Pittsburgh, PA 15227",15227,2026-09-28,2026-09-28,510000,510000,zillow,https://www.zillow.com/homedetails/218-220-Pointview-Rd-Pittsburgh-PA-15227/11353665_zpid/,listed,,weekly sweep 2026-09-28,
218220 pointview|15227,"218-220 Pointview, Pittsburgh, PA 15227",15227,2026-09-28,2026-09-28,510000,510000,redfin,https://www.redfin.com/PA/Pittsburgh/218-220-Pointview-Rd-15227/home/191833910,listed,,weekly sweep 2026-09-28,
2611 brownsville rd|15227,"2611 Brownsville Rd, Pittsburgh, PA 15227",15227,2026-09-28,2026-09-28,639000,639000,redfin,https://www.redfin.com/PA/Pittsburgh/2611-Brownsville-Rd-15227/home/187634335,listed,,weekly sweep 2026-09-28,
2729 custer ave|15227,"2729 Custer Ave, Pittsburgh, PA 15227",15227,2026-09-28,2026-09-28,282000,282000,both,https://www.redfin.com/PA/Pittsburgh/2729-Custer-Ave-15227/home/74762306,listed,,weekly sweep 2026-09-28,
276769 1 churchview ave glen elm|15227,"2767-69 & 1 Churchview Ave & Glen Elm, Pittsburgh, PA 15227",15227,2026-09-28,2026-09-28,2200000,2200000,redfin,https://www.redfin.com/PA/Pittsburgh/2767-Churchview-Ave-15227/home/189830033,listed,,weekly sweep 2026-09-28,
276769 1 churchview ave|15227,"2767-69 & 1 Churchview Ave, Pittsburgh, PA 15227",15227,2026-09-28,2026-09-28,2200000,2200000,zillow,https://www.zillow.com/homedetails/2767-69-1-Churchview-Ave-Pittsburgh-PA-15227/464515886_zpid/,listed,,weekly sweep 2026-09-28,
2927 pyramid ave|15227,"2927 Pyramid Ave, Pittsburgh, PA 15227",15227,2026-09-28,2026-09-28,175000,175000,both,https://www.redfin.com/PA/Pittsburgh/2927-Pyramid-Ave-15227/home/74488224,listed,,weekly sweep 2026-09-28,yes
2960 churchview ave|15227,"2960 Churchview Ave, Pittsburgh, PA 15227",15227,2026-09-28,2026-09-28,190000,190000,both,https://www.redfin.com/PA/Pittsburgh/2960-Churchview-Ave-15227/home/73534436,listed,,weekly sweep 2026-09-28,yes
512 brinwood ave|15227,"512 Brinwood Ave, Pittsburgh, PA 15227",15227,2026-09-28,2026-09-28,199500,199500,both,https://www.redfin.com/PA/Pittsburgh/512-Brinwood-Ave-15227/home/74762370,listed,,weekly sweep 2026-09-28,yes
133 glenmore ave|15229,"133 Glenmore Ave, Pittsburgh, PA 15229",15229,2026-09-28,2026-09-28,280000,280000,both,https://www.redfin.com/PA/Pittsburgh/133-Glenmore-Ave-15229/home/74567772,listed,,weekly sweep 2026-09-28,
3768 willow ave|15234,"3768 Willow Ave, Castle Shannon, PA 15234",15234,2026-09-28,2026-09-28,1199999,1199999,both,https://www.redfin.com/PA/Castle-Shannon/3768-Willow-Ave-15234/home/201701671,listed,,weekly sweep 2026-09-28,
852 killarney dr|15234,"852 Killarney Dr, Castle Shannon, PA 15234",15234,2026-09-28,2026-09-28,240000,240000,both,https://www.redfin.com/PA/Castle-Shannon/852-Killarney-Dr-15234/home/203160415,listed,,weekly sweep 2026-09-28,
900 park ave|15234,"900 Park Ave, Pittsburgh, PA 15234",15234,2026-09-28,2026-09-28,199900,199900,both,https://www.redfin.com/PA/Pittsburgh/900-Park-Ave-15234/home/147520444,listed,,weekly sweep 2026-09-28,
946948 sleepy hollow rd|15234,"946-948 Sleepy Hollow Rd, Pittsburgh, PA 15234",15234,2026-09-28,2026-09-28,325000,325000,both,https://www.redfin.com/PA/Pittsburgh/946-948-Sleepy-Hollow-Rd-15234/home/205400684,listed,,weekly sweep 2026-09-28,
119 pennridge ct|15235,"1-19 Pennridge Ct, Pittsburgh, PA 15235",15235,2026-09-28,2026-09-28,1600000,1600000,both,https://www.redfin.com/PA/Pittsburgh/1-19-Pennridge-Ct-15235/home/189791546,listed,,weekly sweep 2026-09-28,
12810 frankstown rd|15235,"12810 Frankstown Rd, Penn Hills Township, PA 15235",15235,2026-09-28,2026-09-28,249900,249900,both,https://www.redfin.com/PA/Penn-Hills-Township/12810-Frankstown-Rd-15235/home/204668643,listed,,weekly sweep 2026-09-28,
2346 main st|15235,"2346 Main St, Penn Hills, PA 15235",15235,2026-09-28,2026-09-28,259000,259000,both,https://www.redfin.com/PA/Penn-Hills/2346-Main-St-15235/home/74698184,listed,,weekly sweep 2026-09-28,
643645 homewood dr|15235,"643-645 Homewood Dr, Pittsburgh, PA 15235",15235,2026-09-28,2026-09-28,299900,299900,both,https://www.redfin.com/PA/Pittsburgh/643-Homewood-Dr-15235/home/205669805,listed,,weekly sweep 2026-09-28,
95 hilda st|15235,"95 Hilda St, Pittsburgh, PA 15235",15235,2026-09-28,2026-09-28,177500,177500,both,https://www.redfin.com/PA/Pittsburgh/95-Hilda-St-15235/home/73570294,listed,,weekly sweep 2026-09-28,yes
9930 frankstown rd|15235,"9930 Frankstown Rd, Pittsburgh, PA 15235",15235,2026-09-28,2026-09-28,150000,150000,both,https://www.redfin.com/PA/Pittsburgh/9930-Frankstown-Rd-15235/home/74574099,listed,,weekly sweep 2026-09-28,
1090 jefferson ave|15301,"1090 Jefferson Ave, Washington, PA 15301",15301,2026-09-28,2026-09-28,,,zillow,https://www.zillow.com/homedetails/1090-Jefferson-Ave-Washington-PA-15301/245495566_zpid/,listed,,weekly sweep 2026-09-28,
116 hall ave|15301,"116 Hall Ave, Washington, PA 15301",15301,2026-09-28,2026-09-28,200000,200000,redfin,https://www.redfin.com/PA/Washington/116-Hall-Ave-15301/home/70094240,listed,,weekly sweep 2026-09-28,yes
127 n main st|15301,"127 N Main St, Washington, PA 15301",15301,2026-09-28,2026-09-28,474900,474900,redfin,https://www.redfin.com/PA/Washington/127-N-Main-St-15301/home/102192286,listed,,weekly sweep 2026-09-28,
161 hall ave|15301,"161 Hall Ave, Washington, PA 15301",15301,2026-09-28,2026-09-28,475000,475000,both,https://www.redfin.com/PA/Washington/161-Hall-Ave-15301/home/113463125,listed,,weekly sweep 2026-09-28,
173 church st|15301,"173 Church St, Washington, PA 15301",15301,2026-09-28,2026-09-28,349000,349000,both,https://www.redfin.com/PA/Washington/173-Church-St-15301/home/113463123,listed,,weekly sweep 2026-09-28,
21 n wade ave|15301,"21 N Wade Ave, Washington, PA 15301",15301,2026-09-28,2026-09-28,290000,290000,redfin,https://www.redfin.com/PA/Washington/21-N-Wade-Ave-15301/home/102215445,listed,,weekly sweep 2026-09-28,
298 park ave|15301,"298 Park Ave #306, Washington, PA 15301",15301,2026-09-28,2026-09-28,550000,550000,zillow,https://www.zillow.com/homedetails/298-Park-Ave-306-Washington-PA-15301/462173376_zpid/,listed,,weekly sweep 2026-09-28,
298306 park ave|15301,"298-306 Park Ave, Washington, PA 15301",15301,2026-09-28,2026-09-28,550000,550000,redfin,https://www.redfin.com/PA/Washington/298-Park-Ave-15301/home/70070099,listed,,weekly sweep 2026-09-28,
445449 jefferson ave|15301,"445-449 Jefferson Ave, Washington, PA 15301",15301,2026-09-28,2026-09-28,160000,160000,redfin,https://www.redfin.com/PA/Washington/445-Jefferson-Ave-15301/home/102202170,listed,,weekly sweep 2026-09-28,yes
450 jefferson ave|15301,"450 Jefferson Ave, Washington, PA 15301",15301,2026-09-28,2026-09-28,140000,140000,both,https://www.redfin.com/PA/Washington/450-Jefferson-Ave-15301/home/70095919,listed,,weekly sweep 2026-09-28,yes
460 jefferson ave|15301,"460 Jefferson Ave, Washington, PA 15301",15301,2026-09-28,2026-09-28,135000,135000,redfin,https://www.redfin.com/PA/Washington/460-Jefferson-Ave-15301/home/70095918,listed,,weekly sweep 2026-09-28,yes
517 s main st|15301,"517 S Main St, Washington, PA 15301",15301,2026-09-28,2026-09-28,190000,190000,redfin,https://www.redfin.com/PA/Washington/517-S-Main-St-15301/home/147504482,listed,,weekly sweep 2026-09-28,
540 w chestnut st|15301,"540 W Chestnut St, Washington, PA 15301",15301,2026-09-28,2026-09-28,121900,121900,redfin,https://www.redfin.com/PA/Washington/540-W-Chestnut-St-15301/home/102197187,listed,,weekly sweep 2026-09-28,yes
660 e maiden st|15301,"660 E Maiden St, Washington, PA 15301",15301,2026-09-28,2026-09-28,275000,275000,zillow,https://www.zillow.com/homedetails/660-E-Maiden-St-Washington-PA-15301/49806530_zpid/,listed,,weekly sweep 2026-09-28,
720 e maiden st|15301,"720 E Maiden St, Washington, PA 15301",15301,2026-09-28,2026-09-28,165000,165000,both,https://www.redfin.com/PA/Washington/720-E-Maiden-St-15301/home/70094751,listed,,weekly sweep 2026-09-28,
75 angle st|15301,"75 Angle St, Washington, PA 15301",15301,2026-09-28,2026-09-28,165000,165000,both,https://www.redfin.com/PA/Washington/75-Angle-St-15301/home/70094728,listed,,weekly sweep 2026-09-28,
757 buena vista st|15301,"757 Buena Vista St, Washington, PA 15301",15301,2026-09-28,2026-09-28,228500,228500,both,https://www.redfin.com/PA/Washington/757-Buena-Vista-St-15301/home/178582659,listed,,weekly sweep 2026-09-28,
221 vine st|15317,"221 Vine St, Canonsburg, PA 15317",15317,2026-09-28,2026-09-28,230000,230000,both,https://www.redfin.com/PA/Canonsburg/221-Vine-St-15317/home/70036075,listed,,weekly sweep 2026-09-28,
321 greenside ave|15317,"321 Greenside Ave, Canonsburg, PA 15317",15317,2026-09-28,2026-09-28,299900,299900,both,https://www.redfin.com/PA/Canonsburg/321-Greenside-Ave-15317/home/113449041,listed,,weekly sweep 2026-09-28,
353 euclid ave|15317,"353 Euclid Ave, Canonsburg, PA 15317",15317,2026-09-28,2026-09-28,164900,164900,both,https://www.redfin.com/PA/Canonsburg/353-Euclid-Ave-15317/home/160760350,listed,,weekly sweep 2026-09-28,yes
homes available soon plan|15317,"Homes Available Soon Plan, Mcmurray, PA 15317",15317,2026-09-28,2026-09-28,,,redfin,https://www.redfin.com/PA/McMurray/McMurray/Homes-Available-Soon/home/202218745,listed,,weekly sweep 2026-09-28,
155 s mt vernon ave|15401,"155 S Mount Vernon Ave, Uniontown, PA 15401",15401,2026-09-28,2026-09-28,124999,124999,zillow,https://www.zillow.com/homedetails/155-S-Mount-Vernon-Ave-Uniontown-PA-15401/53337116_zpid/,listed,,weekly sweep 2026-09-28,yes
155 s mt vernon|15401,"155 South Mt. Vernon, Uniontown, PA 15401",15401,2026-09-28,2026-09-28,124999,124999,redfin,https://www.redfin.com/PA/Uniontown/155-S-Mount-Vernon-Ave-15401/home/127492920,listed,,weekly sweep 2026-09-28,
20 lawn ave rear|15401,"20 Lawn Ave Rear, Uniontown, PA 15401",15401,2026-09-28,2026-09-28,385000,385000,redfin,https://www.redfin.com/PA/Uniontown/20-Lawn-Ave-15401/home/127360835,listed,,weekly sweep 2026-09-28,
20 lawn ave|15401,"20 Lawn Ave, Uniontown, PA 15401",15401,2026-09-28,2026-09-28,385000,385000,zillow,https://www.zillow.com/homedetails/20-Lawn-Ave-Uniontown-PA-15401/53338275_zpid/,listed,,weekly sweep 2026-09-28,
23 jamison st|15401,"23 Jamison St, Uniontown, PA 15401",15401,2026-09-28,2026-09-28,114900,114900,both,https://www.redfin.com/PA/Uniontown/23-Jamison-St-15401/home/126911538,listed,,weekly sweep 2026-09-28,yes
277 n gallatin ave|15401,"277 N Gallatin Ave, Uniontown, PA 15401",15401,2026-09-28,2026-09-28,649000,649000,both,https://www.redfin.com/PA/Uniontown/277-N-Gallatin-Ave-15401/home/189585652,listed,,weekly sweep 2026-09-28,
367 morgantown st|15401,"367 Morgantown St, Uniontown, PA 15401",15401,2026-09-28,2026-09-28,249900,249900,both,https://www.redfin.com/PA/Uniontown/367-Morgantown-St-15401/home/126966704,listed,,weekly sweep 2026-09-28,
72 w craig st|15401,"72 W Craig St, Uniontown, PA 15401",15401,2026-09-28,2026-09-28,144900,144900,both,https://www.redfin.com/PA/Uniontown/72-W-Craig-St-15401/home/127082008,listed,,weekly sweep 2026-09-28,yes
83 s mt vernon ave|15401,"83 S Mount Vernon Ave, Uniontown, PA 15401",15401,2026-09-28,2026-09-28,140000,140000,both,https://www.redfin.com/PA/Uniontown/83-S-Mount-Vernon-Ave-15401/home/126900290,listed,,weekly sweep 2026-09-28,yes
214 e s st|15425,"214 E South St, Connellsville, PA 15425",15425,2026-09-28,2026-09-28,,,zillow,https://www.zillow.com/homedetails/214-E-South-St-Connellsville-PA-15425/53270959_zpid/,listed,,weekly sweep 2026-09-28,
904906 s pittsburgh st|15425,"904-906 S Pittsburgh St, Connellsville, PA 15425",15425,2026-09-28,2026-09-28,200000,200000,both,https://www.redfin.com/PA/Connellsville/904-906-S-Pittsburgh-ST-15425/home/205583748,listed,,weekly sweep 2026-09-28,yes
537 n edgewood ave|15501,"537 N Edgewood Ave, Somerset, PA 15501",15501,2026-09-28,2026-09-28,249000,249000,both,https://www.redfin.com/PA/Somerset/537-N-Edgewood-Ave-15501/home/138986245,listed,,weekly sweep 2026-09-28,
639 s ankeny ave|15501,"639 S Ankeny Ave, Somerset, PA 15501",15501,2026-09-28,2026-09-28,242500,242500,both,https://www.redfin.com/PA/Somerset/639-S-Ankeny-Ave-15501/home/138938765,listed,,weekly sweep 2026-09-28,yes
1020 ln way|15601,"1020 Lane Way, Greensburg, PA 15601",15601,2026-09-28,2026-09-28,105000,105000,redfin,https://www.redfin.com/PA/Greensburg/1020-Lane-Way-15601/home/69197302,listed,,weekly sweep 2026-09-28,yes
112 alexander ave|15601,"112 Alexander Ave, Greensburg, PA 15601",15601,2026-09-28,2026-09-28,595000,595000,both,https://www.redfin.com/PA/Greensburg/112-Alexander-Ave-15601/home/198200089,listed,,weekly sweep 2026-09-28,
13 n maple|15601,"13 N Maple, Greensburg, PA 15601",15601,2026-09-28,2026-09-28,680000,680000,redfin,https://www.redfin.com/PA/Greensburg/13-N-Maple-Ave-15601/home/101684940,listed,,weekly sweep 2026-09-28,
1365 mt pleasant rd|15601,"1365 Mount Pleasant Rd, Greensburg, PA 15601",15601,2026-09-28,2026-09-28,775000,775000,both,https://www.redfin.com/PA/Greensburg/1365-Mount-Pleasant-Rd-15601/home/194653268,listed,,weekly sweep 2026-09-28,
210 tollgate hill rd|15601,"210 Tollgate Hill Rd, Greensburg, PA 15601",15601,2026-09-28,2026-09-28,315000,315000,redfin,https://www.redfin.com/PA/Greensburg/210-Tollgate-Hill-Rd-15601/home/203149169,listed,,weekly sweep 2026-09-28,
323 e pittsburgh st|15601,"323 E Pittsburgh St, Greensburg, PA 15601",15601,2026-09-28,2026-09-28,229900,229900,zillow,https://www.zillow.com/homedetails/323-E-Pittsburgh-St-Greensburg-PA-15601/10621124_zpid/,listed,,weekly sweep 2026-09-28,
323 e pittsburgh|15601,"323 E Pittsburgh, Greensburg, PA 15601",15601,2026-09-28,2026-09-28,229900,229900,redfin,https://www.redfin.com/PA/Greensburg/323-E-Pittsburgh-St-15601/home/69195467,listed,,weekly sweep 2026-09-28,
328 seminary ave|15601,"328 Seminary Ave, Greensburg, PA 15601",15601,2026-09-28,2026-09-28,185000,185000,zillow,https://www.zillow.com/homedetails/328-Seminary-Ave-Greensburg-PA-15601/10622048_zpid/,listed,,weekly sweep 2026-09-28,
328 seminary|15601,"328 Seminary, Greensburg, PA 15601",15601,2026-09-28,2026-09-28,185000,185000,redfin,https://www.redfin.com/PA/Greensburg/328-Seminary-Ave-15601/home/69196378,listed,,weekly sweep 2026-09-28,
49 n spring st|15601,"49 N Spring St, Blairsville, PA 15601",15601,2026-09-28,2026-09-28,229900,229900,redfin,https://www.redfin.com/PA/Blairsville/49-N-Spring-St-15717/home/69195124,listed,,weekly sweep 2026-09-28,
524 chestnut st|15601,"524 Chestnut St, Greensburg, PA 15601",15601,2026-09-28,2026-09-28,189500,189500,both,https://www.redfin.com/PA/Greensburg/524-Chestnut-St-15601/home/172404954,listed,,weekly sweep 2026-09-28,yes
600 green st|15601,"600 Green St, Greensburg, PA 15601",15601,2026-09-28,2026-09-28,499900,499900,both,https://www.redfin.com/PA/Greensburg/600-Green-St-15601/home/191763495,listed,,weekly sweep 2026-09-28,
62 madison ave|15601,"62 Madison Ave, Greensburg, PA 15601",15601,2026-09-28,2026-09-28,225000,225000,zillow,https://www.zillow.com/homedetails/62-Madison-Ave-Greensburg-PA-15601/10621513_zpid/,listed,,weekly sweep 2026-09-28,
765 w otterman st|15601,"765 W Otterman St, Greensburg, PA 15601",15601,2026-09-28,2026-09-28,160000,160000,both,https://www.redfin.com/PA/Greensburg/765-W-Otterman-St-15601/home/69194828,listed,,weekly sweep 2026-09-28,yes
finch plan|15601,"Finch Plan, Greensburg, PA 15601",15601,2026-09-28,2026-09-28,349990,349990,redfin,https://www.redfin.com/PA/Greensburg/Greensburg/Finch/home/188284977,listed,,weekly sweep 2026-09-28,
hamilton duplex plan|15601,"Hamilton Duplex Plan, Greensburg, PA 15601",15601,2026-09-28,2026-09-28,344990,344990,redfin,https://www.redfin.com/PA/Greensburg/Greensburg/Hamilton-Duplex/home/193653760,listed,,weekly sweep 2026-09-28,
kennedy duplex plan|15601,"Kennedy Duplex Plan, Greensburg, PA 15601",15601,2026-09-28,2026-09-28,349990,349990,redfin,https://www.redfin.com/PA/Greensburg/Greensburg/Kennedy-Duplex/home/198811448,listed,,weekly sweep 2026-09-28,
starling plan|15601,"Starling Plan, Greensburg, PA 15601",15601,2026-09-28,2026-09-28,350990,350990,redfin,https://www.redfin.com/PA/Greensburg/Greensburg/Starling/home/188283522,listed,,weekly sweep 2026-09-28,
139 front st|15642,"139 Front St #141, North Huntingdon, PA 15642",15642,2026-09-28,2026-09-28,182000,182000,zillow,https://www.zillow.com/homedetails/139-Front-St-141-North-Huntingdon-PA-15642/10723100_zpid/,listed,,weekly sweep 2026-09-28,yes
139141 front st|15642,"139-141 Front St, North Huntingdon, PA 15642",15642,2026-09-28,2026-09-28,182000,182000,redfin,https://www.redfin.com/PA/North-Huntingdon/139-141-Front-St-15642/home/205531096,listed,,weekly sweep 2026-09-28,yes
700 bridge st|15642,"700 Bridge St, North Huntingdon, PA 15642",15642,2026-09-28,2026-09-28,210000,210000,zillow,https://www.zillow.com/homedetails/700-Bridge-St-North-Huntingdon-PA-15642/186808365_zpid/,listed,,weekly sweep 2026-09-28,yes
725 pine st|15642,"725 Pine St, Irwin, PA 15642",15642,2026-09-28,2026-09-28,120000,120000,both,https://www.redfin.com/PA/Irwin/725-Pine-St-15642/home/69198876,listed,,weekly sweep 2026-09-28,
130113015 penn ave|15644,"1301-1301.5 Penn Ave, Jeannette, PA 15644",15644,2026-09-28,2026-09-28,114900,114900,both,https://www.redfin.com/PA/Jeannette/1301-Penn-Ave-15644/home/69200166,listed,,weekly sweep 2026-09-28,yes
224 s 5th st|15644,"224 S 5th St, Jeannette, PA 15644",15644,2026-09-28,2026-09-28,47900,47900,both,https://www.redfin.com/PA/Jeannette/224-S-5th-St-15644/home/205195075,listed,,weekly sweep 2026-09-28,
306 n 1st st|15644,"306 N 1st St, Jeannette, PA 15644",15644,2026-09-28,2026-09-28,139900,139900,both,https://www.redfin.com/PA/Jeannette/306-N-1st-St-15644/home/69202701,listed,,weekly sweep 2026-09-28,yes
310 harrison ave|15644,"310 Harrison Ave, Jeannette, PA 15644",15644,2026-09-28,2026-09-28,115000,115000,both,https://www.redfin.com/PA/Jeannette/310-Harrison-Ave-15644/home/69202419,listed,,weekly sweep 2026-09-28,yes
3153155 n 3rd st|15644,"315/315.5 N 3rd St, Jeannette, PA 15644",15644,2026-09-28,2026-09-28,165000,165000,both,https://www.redfin.com/PA/Jeannette/315-315-5-N-3rd-St-15644/home/184937424,listed,,weekly sweep 2026-09-28,
424426 cassett ave|15644,"424-426 Cassett Ave, Jeannette, PA 15644",15644,2026-09-28,2026-09-28,109900,109900,both,https://www.redfin.com/PA/Jeannette/424-426-Cassatt-Ave-15644/home/197987449,listed,,weekly sweep 2026-09-28,yes
522 patton ave|15644,"522 Patton Ave, Jeannette, PA 15644",15644,2026-09-28,2026-09-28,169900,169900,both,https://www.redfin.com/PA/Jeannette/522-Patton-Ave-15644/home/69200358,listed,,weekly sweep 2026-09-28,yes
602 division st|15644,"602 Division St, Jeannette, PA 15644",15644,2026-09-28,2026-09-28,240000,240000,both,https://www.redfin.com/PA/Jeannette/602-Division-St-15644/home/69200647,listed,,weekly sweep 2026-09-28,
800 ellsworth ave|15644,"800 Ellsworth Ave, Jeannette, PA 15644",15644,2026-09-28,2026-09-28,112500,112500,both,https://www.redfin.com/PA/Jeannette/800-Ellsworth-Ave-15644/home/69202551,listed,,weekly sweep 2026-09-28,yes
102 lycippus hardware rd|15650,"102 Lycippus Hardware Rd, Latrobe, PA 15650",15650,2026-09-28,2026-09-28,199900,199900,both,https://www.redfin.com/PA/Latrobe/102-Lycippus-Hardware-Rd-15650/home/69333044,listed,,weekly sweep 2026-09-28,yes
1830 lincoln ave|15650,"1830 Lincoln Ave, Latrobe, PA 15650",15650,2026-09-28,2026-09-28,276900,276900,zillow,https://www.zillow.com/homedetails/1830-Lincoln-Ave-Latrobe-PA-15650/304138078_zpid/,listed,,weekly sweep 2026-09-28,
2097 route 130|15650,"2097 Route 130, Latrobe, PA 15650",15650,2026-09-28,2026-09-28,300000,300000,zillow,https://www.zillow.com/homedetails/2097-Route-130-Latrobe-PA-15650/465487438_zpid/,listed,,weekly sweep 2026-09-28,
700 hoke st|15650,"700 Hoke St, Latrobe, PA 15650",15650,2026-09-28,2026-09-28,579900,579900,both,https://www.redfin.com/PA/Latrobe/700-Hoke-St-15650/home/199183042,listed,,weekly sweep 2026-09-28,
437 438 2nd st wegley ave|15656,"437 438 2nd Street Wegley Ave, Leechburg, PA 15656",15656,2026-09-28,2026-09-28,175000,175000,zillow,https://www.zillow.com/homedetails/437-438-2nd-Street-Wegley-Ave-Leechburg-PA-15656/459525976_zpid/,listed,,weekly sweep 2026-09-28,yes
437438 2nd stwegley ave|15656,"437-438 2nd Street/wegley Ave, Leechburg, PA 15656",15656,2026-09-28,2026-09-28,175000,175000,redfin,https://www.redfin.com/PA/Leechburg/438-2nd-St-15656/home/73487096,listed,,weekly sweep 2026-09-28,yes
104106 s depot st|15666,"104-106 S Depot St, Mount Pleasant, PA 15666",15666,2026-09-28,2026-09-28,120000,120000,both,https://www.zillow.com/homedetails/104-106-S-Depot-St-Mount-Pleasant-PA-15666/2079345634_zpid/,listed,,weekly sweep 2026-09-28,yes
408410 pump hill pl|15666,"408-410 Pump Hill Pl, Mount Pleasant, PA 15666",15666,2026-09-28,2026-09-28,104900,104900,both,https://www.zillow.com/homedetails/408-410-Pump-Hill-Pl-Mount-Pleasant-PA-15666/463275774_zpid/,listed,,weekly sweep 2026-09-28,yes
504 arthur ave|15683,"504 Arthur Ave, Scottdale, PA 15683",15683,2026-09-28,2026-09-28,154900,154900,both,https://www.redfin.com/PA/Scottdale/504-Arthur-Ave-15683/home/173117185,listed,,weekly sweep 2026-09-28,yes
622624 kingview rd|15683,"622-624 Kingview Rd, Scottdale, PA 15683",15683,2026-09-28,2026-09-28,105000,105000,both,https://www.redfin.com/PA/Scottdale/622-Kingview-Rd-15683/home/205553244,listed,,weekly sweep 2026-09-28,
189 sherman ave|15690,"189 Sherman Ave, Vandergrift, PA 15690",15690,2026-09-28,2026-09-28,112000,112000,both,https://www.redfin.com/PA/Vandergrift/189-Sherman-Ave-15690/home/69235154,listed,,weekly sweep 2026-09-28,yes
300 longfellow st|15690,"300 Longfellow St, Vandergrift, PA 15690",15690,2026-09-28,2026-09-28,65000,65000,zillow,https://www.zillow.com/homedetails/300-Longfellow-St-Vandergrift-PA-15690/304140019_zpid/,listed,,weekly sweep 2026-09-28,
300 longfellow|15690,"300 Longfellow, Vandergrift, PA 15690",15690,2026-09-28,2026-09-28,65000,65000,redfin,https://www.redfin.com/PA/Vandergrift/300-Longfellow-St-15690/home/170544122,listed,,weekly sweep 2026-09-28,
316 longfellow st|15690,"316 Longfellow St, Vandergrift, PA 15690",15690,2026-09-28,2026-09-28,89900,89900,both,https://www.redfin.com/PA/Vandergrift/316-Longfellow-St-15690/home/205542747,listed,,weekly sweep 2026-09-28,yes
706 holland st|15690,"706 Holland St, Vandergrift, PA 15690",15690,2026-09-28,2026-09-28,95000,95000,both,https://www.redfin.com/PA/Vandergrift/706-Holland-St-15690/home/205402989,listed,,weekly sweep 2026-09-28,yes
1029 school st|15701,"1029 School St, Indiana, PA 15701",15701,2026-09-28,2026-09-28,115000,115000,both,https://www.redfin.com/PA/Indiana/1029-School-St-15701/home/101160155,listed,,weekly sweep 2026-09-28,yes
1313 locust st|15701,"1313 Locust St, Indiana, PA 15701",15701,2026-09-28,2026-09-28,139000,139000,zillow,https://www.zillow.com/homedetails/1313-Locust-St-Indiana-PA-15701/93642361_zpid/,listed,,weekly sweep 2026-09-28,yes
250 256 s 7th st|15701,"250 & 256 S 7th St, Indiana, PA 15701",15701,2026-09-28,2026-09-28,849000,849000,zillow,https://www.zillow.com/homedetails/250-256-S-7th-St-Indiana-PA-15701/461438413_zpid/,listed,,weekly sweep 2026-09-28,
250 256 s seventh st|15701,"250 & 256 S Seventh St, Indiana, PA 15701",15701,2026-09-28,2026-09-28,849000,849000,redfin,https://www.redfin.com/PA/Indiana/250-S-7th-St-15701/home/201084368,listed,,weekly sweep 2026-09-28,
43 n 6th st|15701,"43 N 6th St, Indiana, PA 15701",15701,2026-09-28,2026-09-28,175000,175000,both,https://www.redfin.com/PA/Indiana/43-N-6th-St-15701/home/101140765,listed,,weekly sweep 2026-09-28,yes
509 church st|15701,"509 Church St, Indiana, PA 15701",15701,2026-09-28,2026-09-28,129000,129000,zillow,https://www.zillow.com/homedetails/509-Church-St-Indiana-PA-15701/78648260_zpid/,listed,,weekly sweep 2026-09-28,
523 church st|15701,"523 Church St, Indiana, PA 15701",15701,2026-09-28,2026-09-28,,,zillow,https://www.zillow.com/homedetails/523-Church-St-Indiana-PA-15701/216914258_zpid/,listed,,weekly sweep 2026-09-28,
626628 locust st|15701,"626-628 Locust St, Indiana, PA 15701",15701,2026-09-28,2026-09-28,169900,169900,both,https://www.redfin.com/PA/Indiana/626-Locust-St-15701/home/101146156,listed,,weekly sweep 2026-09-28,
7177 route 422 hwy w|15701,"7177 Route 422 Hwy W, Indiana, PA 15701",15701,2026-09-28,2026-09-28,219000,219000,zillow,https://www.zillow.com/homedetails/7177-Route-422-Hwy-W-Indiana-PA-15701/78650751_zpid/,listed,,weekly sweep 2026-09-28,
722|15701,"722, 726, 730, 734, 742 S South Street, Locust St, Indiana, PA 15701",15701,2026-09-28,2026-09-28,875000,875000,redfin,https://www.redfin.com/PA/Indiana/742-Locust-St-15701/home/101140965,listed,,weekly sweep 2026-09-28,
820822 grant st|15701,"820-822 Grant St, Indiana, PA 15701",15701,2026-09-28,2026-09-28,224820,224820,both,https://www.redfin.com/PA/Indiana/822-Grant-St-15701/home/101159825,listed,,weekly sweep 2026-09-28,
106108 messenger st|15902,"106-108 Messenger St, Johnstown, PA 15902",15902,2026-09-28,2026-09-28,39000,39000,both,https://www.redfin.com/PA/Johnstown/108-Messenger-St-15902/home/117992765,listed,,weekly sweep 2026-09-28,
177 pine st|15902,"177 Pine St #179, Johnstown, PA 15902",15902,2026-09-28,2026-09-28,24900,24900,zillow,https://www.zillow.com/homedetails/177-Pine-St-179-Johnstown-PA-15902/299472669_zpid/,listed,,weekly sweep 2026-09-28,
177179 pine st|15902,"177-179 Pine St, Johnstown, PA 15902",15902,2026-09-28,2026-09-28,24900,24900,redfin,https://www.redfin.com/PA/Johnstown/177-179-Pine-St-15902/home/185193730,listed,,weekly sweep 2026-09-28,
313 grove ave|15902,"313 Grove Ave #315, Johnstown, PA 15902",15902,2026-09-28,2026-09-28,27900,27900,zillow,https://www.zillow.com/homedetails/313-Grove-Ave-315-Johnstown-PA-15902/2135813063_zpid/,listed,,weekly sweep 2026-09-28,
313 village st|15902,"313 Village St #315, Johnstown, PA 15902",15902,2026-09-28,2026-09-28,42500,42500,zillow,https://www.zillow.com/homedetails/313-Village-St-315-Johnstown-PA-15902/2060805904_zpid/,listed,,weekly sweep 2026-09-28,
313315 grove ave|15902,"313-315 Grove Ave, Johnstown, PA 15902",15902,2026-09-28,2026-09-28,27900,27900,redfin,https://www.redfin.com/PA/Johnstown/313-315-Grove-Ave-15902/home/191943188,listed,,weekly sweep 2026-09-28,
313315 village st|15902,"313-315 Village St, Johnstown, PA 15902",15902,2026-09-28,2026-09-28,42500,42500,redfin,https://www.redfin.com/PA/Johnstown/315-Village-St-15902/home/118315330,listed,,weekly sweep 2026-09-28,
604606 highland ave|15902,"604-606 Highland Ave, Johnstown, PA 15902",15902,2026-09-28,2026-09-28,64999,64999,both,https://www.redfin.com/PA/Johnstown/604-606-Highland-Ave-15902/home/195271637,listed,,weekly sweep 2026-09-28,
713 mcmillen st|15902,"713 Mcmillen St, Johnstown, PA 15902",15902,2026-09-28,2026-09-28,24900,24900,both,https://www.redfin.com/PA/Johnstown/713-McMillen-St-15902/home/118079489,listed,,weekly sweep 2026-09-28,
718720 fronheiser st|15902,"718-720 Fronheiser St, Johnstown, PA 15902",15902,2026-09-28,2026-09-28,79900,79900,redfin,https://www.redfin.com/PA/Johnstown/720-Fronheiser-St-15902/home/118314592,listed,,weekly sweep 2026-09-28,yes
718720 fronheiser|15902,"718-720 Fronheiser, Johnstown, PA 15902",15902,2026-09-28,2026-09-28,79900,79900,zillow,https://www.zillow.com/homedetails/718-720-Fronheiser-Johnstown-PA-15902/2090734358_zpid/,listed,,weekly sweep 2026-09-28,yes
761763 761r coleman ave|15902,"761/763 & 761R Coleman Ave, Johnstown, PA 15902",15902,2026-09-28,2026-09-28,63500,63500,both,https://www.redfin.com/PA/Johnstown/761-763-761R-Coleman-Ave-15902/home/203491539,listed,,weekly sweep 2026-09-28,
761763 coleman ave|15902,"761/763 Coleman Ave, Johnstown, PA 15902",15902,2026-09-28,2026-09-28,63500,63500,redfin,https://www.redfin.com/PA/Johnstown/761-Coleman-Ave-15902/home/118460679,listed,,weekly sweep 2026-09-28,
825827 cypress ave|15902,"825-827 Cypress Ave, Johnstown, PA 15902",15902,2026-09-28,2026-09-28,32000,32000,both,https://www.redfin.com/PA/Johnstown/827-Cypress-Ave-15902/home/118051300,listed,,weekly sweep 2026-09-28,
917917 bedford st|15902,"917-917 Bedford St, Johnstown, PA 15902",15902,2026-09-28,2026-09-28,95000,95000,redfin,https://www.redfin.com/PA/Johnstown/917-Bedford-St-15902/home/118195401,listed,,weekly sweep 2026-09-28,yes
11381140 boyd ave|15905,"1138-1140 Boyd Ave, Johnstown, PA 15905",15905,2026-09-28,2026-09-28,80000,80000,both,https://www.redfin.com/PA/Johnstown/1140-Boyd-Ave-15905/home/118377599,listed,,weekly sweep 2026-09-28,yes
15 jefferson st|15905,"15 Jefferson St, Johnstown, PA 15905",15905,2026-09-28,2026-09-28,129900,129900,both,https://www.redfin.com/PA/Johnstown/15-Jefferson-St-15905/home/118295142,listed,,weekly sweep 2026-09-28,
206206r hershberger rd|15905,"206-206R Hershberger Rd, Johnstown, PA 15905",15905,2026-09-28,2026-09-28,140000,140000,redfin,https://www.redfin.com/PA/Johnstown/20-Harshberger-Rd-15905/home/192026548,listed,,weekly sweep 2026-09-28,yes
212214 214r clarion st|15905,"212-214; 214R Clarion St, Johnstown, PA 15905",15905,2026-09-28,2026-09-28,141900,141900,redfin,https://www.redfin.com/PA/Johnstown/214-Clarion-St-15905/home/118211179,listed,,weekly sweep 2026-09-28,
212214214r clarion st|15905,"212-214;-214R Clarion St, Johnstown, PA 15905",15905,2026-09-28,2026-09-28,141900,141900,zillow,https://www.zillow.com/homedetails/212-214-214R-Clarion-St-Johnstown-PA-15905/464643056_zpid/,listed,,weekly sweep 2026-09-28,yes
333 tioga st|15905,"333 Tioga St, Johnstown, PA 15905",15905,2026-09-28,2026-09-28,299000,299000,both,https://www.redfin.com/PA/Johnstown/333-Tioga-St-15905/home/118162246,listed,,weekly sweep 2026-09-28,
539 ferndale ave|15905,"539 Ferndale Ave, Johnstown, PA 15905",15905,2026-09-28,2026-09-28,112900,112900,both,https://www.redfin.com/PA/Johnstown/539-Ferndale-Ave-15905/home/202671202,listed,,weekly sweep 2026-09-28,yes
114 12 i st|15906,"114 - 114 1/2 I St, Johnstown, PA 15906",15906,2026-09-28,2026-09-28,75000,75000,redfin,https://www.redfin.com/PA/Johnstown/114-1-2-I-St-15906/home/197510525,listed,,weekly sweep 2026-09-28,yes
114114 12 i st|15906,"114-114 1/2 I St, Johnstown, PA 15906",15906,2026-09-28,2026-09-28,75000,75000,zillow,https://www.zillow.com/homedetails/114-114-1-2-I-St-Johnstown-PA-15906/464733731_zpid/,listed,,weekly sweep 2026-09-28,yes
1171175 i st|15906,"117-117.5 I St, Johnstown, PA 15906",15906,2026-09-28,2026-09-28,69900,69900,both,https://www.zillow.com/homedetails/117-117-5-I-St-Johnstown-PA-15906/2059266785_zpid/,listed,,weekly sweep 2026-09-28,yes
121 d st|15906,"121 D St, Johnstown, PA 15906",15906,2026-09-28,2026-09-28,135000,135000,both,https://www.zillow.com/homedetails/121-D-St-Johnstown-PA-15906/94998892_zpid/,listed,,weekly sweep 2026-09-28,yes
214 barron ave|15906,"214 Barron Ave, Johnstown, PA 15906",15906,2026-09-28,2026-09-28,59000,59000,both,https://www.zillow.com/homedetails/214-Barron-Ave-Johnstown-PA-15906/2081956932_zpid/,listed,,weekly sweep 2026-09-28,
214216 chandler ave|15906,"214-216 Chandler Ave, Johnstown, PA 15906",15906,2026-09-28,2026-09-28,95000,95000,both,https://www.zillow.com/homedetails/214-216-Chandler-Ave-Johnstown-PA-15906/2079002984_zpid/,listed,,weekly sweep 2026-09-28,yes
509511 naylor rd|15906,"509-511 Naylor Rd, Johnstown, PA 15906",15906,2026-09-28,2026-09-28,79900,79900,both,https://www.zillow.com/homedetails/509-511-Naylor-Rd-Johnstown-PA-15906/465108691_zpid/,listed,,weekly sweep 2026-09-28,
620 fairfield ave|15906,"620 Fairfield Ave, Johnstown, PA 15906",15906,2026-09-28,2026-09-28,31500,31500,both,https://www.zillow.com/homedetails/620-Fairfield-Ave-Johnstown-PA-15906/93542087_zpid/,listed,,weekly sweep 2026-09-28,
405407 s cherry st|15931,"405-407 S Cherry St, Ebensburg, PA 15931",15931,2026-09-28,2026-09-28,199900,199900,both,https://www.redfin.com/PA/Ebensburg/407-S-Cherry-St-15931/home/118128684,listed,,weekly sweep 2026-09-28,
714718 e high st|15931,"714-718 E High St, Ebensburg, PA 15931",15931,2026-09-28,2026-09-28,469000,469000,both,https://www.redfin.com/PA/Ebensburg/718-E-High-St-15931/home/174774357,listed,,weekly sweep 2026-09-28,
107 sumner ave|16001,"107 Sumner Ave, Butler, PA 16001",16001,2026-09-28,2026-09-28,135000,135000,redfin,https://www.redfin.com/PA/Butler/107-Sumner-Ave-16001/home/73680592,listed,,weekly sweep 2026-09-28,yes
116 118 s cliff st|16001,"116 &118 S Cliff St, Butler, PA 16001",16001,2026-09-28,2026-09-28,234900,234900,redfin,https://www.redfin.com/PA/Butler/118-South-St-16001/home/73667029,listed,,weekly sweep 2026-09-28,
122 w quarry st|16001,"122 W Quarry St, Butler, PA 16001",16001,2026-09-28,2026-09-28,162000,162000,redfin,https://www.redfin.com/PA/Butler/122-W-Quarry-St-16001/home/74791685,listed,,weekly sweep 2026-09-28,
125 n chestnut st|16001,"125 N Chestnut St, Butler, PA 16001",16001,2026-09-28,2026-09-28,164900,164900,redfin,https://www.redfin.com/PA/Butler/125-N-Chestnut-St-16001/home/74794408,listed,,weekly sweep 2026-09-28,yes
129 n washington st|16001,"129 N Washington St, Butler, PA 16001",16001,2026-09-28,2026-09-28,179900,179900,both,https://www.redfin.com/PA/Butler/129-N-Washington-St-16001/home/102191039,listed,,weekly sweep 2026-09-28,
140 main st|16001,"140 Main St #138, Butler, PA 16001",16001,2026-09-28,2026-09-28,165000,165000,zillow,https://www.zillow.com/homedetails/140-Main-St-138-Butler-PA-16001/461575246_zpid/,listed,,weekly sweep 2026-09-28,
140 n main st|16001,"140 N Main St #138, Butler, PA 16001",16001,2026-09-28,2026-09-28,165000,165000,redfin,https://www.redfin.com/PA/Butler/140-N-Main-St-16001/home/201239409,listed,,weekly sweep 2026-09-28,
206208 spang ave|16001,"206-208 Spang Ave, Butler, PA 16001",16001,2026-09-28,2026-09-28,214900,214900,redfin,https://www.redfin.com/PA/Butler/206-Spang-Ave-16001/home/73657893,listed,,weekly sweep 2026-09-28,
210 mercer st|16001,"210 Mercer St, Butler, PA 16001",16001,2026-09-28,2026-09-28,135000,135000,redfin,https://www.redfin.com/PA/Butler/210-Mercer-St-16001/home/102402944,listed,,weekly sweep 2026-09-28,yes
214 1st st|16001,"214 1st St, Butler, PA 16001",16001,2026-09-28,2026-09-28,159900,159900,redfin,https://www.redfin.com/PA/Butler/214-1st-St-16001/home/73650272,listed,,weekly sweep 2026-09-28,
220 mercer st|16001,"220 Mercer St, Butler, PA 16001",16001,2026-09-28,2026-09-28,122500,122500,both,https://www.redfin.com/PA/Butler/220-Mercer-St-16001/home/73641961,listed,,weekly sweep 2026-09-28,yes
228 s washington st|16001,"228 S Washington St #226, Butler, PA 16001",16001,2026-09-28,2026-09-28,289000,289000,redfin,https://www.redfin.com/PA/Butler/228-S-Washington-St-16001/home/201752207,listed,,weekly sweep 2026-09-28,
320 w birch st|16001,"320 W Birch St, Butler, PA 16001",16001,2026-09-28,2026-09-28,135000,135000,redfin,https://www.redfin.com/PA/Butler/320-W-Birch-St-16001/home/74801007,listed,,weekly sweep 2026-09-28,yes
324 w n st|16001,"324 W North St, Butler, PA 16001",16001,2026-09-28,2026-09-28,109900,109900,zillow,https://www.zillow.com/homedetails/324-W-North-St-Butler-PA-16001/204802630_zpid/,listed,,weekly sweep 2026-09-28,yes
325 w cunningham st|16001,"325 W Cunningham St, Butler, PA 16001",16001,2026-09-28,2026-09-28,100000,100000,both,https://www.redfin.com/PA/Butler/325-W-Cunningham-St-16001/home/73645934,listed,,weekly sweep 2026-09-28,
325 w jefferson st|16001,"325 W Jefferson St, Butler, PA 16001",16001,2026-09-28,2026-09-28,2450000,2450000,redfin,https://www.redfin.com/PA/Butler/325-W-Jefferson-St-16001/home/73656489,listed,,weekly sweep 2026-09-28,
326 franklin st|16001,"326 Franklin St, Butler, PA 16001",16001,2026-09-28,2026-09-28,165000,165000,both,https://www.redfin.com/PA/Butler/326-Franklin-St-16001/home/73655521,listed,,weekly sweep 2026-09-28,
326 w cunningham st|16001,"326 W Cunningham St, Butler, PA 16001",16001,2026-09-28,2026-09-28,135000,135000,redfin,https://www.redfin.com/PA/Butler/326-W-Cunningham-St-16001/home/74797015,listed,,weekly sweep 2026-09-28,yes
327 329 howard st|16001,"327 & 329 Howard St, Butler, PA 16001",16001,2026-09-28,2026-09-28,135000,135000,redfin,https://www.redfin.com/PA/Butler/327-Howard-St-16001/home/184127824,listed,,weekly sweep 2026-09-28,yes
327 w brady st|16001,"327 W Brady St, Butler, PA 16001",16001,2026-09-28,2026-09-28,149000,149000,redfin,https://www.redfin.com/PA/Butler/327-W-Brady-St-16001/home/73665843,listed,,weekly sweep 2026-09-28,yes
328 w cunningham st|16001,"328 W Cunningham St, Butler, PA 16001",16001,2026-09-28,2026-09-28,135000,135000,redfin,https://www.redfin.com/PA/Butler/328-W-Cunningham-St-16001/home/199873967,listed,,weekly sweep 2026-09-28,yes
333 w brady st|16001,"333 W Brady St, Butler, PA 16001",16001,2026-09-28,2026-09-28,149000,149000,redfin,https://www.redfin.com/PA/Butler/333-W-Brady-St-16001/home/73654130,listed,,weekly sweep 2026-09-28,yes
346 mercer st|16001,"346 Mercer St, Butler, PA 16001",16001,2026-09-28,2026-09-28,189000,189000,redfin,https://www.redfin.com/PA/Butler/346-Mercer-St-16001/home/73637570,listed,,weekly sweep 2026-09-28,yes
397 evans city rd|16001,"397 Evans City Rd, Butler, PA 16001",16001,2026-09-28,2026-09-28,499000,499000,zillow,https://www.zillow.com/homedetails/397-Evans-City-Rd-Butler-PA-16001/75196765_zpid/,listed,,weekly sweep 2026-09-28,
404 e locust st|16001,"404 E Locust St, Butler, PA 16001",16001,2026-09-28,2026-09-28,135000,135000,redfin,https://www.redfin.com/PA/Butler/404-E-Locust-St-16001/home/74803692,listed,,weekly sweep 2026-09-28,yes
410 e locust st|16001,"410 E Locust St, Butler, PA 16001",16001,2026-09-28,2026-09-28,135000,135000,redfin,https://www.redfin.com/PA/Butler/410-E-Locust-St-16001/home/74798054,listed,,weekly sweep 2026-09-28,yes
700 s main st|16001,"700 S Main St, Butler, PA 16001",16001,2026-09-28,2026-09-28,1225000,1225000,redfin,https://www.redfin.com/PA/Butler/700-S-Main-St-16001/home/199425781,listed,,weekly sweep 2026-09-28,
bristol plan|16001,"Bristol Plan, Butler, PA 16001",16001,2026-09-28,2026-09-28,394990,394990,redfin,https://www.redfin.com/PA/Butler/Butler/Bristol/home/194961416,listed,,weekly sweep 2026-09-28,
bristolduplex plan|16001,"Bristol-Duplex Plan, Butler, PA 16001",16001,2026-09-28,2026-09-28,364990,364990,redfin,https://www.redfin.com/PA/Butler/Butler/Bristol-Duplex/home/201673541,listed,,weekly sweep 2026-09-28,
hamilton plan|16001,"Hamilton Plan, Butler, PA 16001",16001,2026-09-28,2026-09-28,357990,357990,redfin,https://www.redfin.com/PA/Butler/Butler/Hamilton/home/192220082,listed,,weekly sweep 2026-09-28,
hamiltonduplex plan|16001,"Hamilton-Duplex Plan, Butler, PA 16001",16001,2026-09-28,2026-09-28,339990,339990,redfin,https://www.redfin.com/PA/Butler/Butler/Hamilton-Duplex/home/196258928,listed,,weekly sweep 2026-09-28,
107 e n st 106 n mercer st|16101,"107 E North Street & 106 N Mercer St, New Castle, PA 16101",16101,2026-09-28,2026-09-28,199000,199000,redfin,https://www.redfin.com/PA/New-Castle/106-E-North-St-16101/home/143003805,listed,,weekly sweep 2026-09-28,
1214 e washington st|16101,"1214 E Washington St, New Castle, PA 16101",16101,2026-09-28,2026-09-28,82500,82500,both,https://www.redfin.com/PA/New-Castle/1214-E-Washington-St-16101/home/73597142,listed,,weekly sweep 2026-09-28,
1220 randolph st|16101,"1220 Randolph St, New Castle, PA 16101",16101,2026-09-28,2026-09-28,125000,125000,both,https://www.redfin.com/PA/New-Castle/1220-Randolph-St-16101/home/101222566,listed,,weekly sweep 2026-09-28,
141 e leasure ave|16101,"141 E Leasure Ave, New Castle, PA 16101",16101,2026-09-28,2026-09-28,120000,120000,zillow,https://www.zillow.com/homedetails/141-E-Leasure-Ave-New-Castle-PA-16101/118887990_zpid/,listed,,weekly sweep 2026-09-28,yes
213 boyles ave|16101,"213 Boyles Ave, New Castle, PA 16101",16101,2026-09-28,2026-09-28,175000,175000,both,https://www.redfin.com/PA/New-Castle/213-Boyles-Ave-16101/home/200699069,listed,,weekly sweep 2026-09-28,
304 rhodes pl|16101,"304 Rhodes Pl, New Castle, PA 16101",16101,2026-09-28,2026-09-28,339999,339999,both,https://www.redfin.com/PA/New-Castle/304-Rhodes-Pl-16101/home/73594942,listed,,weekly sweep 2026-09-28,
307 highland ave|16101,"307 Highland Ave, New Castle, PA 16101",16101,2026-09-28,2026-09-28,200000,200000,both,https://www.redfin.com/PA/New-Castle/307-Highland-Ave-16101/home/73593937,listed,,weekly sweep 2026-09-28,
314 e lincoln ave|16101,"314 E Lincoln Ave, New Castle, PA 16101",16101,2026-09-28,2026-09-28,375000,375000,zillow,https://www.zillow.com/homedetails/314-E-Lincoln-Ave-New-Castle-PA-16101/118887952_zpid/,listed,,weekly sweep 2026-09-28,
372 e washington st|16101,"372 E Washington St, New Castle, PA 16101",16101,2026-09-28,2026-09-28,50000,50000,both,https://www.redfin.com/PA/New-Castle/372-E-Washington-St-16101/home/205382207,listed,,weekly sweep 2026-09-28,
422 e division st|16101,"422 E Division St, New Castle, PA 16101",16101,2026-09-28,2026-09-28,59500,59500,redfin,https://www.redfin.com/PA/New-Castle/422-E-Division-St-16101/home/73596861,listed,,weekly sweep 2026-09-28,
604 centennial st|16101,"604 Centennial St, New Castle, PA 16101",16101,2026-09-28,2026-09-28,87000,87000,zillow,https://www.zillow.com/homedetails/604-Centennial-St-New-Castle-PA-16101/118887980_zpid/,listed,,weekly sweep 2026-09-28,yes
23 s high st|16125,"23 S High St, Greenville, PA 16125",16125,2026-09-28,2026-09-28,165000,165000,both,https://www.redfin.com/PA/Greenville/23-S-High-St-16125/home/201659525,listed,,weekly sweep 2026-09-28,
381 s main st|16125,"381 S Main St, Greenville, PA 16125",16125,2026-09-28,2026-09-28,162000,162000,both,https://www.redfin.com/PA/Greenville/381-S-Main-St-16125/home/101281682,listed,,weekly sweep 2026-09-28,
409 e jamestown rd|16125,"409 E Jamestown Rd, Greenville, PA 16125",16125,2026-09-28,2026-09-28,615000,615000,zillow,https://www.zillow.com/homedetails/409-E-Jamestown-Rd-Greenville-PA-16125/78707003_zpid/,listed,,weekly sweep 2026-09-28,
410 liberty st|16127,"410 Liberty St, Grove City, PA 16127",16127,2026-09-28,2026-09-28,259900,259900,zillow,https://www.zillow.com/homedetails/410-Liberty-St-Grove-City-PA-16127/207100901_zpid/,listed,,weekly sweep 2026-09-28,
568 e main st ext|16127,"568 E Main St Ext, Grove City, PA 16127",16127,2026-09-28,2026-09-28,189900,189900,both,https://www.redfin.com/PA/Grove-City/568-E-Main-Street-Ext-16127/home/101274403,listed,,weekly sweep 2026-09-28,
120 jefferson ave|16146,"120 Jefferson Ave, Sharon, PA 16146",16146,2026-09-28,2026-09-28,88000,88000,both,https://www.zillow.com/homedetails/120-Jefferson-Ave-Sharon-PA-16146/299621515_zpid/,listed,,weekly sweep 2026-09-28,
270 liberty st|16146,"270 Liberty St, Sharon, PA 16146",16146,2026-09-28,2026-09-28,80000,80000,both,https://www.zillow.com/homedetails/270-Liberty-St-Sharon-PA-16146/299617739_zpid/,listed,,weekly sweep 2026-09-28,
334 e state st|16146,"334 E State St, Sharon, PA 16146",16146,2026-09-28,2026-09-28,225000,225000,both,https://www.zillow.com/homedetails/334-E-State-St-Sharon-PA-16146/2063040174_zpid/,listed,,weekly sweep 2026-09-28,
438 watson st|16146,"438 Watson St, Sharon, PA 16146",16146,2026-09-28,2026-09-28,125000,125000,both,https://www.zillow.com/homedetails/438-Watson-St-Sharon-PA-16146/78705820_zpid/,listed,,weekly sweep 2026-09-28,yes
545 625 davis st|16146,"545 & 625 Davis St, Sharon, PA 16146",16146,2026-09-28,2026-09-28,89500,89500,zillow,https://www.zillow.com/homedetails/545-625-Davis-St-Sharon-PA-16146/456510703_zpid/,listed,,weekly sweep 2026-09-28,yes
545625 davis st|16146,"545/625 Davis St, Sharon, PA 16146",16146,2026-09-28,2026-09-28,89500,89500,redfin,https://www.redfin.com/PA/Sharon/545-Davis-St-16146/home/101285041,listed,,weekly sweep 2026-09-28,yes
768 baldwin ave|16146,"768 Baldwin Ave, Sharon, PA 16146",16146,2026-09-28,2026-09-28,60000,60000,zillow,https://www.zillow.com/homedetails/768-Baldwin-Ave-Sharon-PA-16146/78710070_zpid/,listed,,weekly sweep 2026-09-28,
788 s irvine ave|16146,"788 S Irvine Ave, Sharon, PA 16146",16146,2026-09-28,2026-09-28,99900,99900,both,https://www.zillow.com/homedetails/788-S-Irvine-Ave-Sharon-PA-16146/111868006_zpid/,listed,,weekly sweep 2026-09-28,yes
886 n sharpsville ave|16146,"886 N Sharpsville Ave, Sharon, PA 16146",16146,2026-09-28,2026-09-28,110000,110000,both,https://www.zillow.com/homedetails/886-N-Sharpsville-Ave-Sharon-PA-16146/78704919_zpid/,listed,,weekly sweep 2026-09-28,yes
135137 campbell st|16201,"135&137 Campbell St, Kittanning, PA 16201",16201,2026-09-28,2026-09-28,132900,132900,both,https://www.redfin.com/PA/Kittanning/135-Campbell-St-16201/home/73474562,listed,,weekly sweep 2026-09-28,yes
217219 chestnut st|16201,"217-219 Chestnut St, Kittanning, PA 16201",16201,2026-09-28,2026-09-28,339900,339900,both,https://www.redfin.com/PA/Kittanning/219-Chestnut-St-16201/home/192572828,listed,,weekly sweep 2026-09-28,
303 lemmon hollow rd|16201,"303 Lemmon Hollow Rd, Kittanning, PA 16201",16201,2026-09-28,2026-09-28,169900,169900,zillow,https://www.zillow.com/homedetails/303-Lemmon-Hollow-Rd-Kittanning-PA-16201/462173362_zpid/,listed,,weekly sweep 2026-09-28,
1007 kentucky ave|21502,"1007 Kentucky Ave, Cumberland, MD 21502",21502,2026-09-28,2026-09-28,80000,80000,both,https://www.zillow.com/homedetails/1007-Kentucky-Ave-Cumberland-MD-21502/36173959_zpid/,listed,,weekly sweep 2026-09-28,yes
1076 braddock rd|21502,"1076 Braddock Rd, Cumberland, MD 21502",21502,2026-09-28,2026-09-28,244900,244900,both,https://www.zillow.com/homedetails/1076-Braddock-Rd-Cumberland-MD-21502/36181280_zpid/,listed,,weekly sweep 2026-09-28,
135 polk st|21502,"135 Polk St, Cumberland, MD 21502",21502,2026-09-28,2026-09-28,150000,150000,redfin,https://www.redfin.com/MD/Cumberland/135-Polk-St-21502/home/14724426,listed,,weekly sweep 2026-09-28,
14615 mcmullen hwy sw|21502,"14615 Mcmullen Hwy SW, Cresaptown, MD 21502",21502,2026-09-28,2026-09-28,155000,155000,redfin,https://www.redfin.com/MD/Cresaptown/14615-McMullen-Hwy-SW-21502/home/204662715,listed,,weekly sweep 2026-09-28,yes
15 decatur st|21502,"15 Decatur St, Cumberland, MD 21502",21502,2026-09-28,2026-09-28,175000,175000,redfin,https://www.redfin.com/MD/Cumberland/15-Decatur-St-21502/home/14720323,listed,,weekly sweep 2026-09-28,yes
15820 mcmullen hwy sw|21502,"15820 Mcmullen Hwy SW, Cresaptown, MD 21502",21502,2026-09-28,2026-09-28,235000,235000,redfin,https://www.redfin.com/MD/Cresaptown/15820-McMullen-Hwy-SW-21502/home/14705325,listed,,weekly sweep 2026-09-28,
161820 grand ave|21502,"16-18-20 Grand Ave, Cumberland, MD 21502",21502,2026-09-28,2026-09-28,149900,149900,redfin,https://www.redfin.com/MD/Cumberland/16-Grand-Ave-21502/home/15084467,listed,,weekly sweep 2026-09-28,yes
201 spring st|21502,"201 Spring St, Cumberland, MD 21502",21502,2026-09-28,2026-09-28,185000,185000,both,https://www.zillow.com/homedetails/201-Spring-St-Cumberland-MD-21502/36174109_zpid/,listed,,weekly sweep 2026-09-28,
214 s central ave|21502,"214 S Central Ave, Cumberland, MD 21502",21502,2026-09-28,2026-09-28,95000,95000,redfin,https://www.redfin.com/MD/Cumberland/214-S-Central-Ave-21502/home/14720902,listed,,weekly sweep 2026-09-28,yes
227 wallace st|21502,"227 Wallace St, Cumberland, MD 21502",21502,2026-09-28,2026-09-28,155000,155000,redfin,https://www.redfin.com/MD/Cumberland/227-Wallace-St-21502/home/14707047,listed,,weekly sweep 2026-09-28,yes
229 e union st|21502,"229 E Union St, Cumberland, MD 21502",21502,2026-09-28,2026-09-28,249000,249000,both,https://www.zillow.com/homedetails/229-E-Union-St-Cumberland-MD-21502/36163802_zpid/,listed,,weekly sweep 2026-09-28,
301 baltimore ave|21502,"301 Baltimore Ave, Cumberland, MD 21502",21502,2026-09-28,2026-09-28,320000,320000,redfin,https://www.redfin.com/MD/Cumberland/301-Baltimore-Ave-21502/home/40504545,listed,,weekly sweep 2026-09-28,
315 frederick|21502,"315 Frederick, Cumberland, MD 21502",21502,2026-09-28,2026-09-28,299000,299000,redfin,https://www.redfin.com/MD/Cumberland/315-Frederick-St-21502/home/58705732,listed,,weekly sweep 2026-09-28,
401 403 ascension st|21502,"401 - 403 Ascension St, Cumberland, MD 21502",21502,2026-09-28,2026-09-28,87500,87500,redfin,https://www.redfin.com/MD/Cumberland/401-Ascension-St-21502/home/14712607,listed,,weekly sweep 2026-09-28,yes
401403 ascension st|21502,"401-403 Ascension St, Cumberland, MD 21502",21502,2026-09-28,2026-09-28,87500,87500,zillow,https://www.zillow.com/homedetails/401-403-Ascension-St-Cumberland-MD-21502/456622347_zpid/,listed,,weekly sweep 2026-09-28,yes
411 washington st|21502,"411 Washington St, Cumberland, MD 21502",21502,2026-09-28,2026-09-28,449000,449000,both,https://www.zillow.com/homedetails/411-Washington-St-Cumberland-MD-21502/36181404_zpid/,listed,,weekly sweep 2026-09-28,
433435 pennsylvania ave|21502,"433-435 Pennsylvania Ave, Cumberland, MD 21502",21502,2026-09-28,2026-09-28,149900,149900,redfin,https://www.redfin.com/MD/Cumberland/433-Pennsylvania-Ave-21502/home/14711492,listed,,weekly sweep 2026-09-28,yes
446448 goethe st|21502,"446-448 Goethe St, Cumberland, MD 21502",21502,2026-09-28,2026-09-28,204000,204000,redfin,https://www.redfin.com/MD/Cumberland/448-Goethe-St-21502/home/203278954,listed,,weekly sweep 2026-09-28,
505 b st|21502,"505 B St, Lavale, MD 21502",21502,2026-09-28,2026-09-28,349900,349900,redfin,https://www.redfin.com/MD/Lavale/505-B-St-21502/home/14716145,listed,,weekly sweep 2026-09-28,
516 shriver ave|21502,"516 Shriver Ave, Cumberland, MD 21502",21502,2026-09-28,2026-09-28,40000,40000,both,https://www.zillow.com/homedetails/516-Shriver-Ave-Cumberland-MD-21502/36178428_zpid/,listed,,weekly sweep 2026-09-28,
530532 woodside ave|21502,"530/532 Woodside Ave, Cumberland, MD 21502",21502,2026-09-28,2026-09-28,57000,57000,both,https://www.zillow.com/homedetails/530-532-Woodside-Ave-Cumberland-MD-21502/458974345_zpid/,listed,,weekly sweep 2026-09-28,
616 elm st|21502,"616 Elm St, Cumberland, MD 21502",21502,2026-09-28,2026-09-28,105000,105000,both,https://www.zillow.com/homedetails/616-Elm-St-Cumberland-MD-21502/36173604_zpid/,listed,,weekly sweep 2026-09-28,yes
704 baker st|21502,"704 Baker St, Cumberland, MD 21502",21502,2026-09-28,2026-09-28,70000,70000,redfin,https://www.redfin.com/MD/Cumberland/704-Baker-St-21502/home/14710533,listed,,weekly sweep 2026-09-28,yes
807 bedford st|21502,"807 Bedford St, Cumberland, MD 21502",21502,2026-09-28,2026-09-28,215000,215000,redfin,https://www.redfin.com/MD/Cumberland/807-Bedford-St-21502/home/14720003,listed,,weekly sweep 2026-09-28,
102 wood st|21532,"102 Wood St, Frostburg, MD 21532",21532,2026-09-28,2026-09-28,300000,300000,both,https://www.redfin.com/MD/Frostburg/102-Wood-St-21532/home/14718022,listed,,weekly sweep 2026-09-28,
12419 vale summit rd sw|21532,"12419 Vale Summit Rd SW, Frostburg, MD 21532",21532,2026-09-28,2026-09-28,449000,449000,both,https://www.redfin.com/MD/Frostburg/12419-Vale-Summit-Rd-SW-21532/home/170940542,listed,,weekly sweep 2026-09-28,
140 wood st|21532,"140 Wood St #142, Frostburg, MD 21532",21532,2026-09-28,2026-09-28,160000,160000,zillow,https://www.zillow.com/homedetails/140-Wood-St-142-Frostburg-MD-21532/464985187_zpid/,listed,,weekly sweep 2026-09-28,yes
140142 wood st|21532,"140-142 Wood St, Frostburg, MD 21532",21532,2026-09-28,2026-09-28,160000,160000,redfin,https://www.redfin.com/MD/Frostburg/142-Wood-St-21532/home/145737378,listed,,weekly sweep 2026-09-28,yes
14811 broadway ave|21532,"14811 Broadway Ave, Frostburg, MD 21532",21532,2026-09-28,2026-09-28,90000,90000,zillow,https://www.zillow.com/homedetails/14811-Broadway-Ave-Frostburg-MD-21532/2066044989_zpid/,listed,,weekly sweep 2026-09-28,
14811 broadway|21532,"14811 Broadway, Midland, MD 21532",21532,2026-09-28,2026-09-28,90000,90000,redfin,https://www.redfin.com/MD/Midland/14811-Broad-St-21532/home/145978174,listed,,weekly sweep 2026-09-28,
14818 broadway ave sw|21532,"14818 Broadway Ave SW, Frostburg, MD 21532",21532,2026-09-28,2026-09-28,130000,130000,both,https://www.redfin.com/MD/Frostburg/14818-Broadway-Ave-SW-21532/home/14723366,listed,,weekly sweep 2026-09-28,
154 e main st|21532,"154 E Main St, Frostburg, MD 21532",21532,2026-09-28,2026-09-28,274000,274000,both,https://www.redfin.com/MD/Frostburg/154-E-Main-St-21532/home/14725728,listed,,weekly sweep 2026-09-28,
24 hill st|21532,"24 Hill St, Frostburg, MD 21532",21532,2026-09-28,2026-09-28,159000,159000,both,https://www.redfin.com/MD/Frostburg/24-Hill-St-21532/home/14726110,listed,,weekly sweep 2026-09-28,yes
2404 grant ave|25177,"2404 Grant Ave, St Albans, WV 25177",25177,2026-09-28,2026-09-28,189900,189900,both,https://www.redfin.com/WV/St-Albans/2404-Grant-Ave-25177/home/197362930,listed,,weekly sweep 2026-09-28,yes
501 thompson st|25311,"501 Thompson St, Charleston, WV 25311",25311,2026-09-28,2026-09-28,399900,399900,zillow,https://www.zillow.com/homedetails/501-Thompson-St-Charleston-WV-25311/2110987896_zpid/,listed,,weekly sweep 2026-09-28,
12021208 6th ave|25701,"1202-1208 6th Ave, Huntington, WV 25701",25701,2026-09-28,2026-09-28,729000,729000,redfin,https://www.redfin.com/WV/Huntington/1202-6th-Ave-25701/home/115525419,listed,,weekly sweep 2026-09-28,
12021208 w 6th ave|25701,"1202-1208 W 6th Ave, Huntington, WV 25701",25701,2026-09-28,2026-09-28,729000,729000,zillow,https://www.zillow.com/homedetails/1202-1208-W-6th-Ave-Huntington-WV-25701/465138339_zpid/,listed,,weekly sweep 2026-09-28,
1905 12th ave|25701,"1905 12th Ave, Huntington, WV 25701",25701,2026-09-28,2026-09-28,209900,209900,both,https://www.redfin.com/WV/Huntington/1905-12th-Ave-25701/home/201562725,listed,,weekly sweep 2026-09-28,
406 08 washington ave|25701,"406 & 08 Washington Ave, Huntington, WV 25701",25701,2026-09-28,2026-09-28,180000,180000,zillow,https://www.zillow.com/homedetails/406-08-Washington-Ave-Huntington-WV-25701/22402020_zpid/,listed,,weekly sweep 2026-09-28,yes
40608 washington ave|25701,"406-08 Washington Ave, Huntington, WV 25701",25701,2026-09-28,2026-09-28,180000,180000,redfin,https://www.redfin.com/WV/Huntington/406-Washington-Ave-25701/home/198839846,listed,,weekly sweep 2026-09-28,yes
426 washington ave|25701,"426 Washington Ave, Huntington, WV 25701",25701,2026-09-28,2026-09-28,40000,40000,zillow,https://www.zillow.com/homedetails/426-Washington-Ave-Huntington-WV-25701/22402022_zpid/,listed,,weekly sweep 2026-09-28,
526 7th st|25701,"526 7th St, Huntington, WV 25701",25701,2026-09-28,2026-09-28,150000,150000,both,https://www.redfin.com/WV/Huntington/526-7th-St-25701/home/195880509,listed,,weekly sweep 2026-09-28,yes
721 723 5th st rd|25701,"721 & 723 5th Street Rd, Huntington, WV 25701",25701,2026-09-28,2026-09-28,140000,140000,zillow,https://www.zillow.com/homedetails/721-723-5th-Street-Rd-Huntington-WV-25701/449984598_zpid/,listed,,weekly sweep 2026-09-28,yes
721723 5th st rd|25701,"721-723 5th Street Rd, Huntington, WV 25701",25701,2026-09-28,2026-09-28,140000,140000,redfin,https://www.redfin.com/WV/Huntington/721-5th-Street-Rd-25701/home/201442851,listed,,weekly sweep 2026-09-28,yes
1221 norway ave|25705,"1221 Norway Ave, Huntington, WV 25705",25705,2026-09-28,2026-09-28,329900,329900,zillow,https://www.zillow.com/homedetails/1221-Norway-Ave-Huntington-WV-25705/63668978_zpid/,listed,,weekly sweep 2026-09-28,
160 irwin rd|25705,"160 Irwin Rd, Huntington, WV 25705",25705,2026-09-28,2026-09-28,279000,279000,zillow,https://www.zillow.com/homedetails/160-Irwin-Rd-Huntington-WV-25705/462623472_zpid/,listed,,weekly sweep 2026-09-28,
5031 w pea ridge rd|25705,"5031 W Pea Ridge Rd, Huntington, WV 25705",25705,2026-09-28,2026-09-28,619900,619900,both,https://www.redfin.com/WV/Huntington/5031-W-Pea-Ridge-Rd-25705/home/205530143,listed,,weekly sweep 2026-09-28,
000 cherry brook dr|26003,"000 Cherry Brook Dr, Wheeling, WV 26003",26003,2026-09-28,2026-09-28,510000,510000,both,https://www.redfin.com/WV/Wheeling/Cherry-Brook-Dr-26003/home/202359579,listed,,weekly sweep 2026-09-28,
104 atkinson ave|26003,"104 Atkinson Ave, Wheeling, WV 26003",26003,2026-09-28,2026-09-28,180000,180000,both,https://www.redfin.com/WV/Wheeling/104-Atkinson-Ave-26003/home/124368328,listed,,weekly sweep 2026-09-28,
106 edgington ln|26003,"106 Edgington Ln, Wheeling, WV 26003",26003,2026-09-28,2026-09-28,200000,200000,redfin,https://www.redfin.com/WV/Wheeling/106-Edgington-Ln-26003/home/124306302,listed,,weekly sweep 2026-09-28,
107 poplar ave|26003,"107 Poplar Ave, Wheeling, WV 26003",26003,2026-09-28,2026-09-28,205000,205000,redfin,https://www.redfin.com/WV/Wheeling/107-Poplar-Ave-26003/home/124336914,listed,,weekly sweep 2026-09-28,
108 penn st|26003,"108 Penn St, Wheeling, WV 26003",26003,2026-09-28,2026-09-28,89000,89000,redfin,https://www.redfin.com/WV/Wheeling/108-S-Penn-St-26003/home/124286897,listed,,weekly sweep 2026-09-28,
1206 baltimore st|26003,"1206 Baltimore St, Wheeling, WV 26003",26003,2026-09-28,2026-09-28,150000,150000,redfin,https://www.redfin.com/WV/Wheeling/1206-Baltimore-St-26003/home/124334131,listed,,weekly sweep 2026-09-28,
1604 warwood ave|26003,"1604 Warwood Ave, Wheeling, WV 26003",26003,2026-09-28,2026-09-28,197800,197800,both,https://www.redfin.com/WV/Wheeling/1604-Warwood-Ave-26003/home/124315787,listed,,weekly sweep 2026-09-28,
18 ohio st|26003,"18 Ohio St, Wheeling, WV 26003",26003,2026-09-28,2026-09-28,180000,180000,redfin,https://www.redfin.com/WV/Wheeling/18-Ohio-St-26003/home/124377428,listed,,weekly sweep 2026-09-28,
23 garden ct|26003,"23 Garden Ct, Wheeling, WV 26003",26003,2026-09-28,2026-09-28,275000,275000,both,https://www.redfin.com/WV/Wheeling/23-Garden-Ct-26003/home/190940522,listed,,weekly sweep 2026-09-28,
25 kentucky st|26003,"25 Kentucky St, Wheeling, WV 26003",26003,2026-09-28,2026-09-28,92999,92999,both,https://www.redfin.com/WV/Wheeling/25-Kentucky-St-26003/home/124241604,listed,,weekly sweep 2026-09-28,yes
2623 eoff st front rear|26003,"2623 Eoff Street (Front & Rear), Wheeling, WV 26003",26003,2026-09-28,2026-09-28,99000,99000,zillow,https://www.zillow.com/homedetails/2623-Eoff-St-Wheeling-WV-26003/22959372_zpid/,listed,,weekly sweep 2026-09-28,
2623 eoff st front rear st|26003,"2623 Eoff Street (front & Rear) St, Wheeling, WV 26003",26003,2026-09-28,2026-09-28,99000,99000,redfin,https://www.redfin.com/WV/Wheeling/2623-Eoff-St-26003/home/124330432,listed,,weekly sweep 2026-09-28,
317 spenn st|26003,"317 S.penn St, Wheeling, WV 26003",26003,2026-09-28,2026-09-28,142000,142000,redfin,https://www.redfin.com/WV/Wheeling/317-S-Penn-St-26003/home/124251767,listed,,weekly sweep 2026-09-28,
3635 eoff st|26003,"3635 Eoff St, Wheeling, WV 26003",26003,2026-09-28,2026-09-28,22000,22000,both,https://www.redfin.com/WV/Wheeling/3635-Eoff-St-26003/home/124333584,listed,,weekly sweep 2026-09-28,
411413 s penn st|26003,"411-413 South Penn St, Wheeling, WV 26003",26003,2026-09-28,2026-09-28,209000,209000,redfin,https://www.redfin.com/WV/Wheeling/413-S-Penn-St-26003/home/124178633,listed,,weekly sweep 2026-09-28,
416418 n wabash st|26003,"416-418 N Wabash St, Wheeling, WV 26003",26003,2026-09-28,2026-09-28,225000,225000,redfin,https://www.redfin.com/WV/Wheeling/416-418-N-Wabash-St-26003/home/204700670,listed,,weekly sweep 2026-09-28,
434 s broadway st|26003,"434 S Broadway St, Wheeling, WV 26003",26003,2026-09-28,2026-09-28,49777,49777,redfin,https://www.redfin.com/WV/Wheeling/434-S-Broadway-St-26003/home/124328856,listed,,weekly sweep 2026-09-28,
527 529 market st|26003,"527 - 529 Market St, Wheeling, WV 26003",26003,2026-09-28,2026-09-28,199000,199000,redfin,https://www.redfin.com/WV/Wheeling/527-Market-St-26003/home/124202884,listed,,weekly sweep 2026-09-28,
817819 market st|26003,"817-819 Market St, Wheeling, WV 26003",26003,2026-09-28,2026-09-28,52000,52000,zillow,https://www.zillow.com/homedetails/817-819-Market-St-Wheeling-WV-26003/2059779235_zpid/,listed,,weekly sweep 2026-09-28,
92 14th st|26003,"92 14th St, Wheeling, WV 26003",26003,2026-09-28,2026-09-28,295000,295000,zillow,https://www.zillow.com/homedetails/92-14th-St-Wheeling-WV-26003/22957595_zpid/,listed,,weekly sweep 2026-09-28,
106 columbus way|26062,"106 Columbus Way, Weirton, WV 26062",26062,2026-09-28,2026-09-28,239900,239900,both,https://www.redfin.com/WV/Weirton/106-Columbus-Way-26062/home/117088176,listed,,weekly sweep 2026-09-28,
217219 s 19th st|26062,"217-219 S 19th St, Weirton, WV 26062",26062,2026-09-28,2026-09-28,267500,267500,zillow,https://www.zillow.com/homedetails/217-219-S-19th-St-Weirton-WV-26062/463918166_zpid/,listed,,weekly sweep 2026-09-28,
270272 oregon ave|26062,"270-272 Oregon Ave, Weirton, WV 26062",26062,2026-09-28,2026-09-28,289900,289900,zillow,https://www.zillow.com/homedetails/270-272-Oregon-Ave-Weirton-WV-26062/22506553_zpid/,listed,,weekly sweep 2026-09-28,
3117 main st|26062,"3117 Main St, Weirton, WV 26062",26062,2026-09-28,2026-09-28,65000,65000,both,https://www.redfin.com/WV/Weirton/3117-Main-St-26062/home/117236304,listed,,weekly sweep 2026-09-28,
3174 pennsylvania ave|26062,"3174 Pennsylvania Ave, Weirton, WV 26062",26062,2026-09-28,2026-09-28,670000,670000,zillow,https://www.zillow.com/homedetails/3174-Pennsylvania-Ave-Weirton-WV-26062/22507897_zpid/,listed,,weekly sweep 2026-09-28,
3536 orchard st|26062,"3536 Orchard St #3538, Weirton, WV 26062",26062,2026-09-28,2026-09-28,124900,124900,zillow,https://www.zillow.com/homedetails/3536-Orchard-St-3538-Weirton-WV-26062/22504890_zpid/,listed,,weekly sweep 2026-09-28,yes
35363538 orchard st|26062,"3536-3538 Orchard St, Weirton, WV 26062",26062,2026-09-28,2026-09-28,124900,124900,redfin,https://www.redfin.com/WV/Weirton/3536-3538-Orchard-St-26062/home/192229812,listed,,weekly sweep 2026-09-28,yes
3716 orchard st|26062,"3716 Orchard St, Weirton, WV 26062",26062,2026-09-28,2026-09-28,155000,155000,both,https://www.redfin.com/WV/Weirton/3716-Orchard-St-26062/home/114909337,listed,,weekly sweep 2026-09-28,
3717 orchard st|26062,"3717 Orchard St, Weirton, WV 26062",26062,2026-09-28,2026-09-28,49000,49000,both,https://www.redfin.com/WV/Weirton/3717-Orchard-St-26062/home/114881167,listed,,weekly sweep 2026-09-28,
1300 latrobe st|26101,"1300 Latrobe St, Parkersburg, WV 26101",26101,2026-09-28,2026-09-28,68900,68900,redfin,https://www.redfin.com/WV/Parkersburg/1300-Latrobe-St-26101/home/128102556,listed,,weekly sweep 2026-09-28,
1310 staunton ave|26101,"1310 Staunton Ave, Parkersburg, WV 26101",26101,2026-09-28,2026-09-28,110000,110000,both,https://www.redfin.com/WV/Parkersburg/1310-Staunton-Ave-26101/home/128381240,listed,,weekly sweep 2026-09-28,
225 7th st|26101,"225 7th St, Parkersburg, WV 26101",26101,2026-09-28,2026-09-28,134900,134900,zillow,https://www.zillow.com/homedetails/225-7th-St-Parkersburg-WV-26101/80618033_zpid/,listed,,weekly sweep 2026-09-28,yes
507 laurel st|26101,"507 Laurel St, Parkersburg, WV 26101",26101,2026-09-28,2026-09-28,65000,65000,both,https://www.redfin.com/WV/Parkersburg/507-Laurel-St-26101/home/128533806,listed,,weekly sweep 2026-09-28,
508 summers st|26101,"508 Summers St, Parkersburg, WV 26101",26101,2026-09-28,2026-09-28,100000,100000,zillow,https://www.zillow.com/homedetails/508-Summers-St-Parkersburg-WV-26101/23187952_zpid/,listed,,weekly sweep 2026-09-28,yes
603 33rd st|26101,"603 33rd St, Parkersburg, WV 26101",26101,2026-09-28,2026-09-28,97000,97000,both,https://www.redfin.com/WV/Parkersburg/603-33rd-St-26101/home/128358856,listed,,weekly sweep 2026-09-28,yes
750 quincy st|26101,"750 Quincy St, Parkersburg, WV 26101",26101,2026-09-28,2026-09-28,70000,70000,both,https://www.redfin.com/WV/Parkersburg/750-Quincy-St-26101/home/128451048,listed,,weekly sweep 2026-09-28,
806 lynn st|26101,"806 Lynn St, Parkersburg, WV 26101",26101,2026-09-28,2026-09-28,49900,49900,both,https://www.redfin.com/WV/Parkersburg/806-Lynn-St-26101/home/128570579,listed,,weekly sweep 2026-09-28,
901 903 lenore st|26101,"901 & 903 Lenore St, Parkersburg, WV 26101",26101,2026-09-28,2026-09-28,169900,169900,both,https://www.redfin.com/WV/Parkersburg/901-Lenore-St-26101/home/128474090,listed,,weekly sweep 2026-09-28,
903 13th st|26101,"903 13th St, Parkersburg, WV 26101",26101,2026-09-28,2026-09-28,35900,35900,redfin,https://www.redfin.com/WV/Parkersburg/903-13th-St-26101/home/128304682,listed,,weekly sweep 2026-09-28,
905 13th st|26101,"905 13th St, Parkersburg, WV 26101",26101,2026-09-28,2026-09-28,47000,47000,both,https://www.redfin.com/WV/Parkersburg/905-13th-St-26101/home/128291153,listed,,weekly sweep 2026-09-28,
134 pennsylvania ave|26301,"134 Pennsylvania Ave, Clarksburg, WV 26301",26301,2026-09-28,2026-09-28,198000,198000,both,https://www.redfin.com/WV/Clarksburg/134-Pennsylvania-Ave-26301/home/117443381,listed,,weekly sweep 2026-09-28,yes
150 coleman ave|26301,"150 Coleman Ave, Clarksburg, WV 26301",26301,2026-09-28,2026-09-28,249000,249000,both,https://www.redfin.com/WV/Clarksburg/150-Coleman-Ave-26301/home/117855777,listed,,weekly sweep 2026-09-28,
313 thomas ave|26301,"313 Thomas Ave, Nutter Fort, WV 26301",26301,2026-09-28,2026-09-28,94097,94097,zillow,https://www.zillow.com/homedetails/313-Thomas-Ave-Nutter-Fort-WV-26301/22526266_zpid/,listed,,weekly sweep 2026-09-28,yes
313 thomas|26301,"313 Thomas, Nutter Fort, WV 26301",26301,2026-09-28,2026-09-28,94097,94097,redfin,https://www.redfin.com/WV/Nutter-Fort/313-Thomas-Ave-26301/home/117789176,listed,,weekly sweep 2026-09-28,yes
361 lee ave|26301,"361 Lee Ave, Clarksburg, WV 26301",26301,2026-09-28,2026-09-28,,,zillow,https://www.zillow.com/homedetails/361-Lee-Ave-Clarksburg-WV-26301/116224575_zpid/,listed,,weekly sweep 2026-09-28,
425 hornor ave|26301,"425 Hornor Ave, Clarksburg, WV 26301",26301,2026-09-28,2026-09-28,110000,110000,both,https://www.redfin.com/WV/Clarksburg/425-Hornor-Ave-26301/home/117745583,listed,,weekly sweep 2026-09-28,yes
523 hornor ave|26301,"523 Hornor Ave, Clarksburg, WV 26301",26301,2026-09-28,2026-09-28,100000,100000,both,https://www.redfin.com/WV/Clarksburg/523-Hornor-Ave-26301/home/117745306,listed,,weekly sweep 2026-09-28,yes
653 mulberry ave|26301,"653 Mulberry Ave, Clarksburg, WV 26301",26301,2026-09-28,2026-09-28,59975,59975,both,https://www.redfin.com/WV/Clarksburg/653-Mulberry-Ave-26301/home/117859904,listed,,weekly sweep 2026-09-28,
715 711 e pike st|26301,"715 & 711 E Pike St, Clarksburg, WV 26301",26301,2026-09-28,2026-09-28,160000,160000,redfin,https://www.redfin.com/WV/Clarksburg/715-E-Pike-St-26301/home/117763900,listed,,weekly sweep 2026-09-28,
949 w pike st|26301,"949 W Pike St, Clarksburg, WV 26301",26301,2026-09-28,2026-09-28,95000,95000,zillow,https://www.zillow.com/homedetails/949-W-Pike-St-Clarksburg-WV-26301/22522140_zpid/,listed,,weekly sweep 2026-09-28,yes
99103 liberty ave|26301,"99-103 Liberty Ave Unit 836 Milford St, Clarksburg, WV 26301",26301,2026-09-28,2026-09-28,375000,375000,both,https://www.redfin.com/WV/Clarksburg/99-Liberty-Ave-26301/unit-836-Milford-St/home/202200176,listed,,weekly sweep 2026-09-28,
18 powers ct|26501,"18 Powers Ct, Westover, WV 26501",26501,2026-09-28,2026-09-28,995000,995000,both,https://www.redfin.com/WV/Westover/18-Powers-Ct-26501/home/123131529,listed,,weekly sweep 2026-09-28,
208 dunkard ave|26501,"208 Dunkard Ave, Westover, WV 26501",26501,2026-09-28,2026-09-28,210000,210000,both,https://www.redfin.com/WV/Westover/208-Dunkard-Ave-26501/home/202217651,listed,,weekly sweep 2026-09-28,yes
22 w main st|26501,"22 W Main St, Westover, WV 26501",26501,2026-09-28,2026-09-28,220000,220000,zillow,https://www.zillow.com/homedetails/22-W-Main-St-Westover-WV-26501/125181221_zpid/,listed,,weekly sweep 2026-09-28,yes
22 w main|26501,"22 W Main, Westover, WV 26501",26501,2026-09-28,2026-09-28,220000,220000,redfin,https://www.redfin.com/WV/Westover/22-W-Main-St-26501/home/123571123,listed,,weekly sweep 2026-09-28,
320 watts st|26501,"320 Watts St, Morgantown, WV 26501",26501,2026-09-28,2026-09-28,749000,749000,both,https://www.redfin.com/WV/Morgantown/320-Watts-St-26501/home/123041352,listed,,weekly sweep 2026-09-28,
321 riverview ave|26501,"321 Riverview Ave #323, Morgantown, WV 26501",26501,2026-09-28,2026-09-28,223000,223000,zillow,https://www.zillow.com/homedetails/321-Riverview-Ave-323-Morgantown-WV-26501/345456876_zpid/,listed,,weekly sweep 2026-09-28,
321 and 323 riverview ave|26501,"321 and 323 Riverview Ave, Westover, WV 26501",26501,2026-09-28,2026-09-28,223000,223000,redfin,https://www.redfin.com/WV/Westover/323-Riverview-Ave-26501/home/190941251,listed,,weekly sweep 2026-09-28,
348 wilson ave|26501,"348 Wilson Ave, Morgantown, WV 26501",26501,2026-09-28,2026-09-28,189900,189900,both,https://www.redfin.com/WV/Morgantown/348-Wilson-Ave-26501/home/123278665,listed,,weekly sweep 2026-09-28,
444 dorsey ave|26501,"444 Dorsey Ave, Morgantown, WV 26501",26501,2026-09-28,2026-09-28,160000,160000,both,https://www.redfin.com/WV/Morgantown/444-Dorsey-Ave-26501/home/122965136,listed,,weekly sweep 2026-09-28,yes
565 e brockway ave|26501,"565 E Brockway Ave, Morgantown, WV 26501",26501,2026-09-28,2026-09-28,223800,223800,zillow,https://www.zillow.com/homedetails/565-E-Brockway-Ave-Morgantown-WV-26501/22894959_zpid/,listed,,weekly sweep 2026-09-28,
565 e brockway|26501,"565 E Brockway, Morgantown, WV 26501",26501,2026-09-28,2026-09-28,223800,223800,redfin,https://www.redfin.com/WV/Morgantown/565-Brockway-Ave-26501/home/123006488,listed,,weekly sweep 2026-09-28,
1411 n willey st|26505,"1411 N Willey St, Morgantown, WV 26505",26505,2026-09-28,2026-09-28,399999,399999,redfin,https://www.redfin.com/WV/Morgantown/1411-N-Willey-St-26505/home/123088347,listed,,weekly sweep 2026-09-28,
1443 nw dr|26505,"1443 Northwest Dr, Morgantown, WV 26505",26505,2026-09-28,2026-09-28,198000,198000,both,https://www.redfin.com/WV/Morgantown/1443-Northwest-Dr-26505/home/123483052,listed,,weekly sweep 2026-09-28,
2045 university ave|26505,"2045 University Ave, Morgantown, WV 26505",26505,2026-09-28,2026-09-28,950000,950000,redfin,https://www.redfin.com/WV/Morgantown/2045-University-Ave-26505/home/199737565,listed,,weekly sweep 2026-09-28,
213 mclane ave|26505,"213 Mclane Ave, Morgantown, WV 26505",26505,2026-09-28,2026-09-28,199000,199000,both,https://www.redfin.com/WV/Morgantown/213-McLane-Ave-26505/home/123106775,listed,,weekly sweep 2026-09-28,
289 wiles|26505,"289 Wiles, Morgantown, WV 26505",26505,2026-09-28,2026-09-28,325000,325000,redfin,https://www.redfin.com/WV/Morgantown/289-Wiles-St-26505/home/123199096,listed,,weekly sweep 2026-09-28,
318 high|26505,"318 High, Morgantown, WV 26505",26505,2026-09-28,2026-09-28,1409999,1409999,redfin,https://www.redfin.com/WV/Morgantown/318-High-St-26505/home/123376510,listed,,weekly sweep 2026-09-28,
3907 sun way|26505,"3907 Sun Way, Morgantown, WV 26505",26505,2026-09-28,2026-09-28,405000,405000,zillow,https://www.zillow.com/homedetails/3907-Sun-Way-Morgantown-WV-26505/208917809_zpid/,listed,,weekly sweep 2026-09-28,
400 fife|26505,"400 Fife, Morgantown, WV 26505",26505,2026-09-28,2026-09-28,299999,299999,redfin,https://www.redfin.com/WV/Morgantown/400-Fife-St-26505/home/123285668,listed,,weekly sweep 2026-09-28,
409 mclane ave|26505,"409 Mclane Ave, Morgantown, WV 26505",26505,2026-09-28,2026-09-28,449000,449000,both,https://www.redfin.com/WV/Morgantown/409-McLane-Ave-26505/home/122965766,listed,,weekly sweep 2026-09-28,
501 grant ave|26505,"501 Grant Ave, Morgantown, WV 26505",26505,2026-09-28,2026-09-28,150000,150000,redfin,https://www.redfin.com/WV/Morgantown/501-Grant-Ave-26505/home/204545601,listed,,weekly sweep 2026-09-28,
505 grant ave|26505,"505 Grant Ave, Morgantown, WV 26505",26505,2026-09-28,2026-09-28,150000,150000,redfin,https://www.redfin.com/WV/Morgantown/505-Grant-Ave-26505/home/123285330,listed,,weekly sweep 2026-09-28,
509 grant ave|26505,"509 Grant Ave, Morgantown, WV 26505",26505,2026-09-28,2026-09-28,150000,150000,redfin,https://www.redfin.com/WV/Morgantown/509-Grant-Ave-26505/home/123362072,listed,,weekly sweep 2026-09-28,
532 12 herman ave|26505,"532 & 532 1/2 Herman Ave, Star City, WV 26505",26505,2026-09-28,2026-09-28,239900,239900,redfin,https://www.redfin.com/WV/Star-City/532-532-1-2-Herman-Ave-26505/home/190940617,listed,,weekly sweep 2026-09-28,
532 53212 herman ave|26505,"532 & 532-1/2 Herman Ave, Morgantown, WV 26505",26505,2026-09-28,2026-09-28,239900,239900,zillow,https://www.zillow.com/homedetails/532-532-1-2-Herman-Ave-Morgantown-WV-26505/347944234_zpid/,listed,,weekly sweep 2026-09-28,
55 jones ave|26505,"55 Jones Ave, Morgantown, WV 26505",26505,2026-09-28,2026-09-28,305000,305000,redfin,https://www.redfin.com/WV/Morgantown/55-Jones-Ave-26505/home/123138998,listed,,weekly sweep 2026-09-28,
605 junction st|26505,"605 Junction St #607, Morgantown, WV 26505",26505,2026-09-28,2026-09-28,285000,285000,zillow,https://www.zillow.com/homedetails/605-Junction-St-607-Morgantown-WV-26505/464126930_zpid/,listed,,weekly sweep 2026-09-28,
605|26505,"605,607 Junction St, Morgantown, WV 26505",26505,2026-09-28,2026-09-28,285000,285000,redfin,https://www.redfin.com/WV/Morgantown/605-Junction-St-26505/home/179451649,listed,,weekly sweep 2026-09-28,
676 willey st|26505,"676 Willey St, Morgantown, WV 26505",26505,2026-09-28,2026-09-28,299000,299000,both,https://www.redfin.com/WV/Morgantown/676-Willey-St-26505/home/123041879,listed,,weekly sweep 2026-09-28,
725 willey st|26505,"725 Willey St, Morgantown, WV 26505",26505,2026-09-28,2026-09-28,295000,295000,redfin,https://www.redfin.com/WV/Morgantown/725-Willey-St-26505/home/123181426,listed,,weekly sweep 2026-09-28,
899 tremont st|26505,"899 Tremont St, Morgantown, WV 26505",26505,2026-09-28,2026-09-28,259000,259000,both,https://www.redfin.com/WV/Morgantown/899-Tremont-St-26505/home/122964774,listed,,weekly sweep 2026-09-28,
904 louise ave|26505,"904 Louise Ave, Morgantown, WV 26505",26505,2026-09-28,2026-09-28,156900,156900,both,https://www.redfin.com/WV/Morgantown/904-Louise-Ave-26505/home/123168859,listed,,weekly sweep 2026-09-28,yes
1005 locust ave|26554,"1005 Locust Ave, Fairmont, WV 26554",26554,2026-09-28,2026-09-28,129900,129900,zillow,https://www.zillow.com/homedetails/1005-Locust-Ave-Fairmont-WV-26554/22726491_zpid/,listed,,weekly sweep 2026-09-28,yes
1005 locust|26554,"1005 Locust, Fairmont, WV 26554",26554,2026-09-28,2026-09-28,129900,129900,redfin,https://www.redfin.com/WV/Fairmont/1005-Locust-Ave-26554/home/120714501,listed,,weekly sweep 2026-09-28,yes
1200 speedway ave|26554,"1200 Speedway Ave, Fairmont, WV 26554",26554,2026-09-28,2026-09-28,246000,246000,both,https://www.zillow.com/homedetails/1200-Speedway-Ave-Fairmont-WV-26554/443121255_zpid/,listed,,weekly sweep 2026-09-28,
140 locust ave|26554,"140 Locust Ave, Fairmont, WV 26554",26554,2026-09-28,2026-09-28,310000,310000,both,https://www.zillow.com/homedetails/140-Locust-Ave-Fairmont-WV-26554/2055784404_zpid/,listed,,weekly sweep 2026-09-28,
2005 bellview ave|26554,"200.5 Bellview Ave, Fairmont, WV 26554",26554,2026-09-28,2026-09-28,189900,189900,redfin,https://www.redfin.com/WV/Fairmont/200-Bellview-Ave-26554/home/120572478,listed,,weekly sweep 2026-09-28,
2005 n bellview ave|26554,"200.5 N Bellview Ave, Fairmont, WV 26554",26554,2026-09-28,2026-09-28,189900,189900,zillow,https://www.zillow.com/homedetails/200-5-N-Bellview-Ave-Fairmont-WV-26554/460744295_zpid/,listed,,weekly sweep 2026-09-28,
230 locust ave|26554,"230 Locust Ave, Fairmont, WV 26554",26554,2026-09-28,2026-09-28,225000,225000,both,https://www.zillow.com/homedetails/230-Locust-Ave-Fairmont-WV-26554/125194880_zpid/,listed,,weekly sweep 2026-09-28,
302 columbia st|26554,"302 Columbia St, Fairmont, WV 26554",26554,2026-09-28,2026-09-28,120000,120000,redfin,https://www.redfin.com/WV/Fairmont/302-Columbia-St-26554/home/120695973,listed,,weekly sweep 2026-09-28,yes
318 bellview ave|26554,"318 Bellview Ave, Fairmont, WV 26554",26554,2026-09-28,2026-09-28,124900,124900,zillow,https://www.zillow.com/homedetails/318-Bellview-Ave-Fairmont-WV-26554/22729048_zpid/,listed,,weekly sweep 2026-09-28,yes
318 bellview|26554,"318 Bellview, Fairmont, WV 26554",26554,2026-09-28,2026-09-28,124900,124900,redfin,https://www.redfin.com/WV/Fairmont/318-Bellview-Ave-26554/home/120680565,listed,,weekly sweep 2026-09-28,
508 fairmont ave|26554,"508 Fairmont Ave, Fairmont, WV 26554",26554,2026-09-28,2026-09-28,250000,250000,both,https://www.zillow.com/homedetails/508-Fairmont-Ave-Fairmont-WV-26554/208844465_zpid/,listed,,weekly sweep 2026-09-28,
512 e park ave|26554,"512 E Park Ave, Fairmont, WV 26554",26554,2026-09-28,2026-09-28,115000,115000,zillow,https://www.zillow.com/homedetails/512-E-Park-Ave-Fairmont-WV-26554/22731660_zpid/,listed,,weekly sweep 2026-09-28,yes
512 e park|26554,"512 East Park, Fairmont, WV 26554",26554,2026-09-28,2026-09-28,115000,115000,redfin,https://www.redfin.com/WV/Fairmont/512-E-Park-Ave-26554/home/120688455,listed,,weekly sweep 2026-09-28,yes
926926 12 virginia ave|26554,"926-926 1/2 Virginia Ave, Fairmont, WV 26554",26554,2026-09-28,2026-09-28,239000,239000,both,https://www.zillow.com/homedetails/926-926-1-2-Virginia-Ave-Fairmont-WV-26554/2062202100_zpid/,listed,,weekly sweep 2026-09-28,
24252427 boone st|41101,"2425-2427 Boone st St, Ashland, KY 41101",41101,2026-09-28,2026-09-28,390000,390000,both,https://www.redfin.com/KY/Ashland/2425-2427-Boone-St-41101/home/196143047,listed,,weekly sweep 2026-09-28,
341 31st st|41101,"341 31st St, Ashland, KY 41101",41101,2026-09-28,2026-09-28,99900,99900,both,https://www.redfin.com/KY/Ashland/341-31st-St-41101/home/84507656,listed,,weekly sweep 2026-09-28,yes
520 deal st|41101,"520 Deal St, Ashland, KY 41101",41101,2026-09-28,2026-09-28,119900,119900,both,https://www.redfin.com/KY/Ashland/520-33rd-St-41101/home/84506791,listed,,weekly sweep 2026-09-28,yes
320322 34th st|43906,"320-322 34th St, Bellaire, OH 43906",43906,2026-09-28,2026-09-28,209900,209900,zillow,https://www.zillow.com/homedetails/320-322-34th-St-Bellaire-OH-43906/50572181_zpid/,listed,,weekly sweep 2026-09-28,
3412 3414 monroe st|43906,"3412 & 3414 Monroe St, Bellaire, OH 43906",43906,2026-09-28,2026-09-28,82000,82000,both,https://www.zillow.com/homedetails/3412-3414-Monroe-St-Bellaire-OH-43906/465239202_zpid/,listed,,weekly sweep 2026-09-28,
218 12 n 8th st|43935,"218 1/2 N 8th St, Martins Ferry, OH 43935",43935,2026-09-28,2026-09-28,,,zillow,https://www.zillow.com/homedetails/218-1-2-N-8th-St-Martins-Ferry-OH-43935/2097119545_zpid/,listed,,weekly sweep 2026-09-28,
312 n 7th st|43935,"312 N 7th St, Martins Ferry, OH 43935",43935,2026-09-28,2026-09-28,64900,64900,zillow,https://www.zillow.com/homedetails/312-N-7th-St-Martins-Ferry-OH-43935/50568129_zpid/,listed,,weekly sweep 2026-09-28,
800 euclid ave|43935,"800 Euclid Ave, Martins Ferry, OH 43935",43935,2026-09-28,2026-09-28,200000,200000,both,https://www.redfin.com/OH/Martins-Ferry/800-Euclid-Ave-43935/home/116329458,listed,,weekly sweep 2026-09-28,
112 woodmont ave|43952,"112 Woodmont Avenue Ave, Steubenville, OH 43952",43952,2026-09-28,2026-09-28,135000,135000,both,https://www.redfin.com/OH/Steubenville/112-Woodmont-Ave-43952/home/204670914,listed,,weekly sweep 2026-09-28,
1235 sinclair ave|43952,"1235 Sinclair Ave, Steubenville, OH 43952",43952,2026-09-28,2026-09-28,139900,139900,zillow,https://www.zillow.com/homedetails/1235-Sinclair-Ave-Steubenville-OH-43952/92239838_zpid/,listed,,weekly sweep 2026-09-28,yes
1435 ridge ave|43952,"1435 Ridge Ave, Steubenville, OH 43952",43952,2026-09-28,2026-09-28,249000,249000,both,https://www.redfin.com/OH/Steubenville/1435-Ridge-Ave-43952/home/119799285,listed,,weekly sweep 2026-09-28,
321323 slack st|43952,"321-323 Slack St, Steubenville, OH 43952",43952,2026-09-28,2026-09-28,27500,27500,both,https://www.redfin.com/OH/Steubenville/321-Slack-St-43952/home/120109839,listed,,weekly sweep 2026-09-28,
511 union ave|43952,"511 Union Ave, Steubenville, OH 43952",43952,2026-09-28,2026-09-28,99000,99000,zillow,https://www.zillow.com/homedetails/511-Union-Ave-Steubenville-OH-43952/92235192_zpid/,listed,,weekly sweep 2026-09-28,yes
127 forest st|43953,"127 Forest St, Steubenville, OH 43953",43953,2026-09-28,2026-09-28,154900,154900,both,https://www.redfin.com/OH/Steubenville/127-Forest-St-43953/home/120079892,listed,,weekly sweep 2026-09-28,yes
17 w wilson ave|44420,"17 W Wilson Ave, Girard, OH 44420",44420,2026-09-28,2026-09-28,139000,139000,both,https://www.redfin.com/OH/Girard/17-W-Wilson-Ave-44420/home/66330458,listed,,weekly sweep 2026-09-28,yes
232236 dearborn st|44420,"232-236 Dearborn St, Girard, OH 44420",44420,2026-09-28,2026-09-28,130000,130000,zillow,https://www.zillow.com/homedetails/232-236-Dearborn-St-Girard-OH-44420/35500959_zpid/,listed,,weekly sweep 2026-09-28,yes
912 n highland ave|44420,"912 N Highland Ave, Girard, OH 44420",44420,2026-09-28,2026-09-28,199900,199900,both,https://www.redfin.com/OH/Girard/912-N-Highland-Ave-44420/home/66589925,listed,,weekly sweep 2026-09-28,
952 n highland ave|44420,"952 N Highland Ave, Girard, OH 44420",44420,2026-09-28,2026-09-28,129900,129900,zillow,https://www.zillow.com/homedetails/952-N-Highland-Ave-Girard-OH-44420/465454011_zpid/,listed,,weekly sweep 2026-09-28,yes
3250 state route 534|44444,"3250 State Route 534, Newton Falls, OH 44444",44444,2026-09-28,2026-09-28,1500000,1500000,both,https://www.redfin.com/OH/Newton-Falls/3250-Ohio-534-44444/home/171553655,listed,,weekly sweep 2026-09-28,
116 lafayette ave|44446,"116 Lafayette Ave, Niles, OH 44446",44446,2026-09-28,2026-09-28,129900,129900,both,https://www.zillow.com/homedetails/116-Lafayette-Ave-Niles-OH-44446/35514596_zpid/,listed,,weekly sweep 2026-09-28,yes
117 gilbert ave|44446,"117 Gilbert Ave, Niles, OH 44446",44446,2026-09-28,2026-09-28,129900,129900,both,https://www.zillow.com/homedetails/117-Gilbert-Ave-Niles-OH-44446/35512602_zpid/,listed,,weekly sweep 2026-09-28,yes
23 hartzell ave|44446,"23 Hartzell Ave, Niles, OH 44446",44446,2026-09-28,2026-09-28,185000,185000,both,https://www.zillow.com/homedetails/23-Hartzell-Ave-Niles-OH-44446/2073751956_zpid/,listed,,weekly sweep 2026-09-28,
430430 one half mason st|44446,"430-430 One Half Mason St, Niles, OH 44446",44446,2026-09-28,2026-09-28,131800,131800,zillow,https://www.zillow.com/homedetails/430-430-One-Half-Mason-St-Niles-OH-44446/2057929310_zpid/,listed,,weekly sweep 2026-09-28,
1103 high st ne|44483,"1103 High St NE, Warren, OH 44483",44483,2026-09-28,2026-09-28,110000,110000,both,https://www.redfin.com/OH/Warren/1103-High-St-NE-44483/home/71696509,listed,,weekly sweep 2026-09-28,yes
1113 high st ne|44483,"1113 High St NE, Warren, OH 44483",44483,2026-09-28,2026-09-28,110000,110000,both,https://www.redfin.com/OH/Warren/1113-High-St-NE-44483/home/71696510,listed,,weekly sweep 2026-09-28,yes
1132 woodland ave ne|44483,"1132 Woodland Ave NE, Warren, OH 44483",44483,2026-09-28,2026-09-28,160000,160000,redfin,https://www.redfin.com/OH/Warren/1132-Woodland-St-NE-44483/home/199612515,listed,,weekly sweep 2026-09-28,yes
433 olive st|44483,"433 Olive St, Warren, OH 44483",44483,2026-09-28,2026-09-28,49900,49900,zillow,https://www.zillow.com/homedetails/433-Olive-St-Warren-OH-44483/450012063_zpid/,listed,,weekly sweep 2026-09-28,
626 woodbine ave se|44483,"626 Woodbine Ave SE, Warren, OH 44483",44483,2026-09-28,2026-09-28,102900,102900,both,https://www.redfin.com/OH/Warren/626-Woodbine-Ave-SE-44483/home/71703260,listed,,weekly sweep 2026-09-28,yes
1182 youngstown rd se|44484,"1182 Youngstown Rd SE, Warren, OH 44484",44484,2026-09-28,2026-09-28,299900,299900,both,https://www.zillow.com/homedetails/1182-Youngstown-Rd-SE-Warren-OH-44484/35536192_zpid/,listed,,weekly sweep 2026-09-28,
150 washington blvd|44512,"150 Washington Blvd, Youngstown, OH 44512",44512,2026-09-28,2026-09-28,359000,359000,zillow,https://www.zillow.com/homedetails/150-Washington-Blvd-Youngstown-OH-44512/464381999_zpid/,listed,,weekly sweep 2026-09-28,
4230 chester dr|44512,"4230 Chester Dr, Youngstown, OH 44512",44512,2026-09-28,2026-09-28,180000,180000,both,https://www.redfin.com/OH/Youngstown/4230-Chester-Dr-44512/home/66584009,listed,,weekly sweep 2026-09-28,
43374339 chester dr|44512,"4337-4339 Chester Dr, Boardman, OH 44512",44512,2026-09-28,2026-09-28,190000,190000,both,https://www.redfin.com/OH/Boardman/4339-Chester-Dr-44512/home/80105460,listed,,weekly sweep 2026-09-28,
4602 southern blvd|44512,"4602 Southern Blvd, Youngstown, OH 44512",44512,2026-09-28,2026-09-28,160000,160000,both,https://www.redfin.com/OH/Youngstown/4602-Southern-Blvd-44512/home/66584274,listed,,weekly sweep 2026-09-28,
2007 washington blvd|45714,"2007 Washington Blvd, Belpre, OH 45714",45714,2026-09-28,2026-09-28,279900,279900,both,https://www.redfin.com/OH/Belpre/2007-Washington-Blvd-45714/home/195985662,listed,,weekly sweep 2026-09-28,
209 lee st|45714,"209 Lee St, Belpre, OH 45714",45714,2026-09-28,2026-09-28,305000,305000,both,https://www.redfin.com/OH/Belpre/209-Lee-St-45714/home/145118805,listed,,weekly sweep 2026-09-28,
104 w spring st|45750,"104 W Spring St, Marietta, OH 45750",45750,2026-09-28,2026-09-28,140000,140000,both,https://www.redfin.com/OH/Marietta/104-W-Spring-St-45750/home/177973283,listed,,weekly sweep 2026-09-28,yes
315 e evers ave|43402,"315 E Evers Ave, Bowling Green, OH 43402",43402,2026-09-28,2026-09-28,214900,214900,both,https://www.zillow.com/homedetails/315-E-Evers-Ave-Bowling-Green-OH-43402/465538865_zpid/,listed,,weekly sweep 2026-09-28,
319 s arch st|43420,"319 S Arch St #1/2, Fremont, OH 43420",43420,2026-09-28,2026-09-28,179900,179900,zillow,https://www.zillow.com/homedetails/319-S-Arch-St-1-2-Fremont-OH-43420/465151109_zpid/,listed,,weekly sweep 2026-09-28,
31931 s arch st|43420,"319-31 S Arch St, Fremont, OH 43420",43420,2026-09-28,2026-09-28,179900,179900,both,https://www.redfin.com/OH/Fremont/319-S-Arch-St-43420/home/205496777,listed,,weekly sweep 2026-09-28,
1011 nevada st|43605,"1011 Nevada St, Toledo, OH 43605",43605,2026-09-28,2026-09-28,99900,99900,redfin,https://www.redfin.com/OH/Toledo/1011-Nevada-St-43605/home/123394684,listed,,weekly sweep 2026-09-28,
1022 liberty st|43605,"1022 Liberty St, Toledo, OH 43605",43605,2026-09-28,2026-09-28,124900,124900,redfin,https://www.redfin.com/OH/Toledo/1022-Liberty-St-43605/home/121621645,listed,,weekly sweep 2026-09-28,yes
1103 navarre ave|43605,"1103 Navarre Ave, Toledo, OH 43605",43605,2026-09-28,2026-09-28,125000,125000,redfin,https://www.redfin.com/OH/Toledo/1103-Navarre-Ave-43605/home/121647606,listed,,weekly sweep 2026-09-28,
1117 nevada st|43605,"1117 Nevada St, Toledo, OH 43605",43605,2026-09-28,2026-09-28,95500,95500,both,https://www.redfin.com/OH/Toledo/1117-Nevada-St-43605/home/123035601,listed,,weekly sweep 2026-09-28,
1202 nevada st|43605,"1202 Nevada St, Toledo, OH 43605",43605,2026-09-28,2026-09-28,225000,225000,both,https://www.redfin.com/OH/Toledo/1202-Nevada-St-43605/home/122993084,listed,,weekly sweep 2026-09-28,
1219 idaho st|43605,"1219 Idaho St, Toledo, OH 43605",43605,2026-09-28,2026-09-28,99900,99900,both,https://www.redfin.com/OH/Toledo/1219-Idaho-St-43605/home/121280104,listed,,weekly sweep 2026-09-28,
1302 kelsey ave|43605,"1302 Kelsey Ave, Toledo, OH 43605",43605,2026-09-28,2026-09-28,59900,59900,redfin,https://www.redfin.com/OH/Toledo/1302-Kelsey-Ave-43605/home/175755716,listed,,weekly sweep 2026-09-28,
1355 e broadway st e broadway st|43605,"1355 E Broadway St E Broadway St, Toledo, OH 43605",43605,2026-09-28,2026-09-28,145000,145000,redfin,https://www.redfin.com/OH/Toledo/1355-E-Broadway-St-43605/home/205179384,listed,,weekly sweep 2026-09-28,
1401 liberty st|43605,"1401 Liberty St, Toledo, OH 43605",43605,2026-09-28,2026-09-28,55000,55000,redfin,https://www.redfin.com/OH/Toledo/1401-Liberty-St-43605/home/199988102,listed,,weekly sweep 2026-09-28,yes
1532 liberty st|43605,"1532 Liberty St, Toledo, OH 43605",43605,2026-09-28,2026-09-28,94900,94900,redfin,https://www.redfin.com/OH/Toledo/1532-Liberty-St-43605/home/123381828,listed,,weekly sweep 2026-09-28,yes
1610 nevada st|43605,"1610 Nevada St, Toledo, OH 43605",43605,2026-09-28,2026-09-28,69000,69000,redfin,https://www.redfin.com/OH/Toledo/1610-Nevada-St-43605/home/123275913,listed,,weekly sweep 2026-09-28,
1624 pool st|43605,"1624 Pool St, Toledo, OH 43605",43605,2026-09-28,2026-09-28,94900,94900,redfin,https://www.redfin.com/OH/Toledo/1624-Pool-St-43605/home/122555334,listed,,weekly sweep 2026-09-28,yes
1992 starr ave|43605,"1992 Starr Ave, Toledo, OH 43605",43605,2026-09-28,2026-09-28,74900,74900,redfin,https://www.redfin.com/OH/Toledo/1992-Starr-Ave-43605/home/122339124,listed,,weekly sweep 2026-09-28,
1996 starr ave|43605,"1996 Starr Ave, Toledo, OH 43605",43605,2026-09-28,2026-09-28,79900,79900,redfin,https://www.redfin.com/OH/Toledo/1996-Starr-Ave-43605/home/201261400,listed,,weekly sweep 2026-09-28,
237 yondota st|43605,"237 Yondota St, Toledo, OH 43605",43605,2026-09-28,2026-09-28,134900,134900,both,https://www.redfin.com/OH/Toledo/237-Yondota-St-43605/home/123590930,listed,,weekly sweep 2026-09-28,
259 willard st|43605,"259 Willard St, Toledo, OH 43605",43605,2026-09-28,2026-09-28,125000,125000,both,https://www.redfin.com/OH/Toledo/259-Willard-St-43605/home/121804913,listed,,weekly sweep 2026-09-28,
350 parker ave|43605,"350 Parker Ave, Toledo, OH 43605",43605,2026-09-28,2026-09-28,100000,100000,redfin,https://www.redfin.com/OH/Toledo/350-Parker-Ave-43605/home/122286554,listed,,weekly sweep 2026-09-28,
420 barker st|43605,"420 Barker St, Toledo, OH 43605",43605,2026-09-28,2026-09-28,179900,179900,redfin,https://www.redfin.com/OH/Toledo/420-Barker-St-43605/home/163288895,listed,,weekly sweep 2026-09-28,
423 oak st|43605,"423 Oak St, Toledo, OH 43605",43605,2026-09-28,2026-09-28,77900,77900,redfin,https://www.redfin.com/OH/Toledo/423-Oak-St-43605/home/121821104,listed,,weekly sweep 2026-09-28,
426 e broadway st|43605,"426 E Broadway St, Toledo, OH 43605",43605,2026-09-28,2026-09-28,109900,109900,redfin,https://www.redfin.com/OH/Toledo/426-E-Broadway-St-43605/home/121802928,listed,,weekly sweep 2026-09-28,
428 platt st|43605,"428 Platt St, Toledo, OH 43605",43605,2026-09-28,2026-09-28,299900,299900,both,https://www.redfin.com/OH/Toledo/428-Platt-St-43605/home/123720366,listed,,weekly sweep 2026-09-28,
445 4th st|43605,"445 4th St, Toledo, OH 43605",43605,2026-09-28,2026-09-28,75000,75000,redfin,https://www.redfin.com/OH/Toledo/445-4th-St-43605/home/121812702,listed,,weekly sweep 2026-09-28,
540 church st|43605,"540 Church St, Toledo, OH 43605",43605,2026-09-28,2026-09-28,74900,74900,redfin,https://www.redfin.com/OH/Toledo/540-Church-St-43605/home/123732504,listed,,weekly sweep 2026-09-28,
578 dearborn ave|43605,"578 Dearborn Ave, Toledo, OH 43605",43605,2026-09-28,2026-09-28,88450,88450,redfin,https://www.redfin.com/OH/Toledo/578-Dearborn-Ave-43605/home/122505750,listed,,weekly sweep 2026-09-28,
637 elmore st|43605,"637 Elmore St, Toledo, OH 43605",43605,2026-09-28,2026-09-28,84900,84900,both,https://www.redfin.com/OH/Toledo/637-Elmore-St-43605/home/121611458,listed,,weekly sweep 2026-09-28,
743 forsythe st|43605,"743 Forsythe St, Toledo, OH 43605",43605,2026-09-28,2026-09-28,114900,114900,redfin,https://www.redfin.com/OH/Toledo/743-Forsythe-St-43605/home/121927624,listed,,weekly sweep 2026-09-28,
747 euclid ave|43605,"747 Euclid Ave, Toledo, OH 43605",43605,2026-09-28,2026-09-28,29900,29900,both,https://www.redfin.com/OH/Toledo/747-Euclid-Ave-43605/home/122337646,listed,,weekly sweep 2026-09-28,
763 dover pl|43605,"763 Dover Pl, Toledo, OH 43605",43605,2026-09-28,2026-09-28,84900,84900,both,https://www.redfin.com/OH/Toledo/763-Dover-Pl-43605/home/122620224,listed,,weekly sweep 2026-09-28,
1038 w woodruff ave|43606,"1038 W Woodruff Ave, Toledo, OH 43606",43606,2026-09-28,2026-09-28,99000,99000,both,https://www.redfin.com/OH/Toledo/1038-W-Woodruff-Ave-43606/home/122522376,listed,,weekly sweep 2026-09-28,
1301 goodale ave|43606,"1301 Goodale Ave, Toledo, OH 43606",43606,2026-09-28,2026-09-28,114900,114900,redfin,https://www.redfin.com/OH/Toledo/1301-Goodale-Ave-43606/home/122617318,listed,,weekly sweep 2026-09-28,
1356 n cove blvd|43606,"1356 N Cove Blvd, Toledo, OH 43606",43606,2026-09-28,2026-09-28,369900,369900,redfin,https://www.redfin.com/OH/Toledo/1356-N-Cove-Blvd-43606/home/122762527,listed,,weekly sweep 2026-09-28,
1364 n cove blvd|43606,"1364 N Cove Blvd, Toledo, OH 43606",43606,2026-09-28,2026-09-28,315000,315000,both,https://www.redfin.com/OH/Toledo/1364-N-Cove-Blvd-43606/home/121369585,listed,,weekly sweep 2026-09-28,
1380 n cove blvd|43606,"1380 N Cove Blvd, Toledo, OH 43606",43606,2026-09-28,2026-09-28,230000,230000,both,https://www.redfin.com/OH/Toledo/1380-N-Cove-Blvd-43606/home/122711298,listed,,weekly sweep 2026-09-28,yes
1608 milburn ave|43606,"1608 Milburn Ave, Toledo, OH 43606",43606,2026-09-28,2026-09-28,125000,125000,both,https://www.redfin.com/OH/Toledo/1608-Milburn-Ave-43606/home/122575995,listed,,weekly sweep 2026-09-28,yes
1817 waite ave|43606,"1817 Waite Ave, Toledo, OH 43606",43606,2026-09-28,2026-09-28,4888,4888,both,https://www.redfin.com/OH/Toledo/1817-Waite-Ave-43606/home/123668877,listed,,weekly sweep 2026-09-28,
1828 forest ave|43606,"1828 Forest Ave, Toledo, OH 43606",43606,2026-09-28,2026-09-28,60000,60000,redfin,https://www.redfin.com/OH/Toledo/1828-Forest-Ave-43606/home/121241259,listed,,weekly sweep 2026-09-28,
2237 evergreen rd|43606,"2237 Evergreen Rd, Ottawa Hills, OH 43606",43606,2026-09-28,2026-09-28,889900,889900,both,https://www.redfin.com/OH/Ottawa-Hills/2237-Evergreen-Rd-43606/home/123505163,listed,,weekly sweep 2026-09-28,
2446 kenwood blvd|43606,"2446 Kenwood Blvd, Toledo, OH 43606",43606,2026-09-28,2026-09-28,299000,299000,both,https://www.redfin.com/OH/Toledo/2446-Kenwood-Blvd-43606/home/122312808,listed,,weekly sweep 2026-09-28,
2712 hoehler dr|43606,"2712 Hoehler Dr, Toledo, OH 43606",43606,2026-09-28,2026-09-28,150000,150000,both,https://www.redfin.com/OH/Toledo/2712-Hoehler-Dr-43606/home/121557802,listed,,weekly sweep 2026-09-28,yes
3239 algonquin pkwy|43606,"3239 Algonquin Pkwy, Toledo, OH 43606",43606,2026-09-28,2026-09-28,189900,189900,both,https://www.redfin.com/OH/Toledo/3239-Algonquin-Pkwy-43606/home/122663915,listed,,weekly sweep 2026-09-28,yes
1026 oakwood ave|43607,"1026 Oakwood Ave, Toledo, OH 43607",43607,2026-09-28,2026-09-28,135000,135000,both,https://www.redfin.com/OH/Toledo/1026-Oakwood-Ave-43607/home/123371026,listed,,weekly sweep 2026-09-28,
1102 hamilton st|43607,"1102 Hamilton St, Toledo, OH 43607",43607,2026-09-28,2026-09-28,120000,120000,both,https://www.redfin.com/OH/Toledo/1102-Hamilton-St-43607/home/121327090,listed,,weekly sweep 2026-09-28,yes
1102 palmwood ave|43607,"1102 Palmwood Ave, Toledo, OH 43607",43607,2026-09-28,2026-09-28,49900,49900,both,https://www.redfin.com/OH/Toledo/1102-Palmwood-Ave-43607/home/122566840,listed,,weekly sweep 2026-09-28,
1115 lincoln ave|43607,"1115 Lincoln Ave, Toledo, OH 43607",43607,2026-09-28,2026-09-28,54900,54900,both,https://www.redfin.com/OH/Toledo/1115-Lincoln-Ave-43607/home/121742579,listed,,weekly sweep 2026-09-28,
1688 avondale ave|43607,"1688 Avondale Ave, Toledo, OH 43607",43607,2026-09-28,2026-09-28,105000,105000,redfin,https://www.redfin.com/OH/Toledo/1688-Avondale-Ave-43607/home/122650131,listed,,weekly sweep 2026-09-28,yes
1917 wyndhurst rd|43607,"1917 Wyndhurst Rd, Toledo, OH 43607",43607,2026-09-28,2026-09-28,239900,239900,both,https://www.redfin.com/OH/Toledo/1917-Wyndhurst-Rd-43607/home/122537382,listed,,weekly sweep 2026-09-28,
2019 kensington rd|43607,"2019 Kensington Rd, Toledo, OH 43607",43607,2026-09-28,2026-09-28,99900,99900,both,https://www.redfin.com/OH/Toledo/2019-Kensington-Rd-43607/home/123277949,listed,,weekly sweep 2026-09-28,yes
2020 fernwood ave|43607,"2020 Fernwood Ave, Toledo, OH 43607",43607,2026-09-28,2026-09-28,,,both,https://www.redfin.com/OH/Toledo/2020-Fernwood-Ave-43607/home/122580147,listed,,weekly sweep 2026-09-28,
2111 kensington rd|43607,"2111 Kensington Rd, Toledo, OH 43607",43607,2026-09-28,2026-09-28,499500,499500,both,https://www.redfin.com/OH/Toledo/2111-Kensington-Rd-43607/home/121375389,listed,,weekly sweep 2026-09-28,
2115 kensington rd|43607,"2115 Kensington Rd, Toledo, OH 43607",43607,2026-09-28,2026-09-28,499500,499500,redfin,https://www.redfin.com/OH/Toledo/2115-Kensington-Rd-43607/home/121396543,listed,,weekly sweep 2026-09-28,
2634 calverton rd|43607,"2634 Calverton Rd, Toledo, OH 43607",43607,2026-09-28,2026-09-28,149900,149900,both,https://www.redfin.com/OH/Toledo/2634-Calverton-Rd-43607/home/121239810,listed,,weekly sweep 2026-09-28,yes
1117 alcott st|43612,"1117 Alcott St, Toledo, OH 43612",43612,2026-09-28,2026-09-28,119900,119900,both,https://www.redfin.com/OH/Toledo/1117-Alcott-St-43612/home/123104983,listed,,weekly sweep 2026-09-28,yes
1321 laclede rd|43612,"1321 Laclede Rd, Toledo, OH 43612",43612,2026-09-28,2026-09-28,314900,314900,both,https://www.redfin.com/OH/Toledo/1321-Laclede-Rd-43612/home/121720874,listed,,weekly sweep 2026-09-28,
1468 eleanor ave|43612,"1468 Eleanor Ave, Toledo, OH 43612",43612,2026-09-28,2026-09-28,124900,124900,redfin,https://www.redfin.com/OH/Toledo/1468-Eleanor-Ave-43612/home/121831702,listed,,weekly sweep 2026-09-28,
3837 hazelhurst ave|43612,"3837 Hazelhurst Ave, Toledo, OH 43612",43612,2026-09-28,2026-09-28,139900,139900,both,https://www.redfin.com/OH/Toledo/3837-Hazelhurst-Ave-43612/home/121830728,listed,,weekly sweep 2026-09-28,
3928 canada southern ave|43612,"3928 Canada Southern Ave, Toledo, OH 43612",43612,2026-09-28,2026-09-28,104900,104900,redfin,https://www.redfin.com/OH/Toledo/3928-Canada-Southern-Ave-43612/home/121804735,listed,,weekly sweep 2026-09-28,
4018 lyman ave|43612,"4018 Lyman Ave, Toledo, OH 43612",43612,2026-09-28,2026-09-28,139000,139000,both,https://www.redfin.com/OH/Toledo/4018-Lyman-Ave-43612/home/121282967,listed,,weekly sweep 2026-09-28,yes
4120 overland pkwy|43612,"4120 Overland Pkwy, Toledo, OH 43612",43612,2026-09-28,2026-09-28,144900,144900,both,https://www.redfin.com/OH/Toledo/4120-Overland-Pkwy-43612/home/121700891,listed,,weekly sweep 2026-09-28,yes
4157 n lockwood ave|43612,"4157 N Lockwood Ave #4155, Toledo, OH 43612",43612,2026-09-28,2026-09-28,159000,159000,zillow,https://www.zillow.com/homedetails/4157-N-Lockwood-Ave-4155-Toledo-OH-43612/464954680_zpid/,listed,,weekly sweep 2026-09-28,yes
4544 lewis ave|43612,"4544 Lewis Ave, Toledo, OH 43612",43612,2026-09-28,2026-09-28,129900,129900,both,https://www.redfin.com/OH/Toledo/4544-Lewis-Ave-43612/home/121831851,listed,,weekly sweep 2026-09-28,yes
5829 benalex dr|43612,"5829 Benalex Dr, Toledo, OH 43612",43612,2026-09-28,2026-09-28,169900,169900,both,https://www.redfin.com/OH/Toledo/5829-Benalex-Dr-43612/home/121593389,listed,,weekly sweep 2026-09-28,
654 w sylvania ave|43612,"654 W Sylvania Ave, Toledo, OH 43612",43612,2026-09-28,2026-09-28,90000,90000,both,https://www.redfin.com/OH/Toledo/654-W-Sylvania-Ave-43612/home/121669377,listed,,weekly sweep 2026-09-28,
1959 berdan ave|43613,"1959 Berdan Ave, Toledo, OH 43613",43613,2026-09-28,2026-09-28,139900,139900,both,https://www.redfin.com/OH/Toledo/1959-Berdan-Ave-43613/home/123712341,listed,,weekly sweep 2026-09-28,yes
2171 mellwood ave|43613,"2171 Mellwood Ave, Toledo, OH 43613",43613,2026-09-28,2026-09-28,119900,119900,both,https://www.redfin.com/OH/Toledo/2171-Mellwood-Ave-43613/home/121423933,listed,,weekly sweep 2026-09-28,yes
2201 w sylvania ave|43613,"2201 W Sylvania Ave, Toledo, OH 43613",43613,2026-09-28,2026-09-28,209900,209900,both,https://www.redfin.com/OH/Toledo/2201-W-Sylvania-Ave-43613/home/122617072,listed,,weekly sweep 2026-09-28,
2820 eldora dr|43613,"2820 Eldora Dr, Toledo, OH 43613",43613,2026-09-28,2026-09-28,3675000,3675000,both,https://www.redfin.com/OH/Toledo/2820-Eldora-Dr-43613/home/122230334,listed,,weekly sweep 2026-09-28,
3835 matlack ave|43613,"3835 Matlack Ave, Toledo, OH 43613",43613,2026-09-28,2026-09-28,119900,119900,both,https://www.redfin.com/OH/Toledo/3835-Matlack-Ave-43613/home/122287264,listed,,weekly sweep 2026-09-28,yes
127 university blvd|43614,"127 University Blvd Unit 127 & 129, Toledo, OH 43614",43614,2026-09-28,2026-09-28,207400,207400,both,https://www.redfin.com/OH/Toledo/127-University-Blvd-43614/unit-127-129/home/198593723,listed,,weekly sweep 2026-09-28,
1302 harvard blvd|43614,"1302 Harvard Blvd #8, Toledo, OH 43614",43614,2026-09-28,2026-09-28,575000,575000,both,https://www.redfin.com/OH/Toledo/1302-Harvard-Blvd-43614/unit-8/home/189730895,listed,,weekly sweep 2026-09-28,
1836 strathmoor ave|43614,"1836 Strathmoor Ave, Toledo, OH 43614",43614,2026-09-28,2026-09-28,172900,172900,both,https://www.redfin.com/OH/Toledo/1836-Strathmoor-Ave-43614/home/121727176,listed,,weekly sweep 2026-09-28,yes
5544 cresthaven ln|43614,"5544 Cresthaven Ln, Toledo, OH 43614",43614,2026-09-28,2026-09-28,392000,392000,both,https://www.redfin.com/OH/Toledo/5544-Cresthaven-Ln-43614/home/122125457,listed,,weekly sweep 2026-09-28,
5751 cresthaven ln|43614,"5751 Cresthaven Ln, Toledo, OH 43614",43614,2026-09-28,2026-09-28,330000,330000,both,https://www.redfin.com/OH/Toledo/5751-Cresthaven-Ln-43614/home/122612653,listed,,weekly sweep 2026-09-28,
1010 hilltop ln|43615,"1010 Hilltop Ln Unit 1010-1014, Toledo, OH 43615",43615,2026-09-28,2026-09-28,419900,419900,both,https://www.redfin.com/OH/Toledo/1010-Hilltop-Ln-43615/unit-1010-1014/home/175761358,listed,,weekly sweep 2026-09-28,
1163 bernath pkwy|43615,"1163 Bernath Pkwy, Toledo, OH 43615",43615,2026-09-28,2026-09-28,269900,269900,zillow,https://www.zillow.com/homedetails/1163-Bernath-Pkwy-Toledo-OH-43615/34715959_zpid/,listed,,weekly sweep 2026-09-28,
1163 bernath|43615,"1163 Bernath, Toledo, OH 43615",43615,2026-09-28,2026-09-28,269900,269900,redfin,https://www.redfin.com/OH/Toledo/1163-Bernath-Pkwy-43615/home/123576857,listed,,weekly sweep 2026-09-28,
369371 5th|43812,"369/371 5th, Coshocton, OH 43812",43812,2026-09-28,2026-09-28,125900,125900,redfin,https://www.redfin.com/OH/Coshocton/369-S-5th-St-43812/home/66586775,listed,,weekly sweep 2026-09-28,
369371 n 5th st|43812,"369/371 N 5th St, Coshocton, OH 43812",43812,2026-09-28,2026-09-28,125900,125900,zillow,https://www.zillow.com/homedetails/369-371-N-5th-St-Coshocton-OH-43812/462508781_zpid/,listed,,weekly sweep 2026-09-28,
722 john st|43812,"722 John St, Coshocton, OH 43812",43812,2026-09-28,2026-09-28,140000,140000,zillow,https://www.zillow.com/homedetails/722-John-St-Coshocton-OH-43812/2130584204_zpid/,listed,,weekly sweep 2026-09-28,yes
722 john|43812,"722 John, Coshocton, OH 43812",43812,2026-09-28,2026-09-28,140000,140000,redfin,https://www.redfin.com/OH/Coshocton/722-John-St-43812/home/66587294,listed,,weekly sweep 2026-09-28,yes
805 denman ave|43812,"805 Denman Ave, Coshocton, OH 43812",43812,2026-09-28,2026-09-28,259900,259900,zillow,https://www.zillow.com/homedetails/805-Denman-Ave-Coshocton-OH-43812/461802381_zpid/,listed,,weekly sweep 2026-09-28,
918 main st|43812,"918 Main St, Coshocton, OH 43812",43812,2026-09-28,2026-09-28,145000,145000,both,https://www.redfin.com/OH/Coshocton/918-Main-St-43812/home/70158848,listed,,weekly sweep 2026-09-28,yes
1020 hamlin dr|44004,"1020 Hamlin Dr, Ashtabula, OH 44004",44004,2026-09-28,2026-09-28,400000,400000,zillow,https://www.zillow.com/homedetails/1020-Hamlin-Dr-Ashtabula-OH-44004/203262698_zpid/,listed,,weekly sweep 2026-09-28,
1335 w 3rd st|44004,"1335 W 3rd St, Ashtabula, OH 44004",44004,2026-09-28,2026-09-28,232700,232700,zillow,https://www.zillow.com/homedetails/1335-W-3rd-St-Ashtabula-OH-44004/121371061_zpid/,listed,,weekly sweep 2026-09-28,
137 grove dr|44004,"137 Grove Dr, Ashtabula, OH 44004",44004,2026-09-28,2026-09-28,129700,129700,zillow,https://www.zillow.com/homedetails/137-Grove-Dr-Ashtabula-OH-44004/72425391_zpid/,listed,,weekly sweep 2026-09-28,yes
4006 center rd|44004,"4006 Center Rd, Ashtabula, OH 44004",44004,2026-09-28,2026-09-28,215000,215000,both,https://www.redfin.com/OH/Ashtabula/4006-Center-Rd-44004/home/101081671,listed,,weekly sweep 2026-09-28,
51435145 samuel ave|44004,"5143-5145 Samuel Ave, Ashtabula, OH 44004",44004,2026-09-28,2026-09-28,149900,149900,zillow,https://www.zillow.com/homedetails/5143-5145-Samuel-Ave-Ashtabula-OH-44004/465471792_zpid/,listed,,weekly sweep 2026-09-28,yes
903 columbus ave|44004,"903 Columbus Ave, Ashtabula, OH 44004",44004,2026-09-28,2026-09-28,113000,113000,both,https://www.redfin.com/OH/Ashtabula/903-Columbus-Ave-44004/home/66576844,listed,,weekly sweep 2026-09-28,yes
121 neufer ct|44035,"121 Neufer Ct, Elyria, OH 44035",44035,2026-09-28,2026-09-28,108000,108000,redfin,https://www.redfin.com/OH/Elyria/121-Neufer-Ct-44035/home/66574760,listed,,weekly sweep 2026-09-28,
122 elbe st|44035,"122 Elbe St, Elyria, OH 44035",44035,2026-09-28,2026-09-28,203750,203750,redfin,https://www.redfin.com/OH/Elyria/122-Elbe-St-44035/home/201809829,listed,,weekly sweep 2026-09-28,
180 cleveland st|44035,"180 Cleveland St, Elyria, OH 44035",44035,2026-09-28,2026-09-28,129000,129000,zillow,https://www.zillow.com/homedetails/180-Cleveland-St-Elyria-OH-44035/34588455_zpid/,listed,,weekly sweep 2026-09-28,yes
211 brace ave|44035,"211 Brace Ave, Elyria, OH 44035",44035,2026-09-28,2026-09-28,145800,145800,both,https://www.redfin.com/OH/Elyria/211-Brace-Ave-44035/home/66569304,listed,,weekly sweep 2026-09-28,yes
224 6th st|44035,"224 6th St, Elyria, OH 44035",44035,2026-09-28,2026-09-28,137000,137000,both,https://www.redfin.com/OH/Elyria/224-6th-St-44035/home/77223470,listed,,weekly sweep 2026-09-28,
228 gates ave|44035,"228 Gates Ave, Elyria, OH 44035",44035,2026-09-28,2026-09-28,123000,123000,zillow,https://www.zillow.com/homedetails/228-Gates-Ave-Elyria-OH-44035/34590902_zpid/,listed,,weekly sweep 2026-09-28,yes
228 gates|44035,"228 Gates, Elyria, OH 44035",44035,2026-09-28,2026-09-28,123000,123000,redfin,https://www.redfin.com/OH/Elyria/228-Gates-Ave-44035/home/66577959,listed,,weekly sweep 2026-09-28,
327 4th st|44035,"327 4th St, Elyria, OH 44035",44035,2026-09-28,2026-09-28,99995,99995,both,https://www.redfin.com/OH/Elyria/327-4th-St-44035/home/77223401,listed,,weekly sweep 2026-09-28,
358360 cambridge ave|44035,"358-360 Cambridge Ave, Elyria, OH 44035",44035,2026-09-28,2026-09-28,214900,214900,zillow,https://www.zillow.com/homedetails/358-360-Cambridge-Ave-Elyria-OH-44035/464562048_zpid/,listed,,weekly sweep 2026-09-28,yes
6291 lake ave|44035,"6291 Lake Ave, Elyria, OH 44035",44035,2026-09-28,2026-09-28,300000,300000,zillow,https://www.zillow.com/homedetails/6291-Lake-Ave-Elyria-OH-44035/2132400127_zpid/,listed,,weekly sweep 2026-09-28,
737 georgetown ave|44035,"737 Georgetown Ave, Elyria, OH 44035",44035,2026-09-28,2026-09-28,245000,245000,zillow,https://www.zillow.com/homedetails/737-Georgetown-Ave-Elyria-OH-44035/34587369_zpid/,listed,,weekly sweep 2026-09-28,
934 middle ave|44035,"934 Middle Ave, Elyria, OH 44035",44035,2026-09-28,2026-09-28,105000,105000,both,https://www.redfin.com/OH/Elyria/934-Middle-Ave-44035/home/66121656,listed,,weekly sweep 2026-09-28,yes
1036 oberlin ave|44052,"1036 Oberlin Ave, Lorain, OH 44052",44052,2026-09-28,2026-09-28,128750,128750,redfin,https://www.redfin.com/OH/Lorain/1036-Oberlin-Ave-44052/home/77193003,listed,,weekly sweep 2026-09-28,yes
1143 w 9th st|44052,"1143 W 9th St, Lorain, OH 44052",44052,2026-09-28,2026-09-28,145000,145000,redfin,https://www.redfin.com/OH/Lorain/1143-W-9th-St-44052/home/77188605,listed,,weekly sweep 2026-09-28,yes
1339 washington ave|44052,"1339 Washington Ave, Lorain, OH 44052",44052,2026-09-28,2026-09-28,158750,158750,redfin,https://www.redfin.com/OH/Lorain/1339-Washington-Ave-44052/home/66580473,listed,,weekly sweep 2026-09-28,
1347 washington ave|44052,"1347 Washington Ave, Lorain, OH 44052",44052,2026-09-28,2026-09-28,158750,158750,redfin,https://www.redfin.com/OH/Lorain/1347-Washington-Ave-44052/home/66582161,listed,,weekly sweep 2026-09-28,
1548 reid ave|44052,"1548 Reid Ave, Lorain, OH 44052",44052,2026-09-28,2026-09-28,579900,579900,zillow,https://www.zillow.com/homedetails/1548-Reid-Ave-Lorain-OH-44052/2077755924_zpid/,listed,,weekly sweep 2026-09-28,
1813 lexington ave|44052,"1813 Lexington Ave, Lorain, OH 44052",44052,2026-09-28,2026-09-28,94500,94500,zillow,https://www.zillow.com/homedetails/1813-Lexington-Ave-Lorain-OH-44052/34533231_zpid/,listed,,weekly sweep 2026-09-28,
1839 randall st|44052,"1839 Randall St, Lorain, OH 44052",44052,2026-09-28,2026-09-28,190000,190000,both,https://www.redfin.com/OH/Lorain/1839-Randall-St-44052/home/77198100,listed,,weekly sweep 2026-09-28,yes
1926 hancock st|44052,"1926 Hancock St, Lorain, OH 44052",44052,2026-09-28,2026-09-28,175000,175000,both,https://www.redfin.com/OH/Lorain/1926-Hancock-St-44052/home/77198096,listed,,weekly sweep 2026-09-28,yes
2514 reid ave|44052,"2514 Reid Ave, Lorain, OH 44052",44052,2026-09-28,2026-09-28,164000,164000,both,https://www.redfin.com/OH/Lorain/2514-Reid-Ave-44052/home/77187466,listed,,weekly sweep 2026-09-28,yes
407 w 22nd st|44052,"407 W 22nd St, Lorain, OH 44052",44052,2026-09-28,2026-09-28,128750,128750,redfin,https://www.redfin.com/OH/Lorain/407-W-22nd-St-44052/home/66566172,listed,,weekly sweep 2026-09-28,yes
514 w 20th st|44052,"514 W 20th St, Lorain, OH 44052",44052,2026-09-28,2026-09-28,120000,120000,redfin,https://www.redfin.com/OH/Lorain/514-W-20th-St-44052/home/77187295,listed,,weekly sweep 2026-09-28,
605 w 36th st|44052,"605 W 36th St, Lorain, OH 44052",44052,2026-09-28,2026-09-28,210000,210000,both,https://www.redfin.com/OH/Lorain/605-W-36th-St-44052/home/77187902,listed,,weekly sweep 2026-09-28,
700 w 17th st|44052,"700 W 17th St, Lorain, OH 44052",44052,2026-09-28,2026-09-28,64900,64900,both,https://www.redfin.com/OH/Lorain/700-W-17th-St-44052/home/66143485,listed,,weekly sweep 2026-09-28,
818824 s central dr|44052,"818-824 S Central Dr, Lorain, OH 44052",44052,2026-09-28,2026-09-28,249900,249900,both,https://www.redfin.com/OH/Lorain/818-S-Central-Dr-44052/home/75846597,listed,,weekly sweep 2026-09-28,
954 n central dr|44052,"954 N Central Dr, Lorain, OH 44052",44052,2026-09-28,2026-09-28,242500,242500,zillow,https://www.zillow.com/homedetails/954-N-Central-Dr-Lorain-OH-44052/2089989134_zpid/,listed,,weekly sweep 2026-09-28,
2331 homewood dr|44055,"2331 Homewood Dr, Lorain, OH 44055",44055,2026-09-28,2026-09-28,140000,140000,zillow,https://www.zillow.com/homedetails/2331-Homewood-Dr-Lorain-OH-44055/247061360_zpid/,listed,,weekly sweep 2026-09-28,yes
2394 elyria ave|44055,"2394 Elyria Ave, Lorain, OH 44055",44055,2026-09-28,2026-09-28,128000,128000,both,https://www.redfin.com/OH/Lorain/2394-Elyria-Ave-44055/home/77186696,listed,,weekly sweep 2026-09-28,
3177 elyria ave|44055,"3177 Elyria Ave, Lorain, OH 44055",44055,2026-09-28,2026-09-28,115000,115000,both,https://www.redfin.com/OH/Lorain/3177-Elyria-Ave-44055/home/80104118,listed,,weekly sweep 2026-09-28,yes
2824 haines rd|44057,"2824 Haines Rd, Madison, OH 44057",44057,2026-09-28,2026-09-28,549990,549990,both,https://www.redfin.com/OH/Madison/2824-Haines-Rd-44057/home/77632311,listed,,weekly sweep 2026-09-28,
7224 burridge ave|44060,"7224 Burridge Ave, Mentor, OH 44060",44060,2026-09-28,2026-09-28,369999,369999,both,https://www.zillow.com/homedetails/7224-Burridge-Ave-Mentor-OH-44060/34483736_zpid/,listed,,weekly sweep 2026-09-28,
133 w jackson st|44077,"133 W Jackson St, Painesville, OH 44077",44077,2026-09-28,2026-09-28,128900,128900,both,https://www.redfin.com/OH/Painesville/133-W-Jackson-St-44077/home/76039082,listed,,weekly sweep 2026-09-28,
134 pearl st|44077,"134 Pearl St, Painesville, OH 44077",44077,2026-09-28,2026-09-28,315000,315000,both,https://www.redfin.com/OH/Painesville/134-Pearl-St-44077/home/77643400,listed,,weekly sweep 2026-09-28,
176 stage ave|44077,"176 Stage Ave, Painesville, OH 44077",44077,2026-09-28,2026-09-28,215000,215000,both,https://www.redfin.com/OH/Painesville/176-Stage-Ave-44077/home/184858997,listed,,weekly sweep 2026-09-28,
2584 n ridge rd|44077,"2584 N Ridge Rd, Painesville, OH 44077",44077,2026-09-28,2026-09-28,329000,329000,zillow,https://www.zillow.com/homedetails/2584-N-Ridge-Rd-Painesville-OH-44077/34458750_zpid/,listed,,weekly sweep 2026-09-28,
416 elm st|44077,"416 Elm St, Painesville, OH 44077",44077,2026-09-28,2026-09-28,159600,159600,zillow,https://www.zillow.com/homedetails/416-Elm-St-Painesville-OH-44077/34474446_zpid/,listed,,weekly sweep 2026-09-28,
423 7th st|44077,"423 7th St, Fairport Harbor, OH 44077",44077,2026-09-28,2026-09-28,199000,199000,both,https://www.redfin.com/OH/Fairport-Harbor/423-7th-St-44077/home/77642579,listed,,weekly sweep 2026-09-28,
58 adelaide ave|44077,"58 Adelaide Ave, Painesville, OH 44077",44077,2026-09-28,2026-09-28,225000,225000,both,https://www.redfin.com/OH/Painesville/58-Adelaide-Ave-44077/home/66586534,listed,,weekly sweep 2026-09-28,yes
1287 w 69th st|44102,"1287 W 69th St, Cleveland, OH 44102",44102,2026-09-28,2026-09-28,579999,579999,both,https://www.redfin.com/OH/Cleveland/1287-W-69th-St-44102/home/70720153,listed,,weekly sweep 2026-09-28,
1326 w 76th st|44102,"1326 W 76th St, Cleveland, OH 44102",44102,2026-09-28,2026-09-28,250000,250000,redfin,https://www.redfin.com/OH/Cleveland/1326-W-76th-St-44102/home/70719591,listed,,weekly sweep 2026-09-28,
1362 w 93rd st|44102,"1362 W 93rd St, Cleveland, OH 44102",44102,2026-09-28,2026-09-28,223000,223000,both,https://www.redfin.com/OH/Cleveland/1362-W-93rd-St-44102/home/66579292,listed,,weekly sweep 2026-09-28,
1366 w 87th st|44102,"1366 W 87th St, Cleveland, OH 44102",44102,2026-09-28,2026-09-28,209999,209999,redfin,https://www.redfin.com/OH/Cleveland/1366-W-87th-St-44102/home/66571922,listed,,weekly sweep 2026-09-28,
1378 w 114th st|44102,"1378 W 114th St, Cleveland, OH 44102",44102,2026-09-28,2026-09-28,235000,235000,redfin,https://www.redfin.com/OH/Cleveland/1378-W-114th-St-44102/home/70719246,listed,,weekly sweep 2026-09-28,
1429 w 107th st|44102,"1429 W 107th St, Cleveland, OH 44102",44102,2026-09-28,2026-09-28,329999,329999,redfin,https://www.redfin.com/OH/Cleveland/1429-W-107th-St-44102/home/70719854,listed,,weekly sweep 2026-09-28,
1435 w 50th st|44102,"1435 W 50th St, Cleveland, OH 44102",44102,2026-09-28,2026-09-28,400000,400000,redfin,https://www.redfin.com/OH/Cleveland/1435-W-50th-St-44102/home/70720315,listed,,weekly sweep 2026-09-28,
1516 w 116th st|44102,"1516 W 116th St, Cleveland, OH 44102",44102,2026-09-28,2026-09-28,230000,230000,redfin,https://www.redfin.com/OH/Cleveland/1516-W-116th-St-44102/home/70719802,listed,,weekly sweep 2026-09-28,
18521854 w 45th st|44102,"1852-1854 W 45th St, Cleveland, OH 44102",44102,2026-09-28,2026-09-28,465000,465000,redfin,https://www.redfin.com/OH/Cleveland/1852-W-45th-St-44102/home/192312664,listed,,weekly sweep 2026-09-28,
1858 w 45th st|44102,"1858 W 45th St, Cleveland, OH 44102",44102,2026-09-28,2026-09-28,375000,375000,redfin,https://www.redfin.com/OH/Cleveland/1858-W-45th-St-44102/home/70721267,listed,,weekly sweep 2026-09-28,
1871 w 48th st|44102,"1871 W 48th St, Cleveland, OH 44102",44102,2026-09-28,2026-09-28,360000,360000,redfin,https://www.redfin.com/OH/Cleveland/1871-W-48th-St-44102/home/70721171,listed,,weekly sweep 2026-09-28,
2054 w 83rd st|44102,"2054 W 83rd St, Cleveland, OH 44102",44102,2026-09-28,2026-09-28,199000,199000,redfin,https://www.redfin.com/OH/Cleveland/2054-W-83rd-St-44102/home/70724460,listed,,weekly sweep 2026-09-28,yes
2056 w 101st st|44102,"2056 W 101st St, Cleveland, OH 44102",44102,2026-09-28,2026-09-28,189000,189000,both,https://www.redfin.com/OH/Cleveland/2056-W-101st-St-44102/home/70724171,listed,,weekly sweep 2026-09-28,
2100 w 95th st|44102,"2100 W 95th St, Cleveland, OH 44102",44102,2026-09-28,2026-09-28,169900,169900,redfin,https://www.redfin.com/OH/Cleveland/2100-W-95th-St-44102/home/66577008,listed,,weekly sweep 2026-09-28,yes
2153 w 96th st|44102,"2153 W 96th St, Cleveland, OH 44102",44102,2026-09-28,2026-09-28,164900,164900,redfin,https://www.redfin.com/OH/Cleveland/2153-W-96th-St-44102/home/66566681,listed,,weekly sweep 2026-09-28,yes
2231 w 105th st|44102,"2231 W 105th St, Cleveland, OH 44102",44102,2026-09-28,2026-09-28,199999,199999,redfin,https://www.redfin.com/OH/Cleveland/2231-W-105th-St-44102/home/66571120,listed,,weekly sweep 2026-09-28,
2234 w blvd|44102,"2234 West Blvd, Cleveland, OH 44102",44102,2026-09-28,2026-09-28,219000,219000,both,https://www.redfin.com/OH/Cleveland/2234-West-Blvd-44102/home/66580195,listed,,weekly sweep 2026-09-28,
3150 w 46th st|44102,"3150 W 46th St, Cleveland, OH 44102",44102,2026-09-28,2026-09-28,214900,214900,both,https://www.redfin.com/OH/Cleveland/3150-W-46th-St-44102/home/70738480,listed,,weekly sweep 2026-09-28,yes
3185 w 58th st|44102,"3185 W 58th St, Cleveland, OH 44102",44102,2026-09-28,2026-09-28,99000,99000,redfin,https://www.redfin.com/OH/Cleveland/3185-W-58th-St-44102/home/70738258,listed,,weekly sweep 2026-09-28,yes
3222 w 46th st|44102,"3222 W 46th St, Cleveland, OH 44102",44102,2026-09-28,2026-09-28,169900,169900,redfin,https://www.redfin.com/OH/Cleveland/3222-W-46th-St-44102/home/70738473,listed,,weekly sweep 2026-09-28,yes
3235 w 88th st|44102,"3235 W 88th St, Cleveland, OH 44102",44102,2026-09-28,2026-09-28,159000,159000,redfin,https://www.redfin.com/OH/Cleveland/3235-W-88th-St-44102/home/66569780,listed,,weekly sweep 2026-09-28,yes
3248 w 90th st|44102,"3248 W 90th St, Cleveland, OH 44102",44102,2026-09-28,2026-09-28,74900,74900,both,https://www.redfin.com/OH/Cleveland/3248-W-90th-St-44102/home/66591593,listed,,weekly sweep 2026-09-28,
3261 w 88th st|44102,"3261 W 88th St, Cleveland, OH 44102",44102,2026-09-28,2026-09-28,137500,137500,both,https://www.redfin.com/OH/Cleveland/3261-W-88th-St-44102/home/66543205,listed,,weekly sweep 2026-09-28,yes
3283 w 48th st|44102,"3283 W 48th St, Cleveland, OH 44102",44102,2026-09-28,2026-09-28,143900,143900,redfin,https://www.redfin.com/OH/Cleveland/3283-W-48th-St-44102/home/66580445,listed,,weekly sweep 2026-09-28,yes
3288 w 52nd st|44102,"3288 W 52nd St, Cleveland, OH 44102",44102,2026-09-28,2026-09-28,144900,144900,redfin,https://www.redfin.com/OH/Cleveland/3288-W-52nd-St-44102/home/70738189,listed,,weekly sweep 2026-09-28,yes
3295 w 56th st|44102,"3295 W 56th St, Cleveland, OH 44102",44102,2026-09-28,2026-09-28,140000,140000,redfin,https://www.redfin.com/OH/Cleveland/3295-W-56th-St-44102/home/66141844,listed,,weekly sweep 2026-09-28,yes
3449 w 54th st|44102,"3449 W 54th St, Cleveland, OH 44102",44102,2026-09-28,2026-09-28,170000,170000,redfin,https://www.redfin.com/OH/Cleveland/3449-W-54th-St-44102/home/70738734,listed,,weekly sweep 2026-09-28,
3455 w 49th st|44102,"3455 W 49th St, Cleveland, OH 44102",44102,2026-09-28,2026-09-28,134900,134900,redfin,https://www.redfin.com/OH/Cleveland/3455-W-49th-St-44102/home/66591198,listed,,weekly sweep 2026-09-28,
3521 w 58th st|44102,"3521 W 58th St, Cleveland, OH 44102",44102,2026-09-28,2026-09-28,239500,239500,redfin,https://www.redfin.com/OH/Cleveland/3521-W-58th-St-44102/home/66576761,listed,,weekly sweep 2026-09-28,
3556 w 66th st|44102,"3556 W 66th St, Cleveland, OH 44102",44102,2026-09-28,2026-09-28,130000,130000,redfin,https://www.redfin.com/OH/Cleveland/3556-W-66th-St-44102/home/70733800,listed,,weekly sweep 2026-09-28,
5714 bridge ave|44102,"5714 Bridge Ave, Cleveland, OH 44102",44102,2026-09-28,2026-09-28,305000,305000,redfin,https://www.redfin.com/OH/Cleveland/5714-Bridge-Ave-44102/home/66568647,listed,,weekly sweep 2026-09-28,
5810 madison ave|44102,"5810 Madison Ave, Cleveland, OH 44102",44102,2026-09-28,2026-09-28,214000,214000,zillow,https://www.zillow.com/homedetails/5810-Madison-Ave-Cleveland-OH-44102/33328882_zpid/,listed,,weekly sweep 2026-09-28,yes
6110 w clinton ave|44102,"6110 W Clinton Ave, Cleveland, OH 44102",44102,2026-09-28,2026-09-28,659000,659000,redfin,https://www.redfin.com/OH/Cleveland/6110-W-Clinton-Ave-44102/home/66087391,listed,,weekly sweep 2026-09-28,
7017 colgate ave front|44102,"7017 Colgate Ave Front, 7015 Colgate Rear Ave, Cleveland, OH 44102",44102,2026-09-28,2026-09-28,133000,133000,redfin,https://www.redfin.com/OH/Cleveland/7017-Colgate-Ave-44102/home/201608206,listed,,weekly sweep 2026-09-28,
7107 hague ave|44102,"7107 Hague Ave, Cleveland, OH 44102",44102,2026-09-28,2026-09-28,132500,132500,both,https://www.redfin.com/OH/Cleveland/7107-Hague-Ave-44102/home/66581942,listed,,weekly sweep 2026-09-28,yes
7211 dearborn ave|44102,"7211 Dearborn Ave, Cleveland, OH 44102",44102,2026-09-28,2026-09-28,204000,204000,redfin,https://www.redfin.com/OH/Cleveland/7211-Dearborn-Ave-44102/home/66577177,listed,,weekly sweep 2026-09-28,yes
7602 berry ave|44102,"7602 Berry Ave, Cleveland, OH 44102",44102,2026-09-28,2026-09-28,149900,149900,redfin,https://www.redfin.com/OH/Cleveland/7602-Berry-Ave-44102/home/70725601,listed,,weekly sweep 2026-09-28,yes
7619 lawn ave|44102,"7619 Lawn Ave, Cleveland, OH 44102",44102,2026-09-28,2026-09-28,165000,165000,redfin,https://www.redfin.com/OH/Cleveland/7619-Lawn-Ave-44102/home/70724835,listed,,weekly sweep 2026-09-28,yes
7944 lorain ave|44102,"7944 Lorain Ave, Cleveland, OH 44102",44102,2026-09-28,2026-09-28,155000,155000,redfin,https://www.redfin.com/OH/Cleveland/7944-Lorain-Ave-44102/home/70724977,listed,,weekly sweep 2026-09-28,yes
8403 detroit ave|44102,"8403 Detroit Ave, Cleveland, OH 44102",44102,2026-09-28,2026-09-28,950000,950000,redfin,https://www.redfin.com/OH/Cleveland/8403-Detroit-Ave-44102/home/201085614,listed,,weekly sweep 2026-09-28,
8415 detroit ave|44102,"8415 Detroit Ave, Cleveland, OH 44102",44102,2026-09-28,2026-09-28,239900,239900,redfin,https://www.redfin.com/OH/Cleveland/8415-Detroit-Ave-44102/home/66569561,listed,,weekly sweep 2026-09-28,
9521 macon ave|44102,"9521 Macon Ave, Cleveland, OH 44102",44102,2026-09-28,2026-09-28,204900,204900,redfin,https://www.redfin.com/OH/Cleveland/9521-Macon-Ave-44102/home/66565888,listed,,weekly sweep 2026-09-28,
1011 e 63rd st|44103,"1011 E 63rd St, Cleveland, OH 44103",44103,2026-09-28,2026-09-28,179000,179000,redfin,https://www.redfin.com/OH/Cleveland/1011-E-63rd-St-44103/home/192543500,listed,,weekly sweep 2026-09-28,yes
1029 e 78th st|44103,"1029 E 78th St, Cleveland, OH 44103",44103,2026-09-28,2026-09-28,150000,150000,redfin,https://www.redfin.com/OH/Cleveland/1029-E-78th-St-44103/home/70758634,listed,,weekly sweep 2026-09-28,
1043 e 68th st|44103,"1043 E 68th St, Cleveland, OH 44103",44103,2026-09-28,2026-09-28,135000,135000,redfin,https://www.redfin.com/OH/Cleveland/1043-E-68th-St-44103/home/70758232,listed,,weekly sweep 2026-09-28,
1054 e 71st st|44103,"1054 E 71st St, Cleveland, OH 44103",44103,2026-09-28,2026-09-28,49999,49999,both,https://www.redfin.com/OH/Cleveland/1054-E-71st-St-44103/home/192459032,listed,,weekly sweep 2026-09-28,
1055 addison rd|44103,"1055 Addison Rd, Cleveland, OH 44103",44103,2026-09-28,2026-09-28,75000,75000,redfin,https://www.redfin.com/OH/Cleveland/1055-Addison-Rd-44103/home/66574360,listed,,weekly sweep 2026-09-28,
1065 e 77th st|44103,"1065 E 77th St, Cleveland, OH 44103",44103,2026-09-28,2026-09-28,132499,132499,redfin,https://www.redfin.com/OH/Cleveland/1065-E-77th-St-44103/home/70758366,listed,,weekly sweep 2026-09-28,
1085 e 66th st|44103,"1085 E 66th St, Cleveland, OH 44103",44103,2026-09-28,2026-09-28,23500,23500,both,https://www.redfin.com/OH/Cleveland/1085-E-66th-St-44103/home/70758128,listed,,weekly sweep 2026-09-28,
1087 e 64th st|44103,"1087 E 64th St, Cleveland, OH 44103",44103,2026-09-28,2026-09-28,149000,149000,redfin,https://www.redfin.com/OH/Cleveland/1087-E-64th-St-44103/home/66568119,listed,,weekly sweep 2026-09-28,
1101 e 66th st|44103,"1101 E 66th St, Cleveland, OH 44103",44103,2026-09-28,2026-09-28,99900,99900,redfin,https://www.redfin.com/OH/Cleveland/1101-E-66th-St-44103/home/70758126,listed,,weekly sweep 2026-09-28,
1101 e 71st st|44103,"1101 E 71st St, Cleveland, OH 44103",44103,2026-09-28,2026-09-28,109900,109900,redfin,https://www.redfin.com/OH/Cleveland/1101-E-71st-St-44103/home/145222446,listed,,weekly sweep 2026-09-28,
1168 norwood rd|44103,"1168 Norwood Rd, Cleveland, OH 44103",44103,2026-09-28,2026-09-28,169900,169900,redfin,https://www.redfin.com/OH/Cleveland/1168-Norwood-Rd-44103/home/66572039,listed,,weekly sweep 2026-09-28,
1234 e 84th st|44103,"1234 E 84th St, Cleveland, OH 44103",44103,2026-09-28,2026-09-28,154900,154900,redfin,https://www.redfin.com/OH/Cleveland/1234-E-84th-St-44103/home/70760326,listed,,weekly sweep 2026-09-28,yes
1247 e 84th st|44103,"1247 E 84th St, Cleveland, OH 44103",44103,2026-09-28,2026-09-28,85000,85000,redfin,https://www.redfin.com/OH/Cleveland/1247-E-84th-St-44103/home/66216133,listed,,weekly sweep 2026-09-28,
1256 e 60th st|44103,"1256 E 60th St, Cleveland, OH 44103",44103,2026-09-28,2026-09-28,100000,100000,both,https://www.redfin.com/OH/Cleveland/1256-E-60th-St-44103/home/70757206,listed,,weekly sweep 2026-09-28,yes
1333 e 82nd st|44103,"1333 E 82nd St, Cleveland, OH 44103",44103,2026-09-28,2026-09-28,119900,119900,redfin,https://www.redfin.com/OH/Cleveland/1333-E-82nd-St-44103/home/70759093,listed,,weekly sweep 2026-09-28,
1522 e 47th st|44103,"1522 E 47th St, Cleveland, OH 44103",44103,2026-09-28,2026-09-28,134900,134900,redfin,https://www.redfin.com/OH/Cleveland/1522-E-47th-St-44103/home/70757872,listed,,weekly sweep 2026-09-28,
1583 e 84th st|44103,"1583 E 84th St, Cleveland, OH 44103",44103,2026-09-28,2026-09-28,167000,167000,both,https://www.redfin.com/OH/Cleveland/1583-E-84th-St-44103/home/70760061,listed,,weekly sweep 2026-09-28,yes
1624 e 82nd st|44103,"1624 E 82nd St, Cleveland, OH 44103",44103,2026-09-28,2026-09-28,169900,169900,both,https://www.redfin.com/OH/Cleveland/1624-E-82nd-St-44103/home/70759378,listed,,weekly sweep 2026-09-28,yes
1691 e 82nd st|44103,"1691 E 82nd St, Cleveland, OH 44103",44103,2026-09-28,2026-09-28,610000,610000,both,https://www.redfin.com/OH/Cleveland/1691-E-82nd-St-44103/home/70760115,listed,,weekly sweep 2026-09-28,
2200 e 81st st|44103,"2200 E 81st St, Cleveland, OH 44103",44103,2026-09-28,2026-09-28,179900,179900,redfin,https://www.redfin.com/OH/Cleveland/2200-E-81st-St-44103/home/70775192,listed,,weekly sweep 2026-09-28,
2216 e 82nd st|44103,"2216 E 82nd St, Cleveland, OH 44103",44103,2026-09-28,2026-09-28,190000,190000,redfin,https://www.redfin.com/OH/Cleveland/2216-E-82nd-St-44103/home/70775170,listed,,weekly sweep 2026-09-28,
5700 prosser ave|44103,"5700 Prosser Ave, Cleveland, OH 44103",44103,2026-09-28,2026-09-28,125000,125000,both,https://www.redfin.com/OH/Cleveland/5700-Prosser-Ave-44103/home/66576388,listed,,weekly sweep 2026-09-28,yes
6404 carl ave|44103,"6404 Carl Ave, Cleveland, OH 44103",44103,2026-09-28,2026-09-28,83000,83000,redfin,https://www.redfin.com/OH/Cleveland/6404-Carl-Ave-44103/home/70758038,listed,,weekly sweep 2026-09-28,
6618 schaefer ave|44103,"6618 Schaefer Ave, Cleveland, OH 44103",44103,2026-09-28,2026-09-28,104900,104900,redfin,https://www.redfin.com/OH/Cleveland/6618-Schaefer-Ave-44103/home/66575800,listed,,weekly sweep 2026-09-28,
7108 dellenbaugh ave|44103,"7108 Dellenbaugh Ave, Cleveland, OH 44103",44103,2026-09-28,2026-09-28,129900,129900,redfin,https://www.redfin.com/OH/Cleveland/7108-Dellenbaugh-Ave-44103/home/70759340,listed,,weekly sweep 2026-09-28,yes
7112 duluth ave|44103,"7112 Duluth Ave, Cleveland, OH 44103",44103,2026-09-28,2026-09-28,55000,55000,redfin,https://www.redfin.com/OH/Cleveland/7112-Duluth-Ave-44103/home/70758901,listed,,weekly sweep 2026-09-28,yes
7507 lawnview ave|44103,"7507 Lawnview Ave, Cleveland, OH 44103",44103,2026-09-28,2026-09-28,375000,375000,both,https://www.redfin.com/OH/Cleveland/7507-Lawnview-Ave-44103/home/70759247,listed,,weekly sweep 2026-09-28,
8311 decker ave|44103,"8311 Decker Ave, Cleveland, OH 44103",44103,2026-09-28,2026-09-28,175000,175000,redfin,https://www.redfin.com/OH/Cleveland/8311-Decker-Ave-44103/home/70759062,listed,,weekly sweep 2026-09-28,
920 wheelock rd|44103,"920 Wheelock Rd, Cleveland, OH 44103",44103,2026-09-28,2026-09-28,179900,179900,redfin,https://www.redfin.com/OH/Cleveland/920-Wheelock-Rd-44103/home/70760030,listed,,weekly sweep 2026-09-28,yes
942 e 79th st|44103,"942 E 79th St, Cleveland, OH 44103",44103,2026-09-28,2026-09-28,100000,100000,both,https://www.redfin.com/OH/Cleveland/942-E-79th-St-44103/home/66135463,listed,,weekly sweep 2026-09-28,
10001 sophia ave|44104,"10001 Sophia Ave, Cleveland, OH 44104",44104,2026-09-28,2026-09-28,57500,57500,redfin,https://www.redfin.com/OH/Cleveland/10001-Sophia-Ave-44104/home/66594005,listed,,weekly sweep 2026-09-28,
10001 stoughton ave|44104,"10001 Stoughton Ave, Cleveland, OH 44104",44104,2026-09-28,2026-09-28,120000,120000,both,https://www.zillow.com/homedetails/10001-Stoughton-Ave-Cleveland-OH-44104/33415374_zpid/,listed,,weekly sweep 2026-09-28,
10513 parkview ave|44104,"10513 Parkview Ave, Cleveland, OH 44104",44104,2026-09-28,2026-09-28,30000,30000,both,https://www.zillow.com/homedetails/10513-Parkview-Ave-Cleveland-OH-44104/33415553_zpid/,listed,,weekly sweep 2026-09-28,
10809 woodstock ave|44104,"10809 Woodstock Ave, Cleveland, OH 44104",44104,2026-09-28,2026-09-28,99900,99900,redfin,https://www.redfin.com/OH/Cleveland/10809-Woodstock-Ave-44104/home/203190950,listed,,weekly sweep 2026-09-28,
10816 grandview ave|44104,"10816 Grandview Ave, Cleveland, OH 44104",44104,2026-09-28,2026-09-28,165000,165000,both,https://www.zillow.com/homedetails/10816-Grandview-Ave-Cleveland-OH-44104/33414873_zpid/,listed,,weekly sweep 2026-09-28,
10905 grandview ave|44104,"10905 Grandview Ave, Cleveland, OH 44104",44104,2026-09-28,2026-09-28,210000,210000,redfin,https://www.redfin.com/OH/Cleveland/10905-Grandview-Ave-44104/home/70781216,listed,,weekly sweep 2026-09-28,
11013 notre dame ave|44104,"11013 Notre Dame Ave, Cleveland, OH 44104",44104,2026-09-28,2026-09-28,75000,75000,both,https://www.zillow.com/homedetails/11013-Notre-Dame-Ave-Cleveland-OH-44104/33409882_zpid/,listed,,weekly sweep 2026-09-28,
11201 melba ave|44104,"11201 Melba Ave, Cleveland, OH 44104",44104,2026-09-28,2026-09-28,138000,138000,redfin,https://www.redfin.com/OH/Cleveland/11201-Melba-Ave-44104/home/70782278,listed,,weekly sweep 2026-09-28,
11206 forest ave|44104,"11206 Forest Ave, Cleveland, OH 44104",44104,2026-09-28,2026-09-28,110000,110000,redfin,https://www.redfin.com/OH/Cleveland/11206-Forest-Ave-44104/home/66573410,listed,,weekly sweep 2026-09-28,
11306 notre dame ave|44104,"11306 Notre Dame Ave, Cleveland, OH 44104",44104,2026-09-28,2026-09-28,115000,115000,redfin,https://www.redfin.com/OH/Cleveland/11306-Notre-Dame-Ave-44104/home/70777717,listed,,weekly sweep 2026-09-28,
11313 continental ave|44104,"11313 Continental Ave, Cleveland, OH 44104",44104,2026-09-28,2026-09-28,138000,138000,redfin,https://www.redfin.com/OH/Cleveland/11313-Continental-Ave-44104/home/70782196,listed,,weekly sweep 2026-09-28,
11429 lardet ave|44104,"11429 Lardet Ave, Cleveland, OH 44104",44104,2026-09-28,2026-09-28,139000,139000,redfin,https://www.redfin.com/OH/Cleveland/11429-Lardet-Ave-44104/home/70782510,listed,,weekly sweep 2026-09-28,
2480 e 86th st|44104,"2480 E 86th St, Cleveland, OH 44104",44104,2026-09-28,2026-09-28,105000,105000,redfin,https://www.redfin.com/OH/Cleveland/2480-E-86th-St-44104/home/66388709,listed,,weekly sweep 2026-09-28,
3036 e 111th st|44104,"3036 E 111th St, Cleveland, OH 44104",44104,2026-09-28,2026-09-28,119900,119900,redfin,https://www.redfin.com/OH/Cleveland/3036-E-111th-St-44104/home/66579680,listed,,weekly sweep 2026-09-28,
3123 e 94th st|44104,"3123 E 94th St, Cleveland, OH 44104",44104,2026-09-28,2026-09-28,69500,69500,both,https://www.zillow.com/homedetails/3123-E-94th-St-Cleveland-OH-44104/33416039_zpid/,listed,,weekly sweep 2026-09-28,yes
3429 martin luther king jr dr|44104,"3429 Martin Luther King Jr Dr, Cleveland, OH 44104",44104,2026-09-28,2026-09-28,199900,199900,redfin,https://www.redfin.com/OH/Cleveland/3429-Martin-Luther-King-Junior-Dr-44104/home/205160004,listed,,weekly sweep 2026-09-28,yes
3457 e 105th st|44104,"3457 E 105th St, Cleveland, OH 44104",44104,2026-09-28,2026-09-28,150000,150000,redfin,https://www.redfin.com/OH/Cleveland/3457-E-105th-St-44104/home/70780601,listed,,weekly sweep 2026-09-28,yes
8018 platt ave|44104,"8018 Platt Ave, Cleveland, OH 44104",44104,2026-09-28,2026-09-28,49900,49900,both,https://www.zillow.com/homedetails/8018-Platt-Ave-Cleveland-OH-44104/33412526_zpid/,listed,,weekly sweep 2026-09-28,
8909 fuller ave|44104,"8909 Fuller Ave, Cleveland, OH 44104",44104,2026-09-28,2026-09-28,90000,90000,redfin,https://www.redfin.com/OH/Cleveland/8909-Fuller-Ave-44104/home/70780130,listed,,weekly sweep 2026-09-28,
9415 steinway ave|44104,"9415 Steinway Ave, Cleveland, OH 44104",44104,2026-09-28,2026-09-28,79900,79900,redfin,https://www.redfin.com/OH/Cleveland/9415-Steinway-Ave-44104/home/70779521,listed,,weekly sweep 2026-09-28,
9418 dickens ave|44104,"9418 Dickens Ave, Cleveland, OH 44104",44104,2026-09-28,2026-09-28,95000,95000,redfin,https://www.redfin.com/OH/Cleveland/9418-Dickens-Ave-44104/home/70781971,listed,,weekly sweep 2026-09-28,yes
9612 lamontier ave|44104,"9612 Lamontier Ave, Cleveland, OH 44104",44104,2026-09-28,2026-09-28,134900,134900,redfin,https://www.redfin.com/OH/Cleveland/9612-Lamontier-Ave-44104/home/70781402,listed,,weekly sweep 2026-09-28,yes
9617 mt auburn ave|44104,"9617 Mount Auburn Ave, Cleveland, OH 44104",44104,2026-09-28,2026-09-28,169000,169000,redfin,https://www.redfin.com/OH/Cleveland/9617-Mount-Auburn-Ave-44104/home/70781817,listed,,weekly sweep 2026-09-28,
9724 hilgert dr|44104,"9724 Hilgert Dr, Cleveland, OH 44104",44104,2026-09-28,2026-09-28,112000,112000,redfin,https://www.redfin.com/OH/Cleveland/9724-Hilgert-Dr-44104/home/70782059,listed,,weekly sweep 2026-09-28,yes
9813 manor ave|44104,"9813 Manor Ave, Cleveland, OH 44104",44104,2026-09-28,2026-09-28,142000,142000,both,https://www.zillow.com/homedetails/9813-Manor-Ave-Cleveland-OH-44104/33415776_zpid/,listed,,weekly sweep 2026-09-28,
9816 manor ave|44104,"9816 Manor Ave, Cleveland, OH 44104",44104,2026-09-28,2026-09-28,59900,59900,both,https://www.zillow.com/homedetails/9816-Manor-Ave-Cleveland-OH-44104/33415802_zpid/,listed,,weekly sweep 2026-09-28,
9920 cumberland ave|44104,"9920 Cumberland Ave, Cleveland, OH 44104",44104,2026-09-28,2026-09-28,30000,30000,both,https://www.zillow.com/homedetails/9920-Cumberland-Ave-Cleveland-OH-44104/134172954_zpid/,listed,,weekly sweep 2026-09-28,
10906 nelson ave|44105,"10906 Nelson Ave, Cleveland, OH 44105",44105,2026-09-28,2026-09-28,175500,175500,redfin,https://www.redfin.com/OH/Cleveland/10906-Nelson-Ave-44105/home/70790883,listed,,weekly sweep 2026-09-28,yes
11101 nelson ave|44105,"11101 Nelson Ave, Cleveland, OH 44105",44105,2026-09-28,2026-09-28,139900,139900,redfin,https://www.redfin.com/OH/Cleveland/11101-Nelson-Ave-44105/home/66190573,listed,,weekly sweep 2026-09-28,yes
11118 glenboro dr|44105,"11118 Glenboro Dr, Cleveland, OH 44105",44105,2026-09-28,2026-09-28,120000,120000,redfin,https://www.redfin.com/OH/Cleveland/11118-Glenboro-Dr-44105/home/70790387,listed,,weekly sweep 2026-09-28,yes
11701 gay ave|44105,"11701 Gay Ave, Cleveland, OH 44105",44105,2026-09-28,2026-09-28,159900,159900,redfin,https://www.redfin.com/OH/Cleveland/11701-Gay-Ave-44105/home/70792532,listed,,weekly sweep 2026-09-28,yes
12113 corlett ave|44105,"12113 Corlett Ave, Cleveland, OH 44105",44105,2026-09-28,2026-09-28,140000,140000,redfin,https://www.redfin.com/OH/Cleveland/12113-Corlett-Ave-44105/home/70792791,listed,,weekly sweep 2026-09-28,yes
12500 ferris ave|44105,"12500 Ferris Ave, Cleveland, OH 44105",44105,2026-09-28,2026-09-28,85000,85000,zillow,https://www.zillow.com/homedetails/12500-Ferris-Ave-Cleveland-OH-44105/33435414_zpid/,listed,,weekly sweep 2026-09-28,
12501 dove ave|44105,"12501 Dove Ave, Cleveland, OH 44105",44105,2026-09-28,2026-09-28,124900,124900,both,https://www.redfin.com/OH/Cleveland/12501-Dove-Ave-44105/home/66572928,listed,,weekly sweep 2026-09-28,
12524 union ave|44105,"12524 Union Ave, Cleveland, OH 44105",44105,2026-09-28,2026-09-28,200000,200000,redfin,https://www.redfin.com/OH/Cleveland/12524-Union-Ave-44105/home/70792016,listed,,weekly sweep 2026-09-28,yes
12722 holborn ave|44105,"12722 Holborn Ave, Cleveland, OH 44105",44105,2026-09-28,2026-09-28,149900,149900,both,https://www.redfin.com/OH/Cleveland/12722-Holborn-Ave-44105/home/70792394,listed,,weekly sweep 2026-09-28,yes
13305 ferris ave|44105,"13305 Ferris Ave, Cleveland, OH 44105",44105,2026-09-28,2026-09-28,112000,112000,redfin,https://www.redfin.com/OH/Cleveland/13305-Ferris-Ave-44105/home/70794192,listed,,weekly sweep 2026-09-28,
13611 beachwood ave|44105,"13611 Beachwood Ave, Cleveland, OH 44105",44105,2026-09-28,2026-09-28,137000,137000,redfin,https://www.redfin.com/OH/Cleveland/13611-Beachwood-Ave-44105/home/70794536,listed,,weekly sweep 2026-09-28,yes
3611 e 116th st|44105,"3611 E 116th St, Cleveland, OH 44105",44105,2026-09-28,2026-09-28,175500,175500,redfin,https://www.redfin.com/OH/Cleveland/3611-E-116th-St-44105/home/66594093,listed,,weekly sweep 2026-09-28,yes
3619 e 76th st|44105,"3619 E 76th St, Cleveland, OH 44105",44105,2026-09-28,2026-09-28,69000,69000,zillow,https://www.zillow.com/homedetails/3619-E-76th-St-Cleveland-OH-44105/33425295_zpid/,listed,,weekly sweep 2026-09-28,
3659 e 116th st|44105,"3659 E 116th St, Cleveland, OH 44105",44105,2026-09-28,2026-09-28,125000,125000,redfin,https://www.redfin.com/OH/Cleveland/3659-E-116th-St-44105/home/70792326,listed,,weekly sweep 2026-09-28,yes
3661 e 59th st|44105,"3661 E 59th St, Cleveland, OH 44105",44105,2026-09-28,2026-09-28,74900,74900,both,https://www.redfin.com/OH/Cleveland/3661-E-59th-St-44105/home/66578737,listed,,weekly sweep 2026-09-28,
3676 e 65th st|44105,"3676 E 65th St, Cleveland, OH 44105",44105,2026-09-28,2026-09-28,199900,199900,redfin,https://www.redfin.com/OH/Cleveland/3676-E-65th-St-44105/home/169651768,listed,,weekly sweep 2026-09-28,
3692 martin luther king jr dr|44105,"3692 Martin Luther King Jr Dr, Cleveland, OH 44105",44105,2026-09-28,2026-09-28,199900,199900,redfin,https://www.redfin.com/OH/Cleveland/3692-East-Blvd-44106/home/70790437,listed,,weekly sweep 2026-09-28,yes
3741 e 71st st|44105,"3741 E 71st St, Cleveland, OH 44105",44105,2026-09-28,2026-09-28,47500,47500,redfin,https://www.redfin.com/OH/Cleveland/3741-E-71st-St-44105/home/66567301,listed,,weekly sweep 2026-09-28,
390002 e 131st st|44105,"3900-02 E 131st St, Cleveland, OH 44105",44105,2026-09-28,2026-09-28,150000,150000,zillow,https://www.zillow.com/homedetails/3900-02-E-131st-St-Cleveland-OH-44105/465033094_zpid/,listed,,weekly sweep 2026-09-28,yes
3978 e 55th st|44105,"3978 E 55th St, Newburgh Heights, OH 44105",44105,2026-09-28,2026-09-28,120000,120000,redfin,https://www.redfin.com/OH/Newburgh-Heights/3978-E-55th-St-44105/home/66575276,listed,,weekly sweep 2026-09-28,yes
4064 e 136th st|44105,"4064 E 136th St, Cleveland, OH 44105",44105,2026-09-28,2026-09-28,190000,190000,redfin,https://www.redfin.com/OH/Cleveland/4064-E-136th-St-44105/home/66586948,listed,,weekly sweep 2026-09-28,yes
4236 e 131st st|44105,"4236 E 131st St, Cleveland, OH 44105",44105,2026-09-28,2026-09-28,137000,137000,redfin,https://www.redfin.com/OH/Cleveland/4236-E-131st-St-44105/home/70794705,listed,,weekly sweep 2026-09-28,yes
4246 e 133rd st|44105,"4246 E 133rd St, Cleveland, OH 44105",44105,2026-09-28,2026-09-28,160000,160000,redfin,https://www.redfin.com/OH/Cleveland/4246-E-133rd-St-44105/home/70794594,listed,,weekly sweep 2026-09-28,yes
4291 e 114th st|44105,"4291 E 114th St, Cleveland, OH 44105",44105,2026-09-28,2026-09-28,105000,105000,redfin,https://www.redfin.com/OH/Cleveland/4291-E-114th-St-44105/home/70791812,listed,,weekly sweep 2026-09-28,yes
4309 e 128th st|44105,"4309 E 128th St, Cleveland, OH 44105",44105,2026-09-28,2026-09-28,99000,99000,redfin,https://www.redfin.com/OH/Cleveland/4309-E-128th-St-44105/home/66591145,listed,,weekly sweep 2026-09-28,yes
5604 linton ave|44105,"5604 Linton Ave, Cleveland, OH 44105",44105,2026-09-28,2026-09-28,112000,112000,redfin,https://www.redfin.com/OH/Cleveland/5604-Linton-Ave-44105/home/66569989,listed,,weekly sweep 2026-09-28,yes
6202 heisley ave|44105,"6202 Heisley Ave, Cleveland, OH 44105",44105,2026-09-28,2026-09-28,268900,268900,redfin,https://www.redfin.com/OH/Cleveland/6202-Heisley-Ave-44105/home/70786517,listed,,weekly sweep 2026-09-28,
6211 fullerton ave|44105,"6211 Fullerton Ave, Cleveland, OH 44105",44105,2026-09-28,2026-09-28,52000,52000,both,https://www.redfin.com/OH/Cleveland/6211-Fullerton-Ave-44105/home/66580333,listed,,weekly sweep 2026-09-28,
6415 gertrude ave|44105,"6415 Gertrude Ave, Cleveland, OH 44105",44105,2026-09-28,2026-09-28,279900,279900,redfin,https://www.redfin.com/OH/Cleveland/6415-Gertrude-Ave-44105/home/70786923,listed,,weekly sweep 2026-09-28,
6511 fullerton ave|44105,"6511 Fullerton Ave, Cleveland, OH 44105",44105,2026-09-28,2026-09-28,174900,174900,redfin,https://www.redfin.com/OH/Cleveland/6511-Fullerton-Ave-44105/home/66569270,listed,,weekly sweep 2026-09-28,yes
6716 fullerton ave|44105,"6716 Fullerton Ave, Cleveland, OH 44105",44105,2026-09-28,2026-09-28,119900,119900,both,https://www.redfin.com/OH/Cleveland/6716-Fullerton-Ave-44105/home/70787097,listed,,weekly sweep 2026-09-28,yes
6734 baxter ave|44105,"6734 Baxter Ave, Cleveland, OH 44105",44105,2026-09-28,2026-09-28,150000,150000,redfin,https://www.redfin.com/OH/Cleveland/6734-Baxter-Ave-44105/home/66574731,listed,,weekly sweep 2026-09-28,
6801 sebert ave|44105,"6801 Sebert Ave, Cleveland, OH 44105",44105,2026-09-28,2026-09-28,129000,129000,redfin,https://www.redfin.com/OH/Cleveland/6801-Sebert-Ave-44105/home/66566192,listed,,weekly sweep 2026-09-28,
6811 worley ave|44105,"6811 Worley Ave, Cleveland, OH 44105",44105,2026-09-28,2026-09-28,115000,115000,redfin,https://www.redfin.com/OH/Cleveland/6811-Worley-Ave-44105/home/70786997,listed,,weekly sweep 2026-09-28,yes
6920 hosmer ave|44105,"6920 Hosmer Ave, Cleveland, OH 44105",44105,2026-09-28,2026-09-28,199900,199900,redfin,https://www.redfin.com/OH/Cleveland/6920-Hosmer-Ave-44105/home/70787112,listed,,weekly sweep 2026-09-28,yes
7207 deveny ave|44105,"7207 Deveny Ave, Cleveland, OH 44105",44105,2026-09-28,2026-09-28,108000,108000,redfin,https://www.redfin.com/OH/Cleveland/7207-Deveny-Ave-44105/home/66568491,listed,,weekly sweep 2026-09-28,yes
7320 covert ave|44105,"7320 Covert Ave, Cleveland, OH 44105",44105,2026-09-28,2026-09-28,179900,179900,redfin,https://www.redfin.com/OH/Cleveland/7320-Covert-Ave-44105/home/70788595,listed,,weekly sweep 2026-09-28,yes
7611 marble ave|44105,"7611 Marble Ave, Cleveland, OH 44105",44105,2026-09-28,2026-09-28,55000,55000,both,https://www.redfin.com/OH/Cleveland/7611-Marble-Ave-44105/home/70787733,listed,,weekly sweep 2026-09-28,
7918 force ave|44105,"7918 Force Ave, Cleveland, OH 44105",44105,2026-09-28,2026-09-28,105000,105000,redfin,https://www.redfin.com/OH/Cleveland/7918-Force-Ave-44105/home/70788518,listed,,weekly sweep 2026-09-28,yes
8511 jeffries ave|44105,"8511 Jeffries Ave, Cleveland, OH 44105",44105,2026-09-28,2026-09-28,105000,105000,redfin,https://www.redfin.com/OH/Cleveland/8511-Jeffries-Ave-44105/home/66573816,listed,,weekly sweep 2026-09-28,yes
9005 union ave|44105,"9005 Union Ave, Cleveland, OH 44105",44105,2026-09-28,2026-09-28,115000,115000,redfin,https://www.redfin.com/OH/Cleveland/9005-Union-Ave-44105/home/66578684,listed,,weekly sweep 2026-09-28,
9100 miles ave|44105,"9100 Miles Ave, Cleveland, OH 44105",44105,2026-09-28,2026-09-28,345000,345000,redfin,https://www.redfin.com/OH/Cleveland/9100-Miles-Ave-44105/home/204560917,listed,,weekly sweep 2026-09-28,
9110 jeffries ave|44105,"9110 Jeffries Ave, Cleveland, OH 44105",44105,2026-09-28,2026-09-28,89900,89900,redfin,https://www.redfin.com/OH/Cleveland/9110-Jeffries-Ave-44105/home/66591298,listed,,weekly sweep 2026-09-28,
9400 orleans ave|44105,"9400 Orleans Ave, Cleveland, OH 44105",44105,2026-09-28,2026-09-28,135000,135000,redfin,https://www.redfin.com/OH/Cleveland/9400-Orleans-Ave-44105/home/66571639,listed,,weekly sweep 2026-09-28,yes
1352 e 86th st|44106,"1352 E 86th St, Cleveland, OH 44106",44106,2026-09-28,2026-09-28,200000,200000,zillow,https://www.zillow.com/homedetails/1352-E-86th-St-Cleveland-OH-44106/33386301_zpid/,listed,,weekly sweep 2026-09-28,
1352 e 86th|44106,"1352 E 86th, Cleveland, OH 44106",44106,2026-09-28,2026-09-28,200000,200000,redfin,https://www.redfin.com/OH/Cleveland/1352-E-86th-St-44106/home/66572781,listed,,weekly sweep 2026-09-28,
1390 e 109th st|44106,"1390 E 109th St, Cleveland, OH 44106",44106,2026-09-28,2026-09-28,339900,339900,redfin,https://www.redfin.com/OH/Cleveland/1390-E-109th-St-44106/home/70776024,listed,,weekly sweep 2026-09-28,
1416 e 110th st|44106,"1416 E 110th St, Cleveland, OH 44106",44106,2026-09-28,2026-09-28,179000,179000,both,https://www.redfin.com/OH/Cleveland/1416-E-110th-St-44106/home/70775862,listed,,weekly sweep 2026-09-28,yes
1450 e 110th st|44106,"1450 E 110th St, Cleveland, OH 44106",44106,2026-09-28,2026-09-28,399900,399900,redfin,https://www.redfin.com/OH/Cleveland/1450-E-110th-St-44106/home/70775999,listed,,weekly sweep 2026-09-28,
1510 e 115th st|44106,"1510 E 115th St, Cleveland, OH 44106",44106,2026-09-28,2026-09-28,650000,650000,zillow,https://www.zillow.com/homedetails/1510-E-115th-St-Cleveland-OH-44106/33408875_zpid/,listed,,weekly sweep 2026-09-28,
1957 e 123rd st|44106,"1957 E 123rd St, Cleveland, OH 44106",44106,2026-09-28,2026-09-28,489000,489000,zillow,https://www.zillow.com/homedetails/1957-E-123rd-St-Cleveland-OH-44106/33409076_zpid/,listed,,weekly sweep 2026-09-28,
2206 e 93rd st|44106,"2206 E 93rd St, Cleveland, OH 44106",44106,2026-09-28,2026-09-28,225000,225000,both,https://www.redfin.com/OH/Cleveland/2206-E-93rd-St-44106/home/70775501,listed,,weekly sweep 2026-09-28,yes
2235 e 101st st|44106,"2235 E 101st St, Cleveland, OH 44106",44106,2026-09-28,2026-09-28,299900,299900,both,https://www.redfin.com/OH/Cleveland/2235-E-101st-St-44106/home/66577960,listed,,weekly sweep 2026-09-28,
2282 grandview ave|44106,"2282 Grandview Ave, Cleveland Heights, OH 44106",44106,2026-09-28,2026-09-28,350000,350000,both,https://www.redfin.com/OH/Cleveland-Heights/2282-Grandview-Ave-44106/home/70998934,listed,,weekly sweep 2026-09-28,
2313 grandview ave|44106,"2313 Grandview Ave, Cleveland Heights, OH 44106",44106,2026-09-28,2026-09-28,379900,379900,redfin,https://www.redfin.com/OH/Cleveland-Heights/2313-Grandview-Ave-44106/home/70999792,listed,,weekly sweep 2026-09-28,
2326 e 95th st|44106,"2326 E 95th St, Cleveland, OH 44106",44106,2026-09-28,2026-09-28,114000,114000,both,https://www.redfin.com/OH/Cleveland/2326-E-95th-St-44106/home/70777258,listed,,weekly sweep 2026-09-28,
2609 hampshire rd|44106,"2609 Hampshire Rd, Cleveland Heights, OH 44106",44106,2026-09-28,2026-09-28,379000,379000,redfin,https://www.redfin.com/OH/Cleveland-Heights/2609-Hampshire-Rd-44106/home/70997871,listed,,weekly sweep 2026-09-28,
2630 mayfield rd|44106,"2630 Mayfield Rd, Cleveland, OH 44106",44106,2026-09-28,2026-09-28,499900,499900,zillow,https://www.zillow.com/homedetails/2630-Mayfield-Rd-Cleveland-OH-44106/457463402_zpid/,listed,,weekly sweep 2026-09-28,
2671 hampshire rd|44106,"2671 Hampshire Rd, Cleveland Heights, OH 44106",44106,2026-09-28,2026-09-28,325000,325000,redfin,https://www.redfin.com/OH/Cleveland-Heights/2671-Hampshire-Rd-44106/home/70997858,listed,,weekly sweep 2026-09-28,
11713 nelson ct|44107,"11713 Nelson Ct, Lakewood, OH 44107",44107,2026-09-28,2026-09-28,400000,400000,redfin,https://www.redfin.com/OH/Lakewood/11713-Nelson-Ct-44107/home/178425485,listed,,weekly sweep 2026-09-28,
12905 arliss dr|44107,"12905 Arliss Dr, Lakewood, OH 44107",44107,2026-09-28,2026-09-28,335000,335000,redfin,https://www.redfin.com/OH/Lakewood/12905-Arliss-Dr-44107/home/66597713,listed,,weekly sweep 2026-09-28,
1296 cook ave|44107,"1296 Cook Ave, Lakewood, OH 44107",44107,2026-09-28,2026-09-28,474000,474000,redfin,https://www.redfin.com/OH/Lakewood/1296-Cook-Ave-44107/home/70835229,listed,,weekly sweep 2026-09-28,
1296 fry ave|44107,"1296 Fry Ave, Lakewood, OH 44107",44107,2026-09-28,2026-09-28,325000,325000,both,https://www.redfin.com/OH/Lakewood/1296-Fry-Ave-44107/home/66191546,listed,,weekly sweep 2026-09-28,
1299 fry ave|44107,"1299 Fry Ave, Lakewood, OH 44107",44107,2026-09-28,2026-09-28,385000,385000,zillow,https://www.zillow.com/homedetails/1299-Fry-Ave-Lakewood-OH-44107/33495466_zpid/,listed,,weekly sweep 2026-09-28,
1350 thoreau rd|44107,"1350 Thoreau Rd, Lakewood, OH 44107",44107,2026-09-28,2026-09-28,385000,385000,redfin,https://www.redfin.com/OH/Lakewood/1350-Thoreau-Rd-44107/home/66567253,listed,,weekly sweep 2026-09-28,
13519 merl ave|44107,"13519 Merl Ave, Lakewood, OH 44107",44107,2026-09-28,2026-09-28,360000,360000,redfin,https://www.redfin.com/OH/Lakewood/13519-Merl-Ave-44107/home/70836548,listed,,weekly sweep 2026-09-28,
1363 cranford ave|44107,"1363 Cranford Ave, Lakewood, OH 44107",44107,2026-09-28,2026-09-28,330000,330000,redfin,https://www.redfin.com/OH/Lakewood/1363-Cranford-Ave-44107/home/70833503,listed,,weekly sweep 2026-09-28,
14006 lakewood heights blvd|44107,"14006 Lakewood Heights Blvd, Lakewood, OH 44107",44107,2026-09-28,2026-09-28,295000,295000,redfin,https://www.redfin.com/OH/Lakewood/14006-Lakewood-Heights-Blvd-44107/home/66581363,listed,,weekly sweep 2026-09-28,
1415 clifton pl|44107,"1415 Clifton Pl, Lakewood, OH 44107",44107,2026-09-28,2026-09-28,430000,430000,both,https://www.redfin.com/OH/Lakewood/1415-Clifton-Pl-44107/home/70832490,listed,,weekly sweep 2026-09-28,
1447 rosewood ave|44107,"1447 Rosewood Ave, Lakewood, OH 44107",44107,2026-09-28,2026-09-28,380000,380000,redfin,https://www.redfin.com/OH/Lakewood/1447-Rosewood-Ave-44107/home/66598604,listed,,weekly sweep 2026-09-28,
14531 lake ave|44107,"14531 Lake Ave, Lakewood, OH 44107",44107,2026-09-28,2026-09-28,855000,855000,zillow,https://www.zillow.com/homedetails/14531-Lake-Ave-Lakewood-OH-44107/33494182_zpid/,listed,,weekly sweep 2026-09-28,
14537 bayes ave|44107,"14537 Bayes Ave, Lakewood, OH 44107",44107,2026-09-28,2026-09-28,379000,379000,redfin,https://www.redfin.com/OH/Lakewood/14537-Bayes-Ave-44107/home/70840158,listed,,weekly sweep 2026-09-28,
1457 winchester ave|44107,"1457 Winchester Ave, Lakewood, OH 44107",44107,2026-09-28,2026-09-28,325000,325000,redfin,https://www.redfin.com/OH/Lakewood/1457-Winchester-Ave-44107/home/70841075,listed,,weekly sweep 2026-09-28,
14708 leonard ave|44107,"14708 Leonard Ave, Lakewood, OH 44107",44107,2026-09-28,2026-09-28,359000,359000,redfin,https://www.redfin.com/OH/Lakewood/14708-Leonard-Ave-44107/home/70839867,listed,,weekly sweep 2026-09-28,
14724 clifton blvd|44107,"14724 Clifton Blvd, Lakewood, OH 44107",44107,2026-09-28,2026-09-28,485000,485000,redfin,https://www.redfin.com/OH/Lakewood/14724-Clifton-Blvd-44107/home/66568196,listed,,weekly sweep 2026-09-28,
1497 coutant ave|44107,"1497 Coutant Ave, Lakewood, OH 44107",44107,2026-09-28,2026-09-28,600000,600000,redfin,https://www.redfin.com/OH/Lakewood/1497-Coutant-Ave-44107/home/66580462,listed,,weekly sweep 2026-09-28,
15611 delaware ave|44107,"15611 Delaware Ave, Lakewood, OH 44107",44107,2026-09-28,2026-09-28,465000,465000,both,https://www.redfin.com/OH/Lakewood/15611-Delaware-Ave-44107/home/66579716,listed,,weekly sweep 2026-09-28,
1583 victoria ave|44107,"1583 Victoria Ave, Lakewood, OH 44107",44107,2026-09-28,2026-09-28,380000,380000,redfin,https://www.redfin.com/OH/Lakewood/1583-Victoria-Ave-44107/home/70838712,listed,,weekly sweep 2026-09-28,
1594 victoria ave|44107,"1594 Victoria Ave, Lakewood, OH 44107",44107,2026-09-28,2026-09-28,199900,199900,zillow,https://www.zillow.com/homedetails/1594-Victoria-Ave-Lakewood-OH-44107/33498932_zpid/,listed,,weekly sweep 2026-09-28,yes
2021 lewis dr|44107,"2021 Lewis Dr, Lakewood, OH 44107",44107,2026-09-28,2026-09-28,349900,349900,both,https://www.redfin.com/OH/Lakewood/2021-Lewis-Dr-44107/home/70841836,listed,,weekly sweep 2026-09-28,
2024 carabel ave|44107,"2024 Carabel Ave, Lakewood, OH 44107",44107,2026-09-28,2026-09-28,399900,399900,both,https://www.redfin.com/OH/Lakewood/2024-Carabel-Ave-44107/home/66566513,listed,,weekly sweep 2026-09-28,
2054 magee st|44107,"2054 Magee St, Lakewood, OH 44107",44107,2026-09-28,2026-09-28,349900,349900,redfin,https://www.redfin.com/OH/Lakewood/2054-Magee-St-44107/home/66578527,listed,,weekly sweep 2026-09-28,
2066 bunts rd|44107,"2066 Bunts Rd, Lakewood, OH 44107",44107,2026-09-28,2026-09-28,499000,499000,both,https://www.redfin.com/OH/Lakewood/2066-Bunts-Rd-44107/home/70840461,listed,,weekly sweep 2026-09-28,
2124 wascana ave|44107,"2124 Wascana Ave, Lakewood, OH 44107",44107,2026-09-28,2026-09-28,489999,489999,redfin,https://www.redfin.com/OH/Lakewood/2124-Wascana-Ave-44107/home/66579268,listed,,weekly sweep 2026-09-28,
2165 glenbury ave|44107,"2165 Glenbury Ave, Lakewood, OH 44107",44107,2026-09-28,2026-09-28,445000,445000,redfin,https://www.redfin.com/OH/Lakewood/2165-Glenbury-Ave-44107/home/70837081,listed,,weekly sweep 2026-09-28,
22002202 wyandotte ave|44107,"2200-2202 Wyandotte Ave #2202, Lakewood, OH 44107",44107,2026-09-28,2026-09-28,404900,404900,redfin,https://www.redfin.com/OH/Lakewood/2200-Wyandotte-Ave-44107/home/66583706,listed,,weekly sweep 2026-09-28,
2203 bunts rd|44107,"2203 Bunts Rd, Lakewood, OH 44107",44107,2026-09-28,2026-09-28,450000,450000,redfin,https://www.redfin.com/OH/Lakewood/2203-Bunts-Rd-44107/home/70840271,listed,,weekly sweep 2026-09-28,
10022 adams ave|44108,"10022 Adams Ave, Cleveland, OH 44108",44108,2026-09-28,2026-09-28,70000,70000,both,https://www.zillow.com/homedetails/10022-Adams-Ave-Cleveland-OH-44108/33389224_zpid/,listed,,weekly sweep 2026-09-28,
10101 n blvd|44108,"10101 North Blvd, Cleveland, OH 44108",44108,2026-09-28,2026-09-28,115000,115000,redfin,https://www.redfin.com/OH/Cleveland/10101-North-Blvd-44108/home/66592674,listed,,weekly sweep 2026-09-28,yes
10117 somerset ave|44108,"10117 Somerset Ave, Cleveland, OH 44108",44108,2026-09-28,2026-09-28,169500,169500,redfin,https://www.redfin.com/OH/Cleveland/10117-Somerset-Ave-44108/home/70763528,listed,,weekly sweep 2026-09-28,yes
10121 parkgate ave|44108,"10121 Parkgate Ave, Cleveland, OH 44108",44108,2026-09-28,2026-09-28,155300,155300,redfin,https://www.redfin.com/OH/Cleveland/10121-Parkgate-Ave-44108/home/70762624,listed,,weekly sweep 2026-09-28,
10222 parkgate ave|44108,"10222 Parkgate Ave, Cleveland, OH 44108",44108,2026-09-28,2026-09-28,199995,199995,redfin,https://www.redfin.com/OH/Cleveland/10222-Parkgate-Ave-44108/home/70763260,listed,,weekly sweep 2026-09-28,yes
10413 yale ave|44108,"10413 Yale Ave, Cleveland, OH 44108",44108,2026-09-28,2026-09-28,175000,175000,redfin,https://www.redfin.com/OH/Cleveland/10413-Yale-Ave-44108/home/66188939,listed,,weekly sweep 2026-09-28,
10524 helena ave|44108,"10524 Helena Ave, Cleveland, OH 44108",44108,2026-09-28,2026-09-28,113000,113000,redfin,https://www.redfin.com/OH/Cleveland/10524-Helena-Ave-44108/home/66570909,listed,,weekly sweep 2026-09-28,
10803 navarre ct|44108,"10803 Navarre Ct, Cleveland, OH 44108",44108,2026-09-28,2026-09-28,159900,159900,redfin,https://www.redfin.com/OH/Cleveland/10803-Navarre-Ct-44108/home/70761598,listed,,weekly sweep 2026-09-28,yes
11409 whitmore ave|44108,"11409 Whitmore Ave, Cleveland, OH 44108",44108,2026-09-28,2026-09-28,159000,159000,redfin,https://www.redfin.com/OH/Cleveland/11409-Whitmore-Ave-44108/home/70765484,listed,,weekly sweep 2026-09-28,yes
11503 carolina rd|44108,"11503 Carolina Rd, Cleveland, OH 44108",44108,2026-09-28,2026-09-28,49900,49900,redfin,https://www.redfin.com/OH/Cleveland/11503-Carolina-Rd-44108/home/70766126,listed,,weekly sweep 2026-09-28,
11506 ohlman ave|44108,"11506 Ohlman Ave, Cleveland, OH 44108",44108,2026-09-28,2026-09-28,110000,110000,redfin,https://www.redfin.com/OH/Cleveland/11506-Ohlman-Ave-44108/home/70765623,listed,,weekly sweep 2026-09-28,yes
11508 ablewhite ave|44108,"11508 Ablewhite Ave, Cleveland, OH 44108",44108,2026-09-28,2026-09-28,185000,185000,zillow,https://www.zillow.com/homedetails/11508-Ablewhite-Ave-Cleveland-OH-44108/33394568_zpid/,listed,,weekly sweep 2026-09-28,
11604 tuscora ave|44108,"11604 Tuscora Ave, Cleveland, OH 44108",44108,2026-09-28,2026-09-28,135000,135000,redfin,https://www.redfin.com/OH/Cleveland/11604-Tuscora-Ave-44108/home/70765520,listed,,weekly sweep 2026-09-28,yes
11610 shadeland ave|44108,"11610 Shadeland Ave, Cleveland, OH 44108",44108,2026-09-28,2026-09-28,124900,124900,redfin,https://www.redfin.com/OH/Cleveland/11610-Shadeland-Ave-44108/home/70766592,listed,,weekly sweep 2026-09-28,
11705 fairport ave|44108,"11705 Fairport Ave, Cleveland, OH 44108",44108,2026-09-28,2026-09-28,123500,123500,redfin,https://www.redfin.com/OH/Cleveland/11705-Fairport-Ave-44108/home/70765690,listed,,weekly sweep 2026-09-28,yes
11805 iowa ave|44108,"11805 Iowa Ave, Cleveland, OH 44108",44108,2026-09-28,2026-09-28,139900,139900,redfin,https://www.redfin.com/OH/Cleveland/11805-Iowa-Ave-44108/home/66597703,listed,,weekly sweep 2026-09-28,
11910 chesterfield ave|44108,"11910 Chesterfield Ave, Cleveland, OH 44108",44108,2026-09-28,2026-09-28,59900,59900,redfin,https://www.redfin.com/OH/Cleveland/11910-Chesterfield-Ave-44108/home/70765944,listed,,weekly sweep 2026-09-28,
12005 shadeland ave|44108,"12005 Shadeland Ave, Cleveland, OH 44108",44108,2026-09-28,2026-09-28,159999,159999,redfin,https://www.redfin.com/OH/Cleveland/12005-Shadeland-Ave-44108/home/66594028,listed,,weekly sweep 2026-09-28,
12436 saywell ave|44108,"12436 Saywell Ave, Cleveland, OH 44108",44108,2026-09-28,2026-09-28,89900,89900,both,https://www.zillow.com/homedetails/12436-Saywell-Ave-Cleveland-OH-44108/33393320_zpid/,listed,,weekly sweep 2026-09-28,yes
1261 e 99 st|44108,"1261 E 99 St, Cleveland, OH 44108",44108,2026-09-28,2026-09-28,225000,225000,redfin,https://www.redfin.com/OH/Cleveland/1261-E-99th-St-44108/home/70763422,listed,,weekly sweep 2026-09-28,
12811 austin ave|44108,"12811 Austin Ave, Cleveland, OH 44108",44108,2026-09-28,2026-09-28,124900,124900,redfin,https://www.redfin.com/OH/Cleveland/12811-Austin-Ave-44108/home/70764764,listed,,weekly sweep 2026-09-28,yes
447 e 115 st|44108,"447 E 115 St, Cleveland, OH 44108",44108,2026-09-28,2026-09-28,140000,140000,redfin,https://www.redfin.com/OH/Cleveland/447-E-115th-St-44108/home/145665807,listed,,weekly sweep 2026-09-28,
447 e 115th st|44108,"447 E 115th St, Cleveland, OH 44108",44108,2026-09-28,2026-09-28,140000,140000,zillow,https://www.zillow.com/homedetails/447-E-115th-St-Cleveland-OH-44108/457444155_zpid/,listed,,weekly sweep 2026-09-28,
554 e 101st st|44108,"554 E 101st St, Cleveland, OH 44108",44108,2026-09-28,2026-09-28,15000,15000,both,https://www.zillow.com/homedetails/554-E-101st-St-Cleveland-OH-44108/33387180_zpid/,listed,,weekly sweep 2026-09-28,
621 e 128th st|44108,"621 E 128th St, Cleveland, OH 44108",44108,2026-09-28,2026-09-28,55000,55000,redfin,https://www.redfin.com/OH/Cleveland/621-E-128th-St-44108/home/70764703,listed,,weekly sweep 2026-09-28,
626 e 130th st|44108,"626 E 130th St, Cleveland, OH 44108",44108,2026-09-28,2026-09-28,110000,110000,redfin,https://www.redfin.com/OH/Cleveland/626-E-130th-St-44108/home/66187369,listed,,weekly sweep 2026-09-28,yes
628 e 131st st|44108,"628 E 131st St, Cleveland, OH 44108",44108,2026-09-28,2026-09-28,159900,159900,redfin,https://www.redfin.com/OH/Cleveland/628-E-131st-St-44108/home/70765031,listed,,weekly sweep 2026-09-28,yes
677 e 92nd st|44108,"677 E 92nd St, Cleveland, OH 44108",44108,2026-09-28,2026-09-28,88000,88000,redfin,https://www.redfin.com/OH/Cleveland/677-E-92nd-St-44108/home/70761175,listed,,weekly sweep 2026-09-28,
684 e 128th st|44108,"684 E 128th St, Cleveland, OH 44108",44108,2026-09-28,2026-09-28,89000,89000,redfin,https://www.redfin.com/OH/Cleveland/684-E-128th-St-44108/home/70764766,listed,,weekly sweep 2026-09-28,
710 linn dr|44108,"710 Linn Dr, Cleveland, OH 44108",44108,2026-09-28,2026-09-28,85000,85000,redfin,https://www.redfin.com/OH/Cleveland/710-Linn-Dr-44108/home/70762415,listed,,weekly sweep 2026-09-28,
767 e 105th st|44108,"767 E 105th St, Cleveland, OH 44108",44108,2026-09-28,2026-09-28,139000,139000,redfin,https://www.redfin.com/OH/Cleveland/767-E-105th-St-44108/home/70762378,listed,,weekly sweep 2026-09-28,
8823 yale ave|44108,"8823 Yale Ave, Cleveland, OH 44108",44108,2026-09-28,2026-09-28,119000,119000,redfin,https://www.redfin.com/OH/Cleveland/8823-Yale-Ave-44108/home/70761717,listed,,weekly sweep 2026-09-28,
8834 st clair ave|44108,"8834 Saint Clair Ave, Cleveland, OH 44108",44108,2026-09-28,2026-09-28,145900,145900,redfin,https://www.redfin.com/OH/Cleveland/8834-Saint-Clair-Ave-44108/home/201838719,listed,,weekly sweep 2026-09-28,
889 e 128th st|44108,"889 E 128th St, Cleveland, OH 44108",44108,2026-09-28,2026-09-28,53850,53850,both,https://www.zillow.com/homedetails/889-E-128th-St-Cleveland-OH-44108/33392655_zpid/,listed,,weekly sweep 2026-09-28,
9220 adams ave|44108,"9220 Adams Ave, Cleveland, OH 44108",44108,2026-09-28,2026-09-28,95000,95000,redfin,https://www.redfin.com/OH/Cleveland/9220-Adams-Ave-44108/home/70762852,listed,,weekly sweep 2026-09-28,
9223 adams ave|44108,"9223 Adams Ave, Cleveland, OH 44108",44108,2026-09-28,2026-09-28,175500,175500,redfin,https://www.redfin.com/OH/Cleveland/9223-Adams-Ave-44108/home/70762858,listed,,weekly sweep 2026-09-28,
9301 pierpont ave|44108,"9301 Pierpont Ave, Cleveland, OH 44108",44108,2026-09-28,2026-09-28,95000,95000,zillow,https://www.zillow.com/homedetails/9301-Pierpont-Ave-Cleveland-OH-44108/33389057_zpid/,listed,,weekly sweep 2026-09-28,
9306 pierpont ave|44108,"9306 Pierpont Ave, Cleveland, OH 44108",44108,2026-09-28,2026-09-28,190000,190000,redfin,https://www.redfin.com/OH/Cleveland/9306-Pierpont-Ave-44108/home/66577690,listed,,weekly sweep 2026-09-28,
9501 pierpont ave|44108,"9501 Pierpont Ave, Cleveland, OH 44108",44108,2026-09-28,2026-09-28,130000,130000,redfin,https://www.redfin.com/OH/Cleveland/9501-Pierpont-Ave-44108/home/70762876,listed,,weekly sweep 2026-09-28,
9700 adams ave|44108,"9700 Adams Ave, Cleveland, OH 44108",44108,2026-09-28,2026-09-28,95000,95000,both,https://www.zillow.com/homedetails/9700-Adams-Ave-Cleveland-OH-44108/33389210_zpid/,listed,,weekly sweep 2026-09-28,
9704 yale ave|44108,"9704 Yale Ave, Cleveland, OH 44108",44108,2026-09-28,2026-09-28,115000,115000,redfin,https://www.redfin.com/OH/Cleveland/9704-Yale-Ave-44108/home/66594107,listed,,weekly sweep 2026-09-28,
9902 adams ave|44108,"9902 Adams Ave, Cleveland, OH 44108",44108,2026-09-28,2026-09-28,129900,129900,both,https://www.zillow.com/homedetails/9902-Adams-Ave-Cleveland-OH-44108/33389213_zpid/,listed,,weekly sweep 2026-09-28,
9904 parkgate ave|44108,"9904 Parkgate Ave, Cleveland, OH 44108",44108,2026-09-28,2026-09-28,159000,159000,redfin,https://www.redfin.com/OH/Cleveland/9904-Parkgate-Ave-44108/home/70763022,listed,,weekly sweep 2026-09-28,yes
9914 adams ave|44108,"9914 Adams Ave, Cleveland, OH 44108",44108,2026-09-28,2026-09-28,145000,145000,redfin,https://www.redfin.com/OH/Cleveland/9914-Adams-Ave-44108/home/66571705,listed,,weekly sweep 2026-09-28,
1295 holmden ave|44109,"1295 Holmden Ave, Cleveland, OH 44109",44109,2026-09-28,2026-09-28,749900,749900,both,https://www.zillow.com/homedetails/1295-Holmden-Ave-Cleveland-OH-44109/134098851_zpid/,listed,,weekly sweep 2026-09-28,
1820 holmden ave|44109,"1820 Holmden Ave, Cleveland, OH 44109",44109,2026-09-28,2026-09-28,349900,349900,redfin,https://www.redfin.com/OH/Cleveland/1820-Holmden-Ave-44109/home/66566953,listed,,weekly sweep 2026-09-28,
1902 rowley ave|44109,"1902 Rowley Ave, Cleveland, OH 44109",44109,2026-09-28,2026-09-28,70000,70000,both,https://www.zillow.com/homedetails/1902-Rowley-Ave-Cleveland-OH-44109/463994141_zpid/,listed,,weekly sweep 2026-09-28,
1910 mayview ave|44109,"1910 Mayview Ave, Cleveland, OH 44109",44109,2026-09-28,2026-09-28,180000,180000,redfin,https://www.redfin.com/OH/Cleveland/1910-Mayview-Ave-44109/home/70728645,listed,,weekly sweep 2026-09-28,
1924 rowley ave|44109,"1924 Rowley Ave, Cleveland, OH 44109",44109,2026-09-28,2026-09-28,229900,229900,redfin,https://www.redfin.com/OH/Cleveland/1924-Rowley-Ave-44109/home/70727211,listed,,weekly sweep 2026-09-28,yes
2215 hood ave|44109,"2215 Hood Ave, Cleveland, OH 44109",44109,2026-09-28,2026-09-28,199900,199900,redfin,https://www.redfin.com/OH/Cleveland/2215-Hood-Ave-44109/home/66589420,listed,,weekly sweep 2026-09-28,yes
2409 montclair ave|44109,"2409 Montclair Ave, Cleveland, OH 44109",44109,2026-09-28,2026-09-28,149900,149900,both,https://www.zillow.com/homedetails/2409-Montclair-Ave-Cleveland-OH-44109/33342663_zpid/,listed,,weekly sweep 2026-09-28,yes
2609 mapledale ave|44109,"2609 Mapledale Ave, Cleveland, OH 44109",44109,2026-09-28,2026-09-28,385000,385000,redfin,https://www.redfin.com/OH/Cleveland/2609-Mapledale-Ave-44109/home/70737530,listed,,weekly sweep 2026-09-28,
2809 archwood ave|44109,"2809 Archwood Ave, Cleveland, OH 44109",44109,2026-09-28,2026-09-28,159900,159900,redfin,https://www.redfin.com/OH/Cleveland/2809-Archwood-Ave-44109/home/66581059,listed,,weekly sweep 2026-09-28,yes
3097 bradwell ave|44109,"3097 Bradwell Ave, Cleveland, OH 44109",44109,2026-09-28,2026-09-28,194900,194900,redfin,https://www.redfin.com/OH/Cleveland/3097-Bradwell-Ave-44109/home/70735416,listed,,weekly sweep 2026-09-28,yes
3127 fulton rd|44109,"3127 Fulton Rd, Cleveland, OH 44109",44109,2026-09-28,2026-09-28,370000,370000,redfin,https://www.redfin.com/OH/Cleveland/3127-Fulton-Rd-44109/home/70726984,listed,,weekly sweep 2026-09-28,
3147 w 44th st|44109,"3147 W 44th St, Cleveland, OH 44109",44109,2026-09-28,2026-09-28,109000,109000,redfin,https://www.redfin.com/OH/Cleveland/3147-W-44th-St-44109/home/70726804,listed,,weekly sweep 2026-09-28,yes
3196 w 43rd st|44109,"3196 W 43rd St, Cleveland, OH 44109",44109,2026-09-28,2026-09-28,249900,249900,redfin,https://www.redfin.com/OH/Cleveland/3196-W-43rd-St-44109/home/70726793,listed,,weekly sweep 2026-09-28,
3202 marvin ave|44109,"3202 Marvin Ave, Cleveland, OH 44109",44109,2026-09-28,2026-09-28,162000,162000,redfin,https://www.redfin.com/OH/Cleveland/3202-Marvin-Ave-44109/home/70736917,listed,,weekly sweep 2026-09-28,yes
3205 denison ave|44109,"3205 Denison Ave, Cleveland, OH 44109",44109,2026-09-28,2026-09-28,399900,399900,redfin,https://www.redfin.com/OH/Cleveland/3205-Denison-Ave-44109/home/70735516,listed,,weekly sweep 2026-09-28,
3219 fulton rd|44109,"3219 Fulton Rd, Cleveland, OH 44109",44109,2026-09-28,2026-09-28,160000,160000,redfin,https://www.redfin.com/OH/Cleveland/3219-Fulton-Rd-44109/home/70726948,listed,,weekly sweep 2026-09-28,
3230 w 31st st|44109,"3230 W 31st St, Cleveland, OH 44109",44109,2026-09-28,2026-09-28,199000,199000,redfin,https://www.redfin.com/OH/Cleveland/3230-W-31st-St-44109/home/70727003,listed,,weekly sweep 2026-09-28,
3233 trowbridge ave|44109,"3233 Trowbridge Ave, Cleveland, OH 44109",44109,2026-09-28,2026-09-28,220000,220000,redfin,https://www.redfin.com/OH/Cleveland/3233-Trowbridge-Ave-44109/home/70736964,listed,,weekly sweep 2026-09-28,
3257 woodbridge ave|44109,"3257 Woodbridge Ave, Cleveland, OH 44109",44109,2026-09-28,2026-09-28,200000,200000,redfin,https://www.redfin.com/OH/Cleveland/3257-Woodbridge-Ave-44109/home/66580182,listed,,weekly sweep 2026-09-28,yes
3261 scranton rd|44109,"3261 Scranton Rd, Cleveland, OH 44109",44109,2026-09-28,2026-09-28,199900,199900,redfin,https://www.redfin.com/OH/Cleveland/3261-Scranton-Rd-44109/home/70727630,listed,,weekly sweep 2026-09-28,yes
3305 roanoke ave|44109,"3305 Roanoke Ave, Cleveland, OH 44109",44109,2026-09-28,2026-09-28,174900,174900,redfin,https://www.redfin.com/OH/Cleveland/3305-Roanoke-Ave-44109/home/70736296,listed,,weekly sweep 2026-09-28,yes
3305 w 33rd st|44109,"3305 W 33rd St, Cleveland, OH 44109",44109,2026-09-28,2026-09-28,130000,130000,redfin,https://www.redfin.com/OH/Cleveland/3305-W-33rd-St-44109/home/70736521,listed,,weekly sweep 2026-09-28,
3433 w 41st st|44109,"3433 W 41st St, Cleveland, OH 44109",44109,2026-09-28,2026-09-28,155000,155000,both,https://www.zillow.com/homedetails/3433-W-41st-St-Cleveland-OH-44109/33351576_zpid/,listed,,weekly sweep 2026-09-28,
3533 carlyle ave|44109,"3533 Carlyle Ave, Cleveland, OH 44109",44109,2026-09-28,2026-09-28,199900,199900,redfin,https://www.redfin.com/OH/Cleveland/3533-Carlyle-Ave-44109/home/66570327,listed,,weekly sweep 2026-09-28,yes
3601 memphis ave|44109,"3601 Memphis Ave, Cleveland, OH 44109",44109,2026-09-28,2026-09-28,94900,94900,both,https://www.zillow.com/homedetails/3601-Memphis-Ave-Cleveland-OH-44109/33349937_zpid/,listed,,weekly sweep 2026-09-28,
3602 mobile ct|44109,"3602 Mobile Ct, Cleveland, OH 44109",44109,2026-09-28,2026-09-28,199900,199900,both,https://www.zillow.com/homedetails/3602-Mobile-Ct-Cleveland-OH-44109/33342360_zpid/,listed,,weekly sweep 2026-09-28,
3607 daisy ave|44109,"3607 Daisy Ave, Cleveland, OH 44109",44109,2026-09-28,2026-09-28,189900,189900,redfin,https://www.redfin.com/OH/Cleveland/3607-Daisy-Ave-44109/home/70737179,listed,,weekly sweep 2026-09-28,
3746 w 39th st|44109,"3746 W 39th St, Cleveland, OH 44109",44109,2026-09-28,2026-09-28,210000,210000,redfin,https://www.redfin.com/OH/Cleveland/3746-W-39th-St-44109/home/70737659,listed,,weekly sweep 2026-09-28,
3780 w 37th st|44109,"3780 W 37th St, Cleveland, OH 44109",44109,2026-09-28,2026-09-28,209900,209900,redfin,https://www.redfin.com/OH/Cleveland/3780-W-37th-St-44109/home/66566591,listed,,weekly sweep 2026-09-28,
3791 w 38th st|44109,"3791 W 38th St, Cleveland, OH 44109",44109,2026-09-28,2026-09-28,100000,100000,both,https://www.zillow.com/homedetails/3791-W-38th-St-Cleveland-OH-44109/33353385_zpid/,listed,,weekly sweep 2026-09-28,
3885 w 20th st|44109,"3885 W 20th St, Cleveland, OH 44109",44109,2026-09-28,2026-09-28,114900,114900,redfin,https://www.redfin.com/OH/Cleveland/3885-W-20th-St-44109/home/66570947,listed,,weekly sweep 2026-09-28,yes
3903 w 32|44109,"3903 W 32, Cleveland, OH 44109",44109,2026-09-28,2026-09-28,179900,179900,redfin,https://www.redfin.com/OH/Cleveland/3903-W-32nd-St-44109/home/66589377,listed,,weekly sweep 2026-09-28,yes
3904 w 37th st|44109,"3904 W 37th St, Cleveland, OH 44109",44109,2026-09-28,2026-09-28,179000,179000,redfin,https://www.redfin.com/OH/Cleveland/3904-W-37th-St-44109/home/66590558,listed,,weekly sweep 2026-09-28,yes
3915 hyde ave|44109,"3915 Hyde Ave, Cleveland, OH 44109",44109,2026-09-28,2026-09-28,170000,170000,redfin,https://www.redfin.com/OH/Cleveland/3915-Hyde-Ave-44109/home/66597682,listed,,weekly sweep 2026-09-28,
4104 woburn ave|44109,"4104 Woburn Ave, Cleveland, OH 44109",44109,2026-09-28,2026-09-28,159900,159900,both,https://www.zillow.com/homedetails/4104-Woburn-Ave-Cleveland-OH-44109/134110754_zpid/,listed,,weekly sweep 2026-09-28,yes
4145 hyde ave|44109,"4145 Hyde Ave, Cleveland, OH 44109",44109,2026-09-28,2026-09-28,179900,179900,redfin,https://www.redfin.com/OH/Cleveland/4145-Hyde-Ave-44109/home/70736554,listed,,weekly sweep 2026-09-28,yes
4207 w 38th st|44109,"4207 W 38th St, Cleveland, OH 44109",44109,2026-09-28,2026-09-28,225000,225000,redfin,https://www.redfin.com/OH/Cleveland/4207-W-38th-St-44109/home/70735614,listed,,weekly sweep 2026-09-28,
4270 valley rd|44109,"4270 Valley Rd, Cleveland, OH 44109",44109,2026-09-28,2026-09-28,249900,249900,redfin,https://www.redfin.com/OH/Cleveland/4270-Valley-Rd-44109/home/70728173,listed,,weekly sweep 2026-09-28,
4311 bush ave|44109,"4311 Bush Ave, Cleveland, OH 44109",44109,2026-09-28,2026-09-28,145000,145000,redfin,https://www.redfin.com/OH/Cleveland/4311-Bush-Ave-44109/home/70737094,listed,,weekly sweep 2026-09-28,
4500 w 39th st|44109,"4500 W 39th St, Cleveland, OH 44109",44109,2026-09-28,2026-09-28,359900,359900,redfin,https://www.redfin.com/OH/Cleveland/4500-W-39th-St-44109/home/66392287,listed,,weekly sweep 2026-09-28,
4611 w 41st st|44109,"4611 W 41st St, Cleveland, OH 44109",44109,2026-09-28,2026-09-28,145000,145000,both,https://www.zillow.com/homedetails/4611-W-41st-St-Cleveland-OH-44109/33343677_zpid/,listed,,weekly sweep 2026-09-28,yes
1014 e 141st st|44110,"1014 E 141st St, Cleveland, OH 44110",44110,2026-09-28,2026-09-28,74999,74999,redfin,https://www.redfin.com/OH/Cleveland/1014-E-141st-St-44110/home/70771260,listed,,weekly sweep 2026-09-28,
1030 e 149th st|44110,"1030 E 149th St, Cleveland, OH 44110",44110,2026-09-28,2026-09-28,30000,30000,zillow,https://www.zillow.com/homedetails/1030-E-149th-St-Cleveland-OH-44110/33401846_zpid/,listed,,weekly sweep 2026-09-28,
1049 e 147th st|44110,"1049 E 147th St, Cleveland, OH 44110",44110,2026-09-28,2026-09-28,135000,135000,redfin,https://www.redfin.com/OH/Cleveland/1049-E-147th-St-44110/home/70771378,listed,,weekly sweep 2026-09-28,yes
1088 e 141st st|44110,"1088 E 141st St, Cleveland, OH 44110",44110,2026-09-28,2026-09-28,120000,120000,redfin,https://www.redfin.com/OH/Cleveland/1088-E-141st-St-44110/home/70767487,listed,,weekly sweep 2026-09-28,yes
1104 e 143rd st|44110,"1104 E 143rd St, Cleveland, OH 44110",44110,2026-09-28,2026-09-28,89999,89999,redfin,https://www.redfin.com/OH/Cleveland/1104-E-143rd-St-44110/home/66577485,listed,,weekly sweep 2026-09-28,
13416 ashburton ave|44110,"13416 Ashburton Ave, Cleveland, OH 44110",44110,2026-09-28,2026-09-28,30000,30000,redfin,https://www.redfin.com/OH/Cleveland/13416-Ashburton-Ave-44110/home/70767441,listed,,weekly sweep 2026-09-28,
13416 ashburton rd|44110,"13416 Ashburton Rd, Cleveland, OH 44110",44110,2026-09-28,2026-09-28,30000,30000,zillow,https://www.zillow.com/homedetails/13416-Ashburton-Rd-Cleveland-OH-44110/33395640_zpid/,listed,,weekly sweep 2026-09-28,
13504 ashburton ave|44110,"13504 Ashburton Ave, Cleveland, OH 44110",44110,2026-09-28,2026-09-28,199900,199900,redfin,https://www.redfin.com/OH/Cleveland/13504-Ashburton-Ave-44110/home/66569252,listed,,weekly sweep 2026-09-28,
13608 earlwood rd|44110,"13608 Earlwood Rd, Cleveland, OH 44110",44110,2026-09-28,2026-09-28,180000,180000,redfin,https://www.redfin.com/OH/Cleveland/13608-Earlwood-Rd-44110/home/70767259,listed,,weekly sweep 2026-09-28,
1367 clearaire rd|44110,"1367 Clearaire Rd, Cleveland, OH 44110",44110,2026-09-28,2026-09-28,149900,149900,redfin,https://www.redfin.com/OH/Cleveland/1367-Clearaire-Rd-44110/home/70772586,listed,,weekly sweep 2026-09-28,
1382 e 188th st|44110,"1382 E 188th St, Cleveland, OH 44110",44110,2026-09-28,2026-09-28,155000,155000,redfin,https://www.redfin.com/OH/Cleveland/1382-E-188th-St-44110/home/70772594,listed,,weekly sweep 2026-09-28,
14002 idarose ave|44110,"14002 Idarose Ave, Cleveland, OH 44110",44110,2026-09-28,2026-09-28,105000,105000,redfin,https://www.redfin.com/OH/Cleveland/14002-Idarose-Ave-44110/home/70767823,listed,,weekly sweep 2026-09-28,
14104 aspinwall ave|44110,"14104 Aspinwall Ave, Cleveland, OH 44110",44110,2026-09-28,2026-09-28,246000,246000,redfin,https://www.redfin.com/OH/Cleveland/14104-Aspinwall-Ave-44110/home/70770940,listed,,weekly sweep 2026-09-28,
14131 sylvia ave|44110,"14131 Sylvia Ave, Cleveland, OH 44110",44110,2026-09-28,2026-09-28,143800,143800,redfin,https://www.redfin.com/OH/Cleveland/14131-Sylvia-Ave-44110/home/66572708,listed,,weekly sweep 2026-09-28,yes
14221 glenside rd|44110,"14221 Glenside Rd, Cleveland, OH 44110",44110,2026-09-28,2026-09-28,159900,159900,redfin,https://www.redfin.com/OH/Cleveland/14221-Glenside-Rd-44110/home/70767633,listed,,weekly sweep 2026-09-28,yes
1426 e 175th st|44110,"1426 E 175th St, Cleveland, OH 44110",44110,2026-09-28,2026-09-28,114900,114900,redfin,https://www.redfin.com/OH/Cleveland/1426-E-175th-St-44110/home/66582734,listed,,weekly sweep 2026-09-28,
14305 westropp ave|44110,"14305 Westropp Ave, Cleveland, OH 44110",44110,2026-09-28,2026-09-28,85000,85000,redfin,https://www.redfin.com/OH/Cleveland/14305-Westropp-Ave-44110/home/70768381,listed,,weekly sweep 2026-09-28,
1464 e 175th st|44110,"1464 E 175th St, Cleveland, OH 44110",44110,2026-09-28,2026-09-28,185000,185000,redfin,https://www.redfin.com/OH/Cleveland/1464-E-175th-St-44110/home/66590874,listed,,weekly sweep 2026-09-28,
14713 westropp ave|44110,"14713 Westropp Ave, Cleveland, OH 44110",44110,2026-09-28,2026-09-28,135900,135900,redfin,https://www.redfin.com/OH/Cleveland/14713-Westropp-Ave-44110/home/66581803,listed,,weekly sweep 2026-09-28,yes
14720 coit rd|44110,"14720 Coit Rd, Cleveland, OH 44110",44110,2026-09-28,2026-09-28,70000,70000,both,https://www.redfin.com/OH/Cleveland/14720-Coit-Rd-44110/home/66591384,listed,,weekly sweep 2026-09-28,
1514 e 174th st|44110,"1514 E 174th St, Cleveland, OH 44110",44110,2026-09-28,2026-09-28,99900,99900,redfin,https://www.redfin.com/OH/Cleveland/1514-E-174th-St-44110/home/66567374,listed,,weekly sweep 2026-09-28,
15213 ridpath ave|44110,"15213 Ridpath Ave, Cleveland, OH 44110",44110,2026-09-28,2026-09-28,50000,50000,both,https://www.redfin.com/OH/Cleveland/15213-Ridpath-Ave-44110/home/66565882,listed,,weekly sweep 2026-09-28,
15610 holmes ave|44110,"15610 Holmes Ave, Cleveland, OH 44110",44110,2026-09-28,2026-09-28,130000,130000,redfin,https://www.redfin.com/OH/Cleveland/15610-Holmes-Ave-44110/home/70771626,listed,,weekly sweep 2026-09-28,yes
15733 halliday ave|44110,"15733 Halliday Ave, Cleveland, OH 44110",44110,2026-09-28,2026-09-28,184900,184900,both,https://www.redfin.com/OH/Cleveland/15733-Halliday-Ave-44110/home/66567945,listed,,weekly sweep 2026-09-28,
16523 kipling ave|44110,"16523 Kipling Ave, Cleveland, OH 44110",44110,2026-09-28,2026-09-28,89000,89000,redfin,https://www.redfin.com/OH/Cleveland/16523-Kipling-Ave-44110/home/66587432,listed,,weekly sweep 2026-09-28,
16727 grovewood ave|44110,"16727 Grovewood Ave, Cleveland, OH 44110",44110,2026-09-28,2026-09-28,250000,250000,redfin,https://www.redfin.com/OH/Cleveland/16727-Grovewood-Ave-44110/home/70769340,listed,,weekly sweep 2026-09-28,
18402 melville rd|44110,"18402 Melville Rd, Cleveland, OH 44110",44110,2026-09-28,2026-09-28,70320,70320,redfin,https://www.redfin.com/OH/Cleveland/18402-Melville-Rd-44110/home/66598046,listed,,weekly sweep 2026-09-28,
381 e 152nd st|44110,"381 E 152nd St, Cleveland, OH 44110",44110,2026-09-28,2026-09-28,189900,189900,redfin,https://www.redfin.com/OH/Cleveland/381-E-152nd-St-44110/home/66569067,listed,,weekly sweep 2026-09-28,yes
406 e 148th st|44110,"406 E 148th St, Cleveland, OH 44110",44110,2026-09-28,2026-09-28,99900,99900,both,https://www.redfin.com/OH/Cleveland/406-E-148th-St-44110/home/70768196,listed,,weekly sweep 2026-09-28,yes
407 e 147th st|44110,"407 E 147th St, Cleveland, OH 44110",44110,2026-09-28,2026-09-28,185000,185000,redfin,https://www.redfin.com/OH/Cleveland/407-E-147th-St-44110/home/70768222,listed,,weekly sweep 2026-09-28,yes
412 e 146th st|44110,"412 E 146th St, Cleveland, OH 44110",44110,2026-09-28,2026-09-28,139900,139900,redfin,https://www.redfin.com/OH/Cleveland/412-E-146th-St-44110/home/70768364,listed,,weekly sweep 2026-09-28,yes
451 e 156th st|44110,"451 E 156th St, Cleveland, OH 44110",44110,2026-09-28,2026-09-28,184900,184900,redfin,https://www.redfin.com/OH/Cleveland/451-E-156th-St-44110/home/66566238,listed,,weekly sweep 2026-09-28,yes
452 454 e 149th st|44110,"452 -454 E 149th St, Cleveland, OH 44110",44110,2026-09-28,2026-09-28,140000,140000,redfin,https://www.redfin.com/OH/Cleveland/452-E-149th-St-44110/home/66572433,listed,,weekly sweep 2026-09-28,yes
505 e 149th st|44110,"505 E 149th St, Cleveland, OH 44110",44110,2026-09-28,2026-09-28,148000,148000,redfin,https://www.redfin.com/OH/Cleveland/505-E-149th-St-44110/home/70768521,listed,,weekly sweep 2026-09-28,yes
719 e 157th st|44110,"719 E 157th St, Cleveland, OH 44110",44110,2026-09-28,2026-09-28,190000,190000,redfin,https://www.redfin.com/OH/Cleveland/719-E-157th-St-44110/home/70772315,listed,,weekly sweep 2026-09-28,
810 e 157th st|44110,"810 E 157th St, Cleveland, OH 44110",44110,2026-09-28,2026-09-28,145000,145000,redfin,https://www.redfin.com/OH/Cleveland/810-E-157th-St-44110/home/66233220,listed,,weekly sweep 2026-09-28,yes
811 london rd|44110,"811 London Rd, Cleveland, OH 44110",44110,2026-09-28,2026-09-28,199000,199000,zillow,https://www.zillow.com/homedetails/811-London-Rd-Cleveland-OH-44110/33403485_zpid/,listed,,weekly sweep 2026-09-28,yes
831 whitcomb rd|44110,"831 Whitcomb Rd, Cleveland, OH 44110",44110,2026-09-28,2026-09-28,135000,135000,redfin,https://www.redfin.com/OH/Cleveland/831-Whitcomb-Rd-44110/home/66569915,listed,,weekly sweep 2026-09-28,yes
845 royal rd|44110,"845 Royal Rd, Cleveland, OH 44110",44110,2026-09-28,2026-09-28,129900,129900,redfin,https://www.redfin.com/OH/Cleveland/845-Royal-Rd-44110/home/66577532,listed,,weekly sweep 2026-09-28,yes
889 e 143rd st|44110,"889 E 143rd St, Cleveland, OH 44110",44110,2026-09-28,2026-09-28,175000,175000,both,https://www.redfin.com/OH/Cleveland/889-E-143rd-St-44110/home/70771008,listed,,weekly sweep 2026-09-28,
932 stevenson rd|44110,"932 Stevenson Rd, Cleveland, OH 44110",44110,2026-09-28,2026-09-28,122000,122000,redfin,https://www.redfin.com/OH/Cleveland/932-Stevenson-Rd-44110/home/70771844,listed,,weekly sweep 2026-09-28,yes
941 alhambra rd|44110,"941 Alhambra Rd, Cleveland, OH 44110",44110,2026-09-28,2026-09-28,35000,35000,zillow,https://www.zillow.com/homedetails/941-Alhambra-Rd-Cleveland-OH-44110/33402556_zpid/,listed,,weekly sweep 2026-09-28,
948 royal rd|44110,"948 Royal Rd, Cleveland, OH 44110",44110,2026-09-28,2026-09-28,114900,114900,redfin,https://www.redfin.com/OH/Cleveland/948-Royal-Rd-44110/home/66571638,listed,,weekly sweep 2026-09-28,yes
951 royal rd|44110,"951 Royal Rd, Cleveland, OH 44110",44110,2026-09-28,2026-09-28,139900,139900,redfin,https://www.redfin.com/OH/Cleveland/951-Royal-Rd-44110/home/70771898,listed,,weekly sweep 2026-09-28,yes
987 evangeline rd|44110,"987 Evangeline Rd, Cleveland, OH 44110",44110,2026-09-28,2026-09-28,118000,118000,redfin,https://www.redfin.com/OH/Cleveland/987-Evangeline-Rd-44110/home/66583083,listed,,weekly sweep 2026-09-28,yes
11508 headley ave|44111,"11508 Headley Ave, Cleveland, OH 44111",44111,2026-09-28,2026-09-28,179900,179900,redfin,https://www.redfin.com/OH/Cleveland/11508-Headley-Ave-44111/home/66590321,listed,,weekly sweep 2026-09-28,yes
11517 florian ave|44111,"11517 Florian Ave, Cleveland, OH 44111",44111,2026-09-28,2026-09-28,175000,175000,zillow,https://www.zillow.com/homedetails/11517-Florian-Ave-Cleveland-OH-44111/33359861_zpid/,listed,,weekly sweep 2026-09-28,yes
12722 lorain ave|44111,"12722 Lorain Ave, Cleveland, OH 44111",44111,2026-09-28,2026-09-28,379900,379900,redfin,https://www.redfin.com/OH/Cleveland/12722-Lorain-Ave-44111/home/66576946,listed,,weekly sweep 2026-09-28,
13521 w ave|44111,"13521 West Ave, Cleveland, OH 44111",44111,2026-09-28,2026-09-28,215000,215000,redfin,https://www.redfin.com/OH/Cleveland/13521-West-Ave-44111/home/66571199,listed,,weekly sweep 2026-09-28,yes
14208 triskett rd|44111,"14208 Triskett Rd, Cleveland, OH 44111",44111,2026-09-28,2026-09-28,299900,299900,redfin,https://www.redfin.com/OH/Cleveland/14208-Triskett-Rd-44111/home/66578337,listed,,weekly sweep 2026-09-28,yes
30323034 w ave|44111,"3032-3034 West Ave, Cleveland, OH 44111",44111,2026-09-28,2026-09-28,250000,250000,zillow,https://www.zillow.com/homedetails/3032-3034-West-Ave-Cleveland-OH-44111/344076851_zpid/,listed,,weekly sweep 2026-09-28,
30323034 w blvd|44111,"3032-3034 West Blvd, Cleveland, OH 44111",44111,2026-09-28,2026-09-28,250000,250000,redfin,https://www.redfin.com/OH/Cleveland/3032-West-Blvd-44111/home/66574345,listed,,weekly sweep 2026-09-28,
3035 w 116th st|44111,"3035 W 116th St, Cleveland, OH 44111",44111,2026-09-28,2026-09-28,204900,204900,both,https://www.redfin.com/OH/Cleveland/3035-W-116th-St-44111/home/66580906,listed,,weekly sweep 2026-09-28,yes
3155 rocky river dr|44111,"3155 Rocky River Dr, Cleveland, OH 44111",44111,2026-09-28,2026-09-28,349900,349900,both,https://www.redfin.com/OH/Cleveland/3155-Rocky-River-Dr-44111/home/66567058,listed,,weekly sweep 2026-09-28,
3175 rocky river dr|44111,"3175 Rocky River Dr, Cleveland, OH 44111",44111,2026-09-28,2026-09-28,315900,315900,zillow,https://www.zillow.com/homedetails/3175-Rocky-River-Dr-Cleveland-OH-44111/33371450_zpid/,listed,,weekly sweep 2026-09-28,
3183 w 116th st|44111,"3183 W 116th St, Cleveland, OH 44111",44111,2026-09-28,2026-09-28,164900,164900,redfin,https://www.redfin.com/OH/Cleveland/3183-W-116th-St-44111/home/66580387,listed,,weekly sweep 2026-09-28,yes
3219 w 114th st|44111,"3219 W 114th St, Cleveland, OH 44111",44111,2026-09-28,2026-09-28,157500,157500,both,https://www.redfin.com/OH/Cleveland/3219-W-114th-St-44111/home/66568479,listed,,weekly sweep 2026-09-28,yes
3319 w 111th st|44111,"3319 W 111th St, Cleveland, OH 44111",44111,2026-09-28,2026-09-28,189000,189000,redfin,https://www.redfin.com/OH/Cleveland/3319-W-111th-St-44111/home/70741460,listed,,weekly sweep 2026-09-28,yes
34333435 w 130th st|44111,"3433-3435 W 130th St, Cleveland, OH 44111",44111,2026-09-28,2026-09-28,250000,250000,both,https://www.redfin.com/OH/Cleveland/3435-W-130th-St-44111/home/80103769,listed,,weekly sweep 2026-09-28,
3438 w 133rd st|44111,"3438 W 133rd St, Cleveland, OH 44111",44111,2026-09-28,2026-09-28,285000,285000,both,https://www.redfin.com/OH/Cleveland/3438-W-133rd-St-44111/home/66404884,listed,,weekly sweep 2026-09-28,
3477 berea rd|44111,"3477 Berea Rd, Cleveland, OH 44111",44111,2026-09-28,2026-09-28,244900,244900,redfin,https://www.redfin.com/OH/Cleveland/3477-Berea-Rd-44111/home/70745911,listed,,weekly sweep 2026-09-28,
3542 w 119th st|44111,"3542 W 119th St, Cleveland, OH 44111",44111,2026-09-28,2026-09-28,140000,140000,redfin,https://www.redfin.com/OH/Cleveland/3542-W-119th-St-44111/home/70741370,listed,,weekly sweep 2026-09-28,yes
3953 w 160th st|44111,"3953 W 160th St, Cleveland, OH 44111",44111,2026-09-28,2026-09-28,299000,299000,both,https://www.redfin.com/OH/Cleveland/3953-W-160th-St-44111/home/66586692,listed,,weekly sweep 2026-09-28,
undisclosed address|44112,"(undisclosed Address), Cleveland, OH 44112",44112,2026-09-28,2026-09-28,140000,140000,zillow,https://www.zillow.com/homedetails/Cleveland-OH-44112/33404423_zpid/,listed,,weekly sweep 2026-09-28,
1069 carlyon rd|44112,"1069 Carlyon Rd, East Cleveland, OH 44112",44112,2026-09-28,2026-09-28,129900,129900,redfin,https://www.redfin.com/OH/East-Cleveland/1069-Carlyon-Rd-44112/home/70972010,listed,,weekly sweep 2026-09-28,
1248 e 137th st|44112,"1248 E 137th St, East Cleveland, OH 44112",44112,2026-09-28,2026-09-28,37900,37900,both,https://www.redfin.com/OH/East-Cleveland/1248-E-137th-St-44112/home/70968348,listed,,weekly sweep 2026-09-28,
1261 e 134th st|44112,"1261 E 134th St, East Cleveland, OH 44112",44112,2026-09-28,2026-09-28,210000,210000,redfin,https://www.redfin.com/OH/East-Cleveland/1261-E-134th-St-44112/home/66110919,listed,,weekly sweep 2026-09-28,
1276 e 133rd st|44112,"1276 E 133rd St, East Cleveland, OH 44112",44112,2026-09-28,2026-09-28,45000,45000,both,https://www.redfin.com/OH/East-Cleveland/1276-E-133rd-St-44112/home/66595101,listed,,weekly sweep 2026-09-28,
1320 e 142nd st|44112,"1320 E 142nd St, East Cleveland, OH 44112",44112,2026-09-28,2026-09-28,115000,115000,redfin,https://www.redfin.com/OH/East-Cleveland/1320-E-142nd-St-44112/home/70971348,listed,,weekly sweep 2026-09-28,yes
13303 milan ave|44112,"13303 Milan Ave, East Cleveland, OH 44112",44112,2026-09-28,2026-09-28,92500,92500,redfin,https://www.redfin.com/OH/East-Cleveland/13303-Milan-Ave-44112/home/70969143,listed,,weekly sweep 2026-09-28,
13308 milan ave|44112,"13308 Milan Ave, East Cleveland, OH 44112",44112,2026-09-28,2026-09-28,92500,92500,redfin,https://www.redfin.com/OH/East-Cleveland/13308-Milan-Ave-44112/home/70969139,listed,,weekly sweep 2026-09-28,
13318 hartford rd|44112,"13318 Hartford Rd, East Cleveland, OH 44112",44112,2026-09-28,2026-09-28,4500,4500,both,https://www.redfin.com/OH/East-Cleveland/13318-Hartford-Rd-44112/home/66577129,listed,,weekly sweep 2026-09-28,
13401 graham rd|44112,"13401 Graham Rd, East Cleveland, OH 44112",44112,2026-09-28,2026-09-28,75000,75000,redfin,https://www.redfin.com/OH/East-Cleveland/13401-Graham-Rd-44112/home/66569430,listed,,weekly sweep 2026-09-28,
13414 shaw ave|44112,"13414 Shaw Ave, East Cleveland, OH 44112",44112,2026-09-28,2026-09-28,120000,120000,redfin,https://www.redfin.com/OH/East-Cleveland/13414-Shaw-Ave-44112/home/70968934,listed,,weekly sweep 2026-09-28,
13508 mann ave|44112,"13508 Mann Ave, East Cleveland, OH 44112",44112,2026-09-28,2026-09-28,68000,68000,redfin,https://www.redfin.com/OH/East-Cleveland/13508-Mann-Ave-44112/home/70968940,listed,,weekly sweep 2026-09-28,yes
14008 shaw ave|44112,"14008 Shaw Ave, East Cleveland, OH 44112",44112,2026-09-28,2026-09-28,110000,110000,redfin,https://www.redfin.com/OH/East-Cleveland/14008-Shaw-Ave-44112/home/66576054,listed,,weekly sweep 2026-09-28,
14009 scioto ave|44112,"14009 Scioto Ave, East Cleveland, OH 44112",44112,2026-09-28,2026-09-28,105000,105000,both,https://www.redfin.com/OH/East-Cleveland/14009-Scioto-Ave-44112/home/70970627,listed,,weekly sweep 2026-09-28,
14112 mayfair ave|44112,"14112 Mayfair Ave, East Cleveland, OH 44112",44112,2026-09-28,2026-09-28,25000,25000,both,https://www.redfin.com/OH/East-Cleveland/14112-Mayfair-Ave-44112/home/66579321,listed,,weekly sweep 2026-09-28,
14119 bardwell ave|44112,"14119 Bardwell Ave, East Cleveland, OH 44112",44112,2026-09-28,2026-09-28,114900,114900,redfin,https://www.redfin.com/OH/East-Cleveland/14119-Bardwell-Ave-44112/home/70970419,listed,,weekly sweep 2026-09-28,
14304 scioto ave|44112,"14304 Scioto Ave, East Cleveland, OH 44112",44112,2026-09-28,2026-09-28,39900,39900,both,https://www.redfin.com/OH/East-Cleveland/14304-Scioto-Ave-44112/home/70970438,listed,,weekly sweep 2026-09-28,
14307 scioto ave|44112,"14307 Scioto Ave, East Cleveland, OH 44112",44112,2026-09-28,2026-09-28,224900,224900,both,https://www.redfin.com/OH/East-Cleveland/14307-Scioto-Ave-44112/home/70970435,listed,,weekly sweep 2026-09-28,
14410 northfield ave|44112,"14410 Northfield Ave, East Cleveland, OH 44112",44112,2026-09-28,2026-09-28,124900,124900,redfin,https://www.redfin.com/OH/East-Cleveland/14410-Northfield-Ave-44112/home/66571092,listed,,weekly sweep 2026-09-28,
14520 dover ave|44112,"14520 Dover Ave, East Cleveland, OH 44112",44112,2026-09-28,2026-09-28,99900,99900,redfin,https://www.redfin.com/OH/East-Cleveland/14520-Dover-Ave-44112/home/70971237,listed,,weekly sweep 2026-09-28,yes
14624 savannah ave|44112,"14624 Savannah Ave, East Cleveland, OH 44112",44112,2026-09-28,2026-09-28,84900,84900,redfin,https://www.redfin.com/OH/East-Cleveland/14624-Savannah-Ave-44112/home/66578696,listed,,weekly sweep 2026-09-28,
14912 alder ave|44112,"14912 Alder Ave, East Cleveland, OH 44112",44112,2026-09-28,2026-09-28,175000,175000,redfin,https://www.redfin.com/OH/East-Cleveland/14912-Alder-Ave-44112/home/70971443,listed,,weekly sweep 2026-09-28,
15000 euclid ave|44112,"15000 Euclid Ave, East Cleveland, OH 44112",44112,2026-09-28,2026-09-28,2950000,2950000,redfin,https://www.redfin.com/OH/East-Cleveland/15000-Euclid-Ave-44112/home/70975968,listed,,weekly sweep 2026-09-28,
15332 welton dr|44112,"15332 Welton Dr, East Cleveland, OH 44112",44112,2026-09-28,2026-09-28,175500,175500,redfin,https://www.redfin.com/OH/East-Cleveland/15332-Welton-Dr-44112/home/70975059,listed,,weekly sweep 2026-09-28,
16308 nela view rd|44112,"16308 Nela View Rd, East Cleveland, OH 44112",44112,2026-09-28,2026-09-28,145000,145000,redfin,https://www.redfin.com/OH/East-Cleveland/16308-Nela-View-Rd-44112/home/70976032,listed,,weekly sweep 2026-09-28,
1644 bryn mawr rd|44112,"1644 Bryn Mawr Rd, East Cleveland, OH 44112",44112,2026-09-28,2026-09-28,100000,100000,redfin,https://www.redfin.com/OH/East-Cleveland/1644-Bryn-Mawr-Rd-44112/home/66572503,listed,,weekly sweep 2026-09-28,
1646 burgess rd|44112,"1646 Burgess Rd, Cleveland, OH 44112",44112,2026-09-28,2026-09-28,79500,79500,both,https://www.redfin.com/OH/Cleveland/1646-Burgess-Rd-44112/home/66595288,listed,,weekly sweep 2026-09-28,
1656 bryn mawr rd|44112,"1656 Bryn Mawr Rd, East Cleveland, OH 44112",44112,2026-09-28,2026-09-28,90000,90000,redfin,https://www.redfin.com/OH/East-Cleveland/1656-Bryn-Mawr-Rd-44112/home/66592315,listed,,weekly sweep 2026-09-28,
16902 endora rd|44112,"16902 Endora Rd, Cleveland, OH 44112",44112,2026-09-28,2026-09-28,142000,142000,redfin,https://www.redfin.com/OH/Cleveland/16902-Endora-Rd-44112/home/70773277,listed,,weekly sweep 2026-09-28,
1700 wayside rd|44112,"1700 Wayside Rd, Cleveland, OH 44112",44112,2026-09-28,2026-09-28,124900,124900,redfin,https://www.redfin.com/OH/Cleveland/1700-Wayside-Rd-44112/home/70772787,listed,,weekly sweep 2026-09-28,
1723 noble rd|44112,"1723 Noble Rd, East Cleveland, OH 44112",44112,2026-09-28,2026-09-28,110000,110000,redfin,https://www.redfin.com/OH/East-Cleveland/1723-Noble-Rd-44112/home/70974794,listed,,weekly sweep 2026-09-28,
1731 taylor rd|44112,"1731 Taylor Rd, East Cleveland, OH 44112",44112,2026-09-28,2026-09-28,119000,119000,redfin,https://www.redfin.com/OH/East-Cleveland/1731-Taylor-Rd-44112/home/70975024,listed,,weekly sweep 2026-09-28,yes
1753 collamer ave|44112,"1753 Collamer Ave, East Cleveland, OH 44112",44112,2026-09-28,2026-09-28,114900,114900,redfin,https://www.redfin.com/OH/East-Cleveland/1753-Collamer-Ave-44112/home/66576178,listed,,weekly sweep 2026-09-28,
1758 algonac rd|44112,"1758 Algonac Rd, Cleveland, OH 44112",44112,2026-09-28,2026-09-28,120000,120000,redfin,https://www.redfin.com/OH/Cleveland/1758-Algonac-Rd-44112/home/66573855,listed,,weekly sweep 2026-09-28,
18017 olympia rd|44112,"18017 Olympia Rd, Cleveland, OH 44112",44112,2026-09-28,2026-09-28,139900,139900,redfin,https://www.redfin.com/OH/Cleveland/18017-Olympia-Rd-44112/home/66587221,listed,,weekly sweep 2026-09-28,
1811 lakeview ave|44112,"1811 Lakeview Ave, East Cleveland, OH 44112",44112,2026-09-28,2026-09-28,250000,250000,redfin,https://www.redfin.com/OH/East-Cleveland/1811-Lakeview-Rd-44112/home/189885567,listed,,weekly sweep 2026-09-28,
1830 reyburn rd|44112,"1830 Reyburn Rd, Cleveland, OH 44112",44112,2026-09-28,2026-09-28,85000,85000,redfin,https://www.redfin.com/OH/Cleveland/1830-Reyburn-Rd-44112/home/66577086,listed,,weekly sweep 2026-09-28,
18681870 lampson rd|44112,"1868-1870 Lampson Rd, Cleveland, OH 44112",44112,2026-09-28,2026-09-28,152900,152900,redfin,https://www.redfin.com/OH/Cleveland/1868-Lampson-Rd-44112/home/70772891,listed,,weekly sweep 2026-09-28,
1882 colonnade rd|44112,"1882 Colonnade Rd, Cleveland, OH 44112",44112,2026-09-28,2026-09-28,130000,130000,redfin,https://www.redfin.com/OH/Cleveland/1882-Colonnade-Rd-44112/home/66589372,listed,,weekly sweep 2026-09-28,
1965 nelawood rd|44112,"1965 Nelawood Rd, East Cleveland, OH 44112",44112,2026-09-28,2026-09-28,114900,114900,redfin,https://www.redfin.com/OH/East-Cleveland/1965-Nelawood-Rd-44112/home/70975811,listed,,weekly sweep 2026-09-28,
876 eloise dr|44112,"876 Eloise Dr, Cleveland Heights, OH 44112",44112,2026-09-28,2026-09-28,229900,229900,redfin,https://www.redfin.com/OH/Cleveland-Heights/876-Eloise-Dr-44112/home/66567244,listed,,weekly sweep 2026-09-28,yes
10151017 auburn ave|44113,"1015-1017 Auburn Ave, Cleveland, OH 44113",44113,2026-09-28,2026-09-28,150000,150000,both,https://www.redfin.com/OH/Cleveland/1015-Auburn-Ave-44113/home/70723148,listed,,weekly sweep 2026-09-28,yes
1303 castle ave|44113,"1303 Castle Ave, Cleveland, OH 44113",44113,2026-09-28,2026-09-28,325000,325000,both,https://www.redfin.com/OH/Cleveland/1303-Castle-Ave-44113/home/70727358,listed,,weekly sweep 2026-09-28,
2026 w 44th st|44113,"2026 W 44th St, Cleveland, OH 44113",44113,2026-09-28,2026-09-28,280000,280000,redfin,https://www.redfin.com/OH/Cleveland/2026-W-44th-St-44113/home/66590687,listed,,weekly sweep 2026-09-28,
2060 w 44th st|44113,"2060 W 44th St, Cleveland, OH 44113",44113,2026-09-28,2026-09-28,200000,200000,redfin,https://www.redfin.com/OH/Cleveland/2060-W-44th-St-44113/home/70725033,listed,,weekly sweep 2026-09-28,
2115 seymour ave|44113,"2115 Seymour Ave, Cleveland, OH 44113",44113,2026-09-28,2026-09-28,265000,265000,redfin,https://www.redfin.com/OH/Cleveland/2115-Seymour-Ave-44113/home/70727249,listed,,weekly sweep 2026-09-28,
2441 thurman ave|44113,"2441 Thurman Ave, Cleveland, OH 44113",44113,2026-09-28,2026-09-28,1125000,1125000,both,https://www.redfin.com/OH/Cleveland/2441-Thurman-Ave-44113/home/70722686,listed,,weekly sweep 2026-09-28,
24942500 thurman ave|44113,"2494-2500 Thurman Ave, Cleveland, OH 44113",44113,2026-09-28,2026-09-28,1650000,1650000,both,https://www.redfin.com/OH/Cleveland/2500-Thurman-Ave-44113/home/190599382,listed,,weekly sweep 2026-09-28,
2598 w 10th st|44113,"2598 W 10th St, Cleveland, OH 44113",44113,2026-09-28,2026-09-28,485000,485000,both,https://www.redfin.com/OH/Cleveland/2598-W-10th-St-44113/home/70723126,listed,,weekly sweep 2026-09-28,
2751 w 32nd st|44113,"2751 W 32nd St, Cleveland, OH 44113",44113,2026-09-28,2026-09-28,195900,195900,redfin,https://www.redfin.com/OH/Cleveland/2751-W-32nd-St-44113/home/66103991,listed,,weekly sweep 2026-09-28,
2763 w 32nd st|44113,"2763 W 32nd St, Cleveland, OH 44113",44113,2026-09-28,2026-09-28,249999,249999,redfin,https://www.redfin.com/OH/Cleveland/2763-W-32nd-St-44113/home/70726645,listed,,weekly sweep 2026-09-28,
3100 hancock ave|44113,"3100 Hancock Ave, Cleveland, OH 44113",44113,2026-09-28,2026-09-28,295000,295000,redfin,https://www.redfin.com/OH/Cleveland/3100-Hancock-Ave-44113/home/70726284,listed,,weekly sweep 2026-09-28,
3107 seymour ave|44113,"3107 Seymour Ave, Cleveland, OH 44113",44113,2026-09-28,2026-09-28,250000,250000,redfin,https://www.redfin.com/OH/Cleveland/3107-Seymour-Ave-44113/home/66579664,listed,,weekly sweep 2026-09-28,
3109 bridge ave|44113,"3109 Bridge Ave, Cleveland, OH 44113",44113,2026-09-28,2026-09-28,650000,650000,both,https://www.redfin.com/OH/Cleveland/3109-Bridge-Ave-44113/home/66591638,listed,,weekly sweep 2026-09-28,
3401 clinton ave|44113,"3401 Clinton Ave, Cleveland, OH 44113",44113,2026-09-28,2026-09-28,500000,500000,zillow,https://www.zillow.com/homedetails/3401-Clinton-Ave-Cleveland-OH-44113/33329860_zpid/,listed,,weekly sweep 2026-09-28,
4101 franklin blvd|44113,"4101 Franklin Blvd, Cleveland, OH 44113",44113,2026-09-28,2026-09-28,425000,425000,both,https://www.redfin.com/OH/Cleveland/4101-Franklin-Blvd-44113/home/70721644,listed,,weekly sweep 2026-09-28,
827 starkweather ave|44113,"827 Starkweather Ave, Cleveland, OH 44113",44113,2026-09-28,2026-09-28,315000,315000,zillow,https://www.zillow.com/homedetails/827-Starkweather-Ave-Cleveland-OH-44113/33331453_zpid/,listed,,weekly sweep 2026-09-28,
912 starkweather ave|44113,"912 Starkweather Ave, Cleveland, OH 44113",44113,2026-09-28,2026-09-28,364000,364000,redfin,https://www.redfin.com/OH/Cleveland/912-Starkweather-Ave-44113/home/66577244,listed,,weekly sweep 2026-09-28,
13421 cedar rd|44118,"13421 Cedar Rd, Cleveland Heights, OH 44118",44118,2026-09-28,2026-09-28,229900,229900,redfin,https://www.redfin.com/OH/Cleveland-Heights/13421-Cedar-Rd-44118/home/71003186,listed,,weekly sweep 2026-09-28,
14172 superior rd|44118,"14172 Superior Rd, Cleveland Heights, OH 44118",44118,2026-09-28,2026-09-28,339000,339000,redfin,https://www.redfin.com/OH/Cleveland-Heights/14172-Superior-Rd-44118/home/66566985,listed,,weekly sweep 2026-09-28,
1516 hillcrest rd|44118,"1516 Hillcrest Rd, East Cleveland, OH 44118",44118,2026-09-28,2026-09-28,65000,65000,zillow,https://www.zillow.com/homedetails/1516-Hillcrest-Rd-East-Cleveland-OH-44118/33647396_zpid/,listed,,weekly sweep 2026-09-28,
1546 glenmont rd|44118,"1546 Glenmont Rd, East Cleveland, OH 44118",44118,2026-09-28,2026-09-28,175000,175000,redfin,https://www.redfin.com/OH/East-Cleveland/1546-Glenmont-Rd-44118/home/70974182,listed,,weekly sweep 2026-09-28,
1574 glenmont rd|44118,"1574 Glenmont Rd, East Cleveland, OH 44118",44118,2026-09-28,2026-09-28,179900,179900,redfin,https://www.redfin.com/OH/East-Cleveland/1574-Glenmont-Rd-44118/home/70974186,listed,,weekly sweep 2026-09-28,
1630 coventry rd|44118,"1630 Coventry Rd, Cleveland Heights, OH 44118",44118,2026-09-28,2026-09-28,335000,335000,redfin,https://www.redfin.com/OH/Cleveland-Heights/1630-Coventry-Rd-44118/home/66566356,listed,,weekly sweep 2026-09-28,
1776 s taylor rd|44118,"1776 S Taylor Rd, Cleveland Heights, OH 44118",44118,2026-09-28,2026-09-28,259900,259900,redfin,https://www.redfin.com/OH/Cleveland-Heights/1776-S-Taylor-Rd-44118/home/66568531,listed,,weekly sweep 2026-09-28,yes
2103 cottage grove dr|44118,"2103 Cottage Grove Dr, Cleveland Heights, OH 44118",44118,2026-09-28,2026-09-28,230000,230000,both,https://www.redfin.com/OH/Cleveland-Heights/2103-Cottage-Grove-Dr-44118/home/70994554,listed,,weekly sweep 2026-09-28,yes
2121 coventry rd|44118,"2121 Coventry Rd, Cleveland Heights, OH 44118",44118,2026-09-28,2026-09-28,260000,260000,zillow,https://www.zillow.com/homedetails/2121-Coventry-Rd-Cleveland-Heights-OH-44118/33656932_zpid/,listed,,weekly sweep 2026-09-28,
2177 oakdale rd|44118,"2177 Oakdale Rd, Cleveland Heights, OH 44118",44118,2026-09-28,2026-09-28,209900,209900,redfin,https://www.redfin.com/OH/Cleveland-Heights/2177-Oakdale-Rd-44118/home/71001413,listed,,weekly sweep 2026-09-28,
2341 warrensville center rd|44118,"2341 Warrensville Center Rd, University Heights, OH 44118",44118,2026-09-28,2026-09-28,299900,299900,both,https://www.redfin.com/OH/University-Heights/2341-Warrensville-Center-Rd-44118/home/71034264,listed,,weekly sweep 2026-09-28,
2939 e derbyshire rd|44118,"2939 E Derbyshire Rd, Cleveland Heights, OH 44118",44118,2026-09-28,2026-09-28,450000,450000,redfin,https://www.redfin.com/OH/Cleveland-Heights/2939-E-Derbyshire-Rd-44118/home/70994643,listed,,weekly sweep 2026-09-28,
3141 kensington rd|44118,"3141 Kensington Rd, Cleveland Heights, OH 44118",44118,2026-09-28,2026-09-28,249900,249900,redfin,https://www.redfin.com/OH/Cleveland-Heights/3141-Kensington-Rd-44118/home/66579154,listed,,weekly sweep 2026-09-28,
3154 kensington rd|44118,"3154 Kensington Rd, Cleveland Heights, OH 44118",44118,2026-09-28,2026-09-28,285000,285000,redfin,https://www.redfin.com/OH/Cleveland-Heights/3154-Kensington-Rd-44118/home/71001587,listed,,weekly sweep 2026-09-28,
3208 euclid heights blvd|44118,"3208 Euclid Heights Blvd, Cleveland Heights, OH 44118",44118,2026-09-28,2026-09-28,209900,209900,zillow,https://www.zillow.com/homedetails/3208-Euclid-Heights-Blvd-Cleveland-Heights-OH-44118/33657507_zpid/,listed,,weekly sweep 2026-09-28,yes
3217 sycamore rd|44118,"3217 Sycamore Rd, Cleveland Heights, OH 44118",44118,2026-09-28,2026-09-28,199000,199000,both,https://www.redfin.com/OH/Cleveland-Heights/3217-Sycamore-Rd-44118/home/66575545,listed,,weekly sweep 2026-09-28,
3241 kildare rd|44118,"3241 Kildare Rd, Cleveland Heights, OH 44118",44118,2026-09-28,2026-09-28,235000,235000,redfin,https://www.redfin.com/OH/Cleveland-Heights/3241-Kildare-Rd-44118/home/71003119,listed,,weekly sweep 2026-09-28,yes
3375 fairmount blvd|44118,"3375 Fairmount Blvd, Cleveland Heights, OH 44118",44118,2026-09-28,2026-09-28,395000,395000,both,https://www.redfin.com/OH/Cleveland-Heights/3375-Fairmount-Blvd-44118/home/66578517,listed,,weekly sweep 2026-09-28,
3420 beechwood ave|44118,"3420 Beechwood Ave, Cleveland Heights, OH 44118",44118,2026-09-28,2026-09-28,299999,299999,redfin,https://www.redfin.com/OH/Cleveland-Heights/3420-Beechwood-Ave-44118/home/70995450,listed,,weekly sweep 2026-09-28,yes
3474 raymont blvd|44118,"3474 Raymont Blvd, University Heights, OH 44118",44118,2026-09-28,2026-09-28,274900,274900,both,https://www.redfin.com/OH/University-Heights/3474-Raymont-Blvd-44118/home/66575425,listed,,weekly sweep 2026-09-28,yes
3740 washington blvd|44118,"3740 Washington Blvd, University Heights, OH 44118",44118,2026-09-28,2026-09-28,259900,259900,both,https://www.redfin.com/OH/University-Heights/3740-Washington-Blvd-44118/home/71037778,listed,,weekly sweep 2026-09-28,yes
1222 e 172nd st|44119,"1222 E 172nd St, Cleveland, OH 44119",44119,2026-09-28,2026-09-28,171998,171998,both,https://www.redfin.com/OH/Cleveland/1222-E-172nd-St-44119/home/66574742,listed,,weekly sweep 2026-09-28,
17902 lake shore blvd|44119,"17902 Lake Shore Blvd, Cleveland, OH 44119",44119,2026-09-28,2026-09-28,350000,350000,zillow,https://www.zillow.com/homedetails/17902-Lake-Shore-Blvd-Cleveland-OH-44119/2088036437_zpid/,listed,,weekly sweep 2026-09-28,
18606 cherokee ave|44119,"18606 Cherokee Ave, Cleveland, OH 44119",44119,2026-09-28,2026-09-28,200000,200000,both,https://www.redfin.com/OH/Cleveland/18606-Cherokee-Ave-44119/home/70770426,listed,,weekly sweep 2026-09-28,
841 hoover ave|44119,"841 Hoover Ave, Cleveland, OH 44119",44119,2026-09-28,2026-09-28,185000,185000,both,https://www.redfin.com/OH/Cleveland/841-Hoover-Ave-44119/home/70769074,listed,,weekly sweep 2026-09-28,yes
11616 buckingham ave|44120,"11616 Buckingham Ave, Cleveland, OH 44120",44120,2026-09-28,2026-09-28,150000,150000,redfin,https://www.redfin.com/OH/Cleveland/11616-Buckingham-Ave-44120/home/70782701,listed,,weekly sweep 2026-09-28,yes
12021 forest ave|44120,"12021 Forest Ave, Cleveland, OH 44120",44120,2026-09-28,2026-09-28,175000,175000,redfin,https://www.redfin.com/OH/Cleveland/12021-Forest-Ave-44120/home/66572406,listed,,weekly sweep 2026-09-28,
12021 griffing ave|44120,"12021 Griffing Ave, Cleveland, OH 44120",44120,2026-09-28,2026-09-28,126500,126500,redfin,https://www.redfin.com/OH/Cleveland/12021-Griffing-Ave-44120/home/70783676,listed,,weekly sweep 2026-09-28,
12103 kinsman rd|44120,"12103 Kinsman Rd, Cleveland, OH 44120",44120,2026-09-28,2026-09-28,300000,300000,redfin,https://www.redfin.com/OH/Cleveland/12103-Kinsman-Rd-44120/home/183367859,listed,,weekly sweep 2026-09-28,yes
12210 kinsman rd|44120,"12210 Kinsman Rd, Cleveland, OH 44120",44120,2026-09-28,2026-09-28,122000,122000,redfin,https://www.redfin.com/OH/Cleveland/12210-Kinsman-Rd-44120/home/70785722,listed,,weekly sweep 2026-09-28,yes
12816 soika ave|44120,"12816 Soika Ave, Cleveland, OH 44120",44120,2026-09-28,2026-09-28,114900,114900,redfin,https://www.redfin.com/OH/Cleveland/12816-Soika-Ave-44120/home/70784200,listed,,weekly sweep 2026-09-28,
12905 forest ave|44120,"12905 Forest Ave, Cleveland, OH 44120",44120,2026-09-28,2026-09-28,119000,119000,redfin,https://www.redfin.com/OH/Cleveland/12905-Forest-Ave-44120/home/66587634,listed,,weekly sweep 2026-09-28,yes
13201 southview ave|44120,"13201 Southview Ave, Cleveland, OH 44120",44120,2026-09-28,2026-09-28,150000,150000,redfin,https://www.redfin.com/OH/Cleveland/13201-Southview-Ave-44120/home/66575514,listed,,weekly sweep 2026-09-28,
14901 milverton rd|44120,"14901 Milverton Rd, Cleveland, OH 44120",44120,2026-09-28,2026-09-28,215000,215000,redfin,https://www.redfin.com/OH/Cleveland/14901-Milverton-Rd-44120/home/70785519,listed,,weekly sweep 2026-09-28,
17409 chagrin blvd|44120,"17409 Chagrin Blvd, Shaker Heights, OH 44120",44120,2026-09-28,2026-09-28,314500,314500,both,https://www.redfin.com/OH/Shaker-Heights/17409-Chagrin-Blvd-44120/home/71048714,listed,,weekly sweep 2026-09-28,
17415 winslow rd|44120,"17415 Winslow Rd, Shaker Heights, OH 44120",44120,2026-09-28,2026-09-28,289999,289999,redfin,https://www.redfin.com/OH/Shaker-Heights/17415-Winslow-Rd-44120/home/71048726,listed,,weekly sweep 2026-09-28,
2617 e 130th st|44120,"2617 E 130th St, Cleveland, OH 44120",44120,2026-09-28,2026-09-28,239900,239900,redfin,https://www.redfin.com/OH/Cleveland/2617-E-130th-St-44120/home/66571938,listed,,weekly sweep 2026-09-28,yes
2628 e 122nd st|44120,"2628 E 122nd St, Cleveland, OH 44120",44120,2026-09-28,2026-09-28,145000,145000,both,https://www.redfin.com/OH/Cleveland/2628-E-122nd-St-44120/home/70783308,listed,,weekly sweep 2026-09-28,yes
2831 e 124th st|44120,"2831 E 124th St, Cleveland, OH 44120",44120,2026-09-28,2026-09-28,104999,104999,redfin,https://www.redfin.com/OH/Cleveland/2831-E-124th-St-44120/home/66591363,listed,,weekly sweep 2026-09-28,
2838 e 124th st|44120,"2838 E 124th St, Cleveland, OH 44120",44120,2026-09-28,2026-09-28,250000,250000,redfin,https://www.redfin.com/OH/Cleveland/2838-E-124th-St-44120/home/66574033,listed,,weekly sweep 2026-09-28,
2841 e 125th st|44120,"2841 E 125th St, Cleveland, OH 44120",44120,2026-09-28,2026-09-28,109900,109900,zillow,https://www.zillow.com/homedetails/2841-E-125th-St-Cleveland-OH-44120/33417903_zpid/,listed,,weekly sweep 2026-09-28,
2926 e 123rd st|44120,"2926 E 123rd St, Cleveland, OH 44120",44120,2026-09-28,2026-09-28,145000,145000,redfin,https://www.redfin.com/OH/Cleveland/2926-E-123rd-St-44120/home/66591949,listed,,weekly sweep 2026-09-28,
3022 e 128th st|44120,"3022 E 128th St, Cleveland, OH 44120",44120,2026-09-28,2026-09-28,245000,245000,redfin,https://www.redfin.com/OH/Cleveland/3022-E-128th-St-44120/home/70783878,listed,,weekly sweep 2026-09-28,
3113 ashwood|44120,"3113 Ashwood, Cleveland, OH 44120",44120,2026-09-28,2026-09-28,250000,250000,redfin,https://www.redfin.com/OH/Cleveland/3113-Ashwood-Rd-44120/home/70801742,listed,,weekly sweep 2026-09-28,
3323 e 143rd st|44120,"3323 E 143rd St, Cleveland, OH 44120",44120,2026-09-28,2026-09-28,125000,125000,redfin,https://www.redfin.com/OH/Cleveland/3323-E-143rd-St-44120/home/70784971,listed,,weekly sweep 2026-09-28,yes
3331 e 140th st|44120,"3331 E 140th St, Cleveland, OH 44120",44120,2026-09-28,2026-09-28,125000,125000,redfin,https://www.redfin.com/OH/Cleveland/3331-E-140th-St-44120/home/66571112,listed,,weekly sweep 2026-09-28,yes
3331 e 145th st|44120,"3331 E 145th St, Cleveland, OH 44120",44120,2026-09-28,2026-09-28,129900,129900,both,https://www.redfin.com/OH/Cleveland/3331-E-145th-St-44120/home/70785454,listed,,weekly sweep 2026-09-28,yes
3334 e 146th st|44120,"3334 E 146th St, Cleveland, OH 44120",44120,2026-09-28,2026-09-28,165000,165000,redfin,https://www.redfin.com/OH/Cleveland/3334-E-146th-St-44120/home/70785459,listed,,weekly sweep 2026-09-28,yes
3345 e 140th st|44120,"3345 E 140th St, Cleveland, OH 44120",44120,2026-09-28,2026-09-28,165000,165000,redfin,https://www.redfin.com/OH/Cleveland/3345-E-140th-St-44120/home/70785158,listed,,weekly sweep 2026-09-28,yes
3349 e 132nd st|44120,"3349 E 132nd St, Cleveland, OH 44120",44120,2026-09-28,2026-09-28,98000,98000,redfin,https://www.redfin.com/OH/Cleveland/3349-E-132nd-St-44120/home/70784787,listed,,weekly sweep 2026-09-28,
3360 e 146th st|44120,"3360 E 146th St, Cleveland, OH 44120",44120,2026-09-28,2026-09-28,155000,155000,redfin,https://www.redfin.com/OH/Cleveland/3360-E-146th-St-44120/home/70785423,listed,,weekly sweep 2026-09-28,yes
3379 e 130th st|44120,"3379 E 130th St, Cleveland, OH 44120",44120,2026-09-28,2026-09-28,32000,32000,redfin,https://www.redfin.com/OH/Cleveland/3379-E-130th-St-44120/home/66566810,listed,,weekly sweep 2026-09-28,
3384 e 121st st|44120,"3384 E 121st St, Cleveland, OH 44120",44120,2026-09-28,2026-09-28,45000,45000,redfin,https://www.redfin.com/OH/Cleveland/3384-E-121st-St-44120/home/70785244,listed,,weekly sweep 2026-09-28,
3435 ashby rd|44120,"3435 Ashby Rd, Shaker Heights, OH 44120",44120,2026-09-28,2026-09-28,299000,299000,redfin,https://www.redfin.com/OH/Shaker-Heights/3435-Ashby-Rd-44120/home/66598655,listed,,weekly sweep 2026-09-28,
3435 e 117th st|44120,"3435 E 117th St, Cleveland, OH 44120",44120,2026-09-28,2026-09-28,76900,76900,both,https://www.redfin.com/OH/Cleveland/3435-E-117th-St-44120/home/66589759,listed,,weekly sweep 2026-09-28,
3446 e 125th st|44120,"3446 E 125th St, Cleveland, OH 44120",44120,2026-09-28,2026-09-28,94000,94000,redfin,https://www.redfin.com/OH/Cleveland/3446-E-125th-St-44120/home/70785698,listed,,weekly sweep 2026-09-28,
3464 e 116th st|44120,"3464 E 116th St, Cleveland, OH 44120",44120,2026-09-28,2026-09-28,230000,230000,redfin,https://www.redfin.com/OH/Cleveland/3464-E-116th-St-44120/home/70780926,listed,,weekly sweep 2026-09-28,
3477 e 142 st|44120,"3477 E 142 St, Cleveland, OH 44120",44120,2026-09-28,2026-09-28,125000,125000,redfin,https://www.redfin.com/OH/Cleveland/3477-E-142nd-St-44120/home/70785073,listed,,weekly sweep 2026-09-28,yes
3524 e 138th st|44120,"3524 E 138th St, Cleveland, OH 44120",44120,2026-09-28,2026-09-28,165900,165900,redfin,https://www.redfin.com/OH/Cleveland/3524-E-138th-St-44120/home/70791982,listed,,weekly sweep 2026-09-28,yes
3526 e 146th st|44120,"3526 E 146th St, Cleveland, OH 44120",44120,2026-09-28,2026-09-28,100000,100000,both,https://www.redfin.com/OH/Cleveland/3526-E-146th-St-44120/home/70795548,listed,,weekly sweep 2026-09-28,
3533 e 144th st|44120,"3533 E 144th St, Cleveland, OH 44120",44120,2026-09-28,2026-09-28,118000,118000,both,https://www.redfin.com/OH/Cleveland/3533-E-144th-St-44120/home/66574216,listed,,weekly sweep 2026-09-28,
3598 e 149th st|44120,"3598 E 149th St, Cleveland, OH 44120",44120,2026-09-28,2026-09-28,175000,175000,redfin,https://www.redfin.com/OH/Cleveland/3598-E-149th-St-44120/home/66587128,listed,,weekly sweep 2026-09-28,
3599 e 146th st|44120,"3599 E 146th St, Cleveland, OH 44120",44120,2026-09-28,2026-09-28,93500,93500,zillow,https://www.zillow.com/homedetails/3599-E-146th-St-Cleveland-OH-44120/33437989_zpid/,listed,,weekly sweep 2026-09-28,
3602 e 149th st|44120,"3602 E 149th St, Cleveland, OH 44120",44120,2026-09-28,2026-09-28,165000,165000,redfin,https://www.redfin.com/OH/Cleveland/3602-E-149th-St-44120/home/70795869,listed,,weekly sweep 2026-09-28,
3604 e 154th st|44120,"3604 E 154th St, Cleveland, OH 44120",44120,2026-09-28,2026-09-28,110000,110000,both,https://www.redfin.com/OH/Cleveland/3604-E-154th-St-44120/home/70796268,listed,,weekly sweep 2026-09-28,
3624 rolliston rd|44120,"3624 Rolliston Rd, Shaker Heights, OH 44120",44120,2026-09-28,2026-09-28,365500,365500,redfin,https://www.redfin.com/OH/Shaker-Heights/3624-Rolliston-Rd-44120/home/66598297,listed,,weekly sweep 2026-09-28,
3692 e 146th st|44120,"3692 E 146th St, Cleveland, OH 44120",44120,2026-09-28,2026-09-28,150000,150000,redfin,https://www.redfin.com/OH/Cleveland/3692-E-146th-St-44120/home/70795522,listed,,weekly sweep 2026-09-28,
3698 menlo rd|44120,"3698 Menlo Rd, Shaker Heights, OH 44120",44120,2026-09-28,2026-09-28,204000,204000,redfin,https://www.redfin.com/OH/Shaker-Heights/3698-Menlo-Rd-44120/home/66574727,listed,,weekly sweep 2026-09-28,
1318 warrensville center rd|44121,"1318 Warrensville Center Rd, Cleveland Heights, OH 44121",44121,2026-09-28,2026-09-28,450000,450000,both,https://www.redfin.com/OH/Cleveland-Heights/1318-Warrensville-Center-Rd-44121/home/66569391,listed,,weekly sweep 2026-09-28,
1478 genesee rd|44121,"1478 Genesee Rd, South Euclid, OH 44121",44121,2026-09-28,2026-09-28,269000,269000,both,https://www.redfin.com/OH/South-Euclid/1478-Genesee-Rd-44121/home/66598133,listed,,weekly sweep 2026-09-28,
1537 genesee rd|44121,"1537 Genesee Rd, South Euclid, OH 44121",44121,2026-09-28,2026-09-28,259000,259000,both,https://www.redfin.com/OH/South-Euclid/1537-Genesee-Rd-44121/home/66566854,listed,,weekly sweep 2026-09-28,
2707 noble rd|44121,"2707 Noble Rd, Cleveland Heights, OH 44121",44121,2026-09-28,2026-09-28,195000,195000,both,https://www.redfin.com/OH/Cleveland-Heights/2707-Noble-Rd-44121/home/70984782,listed,,weekly sweep 2026-09-28,yes
17914 chagrin blvd|44122,"17914 Chagrin Blvd, Shaker Heights, OH 44122",44122,2026-09-28,2026-09-28,399000,399000,redfin,https://www.redfin.com/OH/Shaker-Heights/17914-Chagrin-Blvd-44122/home/71052645,listed,,weekly sweep 2026-09-28,
18004 winslow rd|44122,"18004 Winslow Rd, Shaker Heights, OH 44122",44122,2026-09-28,2026-09-28,300000,300000,zillow,https://www.zillow.com/homedetails/18004-Winslow-Rd-Shaker-Heights-OH-44122/33690309_zpid/,listed,,weekly sweep 2026-09-28,
18331 newell rd|44122,"18331 Newell Rd, Shaker Heights, OH 44122",44122,2026-09-28,2026-09-28,174900,174900,both,https://www.zillow.com/homedetails/18331-Newell-Rd-Shaker-Heights-OH-44122/33691828_zpid/,listed,,weekly sweep 2026-09-28,yes
18518 newell rd|44122,"18518 Newell Rd, Shaker Heights, OH 44122",44122,2026-09-28,2026-09-28,369900,369900,both,https://www.zillow.com/homedetails/18518-Newell-Rd-Shaker-Heights-OH-44122/33691806_zpid/,listed,,weekly sweep 2026-09-28,yes
19000 winslow rd|44122,"19000 Winslow Rd, Shaker Heights, OH 44122",44122,2026-09-28,2026-09-28,434900,434900,zillow,https://www.zillow.com/homedetails/19000-Winslow-Rd-Shaker-Heights-OH-44122/33690442_zpid/,listed,,weekly sweep 2026-09-28,
19406 winslow rd|44122,"19406 Winslow Rd, Shaker Heights, OH 44122",44122,2026-09-28,2026-09-28,399000,399000,zillow,https://www.zillow.com/homedetails/19406-Winslow-Rd-Shaker-Heights-OH-44122/33690902_zpid/,listed,,weekly sweep 2026-09-28,
19430 winslow rd|44122,"19430 Winslow Rd, Shaker Heights, OH 44122",44122,2026-09-28,2026-09-28,349900,349900,both,https://www.zillow.com/homedetails/19430-Winslow-Rd-Shaker-Heights-OH-44122/33690898_zpid/,listed,,weekly sweep 2026-09-28,
19619 winslow rd|44122,"19619 Winslow Rd, Shaker Heights, OH 44122",44122,2026-09-28,2026-09-28,419000,419000,redfin,https://www.redfin.com/OH/Shaker-Heights/19619-Winslow-Rd-44122/home/66565789,listed,,weekly sweep 2026-09-28,
3454 ingleside rd|44122,"3454 Ingleside Rd, Shaker Heights, OH 44122",44122,2026-09-28,2026-09-28,372000,372000,both,https://www.zillow.com/homedetails/3454-Ingleside-Rd-Shaker-Heights-OH-44122/33688651_zpid/,listed,,weekly sweep 2026-09-28,
3544 lynnfield rd|44122,"3544 Lynnfield Rd, Shaker Heights, OH 44122",44122,2026-09-28,2026-09-28,255000,255000,both,https://www.zillow.com/homedetails/3544-Lynnfield-Rd-Shaker-Heights-OH-44122/33691851_zpid/,listed,,weekly sweep 2026-09-28,yes
3646 lynnfield rd|44122,"3646 Lynnfield Rd, Shaker Heights, OH 44122",44122,2026-09-28,2026-09-28,375000,375000,redfin,https://www.redfin.com/OH/Shaker-Heights/3646-Lynnfield-Rd-44122/home/71052455,listed,,weekly sweep 2026-09-28,
3670 winchell rd|44122,"3670 Winchell Rd, Shaker Heights, OH 44122",44122,2026-09-28,2026-09-28,319900,319900,both,https://www.zillow.com/homedetails/3670-Winchell-Rd-Shaker-Heights-OH-44122/33691632_zpid/,listed,,weekly sweep 2026-09-28,
20390 westport ave|44123,"20390 Westport Ave, Euclid, OH 44123",44123,2026-09-28,2026-09-28,150000,150000,both,https://www.zillow.com/homedetails/20390-Westport-Ave-Euclid-OH-44123/33628532_zpid/,listed,,weekly sweep 2026-09-28,yes
2085020854 lake shore blvd|44123,"20850-20854 Lake Shore Blvd, Euclid, OH 44123",44123,2026-09-28,2026-09-28,249900,249900,redfin,https://www.redfin.com/OH/Euclid/20850-Lake-Shore-Blvd-44123/home/70946215,listed,,weekly sweep 2026-09-28,yes
2085020854 s lake shore blvd|44123,"20850-20854 S Lake Shore Blvd, Euclid, OH 44123",44123,2026-09-28,2026-09-28,249900,249900,zillow,https://www.zillow.com/homedetails/20850-20854-S-Lake-Shore-Blvd-Euclid-OH-44123/464041931_zpid/,listed,,weekly sweep 2026-09-28,yes
21051 s lake shore blvd|44123,"21051 S Lake Shore Blvd, Euclid, OH 44123",44123,2026-09-28,2026-09-28,319900,319900,both,https://www.zillow.com/homedetails/21051-S-Lake-Shore-Blvd-Euclid-OH-44123/33628212_zpid/,listed,,weekly sweep 2026-09-28,
22050 westport ave|44123,"22050 Westport Ave, Euclid, OH 44123",44123,2026-09-28,2026-09-28,214900,214900,zillow,https://www.zillow.com/homedetails/22050-Westport-Ave-Euclid-OH-44123/33628966_zpid/,listed,,weekly sweep 2026-09-28,yes
10014 sladden ave|44125,"10014 Sladden Ave, Garfield Heights, OH 44125",44125,2026-09-28,2026-09-28,179900,179900,both,https://www.redfin.com/OH/Garfield-Heights/10014-Sladden-Ave-44125/home/66581351,listed,,weekly sweep 2026-09-28,
10105 russell ave|44125,"10105 Russell Ave, Garfield Heights, OH 44125",44125,2026-09-28,2026-09-28,139900,139900,both,https://www.redfin.com/OH/Garfield-Heights/10105-Russell-Ave-44125/home/66573642,listed,,weekly sweep 2026-09-28,
10609 wadsworth ave|44125,"10609 Wadsworth Ave, Garfield Heights, OH 44125",44125,2026-09-28,2026-09-28,155000,155000,both,https://www.redfin.com/OH/Garfield-Heights/10609-Wadsworth-Ave-44125/home/66576021,listed,,weekly sweep 2026-09-28,yes
11219 langton ave|44125,"11219 Langton Ave, Garfield Heights, OH 44125",44125,2026-09-28,2026-09-28,114900,114900,both,https://www.redfin.com/OH/Garfield-Heights/11219-Langton-Ave-44125/home/70912295,listed,,weekly sweep 2026-09-28,
12010 derby ave|44125,"12010 Derby Ave, Garfield Heights, OH 44125",44125,2026-09-28,2026-09-28,149900,149900,both,https://www.redfin.com/OH/Garfield-Heights/12010-Derby-Ave-44125/home/66114297,listed,,weekly sweep 2026-09-28,yes
12809 mccracken rd|44125,"12809 Mccracken Rd #1, Garfield Heights, OH 44125",44125,2026-09-28,2026-09-28,140000,140000,both,https://www.redfin.com/OH/Garfield-Heights/12809-McCracken-Rd-44125/unit-1/home/200004587,listed,,weekly sweep 2026-09-28,yes
4697 e 85th st|44125,"4697 E 85th St, Garfield Heights, OH 44125",44125,2026-09-28,2026-09-28,110000,110000,both,https://www.redfin.com/OH/Garfield-Heights/4697-E-85th-St-44125/home/70908834,listed,,weekly sweep 2026-09-28,
4720 e 85th st|44125,"4720 E 85th St, Garfield Heights, OH 44125",44125,2026-09-28,2026-09-28,170000,170000,zillow,https://www.zillow.com/homedetails/4720-E-85th-St-Garfield-Heights-OH-44125/33594001_zpid/,listed,,weekly sweep 2026-09-28,yes
4752 e 88th st|44125,"4752 E 88th St, Garfield Heights, OH 44125",44125,2026-09-28,2026-09-28,119000,119000,zillow,https://www.zillow.com/homedetails/4752-E-88th-St-Garfield-Heights-OH-44125/33593955_zpid/,listed,,weekly sweep 2026-09-28,yes
4752 e 88th|44125,"4752 E 88th, Garfield Heights, OH 44125",44125,2026-09-28,2026-09-28,119000,119000,redfin,https://www.redfin.com/OH/Garfield-Heights/4752-E-88th-St-44125/home/66566949,listed,,weekly sweep 2026-09-28,yes
4879 e 97th st|44125,"4879 E 97th St, Garfield Heights, OH 44125",44125,2026-09-28,2026-09-28,225000,225000,redfin,https://www.redfin.com/OH/Garfield-Heights/4879-E-97th-St-44125/home/70909291,listed,,weekly sweep 2026-09-28,
7481 pearl rd|44130,"7481 Pearl Rd, Middleburg Heights, OH 44130",44130,2026-09-28,2026-09-28,400000,400000,zillow,https://www.zillow.com/homedetails/7481-Pearl-Rd-Middleburg-Heights-OH-44130/33527661_zpid/,listed,,weekly sweep 2026-09-28,
3016 tuxedo ave|44134,"3016 Tuxedo Ave, Parma, OH 44134",44134,2026-09-28,2026-09-28,299000,299000,both,https://www.redfin.com/OH/Parma/3016-Tuxedo-Ave-44134/home/66568744,listed,,weekly sweep 2026-09-28,
3119 brookdale ave|44134,"3119 Brookdale Ave, Parma, OH 44134",44134,2026-09-28,2026-09-28,235000,235000,zillow,https://www.zillow.com/homedetails/3119-Brookdale-Ave-Parma-OH-44134/33553341_zpid/,listed,,weekly sweep 2026-09-28,yes
5144 orchard park dr|44134,"5144 Orchard Park Dr, Parma, OH 44134",44134,2026-09-28,2026-09-28,350000,350000,both,https://www.redfin.com/OH/Parma/5144-Orchard-Park-Dr-44134/home/70887798,listed,,weekly sweep 2026-09-28,
4352 w 47th st|44144,"4352 W 47th St, Cleveland, OH 44144",44144,2026-09-28,2026-09-28,224900,224900,both,https://www.redfin.com/OH/Cleveland/4352-W-47th-St-44144/home/70735258,listed,,weekly sweep 2026-09-28,
4506 wichita ave|44144,"4506 Wichita Ave, Cleveland, OH 44144",44144,2026-09-28,2026-09-28,199000,199000,zillow,https://www.zillow.com/homedetails/4506-Wichita-Ave-Cleveland-OH-44144/33345127_zpid/,listed,,weekly sweep 2026-09-28,yes
16 columbus st|44146,"16 Columbus St, Bedford, OH 44146",44146,2026-09-28,2026-09-28,335000,335000,both,https://www.redfin.com/OH/Bedford/16-Columbus-St-44146/home/194278637,listed,,weekly sweep 2026-09-28,yes
196 henry st|44146,"196 Henry St, Bedford, OH 44146",44146,2026-09-28,2026-09-28,189900,189900,both,https://www.redfin.com/OH/Bedford/196-Henry-St-44146/home/66573483,listed,,weekly sweep 2026-09-28,yes
201 w glendale st|44146,"201 W Glendale St, Bedford, OH 44146",44146,2026-09-28,2026-09-28,269900,269900,zillow,https://www.zillow.com/homedetails/201-W-Glendale-St-Bedford-OH-44146/58550132_zpid/,listed,,weekly sweep 2026-09-28,
32 ellenwood ave|44146,"32 Ellenwood Ave, Bedford, OH 44146",44146,2026-09-28,2026-09-28,199999,199999,zillow,https://www.zillow.com/homedetails/32-Ellenwood-Ave-Bedford-OH-44146/58550037_zpid/,listed,,weekly sweep 2026-09-28,
45 1st ave|44146,"45 1st Ave, Bedford, OH 44146",44146,2026-09-28,2026-09-28,199000,199000,both,https://www.redfin.com/OH/Bedford/45-1st-Ave-44146/home/71089052,listed,,weekly sweep 2026-09-28,yes
579 broadway ave|44146,"579 Broadway Ave, Bedford, OH 44146",44146,2026-09-28,2026-09-28,275000,275000,both,https://www.redfin.com/OH/Bedford/579-Broadway-Ave-44146/home/66580773,listed,,weekly sweep 2026-09-28,
99 ellenwood ave|44146,"99 Ellenwood Ave, Bedford, OH 44146",44146,2026-09-28,2026-09-28,240000,240000,both,https://www.redfin.com/OH/Bedford/99-Ellenwood-Ave-44146/home/71103036,listed,,weekly sweep 2026-09-28,
1537 wooster rd|44203,"1537 Wooster Rd, Barberton, OH 44203",44203,2026-09-28,2026-09-28,129900,129900,zillow,https://www.zillow.com/homedetails/1537-Wooster-Rd-Barberton-OH-44203/35379243_zpid/,listed,,weekly sweep 2026-09-28,
241 5th st nw|44203,"241 5th St NW, Barberton, OH 44203",44203,2026-09-28,2026-09-28,169900,169900,both,https://www.redfin.com/OH/Barberton/241-5th-St-NW-44203/home/75504487,listed,,weekly sweep 2026-09-28,yes
275 21st st nw|44203,"275 21st St NW, Barberton, OH 44203",44203,2026-09-28,2026-09-28,132000,132000,zillow,https://www.zillow.com/homedetails/275-21st-St-NW-Barberton-OH-44203/35305743_zpid/,listed,,weekly sweep 2026-09-28,yes
64 diamond ave|44203,"64 Diamond Ave, Barberton, OH 44203",44203,2026-09-28,2026-09-28,144999,144999,both,https://www.redfin.com/OH/Barberton/64-Diamond-Ave-44203/home/100630630,listed,,weekly sweep 2026-09-28,yes
8284 18th st sw|44203,"82-84 18th St SW, Barberton, OH 44203",44203,2026-09-28,2026-09-28,169900,169900,both,https://www.redfin.com/OH/Barberton/82-18th-St-SW-44203/home/202051456,listed,,weekly sweep 2026-09-28,yes
893 norton ave|44203,"893 Norton Ave, Barberton, OH 44203",44203,2026-09-28,2026-09-28,175000,175000,both,https://www.redfin.com/OH/Barberton/893-Norton-Ave-44203/home/66133284,listed,,weekly sweep 2026-09-28,yes
550554 magnolia ave|44221,"550-554 Magnolia Ave, Cuyahoga Falls, OH 44221",44221,2026-09-28,2026-09-28,324000,324000,both,https://www.redfin.com/OH/Cuyahoga-Falls/550-Magnolia-Ave-44221/home/66594682,listed,,weekly sweep 2026-09-28,
1807 1809 grant ave|44223,"1807 & 1809 Grant Ave, Cuyahoga Falls, OH 44223",44223,2026-09-28,2026-09-28,359900,359900,zillow,https://www.zillow.com/homedetails/1807-1809-Grant-Ave-Cuyahoga-Falls-OH-44223/35325089_zpid/,listed,,weekly sweep 2026-09-28,
18071809 grant ave|44223,"1807-1809 Grant Ave, Cuyahoga Falls, OH 44223",44223,2026-09-28,2026-09-28,359900,359900,redfin,https://www.redfin.com/OH/Cuyahoga-Falls/1807-Grant-Ave-44223/home/205243272,listed,,weekly sweep 2026-09-28,
2196 2200 samira rd|44224,"2196 & 2200 Samira Rd, Stow, OH 44224",44224,2026-09-28,2026-09-28,269900,269900,zillow,https://www.zillow.com/homedetails/2196-2200-Samira-Rd-Stow-OH-44224/35393037_zpid/,listed,,weekly sweep 2026-09-28,
2670 2672 graham rd|44224,"2670 & 2672 Graham Rd, Stow, OH 44224",44224,2026-09-28,2026-09-28,420000,420000,zillow,https://www.zillow.com/homedetails/2670-2672-Graham-Rd-Stow-OH-44224/35390134_zpid/,listed,,weekly sweep 2026-09-28,
4788 sunnybrook rd|44240,"4788 Sunnybrook Rd, Kent, OH 44240",44240,2026-09-28,2026-09-28,314900,314900,both,https://www.redfin.com/OH/Kent/4788-Sunnybrook-Rd-44240/home/75380582,listed,,weekly sweep 2026-09-28,
231 s vine st|44256,"231 S Vine St, Medina, OH 44256",44256,2026-09-28,2026-09-28,390000,390000,both,https://www.redfin.com/OH/Medina/231-S-Vine-St-44256/home/66571365,listed,,weekly sweep 2026-09-28,
5870 wolff rd|44256,"5870 Wolff Rd, Medina, OH 44256",44256,2026-09-28,2026-09-28,419900,419900,both,https://www.redfin.com/OH/Medina/5870-Wolff-Rd-44256/home/70522363,listed,,weekly sweep 2026-09-28,
3922 summit rd|44266,"3922 Summit Rd #3924, Ravenna, OH 44266",44266,2026-09-28,2026-09-28,218900,218900,zillow,https://www.zillow.com/homedetails/3922-Summit-Rd-3924-Ravenna-OH-44266/465097782_zpid/,listed,,weekly sweep 2026-09-28,
167173 n lyman st|44281,"167-173 N Lyman St, Wadsworth, OH 44281",44281,2026-09-28,2026-09-28,489000,489000,both,https://www.redfin.com/OH/Wadsworth/173-N-Lyman-St-44281/home/178322227,listed,,weekly sweep 2026-09-28,
6466 ridgewood rd|44281,"64-66 Ridgewood Rd, Wadsworth, OH 44281",44281,2026-09-28,2026-09-28,660000,660000,zillow,https://www.zillow.com/homedetails/64-66-Ridgewood-Rd-Wadsworth-OH-44281/459692710_zpid/,listed,,weekly sweep 2026-09-28,
1034 clay st|44301,"1034 Clay St, Akron, OH 44301",44301,2026-09-28,2026-09-28,169900,169900,both,https://www.redfin.com/OH/Akron/1034-Clay-St-44301/home/205675270,listed,,weekly sweep 2026-09-28,yes
1038 clay st|44301,"1038 Clay St, Akron, OH 44301",44301,2026-09-28,2026-09-28,169900,169900,both,https://www.redfin.com/OH/Akron/1038-Clay-St-44301/home/100657803,listed,,weekly sweep 2026-09-28,yes
1200 wilbur ave|44301,"1200 Wilbur Ave, Akron, OH 44301",44301,2026-09-28,2026-09-28,144900,144900,both,https://www.redfin.com/OH/Akron/1200-Wilbur-Ave-44301/home/75454208,listed,,weekly sweep 2026-09-28,yes
1208 1210 bellows st|44301,"1208 & 1210 Bellows St, Akron, OH 44301",44301,2026-09-28,2026-09-28,125000,125000,zillow,https://www.zillow.com/homedetails/1208-1210-Bellows-St-Akron-OH-44301/35462678_zpid/,listed,,weekly sweep 2026-09-28,yes
12081210 bellows st|44301,"1208-1210 Bellows St, Akron, OH 44301",44301,2026-09-28,2026-09-28,125000,125000,redfin,https://www.redfin.com/OH/Akron/1208-Bellows-St-44301/home/192666301,listed,,weekly sweep 2026-09-28,yes
130 ira ave|44301,"130 Ira Ave, Akron, OH 44301",44301,2026-09-28,2026-09-28,58500,58500,redfin,https://www.redfin.com/OH/Akron/130-Ira-Ave-44301/home/66595765,listed,,weekly sweep 2026-09-28,
1364 1366 marcy st|44301,"1364 & 1366 Marcy St, Akron, OH 44301",44301,2026-09-28,2026-09-28,79999,79999,zillow,https://www.zillow.com/homedetails/1364-1366-Marcy-St-Akron-OH-44301/35457862_zpid/,listed,,weekly sweep 2026-09-28,
13641366 marcy st|44301,"1364-1366 Marcy St, Akron, OH 44301",44301,2026-09-28,2026-09-28,79999,79999,redfin,https://www.redfin.com/OH/Akron/1364-Marcy-St-44301/home/205337226,listed,,weekly sweep 2026-09-28,
1923 1925 evergreen ave|44301,"1923 & 1925 Evergreen Ave, Akron, OH 44301",44301,2026-09-28,2026-09-28,169900,169900,zillow,https://www.zillow.com/homedetails/1923-1925-Evergreen-Ave-Akron-OH-44301/35416921_zpid/,listed,,weekly sweep 2026-09-28,yes
4244 e archwood ave|44301,"42-44 E Archwood Ave, Akron, OH 44301",44301,2026-09-28,2026-09-28,125000,125000,zillow,https://www.zillow.com/homedetails/42-44-E-Archwood-Ave-Akron-OH-44301/453435575_zpid/,listed,,weekly sweep 2026-09-28,yes
44 e brookside ave|44301,"44 E Brookside Ave, Akron, OH 44301",44301,2026-09-28,2026-09-28,119900,119900,redfin,https://www.redfin.com/OH/Akron/44-E-Brookside-Ave-44301/home/201653717,listed,,weekly sweep 2026-09-28,
4648 e archwood ave|44301,"46-48 E Archwood Ave, Akron, OH 44301",44301,2026-09-28,2026-09-28,149000,149000,zillow,https://www.zillow.com/homedetails/46-48-E-Archwood-Ave-Akron-OH-44301/463761800_zpid/,listed,,weekly sweep 2026-09-28,yes
48 e brookside ave|44301,"48 E Brookside Ave, Akron, OH 44301",44301,2026-09-28,2026-09-28,122900,122900,both,https://www.redfin.com/OH/Akron/48-E-Brookside-Ave-44301/home/205213549,listed,,weekly sweep 2026-09-28,yes
131 133 westwood aly|44302,"131 & 133 Westwood Aly, Akron, OH 44302",44302,2026-09-28,2026-09-28,135000,135000,zillow,https://www.zillow.com/homedetails/131-133-Westwood-Aly-Akron-OH-44302/35469296_zpid/,listed,,weekly sweep 2026-09-28,yes
25 oakdale ave|44302,"25 Oakdale Ave, Akron, OH 44302",44302,2026-09-28,2026-09-28,799900,799900,both,https://www.redfin.com/OH/Akron/25-Oakdale-Ave-44302/home/100651206,listed,,weekly sweep 2026-09-28,
973 w exchange st|44302,"973 W Exchange St, Akron, OH 44302",44302,2026-09-28,2026-09-28,129900,129900,both,https://www.redfin.com/OH/Akron/973-W-Exchange-St-44302/home/66337485,listed,,weekly sweep 2026-09-28,yes
996 bloomfield ave|44302,"996 Bloomfield Ave, Akron, OH 44302",44302,2026-09-28,2026-09-28,160000,160000,both,https://www.redfin.com/OH/Akron/996-Bloomfield-Ave-44302/home/66369375,listed,,weekly sweep 2026-09-28,
1242 1244 laird st|44305,"1242 - 1244 Laird St, Akron, OH 44305",44305,2026-09-28,2026-09-28,110000,110000,both,https://www.redfin.com/OH/Akron/1244-Laird-St-44305/home/100649443,listed,,weekly sweep 2026-09-28,yes
1288 pondview ave|44305,"1288 Pondview Ave, Akron, OH 44305",44305,2026-09-28,2026-09-28,155000,155000,zillow,https://www.zillow.com/homedetails/1288-Pondview-Ave-Akron-OH-44305/35463659_zpid/,listed,,weekly sweep 2026-09-28,yes
167 ruckel rd|44305,"167 Ruckel Rd, Akron, OH 44305",44305,2026-09-28,2026-09-28,90000,90000,both,https://www.redfin.com/OH/Akron/167-Ruckel-Rd-44305/home/75476331,listed,,weekly sweep 2026-09-28,
177 watson st|44305,"177 Watson St, Akron, OH 44305",44305,2026-09-28,2026-09-28,250000,250000,both,https://www.redfin.com/OH/Akron/177-Watson-St-44305/home/75520319,listed,,weekly sweep 2026-09-28,
1921 preston ave|44305,"1921 Preston Ave, Akron, OH 44305",44305,2026-09-28,2026-09-28,215000,215000,both,https://www.redfin.com/OH/Akron/1921-Preston-Ave-44305/home/183803585,listed,,weekly sweep 2026-09-28,
1927 preston ave|44305,"1927 Preston Ave, Akron, OH 44305",44305,2026-09-28,2026-09-28,215000,215000,both,https://www.redfin.com/OH/Akron/1927-Preston-Ave-44305/home/183803608,listed,,weekly sweep 2026-09-28,
1933 preston ave|44305,"1933 Preston Ave, Akron, OH 44305",44305,2026-09-28,2026-09-28,215000,215000,both,https://www.redfin.com/OH/Akron/1933-Preston-Ave-44305/home/189883992,listed,,weekly sweep 2026-09-28,yes
1939 preston ave|44305,"1939 Preston Ave, Akron, OH 44305",44305,2026-09-28,2026-09-28,215000,215000,both,https://www.redfin.com/OH/Akron/1939-Preston-Ave-44305/home/145121722,listed,,weekly sweep 2026-09-28,
2358 2360 congo st|44305,"2358 & 2360 Congo St, Akron, OH 44305",44305,2026-09-28,2026-09-28,209900,209900,both,https://www.redfin.com/OH/Akron/2358-Congo-St-44305/home/205530366,listed,,weekly sweep 2026-09-28,yes
1010 5th ave|44306,"1010 5th Ave, Akron, OH 44306",44306,2026-09-28,2026-09-28,289000,289000,both,https://www.redfin.com/OH/Akron/1010-5th-Ave-44306/home/100658422,listed,,weekly sweep 2026-09-28,
231 windsor st|44306,"231 Windsor St, Akron, OH 44306",44306,2026-09-28,2026-09-28,140000,140000,both,https://www.redfin.com/OH/Akron/231-Windsor-St-44306/home/75453614,listed,,weekly sweep 2026-09-28,
426 s arlington st|44306,"426 S Arlington St, Akron, OH 44306",44306,2026-09-28,2026-09-28,96000,96000,both,https://www.redfin.com/OH/Akron/426-S-Arlington-St-44306/home/66595771,listed,,weekly sweep 2026-09-28,
802 s jenkins blvd|44306,"802 S Jenkins Blvd, Akron, OH 44306",44306,2026-09-28,2026-09-28,159000,159000,zillow,https://www.zillow.com/homedetails/802-S-Jenkins-Blvd-Akron-OH-44306/35443965_zpid/,listed,,weekly sweep 2026-09-28,yes
896 huber st|44306,"896 Huber St, Akron, OH 44306",44306,2026-09-28,2026-09-28,110000,110000,both,https://www.redfin.com/OH/Akron/896-Huber-St-44306/home/66585020,listed,,weekly sweep 2026-09-28,yes
972 hunt st|44306,"972 Hunt St, Akron, OH 44306",44306,2026-09-28,2026-09-28,129900,129900,both,https://www.redfin.com/OH/Akron/972-Hunt-St-44306/home/75517292,listed,,weekly sweep 2026-09-28,yes
1332 1334 alphada ave|44310,"1332 & 1334 Alphada Ave, Akron, OH 44310",44310,2026-09-28,2026-09-28,150000,150000,zillow,https://www.zillow.com/homedetails/1332-1334-Alphada-Ave-Akron-OH-44310/35453518_zpid/,listed,,weekly sweep 2026-09-28,yes
13321334 alphada ave|44310,"1332-1334 Alphada Ave, Akron, OH 44310",44310,2026-09-28,2026-09-28,150000,150000,redfin,https://www.redfin.com/OH/Akron/1332-1334-Alphada-Ave-44310/home/204432112,listed,,weekly sweep 2026-09-28,yes
1360 brittain woods rd|44310,"1360 Brittain Woods Rd, Akron, OH 44310",44310,2026-09-28,2026-09-28,164900,164900,zillow,https://www.zillow.com/homedetails/1360-Brittain-Woods-Rd-Akron-OH-44310/465177404_zpid/,listed,,weekly sweep 2026-09-28,
343 345 julien ave|44310,"343 & 345 Julien Ave, Akron, OH 44310",44310,2026-09-28,2026-09-28,159900,159900,zillow,https://www.zillow.com/homedetails/343-345-Julien-Ave-Akron-OH-44310/35470061_zpid/,listed,,weekly sweep 2026-09-28,
539 e cuyahoga falls ave|44310,"539 E Cuyahoga Falls Ave, Akron, OH 44310",44310,2026-09-28,2026-09-28,374880,374880,both,https://www.redfin.com/OH/Akron/539-E-Cuyahoga-Falls-Ave-44310/home/100656720,listed,,weekly sweep 2026-09-28,
56 vesper st|44310,"56 Vesper St, Akron, OH 44310",44310,2026-09-28,2026-09-28,109900,109900,both,https://www.redfin.com/OH/Akron/56-Vesper-St-44310/home/80101972,listed,,weekly sweep 2026-09-28,
674 676 carlysle st|44310,"674 & 676 Carlysle St, Akron, OH 44310",44310,2026-09-28,2026-09-28,175000,175000,zillow,https://www.zillow.com/homedetails/674-676-Carlysle-St-Akron-OH-44310/35416209_zpid/,listed,,weekly sweep 2026-09-28,yes
674676 carlysle st|44310,"674-676 Carlysle St, Akron, OH 44310",44310,2026-09-28,2026-09-28,175000,175000,redfin,https://www.redfin.com/OH/Akron/676-Carlysle-St-44310/home/100648015,listed,,weekly sweep 2026-09-28,yes
902 columbia ave|44310,"902 Columbia Ave, Akron, OH 44310",44310,2026-09-28,2026-09-28,149999,149999,both,https://www.redfin.com/OH/Akron/902-Columbia-Ave-44310/home/66585178,listed,,weekly sweep 2026-09-28,
338 e thornton st|44311,"338 E Thornton St, Akron, OH 44311",44311,2026-09-28,2026-09-28,89700,89700,redfin,https://www.redfin.com/OH/Akron/338-E-Thornton-St-44311/home/66595578,listed,,weekly sweep 2026-09-28,
499 brown st|44311,"499 Brown St, Akron, OH 44311",44311,2026-09-28,2026-09-28,145000,145000,both,https://www.redfin.com/OH/Akron/499-Brown-St-44311/home/100658062,listed,,weekly sweep 2026-09-28,yes
504 gage st|44311,"504 Gage St, Akron, OH 44311",44311,2026-09-28,2026-09-28,118900,118900,both,https://www.redfin.com/OH/Akron/504-Gage-St-44311/home/80102497,listed,,weekly sweep 2026-09-28,yes
514 brown st|44311,"514 Brown St, Akron, OH 44311",44311,2026-09-28,2026-09-28,229000,229000,both,https://www.redfin.com/OH/Akron/514-Brown-St-44311/home/66595746,listed,,weekly sweep 2026-09-28,
524 526 gage st|44311,"524 & 526 Gage St, Akron, OH 44311",44311,2026-09-28,2026-09-28,209900,209900,both,https://www.redfin.com/OH/Akron/524-Gage-St-44311/home/204088526,listed,,weekly sweep 2026-09-28,
531533 allyn st|44311,"531-533 Allyn St #535, Akron, OH 44311",44311,2026-09-28,2026-09-28,250000,250000,zillow,https://www.zillow.com/homedetails/531-533-Allyn-St-535-Akron-OH-44311/2061841457_zpid/,listed,,weekly sweep 2026-09-28,
531533535539 allyn st|44311,"531-533-535-539 Allyn St, Akron, OH 44311",44311,2026-09-28,2026-09-28,250000,250000,redfin,https://www.redfin.com/OH/Akron/531-Allyn-St-44311/home/192222803,listed,,weekly sweep 2026-09-28,
539 kling st|44311,"539 Kling St, Akron, OH 44311",44311,2026-09-28,2026-09-28,199900,199900,both,https://www.redfin.com/OH/Akron/539-Kling-St-44311/home/100650875,listed,,weekly sweep 2026-09-28,
543 kling st|44311,"543 Kling St, Akron, OH 44311",44311,2026-09-28,2026-09-28,199900,199900,both,https://www.redfin.com/OH/Akron/543-Kling-St-44311/home/100649149,listed,,weekly sweep 2026-09-28,
678 682 sumner st|44311,"678 & 682 Sumner St, Akron, OH 44311",44311,2026-09-28,2026-09-28,134900,134900,zillow,https://www.zillow.com/homedetails/678-682-Sumner-St-Akron-OH-44311/35442217_zpid/,listed,,weekly sweep 2026-09-28,
678682 sumner|44311,"678-682 Sumner, Akron, OH 44311",44311,2026-09-28,2026-09-28,134900,134900,redfin,https://www.redfin.com/OH/Akron/682-Sumner-St-44311/home/100652388,listed,,weekly sweep 2026-09-28,
756 brown st|44311,"756 Brown St, Akron, OH 44311",44311,2026-09-28,2026-09-28,49500,49500,both,https://www.redfin.com/OH/Akron/756-Brown-St-44311/home/75455625,listed,,weekly sweep 2026-09-28,
2652 massillon rd|44312,"2652 Massillon Rd, Akron, OH 44312",44312,2026-09-28,2026-09-28,265000,265000,zillow,https://www.zillow.com/homedetails/2652-Massillon-Rd-Akron-OH-44312/465138190_zpid/,listed,,weekly sweep 2026-09-28,
476 480 celia ave|44312,"476 & 480 Celia Ave, Akron, OH 44312",44312,2026-09-28,2026-09-28,199000,199000,zillow,https://www.zillow.com/homedetails/476-480-Celia-Ave-Akron-OH-44312/35385860_zpid/,listed,,weekly sweep 2026-09-28,yes
1727 1729 shatto ave|44313,"1727 & 1729 Shatto Ave, Akron, OH 44313",44313,2026-09-28,2026-09-28,219000,219000,zillow,https://www.zillow.com/homedetails/1727-1729-Shatto-Ave-Akron-OH-44313/35453014_zpid/,listed,,weekly sweep 2026-09-28,
1757 liberty dr|44313,"1757 Liberty Dr, Akron, OH 44313",44313,2026-09-28,2026-09-28,257500,257500,zillow,https://www.zillow.com/homedetails/1757-Liberty-Dr-Akron-OH-44313/465099088_zpid/,listed,,weekly sweep 2026-09-28,
1211 california ave|44314,"1211 California Ave, Akron, OH 44314",44314,2026-09-28,2026-09-28,138000,138000,both,https://www.redfin.com/OH/Akron/1211-California-Ave-44314/home/75478422,listed,,weekly sweep 2026-09-28,
1433 kenmore blvd|44314,"1433 Kenmore Blvd, Akron, OH 44314",44314,2026-09-28,2026-09-28,100000,100000,both,https://www.redfin.com/OH/Akron/1433-Kenmore-Blvd-44314/home/66595882,listed,,weekly sweep 2026-09-28,
835 kenmore blvd|44314,"835 Kenmore Blvd, Akron, OH 44314",44314,2026-09-28,2026-09-28,124900,124900,both,https://www.redfin.com/OH/Akron/835-Kenmore-Blvd-44314/home/202062765,listed,,weekly sweep 2026-09-28,yes
226 e pace ave|44319,"226 E Pace Ave, Coventry Township, OH 44319",44319,2026-09-28,2026-09-28,399000,399000,both,https://www.redfin.com/OH/Coventry-Township/226-E-Pace-Ave-44319/home/75530966,listed,,weekly sweep 2026-09-28,
3400 s main st|44319,"3400 S Main St, Coventry Township, OH 44319",44319,2026-09-28,2026-09-28,395000,395000,both,https://www.redfin.com/OH/Coventry-Township/3400-S-Main-St-44319/home/66338538,listed,,weekly sweep 2026-09-28,
38073811 edgepark dr|44319,"3807-3811 Edgepark Dr, Akron, OH 44319",44319,2026-09-28,2026-09-28,292500,292500,zillow,https://www.zillow.com/homedetails/3807-3811-Edgepark-Dr-Akron-OH-44319/402333708_zpid/,listed,,weekly sweep 2026-09-28,
6090 manchester rd|44319,"6090 Manchester Rd, Akron, OH 44319",44319,2026-09-28,2026-09-28,108000,108000,both,https://www.redfin.com/OH/Akron/6090-Manchester-Rd-44319/home/201069775,listed,,weekly sweep 2026-09-28,yes
1235 roslyn ave|44320,"1235 Roslyn Ave, Akron, OH 44320",44320,2026-09-28,2026-09-28,157500,157500,both,https://www.redfin.com/OH/Akron/1235-Roslyn-Ave-44320/home/100657603,listed,,weekly sweep 2026-09-28,
382 madison ave|44320,"382 Madison Ave, Akron, OH 44320",44320,2026-09-28,2026-09-28,140000,140000,zillow,https://www.zillow.com/homedetails/382-Madison-Ave-Akron-OH-44320/453841920_zpid/,listed,,weekly sweep 2026-09-28,yes
395 madison ave|44320,"395 Madison Ave, Akron, OH 44320",44320,2026-09-28,2026-09-28,165000,165000,zillow,https://www.zillow.com/homedetails/395-Madison-Ave-Akron-OH-44320/35417915_zpid/,listed,,weekly sweep 2026-09-28,yes
840 work dr|44320,"840 Work Dr, Akron, OH 44320",44320,2026-09-28,2026-09-28,99500,99500,zillow,https://www.zillow.com/homedetails/840-Work-Dr-Akron-OH-44320/35466437_zpid/,listed,,weekly sweep 2026-09-28,
890 hamlin st|44320,"890 Hamlin St, Akron, OH 44320",44320,2026-09-28,2026-09-28,125000,125000,both,https://www.redfin.com/OH/Akron/890-Hamlin-St-44320/home/75454829,listed,,weekly sweep 2026-09-28,
907 whittier ave|44320,"907 Whittier Ave, Akron, OH 44320",44320,2026-09-28,2026-09-28,149900,149900,both,https://www.redfin.com/OH/Akron/907-Whittier-Ave-44320/home/66588502,listed,,weekly sweep 2026-09-28,yes
331 341 smyth ave|44601,"331 - 341 Smyth Ave, Alliance, OH 44601",44601,2026-09-28,2026-09-28,195000,195000,redfin,https://www.redfin.com/OH/Alliance/331-Smyth-Ave-44601/home/66589033,listed,,weekly sweep 2026-09-28,
331341 smyth ave ne|44601,"331-341 Smyth Ave NE, Alliance, OH 44601",44601,2026-09-28,2026-09-28,195000,195000,zillow,https://www.zillow.com/homedetails/331-341-Smyth-Ave-NE-Alliance-OH-44601/465078665_zpid/,listed,,weekly sweep 2026-09-28,
134136 brookfield st|44641,"134-136 Brookfield St, Louisville, OH 44641",44641,2026-09-28,2026-09-28,275000,275000,both,https://www.redfin.com/OH/Louisville/136-Brookfield-St-44641/home/189831884,listed,,weekly sweep 2026-09-28,
210 clara ct|44641,"210 Clara Ct, Louisville, OH 44641",44641,2026-09-28,2026-09-28,437500,437500,zillow,https://www.zillow.com/homedetails/210-Clara-Ct-Louisville-OH-44641/180075835_zpid/,listed,,weekly sweep 2026-09-28,
211 clara ct|44641,"211 Clara Ct, Louisville, OH 44641",44641,2026-09-28,2026-09-28,437500,437500,zillow,https://www.zillow.com/homedetails/211-Clara-Ct-Louisville-OH-44641/180076126_zpid/,listed,,weekly sweep 2026-09-28,
277 devinney ave|44641,"277 Devinney Ave, Louisville, OH 44641",44641,2026-09-28,2026-09-28,199900,199900,both,https://www.redfin.com/OH/Louisville/277-Devinney-Ave-44641/home/80102609,listed,,weekly sweep 2026-09-28,yes
6264 paris ave|44641,"6264 Paris Ave, Louisville, OH 44641",44641,2026-09-28,2026-09-28,269900,269900,zillow,https://www.zillow.com/homedetails/6264-Paris-Ave-Louisville-OH-44641/35260594_zpid/,listed,,weekly sweep 2026-09-28,
813 s nickelplate st|44641,"813 S Nickelplate St, Louisville, OH 44641",44641,2026-09-28,2026-09-28,219900,219900,both,https://www.redfin.com/OH/Louisville/813-S-Nickelplate-St-44641/home/75736584,listed,,weekly sweep 2026-09-28,
1847 lincoln way e|44646,"1847 Lincoln Way E, Massillon, OH 44646",44646,2026-09-28,2026-09-28,129900,129900,both,https://www.redfin.com/OH/Massillon/1847-Lincoln-Way-E-44646/home/100796466,listed,,weekly sweep 2026-09-28,yes
316 pershing ave nw|44646,"316 Pershing Ave NW, Massillon, OH 44646",44646,2026-09-28,2026-09-28,225000,225000,both,https://www.redfin.com/OH/Massillon/316-Pershing-Ave-NW-44646/home/66568128,listed,,weekly sweep 2026-09-28,
3727 lincoln way e|44646,"3727 Lincoln Way E, Massillon, OH 44646",44646,2026-09-28,2026-09-28,495000,495000,zillow,https://www.zillow.com/homedetails/3727-Lincoln-Way-E-Massillon-OH-44646/180088617_zpid/,listed,,weekly sweep 2026-09-28,
615 wellman ave sw|44646,"615 Wellman Ave SW, Massillon, OH 44646",44646,2026-09-28,2026-09-28,159000,159000,both,https://www.redfin.com/OH/Massillon/615-Wellman-Ave-SE-44646/home/66582510,listed,,weekly sweep 2026-09-28,yes
724726 amherst rd ne|44646,"724/726 Amherst Rd NE, Massillon, OH 44646",44646,2026-09-28,2026-09-28,199900,199900,both,https://www.redfin.com/OH/Massillon/724-Amherst-Rd-NE-44646/home/205676620,listed,,weekly sweep 2026-09-28,
82428244 navarre rd sw|44646,"8242-8244 Navarre Rd SW, Massillon, OH 44646",44646,2026-09-28,2026-09-28,315000,315000,zillow,https://www.zillow.com/homedetails/8242-8244-Navarre-Rd-SW-Massillon-OH-44646/457746365_zpid/,listed,,weekly sweep 2026-09-28,
837 parkview st ne|44646,"837 Parkview St NE, Massillon, OH 44646",44646,2026-09-28,2026-09-28,132500,132500,both,https://www.redfin.com/OH/Massillon/837-Parkview-St-NE-44646/home/66571870,listed,,weekly sweep 2026-09-28,yes
881 ruth pl ne|44646,"881 Ruth Pl NE, Massillon, OH 44646",44646,2026-09-28,2026-09-28,159000,159000,both,https://www.redfin.com/OH/Massillon/881-Ruth-Pl-NE-44646/home/66586679,listed,,weekly sweep 2026-09-28,yes
31214 21st st nw|44647,"312-14 21st St NW, Massillon, OH 44647",44647,2026-09-28,2026-09-28,264900,264900,both,https://www.redfin.com/OH/Massillon/312-21st-St-NW-44647/home/75753380,listed,,weekly sweep 2026-09-28,
519 euclid st sw|44647,"519 Euclid St SW, Massillon, OH 44647",44647,2026-09-28,2026-09-28,117000,117000,zillow,https://www.zillow.com/homedetails/519-Euclid-St-SW-Massillon-OH-44647/35221693_zpid/,listed,,weekly sweep 2026-09-28,yes
314318 esther ct nw|44663,"314-318 Esther Ct NW, New Philadelphia, OH 44663",44663,2026-09-28,2026-09-28,249900,249900,zillow,https://www.zillow.com/homedetails/314-318-Esther-Ct-NW-New-Philadelphia-OH-44663/464741828_zpid/,listed,,weekly sweep 2026-09-28,
623 11th dr nw|44663,"623 11th Dr NW, New Philadelphia, OH 44663",44663,2026-09-28,2026-09-28,589900,589900,zillow,https://www.zillow.com/homedetails/623-11th-Dr-NW-New-Philadelphia-OH-44663/248296516_zpid/,listed,,weekly sweep 2026-09-28,
660682 n millborne rd|44691,"660/682 N Millborne Rd, Wooster, OH 44691",44691,2026-09-28,2026-09-28,250000,250000,both,https://www.redfin.com/OH/Wooster/660-682-N-Millborne-RD-44691/home/192582109,listed,,weekly sweep 2026-09-28,
870 allen dr|44691,"870 Allen Dr, Wooster, OH 44691",44691,2026-09-28,2026-09-28,350000,350000,zillow,https://www.zillow.com/homedetails/870-Allen-Dr-Wooster-OH-44691/35710489_zpid/,listed,,weekly sweep 2026-09-28,
1411 yale ave nw|44703,"1411 Yale Ave NW, Canton, OH 44703",44703,2026-09-28,2026-09-28,149900,149900,zillow,https://www.zillow.com/homedetails/1411-Yale-Ave-NW-Canton-OH-44703/35208706_zpid/,listed,,weekly sweep 2026-09-28,yes
1411 yale nw|44703,"1411 Yale NW, Canton, OH 44703",44703,2026-09-28,2026-09-28,149900,149900,redfin,https://www.redfin.com/OH/Canton/1411-Yale-Ave-NW-44703/home/66583867,listed,,weekly sweep 2026-09-28,
1412 woodland ave nw|44703,"1412 Woodland Ave NW, Canton, OH 44703",44703,2026-09-28,2026-09-28,110000,110000,both,https://www.zillow.com/homedetails/1412-Woodland-Ave-NW-Canton-OH-44703/35198304_zpid/,listed,,weekly sweep 2026-09-28,
15401542 vassar ave nw|44703,"1540-1542 Vassar Ave NW, Canton, OH 44703",44703,2026-09-28,2026-09-28,149900,149900,both,https://www.zillow.com/homedetails/1540-1542-Vassar-Ave-NW-Canton-OH-44703/2069221732_zpid/,listed,,weekly sweep 2026-09-28,
1613 harvard ave nw|44703,"1613 Harvard Ave NW, Canton, OH 44703",44703,2026-09-28,2026-09-28,149900,149900,both,https://www.zillow.com/homedetails/1613-Harvard-Ave-NW-Canton-OH-44703/35195413_zpid/,listed,,weekly sweep 2026-09-28,yes
1719 fulton rd nw|44703,"1719 Fulton Rd NW, Canton, OH 44703",44703,2026-09-28,2026-09-28,249900,249900,zillow,https://www.zillow.com/homedetails/1719-Fulton-Rd-NW-Canton-OH-44703/2076787318_zpid/,listed,,weekly sweep 2026-09-28,
916 6th st nw|44703,"916 6th St NW, Canton, OH 44703",44703,2026-09-28,2026-09-28,134900,134900,both,https://www.zillow.com/homedetails/916-6th-St-NW-Canton-OH-44703/35198708_zpid/,listed,,weekly sweep 2026-09-28,
1435 stark ave sw|44706,"1435 Stark Ave SW, Canton, OH 44706",44706,2026-09-28,2026-09-28,129900,129900,both,https://www.redfin.com/OH/Canton/1435-Stark-Ave-SW-44706/home/75728148,listed,,weekly sweep 2026-09-28,yes
822 marion ave sw|44707,"822 Marion Ave SW, Canton, OH 44707",44707,2026-09-28,2026-09-28,137000,137000,both,https://www.redfin.com/OH/Canton/822-Marion-Ave-SW-44707/home/66594513,listed,,weekly sweep 2026-09-28,
134 broad ave nw|44708,"134 Broad Ave NW, Canton, OH 44708",44708,2026-09-28,2026-09-28,114500,114500,zillow,https://www.zillow.com/homedetails/134-Broad-Ave-NW-Canton-OH-44708/35199713_zpid/,listed,,weekly sweep 2026-09-28,yes
2241 tuscarawas st w|44708,"2241 Tuscarawas St W, Canton, OH 44708",44708,2026-09-28,2026-09-28,264900,264900,both,https://www.redfin.com/OH/Canton/2241-Tuscarawas-St-W-44708/home/205696699,listed,,weekly sweep 2026-09-28,
435 hazlett ave nw|44708,"435 Hazlett Ave NW, Canton, OH 44708",44708,2026-09-28,2026-09-28,90000,90000,both,https://www.redfin.com/OH/Canton/435-Hazlett-Ave-NW-44708/home/66597023,listed,,weekly sweep 2026-09-28,yes
1818 cleveland ave nw|44709,"1818 Cleveland Ave NW, Canton, OH 44709",44709,2026-09-28,2026-09-28,139900,139900,both,https://www.redfin.com/OH/Canton/1818-Cleveland-Ave-NW-44709/home/66591221,listed,,weekly sweep 2026-09-28,yes
2337 38th st nw|44709,"2337 38th St NW, Canton, OH 44709",44709,2026-09-28,2026-09-28,234900,234900,zillow,https://www.zillow.com/homedetails/2337-38th-St-NW-Canton-OH-44709/35280015_zpid/,listed,,weekly sweep 2026-09-28,
206 ingram ave sw|44710,"206 Ingram Ave SW, Canton, OH 44710",44710,2026-09-28,2026-09-28,89900,89900,both,https://www.redfin.com/OH/Canton/206-Ingram-Ave-SW-44710/home/66581731,listed,,weekly sweep 2026-09-28,
3029 7th st sw|44710,"3029 7th St SW, Canton, OH 44710",44710,2026-09-28,2026-09-28,109900,109900,both,https://www.redfin.com/OH/Canton/3029-7th-St-SW-44710/home/75796354,listed,,weekly sweep 2026-09-28,yes
610 wertz ave sw|44710,"610 Wertz Ave SW, Canton, OH 44710",44710,2026-09-28,2026-09-28,108000,108000,both,https://www.redfin.com/OH/Canton/610-Wertz-Ave-SW-44710/home/75772300,listed,,weekly sweep 2026-09-28,yes
832 s main st|44720,"832 S Main St, North Canton, OH 44720",44720,2026-09-28,2026-09-28,695000,695000,both,https://www.zillow.com/homedetails/832-S-Main-St-North-Canton-OH-44720/180117386_zpid/,listed,,weekly sweep 2026-09-28,
206 kilbourne st|44811,"206 Kilbourne St, Bellevue, OH 44811",44811,2026-09-28,2026-09-28,119900,119900,both,https://www.redfin.com/OH/Bellevue/206-Kilbourne-St-44811/home/127224194,listed,,weekly sweep 2026-09-28,yes
307 nw st|44811,"307 Northwest St, Bellevue, OH 44811",44811,2026-09-28,2026-09-28,160000,160000,both,https://www.redfin.com/OH/Bellevue/307-Northwest-St-44811/home/205737765,listed,,weekly sweep 2026-09-28,
603 cr 314|44811,"603 CR 314, Bellevue, OH 44811",44811,2026-09-28,2026-09-28,155000,155000,redfin,https://www.redfin.com/OH/Bellevue/603-County-Road-314-44811/home/127501797,listed,,weekly sweep 2026-09-28,
603 county rd 314|44811,"603 County Road 314, Bellevue, OH 44811",44811,2026-09-28,2026-09-28,155000,155000,zillow,https://www.zillow.com/homedetails/603-County-Road-314-Bellevue-OH-44811/220001400_zpid/,listed,,weekly sweep 2026-09-28,yes
710 e main st|44811,"710 E Main St, Bellevue, OH 44811",44811,2026-09-28,2026-09-28,199900,199900,both,https://www.redfin.com/OH/Bellevue/710-E-Main-St-44811/home/119497532,listed,,weekly sweep 2026-09-28,
10 s old state rd|44857,"10 S Old State Rd, Norwalk, OH 44857",44857,2026-09-28,2026-09-28,169900,169900,both,https://www.zillow.com/homedetails/10-S-Old-State-Rd-Norwalk-OH-44857/34446123_zpid/,listed,,weekly sweep 2026-09-28,
10 walnut st|44857,"10 Walnut St, Norwalk, OH 44857",44857,2026-09-28,2026-09-28,175000,175000,both,https://www.zillow.com/homedetails/10-Walnut-St-Norwalk-OH-44857/34443550_zpid/,listed,,weekly sweep 2026-09-28,yes
12 rule st|44857,"12 Rule St, Norwalk, OH 44857",44857,2026-09-28,2026-09-28,129900,129900,both,https://www.zillow.com/homedetails/12-Rule-St-Norwalk-OH-44857/34445322_zpid/,listed,,weekly sweep 2026-09-28,
167 whittlesey ave|44857,"167 Whittlesey Ave, Norwalk, OH 44857",44857,2026-09-28,2026-09-28,825000,825000,both,https://www.zillow.com/homedetails/167-Whittlesey-Ave-Norwalk-OH-44857/34446483_zpid/,listed,,weekly sweep 2026-09-28,
1111 campbell st|44870,"1111 Campbell St, Sandusky, OH 44870",44870,2026-09-28,2026-09-28,210000,210000,redfin,https://www.redfin.com/OH/Sandusky/1111-Campbell-St-44870/home/117649502,listed,,weekly sweep 2026-09-28,
1330 carr st|44870,"1330 Carr St, Sandusky, OH 44870",44870,2026-09-28,2026-09-28,179900,179900,redfin,https://www.redfin.com/OH/Sandusky/1330-Carr-St-44870/home/117913407,listed,,weekly sweep 2026-09-28,yes
1333 shelby st|44870,"1333 Shelby St, Sandusky, OH 44870",44870,2026-09-28,2026-09-28,209900,209900,both,https://www.redfin.com/OH/Sandusky/1333-Shelby-St-44870/home/117785777,listed,,weekly sweep 2026-09-28,
1501 hayes ave|44870,"1501 Hayes Ave, Sandusky, OH 44870",44870,2026-09-28,2026-09-28,189900,189900,both,https://www.redfin.com/OH/Sandusky/1501-Hayes-Ave-44870/home/202275395,listed,,weekly sweep 2026-09-28,yes
2234 putnam st|44870,"2234 Putnam St, Sandusky, OH 44870",44870,2026-09-28,2026-09-28,399700,399700,both,https://www.redfin.com/OH/Sandusky/2234-Putnam-St-44870/home/117734651,listed,,weekly sweep 2026-09-28,
333 e washington st|44870,"333 E Washington St, Sandusky, OH 44870",44870,2026-09-28,2026-09-28,2650000,2650000,both,https://www.redfin.com/OH/Sandusky/333-E-Washington-St-44870/home/117636979,listed,,weekly sweep 2026-09-28,
5010 campbell st|44870,"5010 Campbell St, Sandusky, OH 44870",44870,2026-09-28,2026-09-28,199900,199900,both,https://www.redfin.com/OH/Sandusky/5010-Campbell-St-44870/home/117596501,listed,,weekly sweep 2026-09-28,yes
519 huron ave|44870,"519 Huron Ave Ave, Sandusky, OH 44870",44870,2026-09-28,2026-09-28,421000,421000,both,https://www.redfin.com/OH/Sandusky/519-Huron-Ave-44870/home/117881857,listed,,weekly sweep 2026-09-28,
801 hayes ave|44870,"801 Hayes Ave, Sandusky, OH 44870",44870,2026-09-28,2026-09-28,749900,749900,both,https://www.redfin.com/OH/Sandusky/801-Hayes-Ave-44870/home/195974076,listed,,weekly sweep 2026-09-28,
831 decatur st|44870,"831 Decatur St, Sandusky, OH 44870",44870,2026-09-28,2026-09-28,259900,259900,both,https://www.redfin.com/OH/Sandusky/831-Decatur-St-44870/home/117783980,listed,,weekly sweep 2026-09-28,
909 first st|44870,"909 First St, Sandusky, OH 44870",44870,2026-09-28,2026-09-28,230000,230000,redfin,https://www.redfin.com/OH/Sandusky/909-First-St-44870/home/117710477,listed,,weekly sweep 2026-09-28,
919 adams st|44870,"919 Adams St, Sandusky, OH 44870",44870,2026-09-28,2026-09-28,137000,137000,zillow,https://www.zillow.com/homedetails/919-Adams-St-Sandusky-OH-44870/33785039_zpid/,listed,,weekly sweep 2026-09-28,
919 w adams st|44870,"919 W Adams St, Sandusky, OH 44870",44870,2026-09-28,2026-09-28,137000,137000,redfin,https://www.redfin.com/OH/Sandusky/919-W-Adams-St-44870/home/117674863,listed,,weekly sweep 2026-09-28,
117121 n maple ave|45324,"117-121 N Maple Ave, Fairborn, OH 45324",45324,2026-09-28,2026-09-28,160000,160000,both,https://www.zillow.com/homedetails/117-121-N-Maple-Ave-Fairborn-OH-45324/462804848_zpid/,listed,,weekly sweep 2026-09-28,yes
1808 stewart blvd|45324,"1808 Stewart Blvd #1810, Fairborn, OH 45324",45324,2026-09-28,2026-09-28,128900,128900,both,https://www.zillow.com/homedetails/1808-Stewart-Blvd-1810-Fairborn-OH-45324/110592369_zpid/,listed,,weekly sweep 2026-09-28,yes
2628 w dayton dr|45324,"26-28 W Dayton Dr #26-28, Fairborn, OH 45324",45324,2026-09-28,2026-09-28,175000,175000,both,https://www.zillow.com/homedetails/26-28-W-Dayton-Dr-26-28-Fairborn-OH-45324/465321757_zpid/,listed,,weekly sweep 2026-09-28,yes
376378 morris dr|45324,"376-378 Morris Dr, Fairborn, OH 45324",45324,2026-09-28,2026-09-28,184900,184900,both,https://www.zillow.com/homedetails/376-378-Morris-Dr-Fairborn-OH-45324/464371156_zpid/,listed,,weekly sweep 2026-09-28,yes
45 s wright ave|45324,"45 S Wright Ave, Fairborn, OH 45324",45324,2026-09-28,2026-09-28,600000,600000,both,https://www.zillow.com/homedetails/45-S-Wright-Ave-Fairborn-OH-45324/2104229478_zpid/,listed,,weekly sweep 2026-09-28,
512 e main st|45331,"512 E Main St, Greenville, OH 45331",45331,2026-09-28,2026-09-28,137000,137000,both,https://www.redfin.com/OH/Greenville/512-E-Main-St-45331/home/71425460,listed,,weekly sweep 2026-09-28,yes
302 e ct st|45365,"302 E Court St, Sidney, OH 45365",45365,2026-09-28,2026-09-28,950000,950000,both,https://www.zillow.com/homedetails/302-E-Court-St-Sidney-OH-45365/2107503661_zpid/,listed,,weekly sweep 2026-09-28,
309 s highland ave|45365,"309 S Highland Ave, Highland, OH 45365",45365,2026-09-28,2026-09-28,240000,240000,both,https://www.zillow.com/homedetails/309-S-Highland-Ave-Highland-OH-45365/331589647_zpid/,listed,,weekly sweep 2026-09-28,
309311 s highland ave|45365,"309-311 S Highland Ave, Sidney, OH 45365",45365,2026-09-28,2026-09-28,240000,240000,zillow,https://www.zillow.com/homedetails/309-311-S-Highland-Ave-Sidney-OH-45365/464766479_zpid/,listed,,weekly sweep 2026-09-28,
1012 marie ave|45405,"10-12 Marie Ave, Dayton, OH 45405",45405,2026-09-28,2026-09-28,185000,185000,redfin,https://www.redfin.com/OH/Dayton/10-Marie-Ave-45405/home/100920249,listed,,weekly sweep 2026-09-28,yes
100108112 e nottingham rd|45405,"100-108-112 E Nottingham Rd, Dayton, OH 45405",45405,2026-09-28,2026-09-28,599900,599900,redfin,https://www.redfin.com/OH/Dayton/100-E-Nottingham-Rd-45405/home/100862534,listed,,weekly sweep 2026-09-28,
112118 bennington dr|45405,"112-118 Bennington Dr, Dayton, OH 45405",45405,2026-09-28,2026-09-28,269500,269500,redfin,https://www.redfin.com/OH/Dayton/112-Bennington-Dr-45405/home/100863631,listed,,weekly sweep 2026-09-28,
11271133 linda vista ave|45405,"1127-1133 Linda Vista Ave, Dayton, OH 45405",45405,2026-09-28,2026-09-28,254900,254900,both,https://www.redfin.com/OH/Dayton/1127-Linda-Vista-Ave-45405/home/100916080,listed,,weekly sweep 2026-09-28,
1155 linda vista ave|45405,"1155 Linda Vista Ave, Dayton, OH 45405",45405,2026-09-28,2026-09-28,225000,225000,redfin,https://www.redfin.com/OH/Dayton/1155-Linda-Vista-Ave-45405/home/100916104,listed,,weekly sweep 2026-09-28,
137 w norman ave|45405,"137 W Norman Ave, Dayton, OH 45405",45405,2026-09-28,2026-09-28,20000,20000,both,https://www.redfin.com/OH/Dayton/137-W-Norman-Ave-45405/home/100916020,listed,,weekly sweep 2026-09-28,
15 ridge ave|45405,"15 Ridge Ave, Dayton, OH 45405",45405,2026-09-28,2026-09-28,265000,265000,redfin,https://www.redfin.com/OH/Dayton/15-Ridge-Ave-45405/home/100914408,listed,,weekly sweep 2026-09-28,
152 santa clara ave|45405,"152 Santa Clara Ave, Dayton, OH 45405",45405,2026-09-28,2026-09-28,264900,264900,redfin,https://www.redfin.com/OH/Dayton/152-Santa-Clara-Ave-45405/home/82891029,listed,,weekly sweep 2026-09-28,
18 redwood ave|45405,"18 Redwood Ave, Dayton, OH 45405",45405,2026-09-28,2026-09-28,169999,169999,both,https://www.redfin.com/OH/Dayton/18-Redwood-Ave-45405/home/75933913,listed,,weekly sweep 2026-09-28,
20 pointview ave|45405,"20 Pointview Ave, Dayton, OH 45405",45405,2026-09-28,2026-09-28,159500,159500,redfin,https://www.redfin.com/OH/Dayton/20-Pointview-Ave-45405/home/75901444,listed,,weekly sweep 2026-09-28,yes
2005 riverside dr|45405,"2005 Riverside Dr, Dayton, OH 45405",45405,2026-09-28,2026-09-28,134900,134900,both,https://www.redfin.com/OH/Dayton/2005-Riverside-Dr-45405/home/100914439,listed,,weekly sweep 2026-09-28,
212 e bruce ave|45405,"212 E Bruce Ave, Dayton, OH 45405",45405,2026-09-28,2026-09-28,259900,259900,redfin,https://www.redfin.com/OH/Dayton/212-E-Bruce-Ave-45405/home/75933483,listed,,weekly sweep 2026-09-28,
2212 n main st|45405,"2212 N Main St, Dayton, OH 45405",45405,2026-09-28,2026-09-28,60000,60000,redfin,https://www.redfin.com/OH/Dayton/2212-N-Main-St-45405/home/102275288,listed,,weekly sweep 2026-09-28,
24 fernwood ave|45405,"24 Fernwood Ave, Dayton, OH 45405",45405,2026-09-28,2026-09-28,245000,245000,redfin,https://www.redfin.com/OH/Dayton/24-Fernwood-Ave-45405/home/82888355,listed,,weekly sweep 2026-09-28,
24 w beechwood ave|45405,"24 W Beechwood Ave, Dayton, OH 45405",45405,2026-09-28,2026-09-28,210000,210000,redfin,https://www.redfin.com/OH/Dayton/24-W-Beechwood-Ave-45405/home/100920006,listed,,weekly sweep 2026-09-28,yes
26622678 n main st|45405,"2662-2678 N Main St, Dayton, OH 45405",45405,2026-09-28,2026-09-28,849900,849900,redfin,https://www.redfin.com/OH/Dayton/2678-N-Main-St-45405/home/194262782,listed,,weekly sweep 2026-09-28,
2921 n main st|45405,"2921 N Main St, Dayton, OH 45405",45405,2026-09-28,2026-09-28,475000,475000,redfin,https://www.redfin.com/OH/Dayton/2921-N-Main-St-45405/home/82894049,listed,,weekly sweep 2026-09-28,
3050 valerie arms dr|45405,"3050 Valerie Arms Dr, Dayton, OH 45405",45405,2026-09-28,2026-09-28,1150000,1150000,redfin,https://www.redfin.com/OH/Dayton/3050-Valerie-Arms-Dr-45405/home/100864287,listed,,weekly sweep 2026-09-28,
3234 waverly ave|45405,"32-34 Waverly Ave Unit 32-34, Dayton, OH 45405",45405,2026-09-28,2026-09-28,169000,169000,redfin,https://www.redfin.com/OH/Dayton/32-Waverly-Ave-45405/unit-32-34/home/204681309,listed,,weekly sweep 2026-09-28,
3303 n main st|45405,"3303 N Main St, Dayton, OH 45405",45405,2026-09-28,2026-09-28,165000,165000,redfin,https://www.redfin.com/OH/Dayton/3303-N-Main-St-45405/home/82741055,listed,,weekly sweep 2026-09-28,yes
3303 riverside dr|45405,"3303 Riverside Dr, Dayton, OH 45405",45405,2026-09-28,2026-09-28,599000,599000,redfin,https://www.redfin.com/OH/Dayton/3303-Riverside-Dr-45405/home/82887303,listed,,weekly sweep 2026-09-28,
337 ryburn ave|45405,"337 Ryburn Ave, Dayton, OH 45405",45405,2026-09-28,2026-09-28,160000,160000,zillow,https://www.zillow.com/homedetails/337-Ryburn-Ave-Dayton-OH-45405/35100516_zpid/,listed,,weekly sweep 2026-09-28,yes
35 vincent st|45405,"35 Vincent St, Dayton, OH 45405",45405,2026-09-28,2026-09-28,135000,135000,redfin,https://www.redfin.com/OH/Dayton/35-Vincent-St-45405/home/100914370,listed,,weekly sweep 2026-09-28,
3841 carroll ave|45405,"3841 Carroll Ave, Dayton, OH 45405",45405,2026-09-28,2026-09-28,249900,249900,redfin,https://www.redfin.com/OH/Dayton/3841-Carroll-Ave-45405/home/75886856,listed,,weekly sweep 2026-09-28,
40 maylan dr|45405,"40 Maylan Dr, Dayton, OH 45405",45405,2026-09-28,2026-09-28,99900,99900,redfin,https://www.redfin.com/OH/Dayton/40-Maylan-Dr-45405/home/201828223,listed,,weekly sweep 2026-09-28,
417 delaware ave|45405,"417 Delaware Ave, Dayton, OH 45405",45405,2026-09-28,2026-09-28,142000,142000,redfin,https://www.redfin.com/OH/Dayton/417-Delaware-Ave-45405/home/100916155,listed,,weekly sweep 2026-09-28,
455 forest ave|45405,"455 Forest Ave, Dayton, OH 45405",45405,2026-09-28,2026-09-28,750000,750000,redfin,https://www.redfin.com/OH/Dayton/455-Forest-Ave-45405/home/82891631,listed,,weekly sweep 2026-09-28,
4822 philadelphia dr|45405,"4822 Philadelphia Dr, Dayton, OH 45405",45405,2026-09-28,2026-09-28,1290000,1290000,redfin,https://www.redfin.com/OH/Dayton/4822-Philadelphia-Dr-45405/home/100862161,listed,,weekly sweep 2026-09-28,
51 vincent st|45405,"51 Vincent St, Dayton, OH 45405",45405,2026-09-28,2026-09-28,40000,40000,redfin,https://www.redfin.com/OH/Dayton/51-Vincent-St-45405/home/100914362,listed,,weekly sweep 2026-09-28,
53 bennington dr|45405,"53 Bennington Dr, Dayton, OH 45405",45405,2026-09-28,2026-09-28,289900,289900,redfin,https://www.redfin.com/OH/Dayton/53-Bennington-Dr-45405/home/100863608,listed,,weekly sweep 2026-09-28,
58 w nottingham rd|45405,"58 W Nottingham Rd, Dayton, OH 45405",45405,2026-09-28,2026-09-28,239000,239000,redfin,https://www.redfin.com/OH/Dayton/58-W-Nottingham-Rd-45405/home/100863610,listed,,weekly sweep 2026-09-28,
603 rockford ave|45405,"603 Rockford Ave, Dayton, OH 45405",45405,2026-09-28,2026-09-28,230900,230900,both,https://www.redfin.com/OH/Dayton/603-Rockford-Ave-45405/home/82887704,listed,,weekly sweep 2026-09-28,
61 drake ave|45405,"61 Drake Ave, Dayton, OH 45405",45405,2026-09-28,2026-09-28,99000,99000,both,https://www.redfin.com/OH/Dayton/61-Drake-Ave-45405/home/75963305,listed,,weekly sweep 2026-09-28,
611613 delaware ave|45405,"611-613 Delaware Ave, Dayton, OH 45405",45405,2026-09-28,2026-09-28,252900,252900,both,https://www.redfin.com/OH/Dayton/613-Delaware-Ave-45405/home/200819106,listed,,weekly sweep 2026-09-28,
643 rockford ave|45405,"643 Rockford Ave, Dayton, OH 45405",45405,2026-09-28,2026-09-28,59000,59000,both,https://www.redfin.com/OH/Dayton/643-Rockford-Ave-45405/home/100915599,listed,,weekly sweep 2026-09-28,
73 pointview ave|45405,"73 Pointview Ave, Dayton, OH 45405",45405,2026-09-28,2026-09-28,95000,95000,redfin,https://www.redfin.com/OH/Dayton/75-Pointview-Ave-45405/home/193869691,listed,,weekly sweep 2026-09-28,
97 99 fernwood ave|45405,"97 99 Fernwood Ave, Dayton, OH 45405",45405,2026-09-28,2026-09-28,50000,50000,redfin,https://www.redfin.com/OH/Dayton/97-Fernwood-Ave-45405/home/100914975,listed,,weekly sweep 2026-09-28,
18631865 emerson ave|45406,"1863-1865 Emerson Ave, Dayton, OH 45406",45406,2026-09-28,2026-09-28,148000,148000,both,https://www.redfin.com/OH/Dayton/1863-Emerson-Ave-45406/home/75945404,listed,,weekly sweep 2026-09-28,yes
1967 rugby rd|45406,"1967 Rugby Rd, Dayton, OH 45406",45406,2026-09-28,2026-09-28,144900,144900,both,https://www.redfin.com/OH/Dayton/1967-Rugby-Rd-45406/home/100920645,listed,,weekly sweep 2026-09-28,yes
2010 auburn ave|45406,"2010 Auburn Ave, Dayton, OH 45406",45406,2026-09-28,2026-09-28,239000,239000,redfin,https://www.redfin.com/OH/Dayton/2010-Auburn-Ave-45406/home/82889664,listed,,weekly sweep 2026-09-28,
2039 emerson ave|45406,"2039 Emerson Ave, Dayton, OH 45406",45406,2026-09-28,2026-09-28,485000,485000,both,https://www.redfin.com/OH/Dayton/2039-Emerson-Ave-45406/home/82887513,listed,,weekly sweep 2026-09-28,
2616 n gettysburg ave|45406,"2616 N Gettysburg Ave, Dayton, OH 45406",45406,2026-09-28,2026-09-28,155000,155000,both,https://www.redfin.com/OH/Dayton/2616-N-Gettysburg-Ave-45406/home/82892460,listed,,weekly sweep 2026-09-28,
3936 lori sue ave|45406,"3936 Lori Sue Ave, Dayton, OH 45406",45406,2026-09-28,2026-09-28,393000,393000,both,https://www.redfin.com/OH/Dayton/3936-Lori-Sue-Ave-45406/home/75965344,listed,,weekly sweep 2026-09-28,
3943 necco ave|45406,"3943 Necco Ave, Dayton, OH 45406",45406,2026-09-28,2026-09-28,225000,225000,both,https://www.redfin.com/OH/Dayton/3943-Necco-Ave-45406/home/75934605,listed,,weekly sweep 2026-09-28,
817 harvard blvd|45406,"817 Harvard Blvd, Dayton, OH 45406",45406,2026-09-28,2026-09-28,69900,69900,both,https://www.redfin.com/OH/Dayton/817-Harvard-Blvd-45406/home/75994194,listed,,weekly sweep 2026-09-28,
821823 neal ave|45406,"821-823 Neal Ave, Dayton, OH 45406",45406,2026-09-28,2026-09-28,147000,147000,both,https://www.redfin.com/OH/Dayton/821-Neal-Ave-45406/home/100915147,listed,,weekly sweep 2026-09-28,yes
910 harvard blvd|45406,"910 Harvard Blvd #908, Dayton, OH 45406",45406,2026-09-28,2026-09-28,50000,50000,both,https://www.redfin.com/OH/Dayton/910-Harvard-Blvd-45406/unit-908/home/199762469,listed,,weekly sweep 2026-09-28,
1914 king ave|45420,"1914 King Ave, Dayton, OH 45420",45420,2026-09-28,2026-09-28,160000,160000,both,https://www.redfin.com/OH/Dayton/1914-King-Ave-45420/home/100925590,listed,,weekly sweep 2026-09-28,
1511 willamet rd|45429,"1511 Willamet Rd, Dayton, OH 45429",45429,2026-09-28,2026-09-28,335000,335000,both,https://www.redfin.com/OH/Dayton/1511-Willamet-Rd-45429/home/100892476,listed,,weekly sweep 2026-09-28,
1830 roslyn ave|45429,"1830 Roslyn Ave, Dayton, OH 45429",45429,2026-09-28,2026-09-28,485000,485000,both,https://www.redfin.com/OH/Dayton/1830-Roslyn-Ave-45429/home/100891133,listed,,weekly sweep 2026-09-28,
3217 wilmington pike|45429,"3217 Wilmington Pike, Dayton, OH 45429",45429,2026-09-28,2026-09-28,1590000,1590000,both,https://www.redfin.com/OH/Dayton/3217-Wilmington-Pike-45429/home/100892990,listed,,weekly sweep 2026-09-28,
1407 minstrel dr|45449,"1407 Minstrel Dr, Dayton, OH 45449",45449,2026-09-28,2026-09-28,335000,335000,both,https://www.redfin.com/OH/Dayton/1407-Minstrel-Dr-45449/home/100881134,listed,,weekly sweep 2026-09-28,
1143 cedarview dr|45503,"1143 Cedarview Dr, Springfield, OH 45503",45503,2026-09-28,2026-09-28,163500,163500,redfin,https://www.redfin.com/OH/Springfield/1143-Cedarview-Dr-45503/home/100606472,listed,,weekly sweep 2026-09-28,yes
1223 lagonda ave|45503,"1223 Lagonda Ave, Springfield, OH 45503",45503,2026-09-28,2026-09-28,99900,99900,both,https://www.redfin.com/OH/Springfield/1223-Lagonda-Ave-45503/home/75427126,listed,,weekly sweep 2026-09-28,
13091311 w cedarview dr|45503,"1309-1311 W Cedarview Dr, Springfield, OH 45503",45503,2026-09-28,2026-09-28,188900,188900,both,https://www.redfin.com/OH/Springfield/1309-Cedarview-Dr-W-45503/home/75427221,listed,,weekly sweep 2026-09-28,
1832 warder st|45503,"1832 Warder St, Springfield, OH 45503",45503,2026-09-28,2026-09-28,154900,154900,both,https://www.redfin.com/OH/Springfield/1832-Warder-St-45503/home/75433521,listed,,weekly sweep 2026-09-28,yes
21 lagonda ave|45503,"21 Lagonda Ave, Springfield, OH 45503",45503,2026-09-28,2026-09-28,85000,85000,both,https://www.redfin.com/OH/Springfield/21-Lagonda-Ave-45503/home/75440003,listed,,weekly sweep 2026-09-28,yes
24082414 red coach dr|45503,"2408-2414 Red Coach Dr, Springfield, OH 45503",45503,2026-09-28,2026-09-28,349900,349900,zillow,https://www.zillow.com/homedetails/2408-2414-Red-Coach-Dr-Springfield-OH-45503/2069510563_zpid/,listed,,weekly sweep 2026-09-28,
306308 e northern ave|45503,"306-308 E Northern Ave, Springfield, OH 45503",45503,2026-09-28,2026-09-28,99900,99900,both,https://www.redfin.com/OH/Springfield/306-308-E-Northern-Ave-45503/home/202105011,listed,,weekly sweep 2026-09-28,yes
457459 e madison ave|45503,"457-459 E Madison Ave, Springfield, OH 45503",45503,2026-09-28,2026-09-28,185000,185000,both,https://www.redfin.com/OH/Springfield/457-459-E-Madison-Ave-45503/home/202348361,listed,,weekly sweep 2026-09-28,
509511 e northern ave|45503,"509-511 E Northern Ave, Springfield, OH 45503",45503,2026-09-28,2026-09-28,175000,175000,both,https://www.redfin.com/OH/Springfield/509-511-E-Northern-Ave-45503/home/202369561,listed,,weekly sweep 2026-09-28,yes
557559 e madison ave|45503,"557-559 E Madison Ave, Springfield, OH 45503",45503,2026-09-28,2026-09-28,185000,185000,redfin,https://www.redfin.com/OH/Springfield/557-559-E-Madison-Ave-45503/home/202348362,listed,,weekly sweep 2026-09-28,
979 lagonda ave|45503,"979 Lagonda Ave, Springfield, OH 45503",45503,2026-09-28,2026-09-28,100000,100000,zillow,https://www.zillow.com/homedetails/979-Lagonda-Ave-Springfield-OH-45503/33319653_zpid/,listed,,weekly sweep 2026-09-28,yes
