i,address,price,status,event,score,coc_6.75,dscr,novice,crime,drive_wb,drive_ec,flood,historic,why,note,url
w38,"426 Washington Ave, Huntington, WV 25701",40000,ACTIVE (for sale),weekly sweep 2026-09-28 ENTRANT UNREVIEWED [pitt],55.9,62.4,4.34,"YELLOW: no usable photo (the Zillow page returned only navigation text on three fetches); unit count, condition and legal status unverified; graded YELLOW so the row reaches review, not as a condition read (9/28)","R .87 D- / A .99 F / B .95 F / V .93 F; M F, D D (9/30)",6.78,,,,YELLOW -4; crime R .87 D- -2.0; drive 6.78h tier B -0.5; zip letter D+ retired 9/30,"UNVERIFIED: the Zillow detail page returned only navigation text on three fetches, so there is no photo, no remarks and no status detail; unit count, condition and legal status all unverified; graded YELLOW only so the row reaches Najum's review, not as a condition finding; 25701 crime D+",https://www.zillow.com/homedetails/426-Washington-Ave-Huntington-WV-25701/22402022_zpid/
w37,"321-323 Slack St, Steubenville, OH 43952",27500,ACTIVE (for sale),weekly sweep 2026-09-28 ENTRANT UNREVIEWED [pitt],50.7,57.7,4.09,"YELLOW: C4 on the one listing photo; $27,500 with no condition statement, so heavy deferred maintenance is implied and every system needs an inspection, a sewer scope and written bids (9/28)","R .93 F / A .86 D- / B .90 D- / V .81 D; M F, D B (9/30)",7.22,,1,,YELLOW -4; drive 7.22h tier B -0.5; crime R .93 F -2.5; zip letter C- retired 9/30,"YELLOW: $27,500 with no condition statement, so heavy deferred maintenance is implied and every system needs an inspection, a sewer scope and written bids; the Sep 2025 'Sold $290,000' in the history is a portfolio transfer to verify; downtown Steubenville off State Route 7; 43952 crime C-",https://www.redfin.com/OH/Steubenville/321-Slack-St-43952/home/120109839
w40,"713 Mcmillen St, Johnstown, PA 15902",24900,ACTIVE (for sale),weekly sweep 2026-09-28 ENTRANT UNREVIEWED [pitt],32.0,37.5,3.01,"YELLOW: C4 on the one listing photo; pre-1980 with no renovation evidence, overgrown shrub over the porch (9/28)","R .74 D+ / A .90 D- / B .86 D- / V .60 C; M D, D B- (9/30)",5.56,,1,,YELLOW -4; drive 5.56h tier B -0.5; crime R .74 D+ -1.0; zip letter B- retired 9/30,"YELLOW: pre-1980 with no renovation evidence, overgrown shrub over the porch; Redfin shows $1,666 a year of taxes on a $24,900 price (6.7%), which the rate-times-price tax line understates; 15902 crime B-",https://www.redfin.com/PA/Johnstown/713-McMillen-St-15902/home/118079489
w10,"276 Harry L Dr Dr, Johnson City, NY 13790",100000,ACTIVE (for sale),weekly sweep 2026-09-28 ENTRANT UNREVIEWED [phila],32.3,36.8,2.97,"YELLOW: C4 on the one listing photo; 1910 build with worn porch paint and older shingle siding, no renovation evidence (9/28)","R .27 B+ / A .30 B+ / B .90 D- / V .50 C+; M D+, D B (9/30)",7.89,,1,,YELLOW -4; drive 7.89h tier B -0.5; zip letter C- retired 9/30,"YELLOW: 1910 build with worn porch paint and older shingle siding, no renovation evidence; no RED item visible; the stated $2,750 rent (2.75% of price) looks high for two 2-bed units in Johnson City and needs leases; Redfin history shows a $185,000 sale on 1/29/2026 while listed at $119,900, which r",https://www.redfin.com/NY/Johnson-City/276-Harry-L-Dr-13790/home/114524447
w39,"313-315 Village St, Johnstown, PA 15902",42500,ACTIVE (for sale),weekly sweep 2026-09-28 ENTRANT UNREVIEWED [pitt],29.2,35.1,2.88,"YELLOW: C4 on the one listing photo; documented updates (newer metal roof and 22 windows with transferable warranties, new front porch, updated panel on 315 only, partial bath remodel) ... (9/28)","R .78 D / A .80 D / B .95 F / V .34 B; M D+, D C- (9/30)",5.56,,1,,YELLOW -4; drive 5.56h tier B -0.5; crime R .78 D -1.4; zip letter B- retired 9/30,"YELLOW: documented updates (newer metal roof and 22 windows with transferable warranties, new front porch, updated panel on 315 only, partial bath remodel) but both units are vacant and the porch railing is unfinished in the photo, so finish scope and rent-up need bids; 15902 crime B-",https://www.redfin.com/PA/Johnstown/315-Village-St-15902/home/118315330
w43,"227 Munson Ave, Mc Kees Rocks, PA 15136",55800,ACTIVE (for sale),weekly sweep 2026-09-28 ENTRANT UNREVIEWED [pitt],28.4,36.1,2.93,"YELLOW: C4 on the one listing photo; Redfin flood factor 9 (Chartiers Creek, McKees Rocks), which costs a score point and flood insurance (9/28)","R .89 D- / A .93 F / B .94 F / V .95 F; M D-, D F (9/30)",6.65,,9,,YELLOW -4; drive 6.65h tier B -0.5; flood 9 -1; crime R .89 D- -2.2; zip letter C- retired 9/30,"YELLOW: Redfin flood factor 9 (Chartiers Creek, McKees Rocks), which costs a score point and flood insurance; upstairs unit 'requires some work'; no gas service; roof 2016; 15136 crime C-",https://www.redfin.com/PA/Mc-Kees-Rocks/227-Munson-Ave-15136/home/74726770
w114,"704 Baker St, Cumberland, MD 21502",70000,ACTIVE (for sale),weekly sweep 2026-09-30 ENTRANT UNREVIEWED [pitt],27.7,33.6,2.8,"YELLOW: C4 on the one listing photo; Built 1900, no renovation evidence; rents $800 and $750 stated (9/30)","R .78 D / A .80 D / B .93 F / V .90 D-; M D+, D D- (9/30)",4.65,,1,,YELLOW -4; crime R .78 D -1.4; drive 4.65h tier A -0.5; [MD flag: Renters' Rights and Stabilization Act 2024]; zip letter D retired 9/30,"[Renters' Rights and Stabilization Act 2024: tenant right of first refusal on sale of rentals with three or fewer units] Built 1900, no renovation evidence; rents $800 and $750 stated; Maryland property",https://www.redfin.com/MD/Cumberland/704-Baker-St-21502/home/14710533
w42,"822 Lamont St, Mc Kees Rocks, PA 15136",59000,ACTIVE (for sale),weekly sweep 2026-09-28 ENTRANT UNREVIEWED [pitt],26.3,32.5,2.74,"YELLOW: C4 on the one listing photo; small cottage with a fallen fence section and yard debris in the photo, no condition statement (9/28)","R .82 D / A .86 D- / B .93 F / V .95 F; M D-, D C (9/30)",6.65,,1,,YELLOW -4; drive 6.65h tier B -0.5; crime R .82 D -1.7; zip letter C- retired 9/30,"YELLOW: small cottage with a fallen fence section and yard debris in the photo, no condition statement; verify that the second unit is a permitted dwelling unit; last sale $7,000 in 2013; 15136 crime C-",https://www.redfin.com/PA/Mc-Kees-Rocks/822-Lamont-St-15136/home/74723907
w45,"509 Transverse Ave, Pittsburgh, PA 15210",80000,ACTIVE (for sale),weekly sweep 2026-09-28 ENTRANT UNREVIEWED [pitt],23.6,30.0,2.61,"YELLOW: C4 on the one listing photo; pre-1980 brick with no renovation evidence, tenanted, sold as-is (9/28)","R .86 D- / A .82 D / B .98 F / V .84 D; M D-, D D- (9/30)",6.6,,1,,YELLOW -4; drive 6.6h tier B -0.5; crime R .86 D- -1.9; zip letter C- retired 9/30,"YELLOW: pre-1980 brick with no renovation evidence, tenanted, sold as-is; owner pays water and sewer; 15210 crime C-",https://www.redfin.com/PA/Pittsburgh/509-Transverse-Ave-15210/home/74590525
w46,"530/532 Woodside Ave, Cumberland, MD 21502",57000,ACTIVE (for sale),weekly sweep 2026-09-28 ENTRANT UNREVIEWED [pitt],25.4,30.6,2.64,"YELLOW: C4 on the one listing photo; 'investor special', block foundation with a rough stoop, one upstairs window open, no interior evidence (9/28)","R .69 D+ / A .77 D / B .90 D- / V .79 D; M C, D D (9/30)",4.65,,,,YELLOW -4; crime R .69 D+ -0.7; drive 4.65h tier A -0.5; [MD flag: Renters' Rights and Stabilization Act 2024]; zip letter D retired 9/30,"[Renters' Rights and Stabilization Act 2024: tenant right of first refusal on sale of rentals with three or fewer units] YELLOW: 'investor special', block foundation with a rough stoop, one upstairs window open, no interior evidence; Maryland right-of-first-refusal flag applies to a tenanted sale; 2",https://www.zillow.com/homedetails/530-532-Woodside-Ave-Cumberland-MD-21502/458974345_zpid/
w50,"806 Lynn St, Parkersburg, WV 26101",49900,ACTIVE (for sale),weekly sweep 2026-09-28 ENTRANT UNREVIEWED [pitt],21.8,26.3,2.41,"YELLOW: C4 on the one listing photo; rusticated concrete-block 2-story, an upstairs window covered with cardboard or paper in the photo, metal awning (9/28)","R .52 C+ / A .93 F / B .87 D- / V .96 F; M D-, D D (9/30)",7.05,,,,YELLOW -4; drive 7.05h tier B -0.5; zip letter C- retired 9/30,"YELLOW: rusticated concrete-block 2-story, an upstairs window covered with cardboard or paper in the photo, metal awning; no interior evidence; tiny lot with no parking; 26101 crime C-",https://www.redfin.com/WV/Parkersburg/806-Lynn-St-26101/home/128570579
w44,"1500 Grandview Ave, McKeesport, PA 15132",55000,ACTIVE (for sale),weekly sweep 2026-09-28 ENTRANT UNREVIEWED [pitt],15.3,22.3,2.19,"YELLOW: C4 on the one listing photo; roof shows moss and dark staining (age; an insurance issue under file 08), otherwise intact (9/28)","R .93 F / A .98 F / B .98 F / V .86 D-; M F, D D (9/30)",6.35,,,,YELLOW -4; crime R .93 F -2.5; drive 6.35h tier B -0.5; zip letter D retired 9/30,"YELLOW: roof shows moss and dark staining (age; an insurance issue under file 08), otherwise intact; verify the second-floor unit is a permitted unit; 15132 crime D",https://www.zillow.com/homedetails/1500-Grandview-Ave-McKeesport-PA-15132/11462872_zpid/
w11,"613 Walnut St, Elmira, NY 14901",64500,ACTIVE (for sale),"weekly sweep 2026-09-28 ENTRANT UNREVIEWED [phila] | price cut $69,000 -> $64,500 (2026-09-30; was: ACTIVE (for sale))",16.4,20.9,2.12,"YELLOW: C3 on the one listing photo; 1900 build with no renovation evidence; the only exterior image carries an 'AI generated content' watermark, so the tidy appearance could not be trusted and condition is unverified (9/28)","R .36 B / A .61 C / B .86 D- / V .28 B+; M C+, D A+ (9/30)",7.84,,1,,YELLOW -4; crime R .36 B 0; drive 7.84h tier B -0.5; zip letter D retired 9/30,"YELLOW: 1900 build with no renovation evidence; the only exterior image carries an 'AI generated content' watermark, so the tidy appearance could not be trusted and condition is unverified; unit count from the remarks",https://www.redfin.com/NY/Elmira/613-Walnut-St-14901/home/120252210
w54,"422 E Division St, New Castle, PA 16101",59500,ACTIVE (for sale),weekly sweep 2026-09-28 ENTRANT UNREVIEWED [pitt],13.0,19.3,2.03,"YELLOW: C4 on the one listing photo; no condition statement or renovation evidence, occupied and tidy in the photo (9/28)","R .84 D / A .76 D+ / B .86 D- / V .69 D+; M D, D C+ (9/30)",7.18,,1,,YELLOW -4; drive 7.18h tier B -0.5; crime R .84 D -1.8; zip letter B retired 9/30,"YELLOW: no condition statement or renovation evidence, occupied and tidy in the photo; the Feb 2022 'Sold $804,000' is a portfolio transfer; 16101 crime B",https://www.redfin.com/PA/New-Castle/422-E-Division-St-16101/home/73596861
w48,"604-606 Highland Ave, Johnstown, PA 15902",64999,ACTIVE (for sale),weekly sweep 2026-09-28 ENTRANT UNREVIEWED [pitt],12.4,18.3,1.98,"YELLOW: C4 on the one listing photo; the vacant side 'needs repairs and renovation' of unstated scope, which must be bid before the due-diligence deadline (9/28)","R .78 D / A .80 D / B .95 F / V .34 B; M D+, D C- (9/30)",5.56,,1,,YELLOW -4; drive 5.56h tier B -0.5; crime R .78 D -1.4; zip letter B- retired 9/30,"YELLOW: the vacant side 'needs repairs and renovation' of unstated scope, which must be bid before the due-diligence deadline; bought Jun 2025 for $12,500 and relisted after remodeling one side; 15902 crime B-",https://www.redfin.com/PA/Johnstown/604-606-Highland-Ave-15902/home/195271637
w116,"3536-3538 Orchard St, Weirton, WV 26062",124900,ACTIVE (for sale),weekly sweep 2026-09-30 ENTRANT UNREVIEWED [pitt],13.1,17.6,1.94,"YELLOW: C4 on the one listing photo; Built 1925, no renovation evidence; rent $2,150 a month total stated (9/30)",zip B retired 9/30; block maps needed,7.25,,1,,YELLOW -4; drive 7.25h tier B -0.5,"Built 1925, no renovation evidence; rent $2,150 a month total stated; went contingent then relisted in July",https://www.redfin.com/WV/Weirton/3536-3538-Orchard-St-26062/home/192229812
w41,"106-108 Messenger St, Johnstown, PA 15902",39000,ACTIVE (for sale),weekly sweep 2026-09-28 ENTRANT UNREVIEWED [pitt],10.8,17.1,1.91,"YELLOW: C4 on the one listing photo; 'handyman special' sold strictly as-is; plumbing and heating repaired and utilities working per owner, some flooring and paint done (9/28)","R .84 D / A .90 D- / B .95 F / V .69 D+; M D+, D C (9/30)",5.56,,1,,YELLOW -4; drive 5.56h tier B -0.5; crime R .84 D -1.8; zip letter B- retired 9/30,"YELLOW: 'handyman special' sold strictly as-is; plumbing and heating repaired and utilities working per owner, some flooring and paint done; buyer must obtain the Johnstown sewer lateral certification; scope needs written bids; 15902 crime B-",https://www.redfin.com/PA/Johnstown/108-Messenger-St-15902/home/117992765
w57,"750 Quincy St, Parkersburg, WV 26101",70000,ACTIVE (for sale),weekly sweep 2026-09-28 ENTRANT UNREVIEWED [pitt],9.5,16.9,1.9,"YELLOW: C4 on the one listing photo; porch roof fascia and trim deteriorating and vines on the walls in the photo, pre-1980 with partial updates (9/28)","R .99 F / A .99 F / B .99 F / V .99 F; M F, D F (9/30)",7.05,,1,,YELLOW -4; drive 7.05h tier B -0.5; crime R .99 F -2.9; zip letter C- retired 9/30,"YELLOW: porch roof fascia and trim deteriorating and vines on the walls in the photo, pre-1980 with partial updates; 26101 crime C-",https://www.redfin.com/WV/Parkersburg/750-Quincy-St-26101/home/128451048
w83,"4902 Kershaw St, Philadelphia, PA 19131",110000,ACTIVE (for sale),weekly sweep 2026-09-29 ENTRANT UNREVIEWED [phila],9.9,13.3,1.71,"GREEN-verify: C3 on the one listing photo; Updated-modern claim is undocumented, verify renovation scope and Philadelphia rental license (9/29)","R .98 F / A .96 F / B .99 F / V .99 F; M F, D F (9/30)",5.22,,,,"crime R .98 F -2.9; drive 5.22h tier A -0.5; [PA flag: Rental License, Certificate of Rental Suitability, lead-safe certification, Eviction Diversion 30-day wait]; zip letter D+ retired 9/30","[Rental License, Certificate of Rental Suitability, lead-safe certification, Eviction Diversion 30-day wait] Updated-modern claim is undocumented, verify renovation scope and Philadelphia rental license; studios rent low",https://www.zillow.com/homedetails/4902-Kershaw-St-Philadelphia-PA-19131/165310255_zpid/
w56,"934 Ridge St, Mc Kees Rocks, PA 15136",89900,ACTIVE (for sale),weekly sweep 2026-09-28 ENTRANT UNREVIEWED [pitt],9.9,16.2,1.87,"YELLOW: C4 on the one listing photo; peeling porch columns, worn wood stairs, no renovation evidence (9/28)","R .84 D / A .90 D- / B .90 D- / V .89 D-; M D-, D C- (9/30)",6.65,,1,,YELLOW -4; drive 6.65h tier B -0.5; crime R .84 D -1.8; zip letter C- retired 9/30,"YELLOW: peeling porch columns, worn wood stairs, no renovation evidence; cut from $115,000 to $89,900 over four months; 15136 crime C-",https://www.redfin.com/PA/Mc-Kees-Rocks/934-Ridge-Ave-15136/home/74723466
w55,"811 10th St, Mc Kees Rocks, PA 15136",89900,ACTIVE (for sale),weekly sweep 2026-09-28 ENTRANT UNREVIEWED [pitt],9.7,16.0,1.85,"YELLOW: C4 on the one listing photo; aluminum siding streaked with rust and soot, old metal awning, rusted fence (9/28)","R .84 D / A .90 D- / B .90 D- / V .89 D-; M D-, D C- (9/30)",6.65,,1,,YELLOW -4; drive 6.65h tier B -0.5; crime R .84 D -1.8; zip letter C- retired 9/30,"YELLOW: aluminum siding streaked with rust and soot, old metal awning, rusted fence; cut from $107,000 to $89,900 over five months; 15136 crime C-",https://www.redfin.com/PA/Mc-Kees-Rocks/811-10th-St-15136/home/74723422
w12,"47 Lydia St, Binghamton, NY 13905",80000,ACTIVE (for sale),weekly sweep 2026-09-28 ENTRANT UNREVIEWED [phila],10.5,15.3,1.82,"YELLOW: C4 on the one listing photo; 1900 build, no renovation evidence beyond vinyl siding and new brick steps, garage needs work (9/28)","R .64 C- / A .90 D- / B .93 F / V .47 C+; M D-, D B- (9/30)",7.86,,,,YELLOW -4; drive 7.86h tier B -0.5; [NY flag: Good Cause Eviction opted in 2025-04-02; rent increases above the lower of 10% or CPI + 5% presumptively unreasonable]; crime R .64 C- -0.3; zip letter C retired 9/30,"[Good Cause Eviction opted in 2025-04-02; rent increases above the lower of 10% or CPI + 5% presumptively unreasonable] YELLOW: 1900 build, no renovation evidence beyond vinyl siding and new brick steps, garage needs work; no RED item visible; Zillow listing so days on market and flood factor were n",https://www.zillow.com/homedetails/47-Lydia-St-Binghamton-NY-13905/29719019_zpid/
w60,"1992 Starr Ave, Toledo, OH 43605",74900,ACTIVE (for sale),weekly sweep 2026-09-28 ENTRANT UNREVIEWED [ohio],10.0,17.0,1.91,YELLOW: C3 on the one listing photo; built 1904 with no renovation documented (re-sided) (9/28),"R .93 F / A .74 D+ / B .85 D / V .89 D-; M D, D D+ (9/30)",9.94,,1,,YELLOW -4; crime R .93 F -2.5; drive 9.94h tier C -0.5; zip letter D- retired 9/30,YELLOW: C3 but built 1904 with no renovation documented (re-sided); rents not stated; unit count unverified (Redfin facts read as a 2bd/1ba single); went contingent in June and was relisted in August; same agent as 1996 Starr; East Toledo 43605 crime D-,https://www.redfin.com/OH/Toledo/1992-Starr-Ave-43605/home/122339124
1,"118 & 120 S Poplar St, Winston Salem, NC 27101",225000,ACTIVE (for sale),Listed 9/3,11.5,19.5,1.95,"RED: tarped chimney, stair-step foundation crack and porch rot, each a file 08 RED item; C3 finishes, built 1938 (19 MLS frames, 9/15; advisory 33)","R .87 D- / A .96 F / B .98 F / V .93 F; M D-, D D- (9/30)",4.6,4.8,1,,YELLOW -4; crime R .87 D- -2.0; drive 4.6h -2; zip letter F retired 9/30,"9/15: RED under file 08 (tarped chimney, stair-step foundation crack, porch rot); LI zoning; Holly Ave HD; close row.",https://www.redfin.com/NC/Winston-Salem/118-S-Poplar-St-27101/home/94861867
w14,"372 Diven Ave, Elmira, NY 14901",89900,ACTIVE (for sale),weekly sweep 2026-09-28 ENTRANT UNREVIEWED [phila],9.6,11.9,1.64,"GREEN-verify: C3 on the one listing photo; remarks claim a gut renovation (new drywall, replaced electric and plumbing, all windows within 3 years, water heaters 2024-2025, insulated walls); needs permits and receipts to confirm (9/28)","R .85 D / A .90 D- / B .96 F / V .50 C+; M D+, D D+ (9/30)",7.84,,3,,crime R .85 D -1.8; drive 7.84h tier B -0.5; zip letter D retired 9/30,"GREEN-verify: remarks claim a gut renovation (new drywall, replaced electric and plumbing, all windows within 3 years, water heaters 2024-2025, insulated walls); needs permits and receipts to confirm; exterior shows peeling paint on window trim and older shingle siding (cosmetic, lead-safe rules for",https://www.redfin.com/NY/Elmira/372-Diven-Ave-14901/home/120391085
w49,"708 Lookout Ave, Charleroi, PA 15022",70000,ACTIVE (for sale),weekly sweep 2026-09-28 ENTRANT UNREVIEWED [pitt],9.6,14.5,1.78,YELLOW: C4 on the one listing photo; the second unit is a basement apartment (verify legal egress and permits) (9/28),"R .66 C- / A .78 D / B .74 D+ / V .31 B; M D+, D B- (9/30)",6.19,,1,,YELLOW -4; drive 6.19h tier B -0.5; crime R .66 C- -0.4; zip letter C+ retired 9/30,"YELLOW: the second unit is a basement apartment (verify legal egress and permits); heavy dark staining on the upper siding and an open upper window in the photo; flipped four times since 2019 ($5,000 to $60,000); 15022 crime C+",https://www.redfin.com/PA/Charleroi/708-Lookout-Ave-15022/home/70047629
r4,"1114 Lafayette Blvd NW, Roanoke, VA 24017",172450,ACTIVE (for sale),round 4 entrant 2026-09-11,13.0,15.0,1.8,"YELLOW: C4 in 20 MLS frames; no cooling, electric baseboard upstairs, two rear openings boarded, lead paint presumed; the 9/9 GREEN-verify rested on the remarks' renovation claim, not on the frames (9/15)","R .60 C / A .90 D- / B .89 D- / V .99 F; M C, D C+ (9/30)",3.8,,1,,GREEN-verify 0; crime R .60 C 0; drive 3.8h -2; zip letter F retired 9/30,"9/15: owner-paid corrected $4,646 -> $2,415 (seller opex double-counted maintenance/other): CoC 6.3%, DSCR 1.34, 8% price $162K/$154K; written offer $155-160K. Inside the Roanoke NORTHWEST rental inspection district (CoC 4 years, $25). | GREEN, verify renovation: upgraded electrical wiring, new architectural shingles, fresh paint in and out, LVP floors; January survivor relisted, price cut $1,250 on 8/31; twin listing 1202 Melrose Ave | rent basis: tract median x 2",https://www.redfin.com/VA/Roanoke/1114-Lafayette-Blvd-NW-24017/home/131345629
w47,"509-511 Naylor Rd, Johnstown, PA 15906",79900,ACTIVE (status unverified),weekly sweep 2026-09-28 ENTRANT UNREVIEWED [pitt],9.7,10.2,1.54,"GREEN-verify: C3 on the one listing photo; 'has been updated' with new doors, roof and landscaping visible; verify the update scope, oil-tank age and insurance (9/28)","R .12 A / A .40 B- / B .04 A+ / V .20 A-; M D+, D A (9/30)",5.7,,,,drive 5.7h tier B -0.5; zip letter B- retired 9/30,"GREEN-verify: 'has been updated' with new doors, roof and landscaping visible; verify the update scope, oil-tank age and insurance; status shows UNKNOWN on Zillow (Redfin twin not fetched); 15906 crime B-",https://www.zillow.com/homedetails/509-511-Naylor-Rd-Johnstown-PA-15906/465108691_zpid/
w63,"11910 Chesterfield Ave, Cleveland, OH 44108",59900,ACTIVE (for sale),weekly sweep 2026-09-28 ENTRANT UNREVIEWED [ohio],9.3,16.7,1.89,"YELLOW: C4 on the one listing photo; 'Interior and exterior repairs and updates are needed', sold as-is, scope unstated (9/28)","R .98 F / A .99 F / B .99 F / V .98 F; M F, D F (9/30)",8.57,,1,,YELLOW -4; crime R .98 F -2.9; drive 8.57h tier C -0.5; zip letter F retired 9/30,"YELLOW: 'Interior and exterior repairs and updates are needed', sold as-is, scope unstated; sold $105,900 in Sep 2021 and now $59,900; peeling porch ceiling and cracked steps; Cleveland 44108 crime F",https://www.redfin.com/OH/Cleveland/11910-Chesterfield-Ave-44108/home/70765944
w13,"1104 Lake St, Elmira, NY 14901",82900,ACTIVE (for sale),weekly sweep 2026-09-28 ENTRANT UNREVIEWED [phila],8.1,14.5,1.78,"YELLOW: C4 on the one listing photo; remarks unavailable, so unit count and any renovation claims are unverified (9/28)","R .86 D- / A .93 F / B .90 D- / V .54 C; M D-, D B- (9/30)",7.84,,1,,YELLOW -4; crime R .86 D- -1.9; drive 7.84h tier B -0.5; zip letter D retired 9/30,"YELLOW: remarks unavailable, so unit count and any renovation claims are unverified; 1900 build, worn paint on the trim, patchy lawn, several gas meters visible; no RED item visible",https://www.redfin.com/NY/Elmira/1104-Lake-St-14901/home/120177601
w51,"1300 Latrobe St, Parkersburg, WV 26101",68900,ACTIVE (for sale),weekly sweep 2026-09-28 ENTRANT UNREVIEWED [pitt],8.7,13.2,1.71,"YELLOW: C4 on the one listing photo; heavy dark staining on the gable shingles, otherwise intact in the street-view capture (9/28)","R .28 B+ / A .85 D / B .71 D+ / V .95 F; M B-, D D+ (9/30)",7.05,,1,,YELLOW -4; drive 7.05h tier B -0.5; zip letter C- retired 9/30,"YELLOW: heavy dark staining on the gable shingles, otherwise intact in the street-view capture; no interior evidence; 26101 crime C-",https://www.redfin.com/WV/Parkersburg/1300-Latrobe-St-26101/home/128102556
w19,"5830 N 12th St, Philadelphia, PA 19141",135000,ACTIVE (for sale),weekly sweep 2026-09-28 ENTRANT UNREVIEWED [phila],6.7,13.4,1.72,YELLOW: C4 on the one listing photo; 'needs TLC' with no scope; 1927 build with no renovation evidence (9/28),"R .90 D- / A .85 D- / B .57 C / V .89 D-; M D, D D- (9/30)",5.32,,1,,"YELLOW -4; crime R .90 D- -2.2; drive 5.32h tier A -0.5; [PA flag: Rental License, Certificate of Rental Suitability, lead-safe certification, Eviction Diversion 30-day wait]; zip letter D+ retired 9/30","[Rental License, Certificate of Rental Suitability, lead-safe certification, Eviction Diversion 30-day wait] YELLOW: 'needs TLC' with no scope; 1927 build with no renovation evidence; exterior intact (brick twin, enclosed front porch), overgrown front yard; price cut from $200,000 to $135,000 since ",https://www.redfin.com/PA/Philadelphia/5830-N-12th-St-19141/home/39275482
w61,"1996 Starr Ave, Toledo, OH 43605",79900,ACTIVE (for sale),weekly sweep 2026-09-28 ENTRANT UNREVIEWED [ohio],7.4,14.4,1.77,"YELLOW: C4 on the one listing photo; the upper tenant is 'in the process of eviction', the lower unit rents for $650 a month and the owner pays all utilities (not separately metered) (9/28)","R .93 F / A .74 D+ / B .85 D / V .89 D-; M D, D D+ (9/30)",9.94,,,,YELLOW -4; crime R .93 F -2.5; drive 9.94h tier C -0.5; zip letter D- retired 9/30,"YELLOW: the upper tenant is 'in the process of eviction', the lower unit rents for $650 a month and the owner pays all utilities (not separately metered); four price cuts since April; East Toledo 43605 crime D-",https://www.redfin.com/OH/Toledo/1996-Starr-Ave-43605/home/201261400
w53,"731 Lincoln Ave, Charleroi, PA 15022",75000,ACTIVE (for sale),weekly sweep 2026-09-28 ENTRANT UNREVIEWED [pitt],7.4,13.3,1.71,"YELLOW: C4 on the one listing photo; Redfin flood factor 5 (score -1), pre-1980 with no renovation evidence, one unit vacant (9/28)","R .66 C- / A .78 D / B .74 D+ / V .31 B; M D+, D B- (9/30)",6.19,,5,,YELLOW -4; drive 6.19h tier B -0.5; flood 5 -1; crime R .66 C- -0.4; zip letter C+ retired 9/30,"YELLOW: Redfin flood factor 5 (score -1), pre-1980 with no renovation evidence, one unit vacant; 15022 crime C+",https://www.redfin.com/PA/Charleroi/731-Lincoln-Ave-15022/home/70047600
w17,"245 N Ruby St, Philadelphia, PA 19139",149000,ACTIVE (for sale),weekly sweep 2026-09-28 ENTRANT UNREVIEWED [phila],6.0,8.7,1.46,GREEN-verify: C3 on the one listing photo; 'updated in 2020' (scope to confirm) with an intact brick exterior; the grandfathered use and prior rental license must be verified with L&I before any offer ... (9/28),"R .90 D- / A .94 F / B .89 D- / V .93 F; M F, D F (9/30)",5.15,,1,,"crime R .90 D- -2.2; drive 5.15h tier A -0.5; [PA flag: Rental License, Certificate of Rental Suitability, lead-safe certification, Eviction Diversion 30-day wait]; zip letter D+ retired 9/30","[Rental License, Certificate of Rental Suitability, lead-safe certification, Eviction Diversion 30-day wait] GREEN-verify: 'updated in 2020' (scope to confirm) with an intact brick exterior; the grandfathered use and prior rental license must be verified with L&I before any offer (RED under the unpe",https://www.redfin.com/PA/Philadelphia/245-N-Ruby-St-19139/home/39243802
w27,"360 Diven Ave, Elmira, NY 14901",70000,ACTIVE (for sale),weekly sweep 2026-09-28 ENTRANT UNREVIEWED [phila],6.8,13.1,1.7,"YELLOW: C4 on the one listing photo; 1910 build with no renovation evidence, green mildew staining on the siding and tired trim (9/28)","R .85 D / A .90 D- / B .96 F / V .50 C+; M D+, D D+ (9/30)",7.84,,3,,"YELLOW -4; crime R .85 D -1.8; drive 7.84h tier B -0.5; stated rent $1,350 is under 0.73 of the tract gross figure x 2 ($1,974): confirm it covers both units; zip letter D retired 9/30","YELLOW: 1910 build with no renovation evidence, green mildew staining on the siding and tired trim; no RED item visible; the stated gross rent ($1,350) is used and is well under the tract-median pair ($1,974)",https://www.redfin.com/NY/Elmira/360-Diven-Ave-14901/home/120330398
40,"223 Spruce St, Suffolk, VA 23434",185000,ACTIVE (for sale),,5.3,8.0,1.43,"not graded: no photo or record read yet; for sale by owner with 27 Zillow photos, built 1955; unit count and condition unverified (remarks only, 9/11)","R .96 F / A .98 F / B .86 D- / V .95 F; M F, D D+ (9/30)",,,,,crime R .96 F -2.7; zip letter D+ retired 9/30,"Zillow: FOR SALE BY OWNER, built 1955, 27 photos, price cut $5K on 8/26; unit count and condition unverified",https://www.zillow.com/homedetails/223-Spruce-St-Suffolk-VA-23434/79301639_zpid/
w15,"324-326 Diven Ave, Elmira, NY 14901",79900,ACTIVE (for sale),"weekly sweep 2026-09-28 ENTRANT UNREVIEWED [phila] | price cut $82,500 -> $79,900 (2026-09-30; was: ACTIVE (for sale))",6.3,13.6,1.73,YELLOW: C4 on the one listing photo; flood factor 5 and a 1910 build with no dated renovation evidence (9/28),"R .85 D / A .90 D- / B .96 F / V .50 C+; M D+, D D+ (9/30)",7.84,,5,,YELLOW -4; crime R .85 D -1.8; drive 7.84h tier B -0.5; flood 5 -1; zip letter D retired 9/30,"YELLOW: flood factor 5 and a 1910 build with no dated renovation evidence; exterior is tidy (vinyl siding, intact shared porch, two front doors) with no RED item visible; sold twice in 2020 at $33,500 and $37,000",https://www.redfin.com/NY/Elmira/326-Diven-Ave-14901/home/120251268
w7,"1611 Floyd St, Lynchburg, VA 24501",119000,ACTIVE (for sale),weekly sweep 2026-09-28 ENTRANT UNREVIEWED,5.6,12.6,1.67,"YELLOW: C4 on the one listing photo; pre-1980 with no renovation evidence and 'needs updating, sold as-is' (9/28)","R .93 F / A .98 F / B .99 F / V .93 F; M F, D D+ (9/30)",2.9,,,,YELLOW -4; crime R .93 F -2.5; drive 2.9h tier A -0.5; zip letter D retired 9/30,"YELLOW: pre-1980 with no renovation evidence and 'needs updating, sold as-is'; no RED item visible but the only photo is tiny and low-resolution, so exterior wear could not be checked; unit count is from the remarks only",https://www.zillow.com/homedetails/1611-Floyd-St-Lynchburg-VA-24501/79157423_zpid/
w89,"1634-1636 Main St, Bloomsburg, PA 17815",240000,ACTIVE (for sale),weekly sweep 2026-09-29 ENTRANT UNREVIEWED [phila],7.1,11.6,1.62,YELLOW: C3 on the one listing photo; Pre-1980 C3 without renovation evidence (9/29),"R .42 B- / A .42 B- / B .77 D / V .71 D+; M C-, D D (9/30)",6.32,,1,,YELLOW -4; drive 6.32h tier B -0.5; zip letter B+ retired 9/30,Pre-1980 C3 without renovation evidence,https://www.redfin.com/PA/Bloomsburg/16341636-Main-St-17815/home/205407321
w16,"90 Gaylord St, Binghamton, NY 13904",110000,ACTIVE (for sale),weekly sweep 2026-09-28 ENTRANT UNREVIEWED [phila],7.5,12.0,1.64,YELLOW: C3 on the one listing photo; 1920 build with only a vague 'newer updates' claim (9/28),"R .47 C+ / A .90 D- / B .90 D- / V .17 A-; M C-, D B+ (9/30)",7.83,,1,,YELLOW -4; crime R .47 C+ 0; drive 7.83h tier B -0.5; [NY flag: Good Cause Eviction opted in 2025-04-02; rent increases above the lower of 10% or CPI + 5% presumptively unreasonable]; zip letter D+ retired 9/30,"[Good Cause Eviction opted in 2025-04-02; rent increases above the lower of 10% or CPI + 5% presumptively unreasonable] YELLOW: 1920 build with only a vague 'newer updates' claim; exterior is clean (vinyl siding, newer architectural-shingle roof, enclosed porch) with no RED item visible; unit count ",https://www.redfin.com/NY/Binghamton/90-Gaylord-St-13904/home/115253951
39,"3704 Mariner Ave, Portsmouth, VA 23703",345000,ACTIVE (for sale),"price cut $349,900 -> $345,000 (2026-09-28; was: ACTIVE (for sale))",5.2,6.5,1.35,"not graded: no photo read on the board yet; built 1940, renovated side-by-side duplex per the listing, so GREEN-verify once the scope is documented; advisory 60a of 9/25 proposed a read that is not yet assimilated (remarks only, 9/11)","R .77 D / A .66 C- / B .54 C / V .57 C; M D, D D (9/30)",,,,,crime R .77 D -1.3; zip letter C retired 9/30,"9/15: ONE water account/meter (Portsmouth layer); service line UNKNOWN. | built 1940 (Redfin), flood factor 1; renovated side-by-side duplex per listing, so GREEN-verify-renovation under the novice rule once the scope is documented",https://www.redfin.com/VA/Portsmouth/3704-Mariner-Ave-23703/home/49380983
w138,"601 4th St, Charleroi, PA 15022",79900,ACTIVE (for sale),weekly sweep 2026-09-30 ENTRANT UNREVIEWED [pitt],6.0,10.9,1.58,"YELLOW: C3 on the one listing photo; Built 1920, well maintained per remarks but no renovation evidence (9/30)","R .66 C- / A .78 D / B .90 D- / V .39 B-; M D, D A- (9/30)",6.19,,1,,YELLOW -4; drive 6.19h tier B -0.5; crime R .66 C- -0.4; zip letter C+ retired 9/30,"Built 1920, well maintained per remarks but no renovation evidence; rent $1,400 a month total stated",https://www.redfin.com/PA/Charleroi/601-4th-St-15022/home/70068248
w18,"5700 Kingsessing Ave, Philadelphia, PA 19143",175000,ACTIVE (for sale),weekly sweep 2026-09-28 ENTRANT UNREVIEWED [phila],4.1,10.8,1.58,"YELLOW: C4 on the one listing photo; remarks unavailable, so unit count and condition claims are unverified (9/28)","R .90 D- / A .90 D- / B .52 C+ / V .93 F; M F, D F (9/30)",5.1,,1,,"YELLOW -4; drive 5.1h tier A -0.5; [PA flag: Rental License, Certificate of Rental Suitability, lead-safe certification, Eviction Diversion 30-day wait]; crime R .90 D- -2.2; zip letter C retired 9/30","[Rental License, Certificate of Rental Suitability, lead-safe certification, Eviction Diversion 30-day wait] YELLOW: remarks unavailable, so unit count and condition claims are unverified; 1920 build; stained stucco foundation and weeds; the adjoining rowhouse is derelict (boarded, collapsing porch)",https://www.redfin.com/PA/Philadelphia/5700-Kingsessing-Ave-19143/home/39203951
w66,"654 W Sylvania Ave, Toledo, OH 43612",90000,ACTIVE (for sale),weekly sweep 2026-09-28 ENTRANT UNREVIEWED [ohio],6.4,12.8,1.69,"YELLOW: C3 on the one listing photo; with a Gate 3 flag: zoned IL Limited Industrial and the lower unit is a converted space, so a two-family classification must be shown before this counts as a duplex (9/28)","R .86 D- / A .57 C / B .90 D- / V .76 D+; M D, D D+ (9/30)",10.04,,1,,YELLOW -4; crime R .86 D- -1.9; drive 10.04h tier C -0.5; zip letter D- retired 9/30,"YELLOW with a Gate 3 flag: zoned IL Limited Industrial and the lower unit is a converted space, so a two-family classification must be shown before this counts as a duplex; two price cuts from $120,000; Toledo 43612 crime D-",https://www.redfin.com/OH/Toledo/654-W-Sylvania-Ave-43612/home/121669377
2,"515-517 N Daughtry St, Rocky Mount, NC 27801",119900,"ACTIVE (9/25: 100 days, $119,900, 0 cuts)",ADVISORY 48 ASSIMILATED 9/25 (file 42): ROD clear; seller sold 1401 Hargrove 8/27/26 for $85K; 2025 county taxes delinquent on every LLC parcel,6.1,0.8 (documented roll 365 + 800; stabilized 10.8),1.04 (documented) / 1.58 stabilized,"YELLOW: C4 exterior in every frame from 2008 to 2026; no interiors, no HVAC permit ever, roof age unknown (at least 12 years), 1940 crawl space, original wood dormer siding, lead paint presumed (2 frames plus 4 dated Street View captures, 9/25)","R .98 F / A .90 D- / B .99 F / V .84 D; M F, D C+ (9/30)",2.4,2.0,1,,YELLOW -4; crime R .98 F -2.9; drive 2.4h -2; 9/25: G6 FAIL on the documented roll (MLS actual rent 365); R-10 nonconforming use and lot; city letter + lease outstanding; zip letter F retired 9/30,"9/15: Edgecombe (27801): tax = assessed x 1.58 (0.89 + 0.69 FY27); LGC oversight. | 9/25 file 42: PARK-HOLD P 0.03; 8% price on the documented roll 87,600/83,600/80,200; stabilized 132,700/126,700/121,500; seller took 85,000 (2.43 x assessed) for 1401 Hargrove from NIA Legacy LLC 8/27/26; ROD: no deed of trust (2005 DT satisfied 2007); county 2025 liens on all five parcels (subject 663.03 due); city bills paid late 2023-25; DSCA site 209 m in assessment; ADU permitted in R-10 (fallback); lot 7,500/50 ft nonconforming (10,000/75).",https://www.redfin.com/NC/Rocky-Mount/517-N-Daughtry-St-27801/home/129650064
w72,"3601 Memphis Ave, Cleveland, OH 44109",94900,ACTIVE (status unverified),weekly sweep 2026-09-28 ENTRANT UNREVIEWED [ohio],6.1,9.3,1.5,"GREEN-verify: C3 on the one listing photo; water heaters 2022, electrical panels 2021, new garage door 2022 (9/28)","R .95 F / A .76 D+ / B .93 F / V .80 D; M D, D D (9/30)",8.44,,,,crime R .95 F -2.7; drive 8.44h tier C -0.5; zip letter F retired 9/30,"GREEN-verify: water heaters 2022, electrical panels 2021, new garage door 2022; two 1-bed units so run comps; rents not stated; Zillow status unknown; Cleveland 44109 crime F",https://www.zillow.com/homedetails/3601-Memphis-Ave-Cleveland-OH-44109/33349937_zpid/
w118,"3427 Clearfield St, Pittsburgh, PA 15204",150000,ACTIVE (for sale),weekly sweep 2026-09-30 ENTRANT UNREVIEWED [pitt],5.3,9.8,1.53,"YELLOW: C4 on the one listing photo; Built 1935, no renovation evidence; only a street-view photo (9/30)",zip C- retired 9/30; block maps needed,6.62,,,,YELLOW -4; drive 6.62h tier B -0.5,"Built 1935, no renovation evidence; only a street-view photo",https://www.zillow.com/homedetails/3427-Clearfield-St-Pittsburgh-PA-15204/11587639_zpid/
w84,"613 S 52nd St, Philadelphia, PA 19143",230000,ACTIVE (for sale),weekly sweep 2026-09-29 ENTRANT UNREVIEWED [phila],2.3,9.3,1.5,YELLOW: C3 on the one listing photo; Unit count unverified (listing text missing) (9/29),"R .93 F / A .82 D / B .95 F / V .91 D-; M F, D F (9/30)",5.1,,,,"YELLOW -4; drive 5.1h tier A -0.5; [PA flag: Rental License, Certificate of Rental Suitability, lead-safe certification, Eviction Diversion 30-day wait]; crime R .93 F -2.5; zip letter C retired 9/30","[Rental License, Certificate of Rental Suitability, lead-safe certification, Eviction Diversion 30-day wait] Unit count unverified (listing text missing); freshly painted exterior but pre-1980 with no renovation record",https://www.zillow.com/homedetails/613-S-52nd-St-Philadelphia-PA-19143/165321952_zpid/
w20,"5306 Webster St, Philadelphia, PA 19143",210000,ACTIVE (for sale),weekly sweep 2026-09-28 ENTRANT UNREVIEWED [phila],2.0,9.2,1.49,"YELLOW: C3 on the one listing photo; 1925 build with no renovation evidence; exterior tidy (brick with a yellow bay, two mailboxes, decorative security door) (9/28)","R .96 F / A .89 D- / B .79 D / V .84 D; M F, D D+ (9/30)",5.1,,1,,"YELLOW -4; drive 5.1h tier A -0.5; [PA flag: Rental License, Certificate of Rental Suitability, lead-safe certification, Eviction Diversion 30-day wait]; crime R .96 F -2.7; zip letter C retired 9/30","[Rental License, Certificate of Rental Suitability, lead-safe certification, Eviction Diversion 30-day wait] YELLOW: 1925 build with no renovation evidence; exterior tidy (brick with a yellow bay, two mailboxes, decorative security door); no RED item visible; legal two-unit status and rental license",https://www.redfin.com/PA/Philadelphia/5306-Webster-St-19143/home/39259017
w65,"3248 W 90th St, Cleveland, OH 44102",74900,ACTIVE (for sale),weekly sweep 2026-09-28 ENTRANT UNREVIEWED [ohio],5.5,12.2,1.65,YELLOW: C3 on the one listing photo; built 1900 with no renovation documented ('make it your own') (9/28),"R .90 D- / A .80 D / B .90 D- / V .66 C-; M D-, D D- (9/30)",8.5,,1,,YELLOW -4; crime R .90 D- -2.2; drive 8.5h tier C -0.5; zip letter F retired 9/30,YELLOW: C3 but built 1900 with no renovation documented ('make it your own'); new wood lattice at the porch; 3 days on market; Cleveland 44102 crime F,https://www.redfin.com/OH/Cleveland/3248-W-90th-St-44102/home/66591593
w24,"1019 Mark Ave, Scranton, PA 18510",169900,ACTIVE (for sale),weekly sweep 2026-09-28 ENTRANT UNREVIEWED [phila],4.1,8.6,1.46,YELLOW: C3 on the one listing photo; second-floor unit 'needs TLC' with no scope (9/28),"R .54 C / A .66 C- / B .93 F / V .66 C-; M B-, D D (9/30)",6.77,,,,YELLOW -4; drive 6.77h tier B -0.5; zip letter C retired 9/30,"YELLOW: second-floor unit 'needs TLC' with no scope; 1930 build; exterior tidy (vinyl siding, intact porch, retaining wall); no RED item visible; Zillow listing so days on market and flood factor were not captured",https://www.zillow.com/homedetails/1019-Mark-Ave-Scranton-PA-18510/9570011_zpid/
w130,"1735 Laketon Rd, Pittsburgh, PA 15221",99500,ACTIVE (for sale),weekly sweep 2026-09-30 ENTRANT UNREVIEWED [pitt],1.7,8.4,1.45,"YELLOW: C4 on the one listing photo; Older brick building, no renovation evidence (9/30)","R .90 D- / A .93 F / B .90 D- / V .96 F; M D-, D D (9/30)",6.38,,4,,YELLOW -4; drive 6.38h tier B -0.5; crime R .90 D- -2.2; zip letter C- retired 9/30,"Older brick building, no renovation evidence; four price cuts in one month; flood factor 4",https://www.redfin.com/PA/Pittsburgh/1735-Laketon-Rd-15221/home/74544574
w125,"341 31st St, Ashland, KY 41101",99900,ACTIVE (for sale),weekly sweep 2026-09-30 ENTRANT UNREVIEWED [pitt],2.3,8.3,1.44,YELLOW: C3 on the one listing photo; Marketed turnkey with new siding but no documented renovation scope (9/30),"R .79 D / A .20 A- / B .74 D+ / V .66 C-; M D+, D D+ (9/30)",7.02,,1,,YELLOW -4; drive 7.02h tier B -0.5; crime R .79 D -1.5; zip letter B- retired 9/30,"Marketed turnkey with new siding but no documented renovation scope; four price cuts from $149,900",https://www.redfin.com/KY/Ashland/341-31st-St-41101/home/84507656
10,"556 Bellwood Rd Unit A, Newport News, VA 23601",270000,ACTIVE (for sale),Listed 9/4,3.8,10.8,1.53,"YELLOW: C4 on the front photo, built 1938, no renovation language (9/9)",zip F retired 9/30; off the 23601 page map to the south (pan and re-shoot),0.4,1.3,1,,YELLOW -4; crime F -3,"9/15: inside NN Rental Inspection District 4 (NSA 08 Sedgefield-Morrison, effective 1/1/2026).",https://www.redfin.com/VA/Newport-News/556-Bellwood-Rd-23601/unit-A/home/191159379
w115,"139-141 Front St, North Huntingdon, PA 15642",169000,ACTIVE (for sale),weekly sweep 2026-09-30 ENTRANT UNREVIEWED [pitt],3.5,8.0,1.43,YELLOW: C4 on the one listing photo; Pre-1980 duplex without full renovation evidence (9/30),"R .27 B+ / A .13 A / B .32 B / V .01 A+; M A+, D A (9/30)",6.12,,1,,YELLOW -4; drive 6.12h tier B -0.5; zip letter A retired 9/30,"Pre-1980 duplex without full renovation evidence; new roof 2025 and sewer lines replaced for unit 139 per remarks; sold as-is, one side vacant",https://www.redfin.com/PA/North-Huntingdon/139-141-Front-St-15642/home/205531096
8,"202 Lee St NE, Wilson, NC 27893",129900,ACTIVE (for sale),Price changed 8/10,4.3,11.4,1.56,"YELLOW: C4 in 11 MLS frames; Unit A repainted and refloored but its kitchen incomplete (one sink base, no uppers, range, fridge or hood), water heater in the hall; no cooling, electric floor and wall furnaces per the county card; Unit B unseen (9/16)","R .75 D+ / A .83 D / B .54 C / V .40 B-; M D-, D C+ (9/30)",2.7,2.2,4,,YELLOW -4; crime R .75 D+ -1.1; drive 2.7h -2; zip letter D- retired 9/30,"9/16 (advisory 39 v2, verified UR zoning + Old Wilson LOCAL historic district by city layers): 12-inch CMU, electric floor furnaces, no cooling; Unit A kitchen incomplete; Unit B in place at ~$325; stabilized $825 x 2 = 7.8% CoC / DSCR 1.42 / 8% price ~$129K = ask; year one fails. COA regime on exterior. Offer ~$115K contingent on seeing Unit B; conventional (loan < $100K DSCR floor). P ~0.25.",https://www.redfin.com/NC/Wilson/202-Lee-St-NE-27893/home/65290703
w58,"1214 E Washington St, New Castle, PA 16101",82500,ACTIVE (for sale),weekly sweep 2026-09-28 ENTRANT UNREVIEWED [pitt],1.7,7.7,1.41,"YELLOW: C4 on the one listing photo; pre-1980 brick with no renovation evidence, exterior wooden stair to the upper unit, one unit vacant (9/28)","R .80 D / A .80 D / B .93 F / V .57 C; M D, D B+ (9/30)",7.18,,1,,YELLOW -4; drive 7.18h tier B -0.5; crime R .80 D -1.5; zip letter B retired 9/30,"YELLOW: pre-1980 brick with no renovation evidence, exterior wooden stair to the upper unit, one unit vacant; 16101 crime B",https://www.redfin.com/PA/New-Castle/1214-E-Washington-St-16101/home/73597142
w28,"1013 John Ave, Scranton, PA 18510",175000,ACTIVE (for sale),weekly sweep 2026-09-28 ENTRANT UNREVIEWED [phila],3.2,7.7,1.41,"YELLOW: C3 on the one listing photo; 1930 build with no renovation evidence; exterior tidy (vinyl siding, intact Victorian porch, stone wall) (9/28)","R .54 C / A .66 C- / B .93 F / V .66 C-; M B-, D D (9/30)",6.77,,,,YELLOW -4; drive 6.77h tier B -0.5; zip letter C retired 9/30,"YELLOW: 1930 build with no renovation evidence; exterior tidy (vinyl siding, intact Victorian porch, stone wall); walk-through bedrooms limit rentability; no RED item visible; Zillow listing so days on market and flood factor were not captured",https://www.zillow.com/homedetails/1013-John-Ave-Scranton-PA-18510/9569901_zpid/
w75,"1247 E 84th St, Cleveland, OH 44103",85000,ACTIVE (for sale),weekly sweep 2026-09-28 ENTRANT UNREVIEWED [ohio],3.3,10.7,1.58,"YELLOW: C4 on the one listing photo; 'potential for renovation', sold as-is where-is (9/28)","R .99 F / A .99 F / B .98 F / V .95 F; M F, D F (9/30)",8.53,,1,,YELLOW -4; crime R .99 F -2.9; drive 8.53h tier C -0.5; zip letter F retired 9/30,"YELLOW: 'potential for renovation', sold as-is where-is; 321 days on market with a failed contract (Nov 2024) and two relists; Cleveland 44103 crime F",https://www.redfin.com/OH/Cleveland/1247-E-84th-St-44103/home/66216133
3,"163 Choate St, Portsmouth, VA 23707",184900,ACTIVE (for sale),Price cut 9/4,4.5,14.0,1.68,"YELLOW: C4 in 27 MLS frames; both units vacant, MLS 'Fixer upper', unit B carpet worn, two heat-pump condensers, new rear steps; no RED item; flood factor 5, itself a YELLOW driver (9/16)","R .79 D / A .90 D- / B .87 D- / V .90 D-; M D-, D C+ (9/30)",0.8,0.9,5,Truxtun Historic District: Certificate of Appropriateness required before any exterior change (Portsmouth HPC),YELLOW -4; crime R .79 D -1.5; historic -1; flood 5 -1; zip letter F retired 9/30,"9/16 PROMOTED to top of GATE5 beside Day St (advisory 37, files 33/33a): TWO water accounts (161 + 163); ZIP 2BR average $1,368 (Zillow 9/14, HOT); at market rent with tenant water CoC 15.3%, DSCR 1.8; at the $1,162 proxy 9.2%; both units vacant, MLS 'Fixer upper', three listing campaigns since 2019. Written offer $170-175K with inspection, RID contingency, both water bills. P ~0.33. | 9/15: ONE water account/meter (Portsmouth layer); service line UNKNOWN.",https://www.redfin.com/VA/Portsmouth/163-Choate-St-23707/home/49369325
7,"1934 Oakland St, Petersburg, VA 23805",215000,ACTIVE (for sale),rent-comp memo (claude.ai) 2026-09-12; unknown-unknowns pass 2026-09-14 -> stays ENTRANT at a lower score,4.0,4.0,1.22,"GREEN-verify: C3 with a documented renovation, built 1946; the 43 MLS frames are the 2023 lease-up set and the building has been vacant since; renovation scope to confirm (9/15)","R .54 C / A .79 D / B .77 D / V .90 D-; M F, D B (9/30)",0.8,2.0,1,no: Walnut Hill is NRHP-only and the parcel lies outside it (south of E South Blvd),crime R .54 C 0; zip letter D retired 9/30,"ENTRANT after the unknown-unknowns pass (files 28/28a/28b, evidence in _evidence/1934 Oakland St Petersburg): rent basis is current 2-bed comps at $1,150-1,200 per unit (base $1,150), not the $1,472 tract median; the FY2027 tax bill is $3,101 on a $254,200 assessment at the new $1.22 rate (Treasurer ticket 64880004; five parcels confirm the rate), not the $2,447 or $2,730 used before. At $2,300/mo: rent-to-price 1.07%, CoC 4.0%, DSCR 1.22 (2.8% / 1.15 at 8% vacancy; 5.3% / 1.29 at $1,200; -0.5% / 0.98 at the $975 last-achieved rent). If one water meter serves both units the owner carries about $1,800/yr of utilities and CoC falls to 1.4% (DSCR 1.07). Price for 8% CoC: $183,160 at base rent, $161,571 on one meter. Owner KHAMSA5 LLC (bought Feb 4, 2022 for $103,600 after a Dec 2021 $80,000 wholesale deed; all tax installments paid). Sold by Hylton & Company, which renovated, managed and leased it (2023 rents $1,000/$950). Nonconforming two-family use on an R-1 lot that is itself under the 8,000 sf / 75 ft minimum; draft ordinance keeps duplexes out of R-1 and keeps the 2-year abandonment rule; both units vacant, vacancy start date unknown. Lot abuts Walnut Hill Plaza parking, 190 m from a 7-Eleven that logs weekly shoplifting calls; four shots-fired calls within 600 m in five weeks. FEMA Zone X. Ask before an offer: meter count, tenant move-out dates and last leases, assessment appeal, 2022 permits, draft zoning map designation. | rent basis: comps 2026-09-12; tax: Treasurer 2026-09-14",https://www.redfin.com/VA/Petersburg/1934-Oakland-St-23805/home/52382474
w59,"214 Barron Ave, Johnstown, PA 15906",59000,ACTIVE (status unverified),weekly sweep 2026-09-28 ENTRANT UNREVIEWED [pitt],0.7,7.1,1.38,"YELLOW: C4 on the one listing photo; remarks state zoning R-1, so the second unit relies on a nonconforming or unpermitted status (a file 08 RED item if unpermitted; verify with the city before any offer) (9/28)","R .86 D- / A .80 D / B .94 F / V .81 D; M D, D B (9/30)",5.7,,,,YELLOW -4; drive 5.7h tier B -0.5; crime R .86 D- -1.9; zip letter B- retired 9/30,"YELLOW: remarks state zoning R-1, so the second unit relies on a nonconforming or unpermitted status (a file 08 RED item if unpermitted; verify with the city before any offer); landlord-paid utilities cut the cash flow; well-kept brick exterior; 15906 crime B-",https://www.zillow.com/homedetails/214-Barron-Ave-Johnstown-PA-15906/2081956932_zpid/
w121,"408-410 Pump Hill Pl, Mount Pleasant, PA 15666",104900,ACTIVE (for sale),weekly sweep 2026-09-30 ENTRANT UNREVIEWED [pitt],2.1,6.6,1.36,"YELLOW: C4 on the one listing photo; Older building, no renovation evidence (9/30)",zip A retired 9/30; off the 15666 page map to the north (pan and re-shoot),5.97,,,,YELLOW -4; drive 5.97h tier B -0.5,"Older building, no renovation evidence",https://www.zillow.com/homedetails/408-410-Pump-Hill-Pl-Mount-Pleasant-PA-15666/463275774_zpid/
w68,"3446 E 125th St, Cleveland, OH 44120",94000,ACTIVE (for sale),weekly sweep 2026-09-28 ENTRANT UNREVIEWED [ohio],1.2,4.6,1.25,GREEN-verify: C3 on the one listing photo; both furnaces and hot water tanks replaced in 2021 (9/28),"R .98 F / A .96 F / B .99 F / V .96 F; M F, D F (9/30)",8.39,,1,,crime R .98 F -2.9; drive 8.39h tier C -0.5; zip letter D- retired 9/30,"GREEN-verify: both furnaces and hot water tanks replaced in 2021; five price cuts from $129,000 in six weeks; no rents in place; Cleveland 44120 crime D-",https://www.redfin.com/OH/Cleveland/3446-E-125th-St-44120/home/70785698
w87,"4753 Rorer St, Philadelphia, PA 19120",134900,ACTIVE (for sale),weekly sweep 2026-09-29 ENTRANT UNREVIEWED [phila],0.1,6.4,1.34,"YELLOW: C4 on the one listing photo; C4 dated interiors (carpet, vinyl), both units vacant so no income at closing, long market time suggests issues (9/29)","R .85 D / A .76 D+ / B .31 B / V .64 C-; M D-, D F (9/30)",5.34,,1,,"YELLOW -4; drive 5.34h tier A -0.5; [PA flag: Rental License, Certificate of Rental Suitability, lead-safe certification, Eviction Diversion 30-day wait]; crime R .85 D -1.8; zip letter C+ retired 9/30","[Rental License, Certificate of Rental Suitability, lead-safe certification, Eviction Diversion 30-day wait] C4 dated interiors (carpet, vinyl), both units vacant so no income at closing, long market time suggests issues",https://www.redfin.com/PA/Philadelphia/4753-Rorer-St-19120/home/39230328
w119,"310 Broadway Ave, Mc Kees Rocks, PA 15136",134900,ACTIVE (for sale),weekly sweep 2026-09-30 ENTRANT UNREVIEWED [pitt],0.0,6.3,1.34,"YELLOW: C4 on the one listing photo; Built 1920; one furnace, one gas meter and one water tank shared by both units (9/30)","R .84 D / A .90 D- / B .81 D / V .96 F; M D-, D D (9/30)",6.65,,1,,YELLOW -4; drive 6.65h tier B -0.5; crime R .84 D -1.8; zip letter C- retired 9/30,"Built 1920; one furnace, one gas meter and one water tank shared by both units; occupied unit not updated",https://www.redfin.com/PA/Mc-Kees-Rocks/310-Broadway-Ave-15136/home/74719753
w78,"10001 Sophia Ave, Cleveland, OH 44104",49995,ACTIVE (for sale),"weekly sweep 2026-09-28 ENTRANT UNREVIEWED [ohio] | price cut $57,500 -> $49,995 (2026-09-30; was: ACTIVE (for sale))",1.6,9.0,1.48,"YELLOW: C4 on the one listing photo; likely to fail the 10% bid cap: a first-floor kitchen must be built and one furnace 'likely needs to be replaced' (roughly $12,000 to $18,000 on a $57,500 price) (9/28)","R .99 F / A .99 F / B .99 F / V .99 F; M F, D F (9/30)",8.42,,1,,YELLOW -4; crime R .99 F -2.9; drive 8.42h tier C -0.5; zip letter F retired 9/30,"YELLOW, likely to fail the 10% bid cap: a first-floor kitchen must be built and one furnace 'likely needs to be replaced' (roughly $12,000 to $18,000 on a $57,500 price); roof 3-4 years old, new bath fixtures; Cleveland 44104 (Kinsman) crime F",https://www.redfin.com/OH/Cleveland/10001-Sophia-Ave-44104/home/66594005
12,"4102 Richland Ave NW, Roanoke, VA 24012",236000,ACTIVE (for sale),Listed 9/2,4.4,10.4,1.51,"YELLOW: C3 on the front photo, built 1973, no renovation language, so pre-1980 systems unknown (9/9)","R .24 B+ / A .75 D+ / B .66 C- / V .64 C-; M C-, D B (9/30)",3.8,4.7,1,,YELLOW -4; crime R .24 B+ 0; drive 3.8h -2; zip letter F retired 9/30,,https://www.redfin.com/VA/Roanoke/4102-Richland-Ave-NW-24012/home/131681785
w117,"788 S Irvine Ave, Sharon, PA 16146",99900,ACTIVE (for sale),weekly sweep 2026-09-30 ENTRANT UNREVIEWED [pitt],-0.1,5.8,1.31,"YELLOW: C4 on the one listing photo; Older house, no renovation evidence beyond roof about two years old per remarks (9/30)","R .78 D / A .80 D / B .86 D- / V .76 D+; M D, D A- (9/30)",7.51,,,,YELLOW -4; drive 7.51h tier B -0.5; crime R .78 D -1.4; zip letter B- retired 9/30,"Older house, no renovation evidence beyond roof about two years old per remarks",https://www.zillow.com/homedetails/788-S-Irvine-Ave-Sharon-PA-16146/111868006_zpid/
15,"104 Day Street St, Suffolk, VA 23434",218000,ACTIVE (for sale),Price cut 9/7,1.8,5.8,1.28,"YELLOW: C4 on the front photo, built 1754 per the record; the only photo is a third-party Street View, so condition is a verification demand (9/15)","R .45 B- / A .74 D+ / B .42 B- / V .50 C+; M D+, D A- (9/30)",0.8,0.8,1,,YELLOW -4; crime R .45 B- 0; zip letter D+ retired 9/30,"9/15: HOLD GATE5 #1. Year-one tax $1,589 ($149,900 x $1.06). Inside the Suffolk rental inspection district 'Church St and Mahan St' -> Rental Certificate of Occupancy (48 months, $100 penalty). Block water service lines copper 1985 (city side).",https://www.redfin.com/VA/Suffolk/104-Day-St-23434/home/49351458
r7,"207 Tunstall Ave, Blackstone, VA 23824",160000,ACTIVE (for sale),round 7 entrant 2026-09-11,2.3,9.3,1.5,"YELLOW: C4 in 14 MLS frames; open porch ceiling, tree over the roof, fiberboard ceiling tiles to test for asbestos, lead paint presumed; basement and drive-under garage unseen (9/16)","R .74 D+ / A .90 D- / B .74 D+ / V .87 D-; M F, D C (9/30)",2.0,,1,,YELLOW -4; crime R .74 D+ -1.0; drive 2.0h -2; zip letter D- retired 9/30,"9/16 (advisory 40): HOLD for documents. Tax corrected to $465 year one ($61,200 x 0.76%: county 48c+EMS 9c+fire 2c FY27 + town 17c, verified) / ~$1,180 after the 2030 reassessment; likely ONE water meter (owner ~$2,000/yr); zoning R-2/R-3 duplex by right under the 7/21/2025 ordinance, lot ~500 sf under the 14,000 sf minimum; RURAL under the DSCR matrix (70% LTV, price floor $142,857); what conveys is open (2017 deed carried seven lots). CoC 8.2% / 7.0% / 5.7% (PM 15%); 8% price $161.5K / $154.2K. P ~0.12. | YELLOW: 1960, occupied and income-producing, no renovation language; front photo shows the porch ceiling opened to bare rafters (unfinished repair); rents not stated, tract median x 2 ($1,942) is conservative for a 4-bed plus 2-bed pair | rent basis: tract median x 2",https://www.redfin.com/VA/Blackstone/207-Tunstall-Ave-23824/home/101584834
w85,"200 E Albanus St, Philadelphia, PA 19120",245000,ACTIVE (for sale),weekly sweep 2026-09-29 ENTRANT UNREVIEWED [phila],-0.2,5.5,1.29,YELLOW: C3 on the one listing photo; Unit count unverified and rental history suggests single unit (9/29),"R .76 D+ / A .66 C- / B .32 B / V .76 D+; M D-, D D- (9/30)",5.34,,1,,"YELLOW -4; drive 5.34h tier A -0.5; [PA flag: Rental License, Certificate of Rental Suitability, lead-safe certification, Eviction Diversion 30-day wait]; crime R .76 D+ -1.2; zip letter C+ retired 9/30","[Rental License, Certificate of Rental Suitability, lead-safe certification, Eviction Diversion 30-day wait] Unit count unverified and rental history suggests single unit; pre-1980 C3",https://www.redfin.com/PA/Philadelphia/200-E-Albanus-St-19120/home/39227160
w123,"316 Longfellow St, Vandergrift, PA 15690",89900,ACTIVE (for sale),weekly sweep 2026-09-30 ENTRANT UNREVIEWED [pitt],0.9,5.4,1.29,YELLOW: C3 on the one listing photo; Older house with no renovation evidence in remarks (9/30),"R .32 B / A .79 D / B .27 B+ / V .75 D+; M D+, D B (9/30)",6.58,,1,,YELLOW -4; drive 6.58h tier B -0.5; zip letter A- retired 9/30,Older house with no renovation evidence in remarks; exterior looks maintained,https://www.redfin.com/PA/Vandergrift/316-Longfellow-St-15690/home/205542747
w146,"650 Ardmore Blvd, Pittsburgh, PA 15221",165000,ACTIVE (for sale),weekly sweep 2026-09-30 ENTRANT UNREVIEWED [pitt],-0.3,5.4,1.29,"YELLOW: C4 on the one listing photo; Built 1910, no renovation evidence; two sump pumps in basement suggest water management (9/30)","R .76 D+ / A .89 D- / B .87 D- / V .90 D-; M D, D C+ (9/30)",6.38,,,,YELLOW -4; drive 6.38h tier B -0.5; crime R .76 D+ -1.2; zip letter C- retired 9/30,"Built 1910, no renovation evidence; two sump pumps in basement suggest water management; busy arterial",https://www.zillow.com/homedetails/650-Ardmore-Blvd-Pittsburgh-PA-15221/119347278_zpid/
w134,"53 Carrick Ave, Pittsburgh, PA 15210",150000,ACTIVE (for sale),weekly sweep 2026-09-30 ENTRANT UNREVIEWED [pitt],-2.1,4.6,1.25,"YELLOW: C4 on the one listing photo; Built 1900, remarks say needs some love; peeling painted brick (lead-safe work likely) (9/30)","R .90 D- / A .79 D / B .94 F / V .95 F; M D, D D (9/30)",6.6,,1,,YELLOW -4; drive 6.6h tier B -0.5; crime R .90 D- -2.2; zip letter C- retired 9/30,"Built 1900, remarks say needs some love; peeling painted brick (lead-safe work likely)",https://www.redfin.com/PA/Pittsburgh/53-Carrick-Ave-15210/home/73510943
w69,"206 Ingram Ave SW, Canton, OH 44710",89900,ACTIVE (for sale),weekly sweep 2026-09-28 ENTRANT UNREVIEWED [ohio],-0.7,5.6,1.3,YELLOW: C3 on the one listing photo; two 1-bed units (the tract-median rent overstates; run comps) (9/28),"R .85 D / A .61 C / B .90 D- / V .93 F; M D, D D (9/30)",8.29,,1,,YELLOW -4; crime R .85 D -1.8; drive 8.29h tier C -0.5; zip letter D retired 9/30,"YELLOW: two 1-bed units (the tract-median rent overstates; run comps); on and off the market since Jul 2024 from $129,900 down to $89,900; C3 built 1912 without documented updates; Canton 44710 crime D",https://www.redfin.com/OH/Canton/206-Ingram-Ave-SW-44710/home/66581731
w91,"134 N 53rd St, Philadelphia, PA 19139",170000,ACTIVE (for sale),weekly sweep 2026-09-29 ENTRANT UNREVIEWED [phila],-2.2,5.0,1.27,"YELLOW: C3 on the one listing photo; Sold as-is, pre-1980 C3, rents are projections (9/29)","R .95 F / A .90 D- / B .66 C- / V .87 D-; M F, D F (9/30)",5.15,,1,,"YELLOW -4; crime R .95 F -2.7; drive 5.15h tier A -0.5; [PA flag: Rental License, Certificate of Rental Suitability, lead-safe certification, Eviction Diversion 30-day wait]; zip letter D+ retired 9/30","[Rental License, Certificate of Rental Suitability, lead-safe certification, Eviction Diversion 30-day wait] Sold as-is, pre-1980 C3, rents are projections",https://www.redfin.com/PA/Philadelphia/134-N-53rd-St-19139/home/39244152
w26,"226 Crete Ave, Elmira, NY 14901",97000,ACTIVE (for sale),weekly sweep 2026-09-28 ENTRANT UNREVIEWED [phila],-0.1,5.4,1.29,"YELLOW: C4 on the one listing photo; 1860 build, chalking and peeling paint on the clapboard (a lead-safe repaint job), no renovation evidence (9/28)","R .74 D+ / A .90 D- / B .91 D- / V .52 C+; M D, D B- (9/30)",7.84,,4,,YELLOW -4; crime R .74 D+ -1.0; drive 7.84h tier B -0.5; zip letter D retired 9/30,"YELLOW: 1860 build, chalking and peeling paint on the clapboard (a lead-safe repaint job), no renovation evidence; roof and porch intact; no RED item visible; flood factor 4",https://www.redfin.com/NY/Elmira/226-Crete-Ave-14901/home/120280228
w90,"4236 Aldine St, Philadelphia, PA 19136",229000,ACTIVE (for sale),weekly sweep 2026-09-29 ENTRANT UNREVIEWED [phila],-0.3,4.2,1.22,"YELLOW: C3 on the one listing photo; Pre-1980 C3 without renovation evidence, small one-bed units (9/29)","R .54 C / A .66 C- / B .27 B+ / V .76 D+; M D, D F (9/30)",5.35,,1,,"YELLOW -4; drive 5.35h tier A -0.5; [PA flag: Rental License, Certificate of Rental Suitability, lead-safe certification, Eviction Diversion 30-day wait]; zip letter B- retired 9/30","[Rental License, Certificate of Rental Suitability, lead-safe certification, Eviction Diversion 30-day wait] Pre-1980 C3 without renovation evidence, small one-bed units",https://www.redfin.com/PA/Philadelphia/4236-Aldine-St-19136/home/39223206
w62,"1115 Lincoln Ave, Toledo, OH 43607",54900,ACTIVE (for sale),weekly sweep 2026-09-28 ENTRANT UNREVIEWED [ohio],0.0,7.2,1.38,YELLOW: C4 on the one listing photo; estate sale 'sold as-is... priced for condition' with the scope unstated (9/28),"R .95 F / A .93 F / B .99 F / V .93 F; M F, D D- (9/30)",10.06,,1,,YELLOW -4; crime R .95 F -2.7; drive 10.06h tier C -0.5; zip letter F retired 9/30,"YELLOW: estate sale 'sold as-is... priced for condition' with the scope unstated; peeling porch posts and a broken porch railing, part crawl space; three price cuts in 150 days; Toledo 43607 crime F; walk if the inspection finds more than cosmetic work",https://www.redfin.com/OH/Toledo/1115-Lincoln-Ave-43607/home/121742579
w132,"540 W Chestnut St, Washington, PA 15301",121900,ACTIVE (for sale),weekly sweep 2026-09-30 ENTRANT UNREVIEWED [pitt],-1.2,4.1,1.22,"YELLOW: C4 on the one listing photo; Built 1900, no renovation evidence (9/30)","R .71 D+ / A .57 C / B .84 D / V .77 D; M D, D F (9/30)",6.48,,1,,YELLOW -4; drive 6.48h tier B -0.5; crime R .71 D+ -0.8; zip letter B retired 9/30,"Built 1900, no renovation evidence",https://www.redfin.com/PA/Washington/540-W-Chestnut-St-15301/home/102197187
r6,"325 Ranch Farm Rd Unit A - B, Raleigh, NC 27603",245000,ACTIVE (for sale),round 6 entrant 2026-09-11,0.6,6.6,1.35,"RED pending: the second unit is a 480 sf addition with no permit of record, a file 08 RED item (county card single-family, Wake layer verified); C3 to C4 finishes (36 MLS frames, 9/19)","R .57 C / A .61 C / B .60 C / V .45 B-; M C, D C (9/30)",2.7,,,,YELLOW -4; crime R .57 C 0; drive 2.7h -2; zip letter D retired 9/30,"9/19 (advisory 40 photo and record pass, Wake layer verified): PARK IT. County card SINGLFAM / 1 unit / 1,312 sf / 1957 / assessed $278,049; the second unit is a 480 sf addition with no permit; Garner ETJ R2 needs 100 ft of width for a duplex (lot ~81 ft) and voids a nonconforming use after 180 days or a utility cutoff; HB 765 still stalled. Proxy rent $2,648: CoC 6.6% / 5.4% / 4.2%, DSCR 1.35 / 1.27 / 1.20; 8% price $232K / $221K / $212K (base rent $211K / $202K / $194K). Gate 3 fails pending a written Garner determination. P ~0.02. | 9/16: 36 MLS photos placed in _evidence (unreviewed). Redfin history: pendings on 7/11/2025, 3/4/2026 and 4/19/2026 all fell through; relisted 4/21/2026 at $245K. | YELLOW: year built not shown (older cottage), well water and presumably septic, 275 days on market, no renovation language beyond the well; tract-median rent x 2 ($3,118) overstates a 1-bed plus 2-bed pair (at $2,300 CoC is 2.0%, DSCR 1.11) | rent basis: tract median x 2",https://www.redfin.com/NC/Raleigh/325-Ranch-Farm-Rd-27603/unit-A-B/home/189026420
w122,"107 Maryland Ave, Pittsburgh, PA 15209",135000,ACTIVE (for sale),weekly sweep 2026-09-30 ENTRANT UNREVIEWED [pitt],-2.7,2.0,1.11,"GREEN-verify: C3 on the one listing photo; Renovation claimed, needs scope and permit proof (9/30)","R .89 D- / A .93 F / B .95 F / V .95 F; M D-, D F (9/30)",6.63,,1,,drive 6.63h tier B -0.5; DSCR 1.11 -2; crime R .89 D- -2.2; zip letter C+ retired 9/30,"Renovation claimed, needs scope and permit proof; bought 2020 for $50,000",https://www.redfin.com/PA/Pittsburgh/107-Maryland-Ave-15209/home/74733736
w128,"117 W 11th Ave, Tarentum, PA 15084",105000,ACTIVE (for sale),weekly sweep 2026-09-30 ENTRANT UNREVIEWED [pitt],-0.1,2.4,1.13,"GREEN-verify: C3 on the one listing photo; Renovation in 2024 claimed, needs permits and scope proof (9/30)","R .57 C / A .79 D / B .80 D / V .32 B; M D+, D D (9/30)",6.61,,1,,crime R .57 C 0; drive 6.61h tier B -0.5; DSCR 1.13 -2; zip letter D+ retired 9/30,"Renovation in 2024 claimed, needs permits and scope proof; 215 days on market",https://www.redfin.com/PA/Tarentum/117-W-11th-Ave-15084/home/74470650
w88,"14A 14B Oak St, Jenkins Township, PA 18640",180000,ACTIVE (for sale),weekly sweep 2026-09-29 ENTRANT UNREVIEWED [phila],-0.6,3.9,1.21,"YELLOW: C4 on the one listing photo; C4 chalky faded siding and worn porch roof shingles, sold as-is with tenants, inspection plus bids needed (9/29)","R .18 A- / A .42 B- / B .21 A- / V .62 C-; M B, D C (9/30)",6.65,,1,,YELLOW -4; drive 6.65h tier B -0.5; zip letter C+ retired 9/30,"C4 chalky faded siding and worn porch roof shingles, sold as-is with tenants, inspection plus bids needed",https://www.redfin.com/PA/Jenkins-Township/14-Oak-St-18640/home/134813662
w5,"413-415 Gilmer Cir, Reidsville, NC 27320",149900,"ACTIVE (for sale; ENTRANT-HOLD 9/25; G6 fails at the ask, passes at or under 140,800 at 6.75 / 134,500 at 7.40)",weekly sweep 2026-09-21 ENTRANT; advisory 57 + round 17 verification 9/25 (board row w5),-2.9,6.4,1.34,"YELLOW: C4 in 11 MLS frames of the 413 side; 415 unseen; HVAC stripped since 2016; flood factor 7, itself a YELLOW driver (9/25)","R .91 D- / A .89 D- / B .94 F / V .98 F; M D-, D D (9/30)",3.7,,7 (First Street; FEMA X),no (outside OPR / GR local districts; city layer 9/25),YELLOW -4; drive 3.7h -2; flood 7 -1 (the 9/21 fold carried the pre-constant 0.7 and blank crime / drive columns - README defect 1 - corrected here); crime R .91 D- -2.3; zip letter C- retired 9/30,"9/25 file 47 (round 17): ENTRANT-HOLD, P 0.08 (advisory 57: 0.12). As-is roll 825 x 2 (both vacant; block comps 800-850): CoC 6.4, DSCR 1.34 at the ask; 8 percent price 140800.0 (6.75) / 134500.0 (7.40); at 130,000 CoC 10.2, at 135,000 9.2. Tax 833.60 = county 0.569 + city 0.66 on 67,828 (holds for the 2026 and 2027 bills; Rockingham reappraises 1/1/2028, advanced from 2029). R-6 confirmed on the city layer; NOT in a local historic district; county DUPLEX + two E911 points. The 2016 listing photo shows two roof flues and a condenser that are gone: the central systems were stripped (restore 14,000-20,000). 415 occupied in the 3/2026 Street View. Seller LLC basis 34,000 (2018 deed read; liens UNREAD - e-Vault index 500); the group (45 parcels) is suing Burlington over boarding-house code enforcement. County-confirmed pre-1960 duplex median 125,500; appraisal band 115,000-135,000. Offer 125,000-130,000, ceiling 135,000. | YELLOW: C4, built 1947 (before 1980), both units vacant (not boarded), weedy yard and litter, front stoop trim needs work; roof looks like newer architectural shingles; interior condition unknown",https://www.zillow.com/homedetails/413-415-Gilmer-Cir-Reidsville-NC-27320/465453762_zpid/
r10,"610 /612 S 2nd St, Pinetops, NC 27864",113900,ACTIVE (for sale) - PARK behind a written Town zoning determination (9/25),"round 10 entrant 2026-09-11; rent-comp pass 2026-09-12 -> stays ENTRANT | 9/23 advisory 50 (claude.ai) | 9/25 CLAUDE CODE 40 assimilation: PARK, P 0.02",0.9,7.3,1.39,"YELLOW: C3 interiors on both sides, C4 exterior (porch beam on 2x4 posts, broken slab edge, bare fascia, 3-tab roof of unknown age, crushed foundation louver); kitchens in frames 4 and 8 unfinished, crawl space unseen (9 MLS frames, 9/25)","R .66 C- / A .36 B / B .77 D+ / V .77 D; M F, D B- (9/30)",2.7,,1,,YELLOW -4; crime R .66 C- -0.4; drive 2.7h -2; zip letter D- retired 9/30,"ENTRANT confirmed by the rent-comp pass (files 27/27a/27b) at a lower score: the block comp is 606 S 2nd St two doors down, a 2bd/1ba house that rented at $825-850 three times since Sep 2025 and did not move at $900, so a remodeled 1-bed here is $650-800 (base $725). At $1,450/mo rent-to-price is 1.27%, CoC 7.3% and DSCR 1.39 on framework taxes of $1,674; the real bill is probably nearer $420-600 on Edgecombe's low assessments (606 pays $328), which lifts CoC to about 10.8% (DSCR 1.58). Even the low case of $650 per unit is 3.7% CoC / DSCR 1.2. HUD SAFMR 1BR for 27864 is $860 gross, so voucher tenants would pay the high case. Still to verify before an offer: permits for the 2026 electrical/plumbing/framing work, whether M1 zoning leaves the duplex a legal nonconforming use (Town of Pinetops), vacancy of both units, exterior paint/trim/porch budget. | rent basis: comps 2026-09-12 || CLAUDE CODE 40 (9/25; advisory 50 verified): PARK stands, P 0.02 (chain 0.30 x 0.60 x 0.50 x 0.50 x 0.60 x 0.85 = 0.023; advisory 0.03). TITLE (new): deed 1769/379 of 11/10/2022 is a COMMISSIONER'S DEED - the Edgecombe County Attorney as court-appointed commissioner conveying out of a county tax foreclosure against the unknown heirs of the deceased prior owner; the recitals on page 2 show a confirmed upset bid of $10,750 filed 10/19/2022 with no further bids and the sale confirmed ($22 stamps round it to the county's $11,000); the ROD index (certified through 9/24/2026) carries no deed of trust, claim of lien, lien-agent notice or lis pendens against the record owners: the seller holds free and clear, so no short-sale dynamic and no recorded mechanics' claim to date. The owners' only other parcels are in Macclesfield, so the Town's demolition-lien reach does not touch them. TAX (reproduced): the 2026 bill 26A470433368300 is $419.35 and OPEN (levied 9/1, interest 1/6/2027) = 28,527 x 1.47; 2007-2025 all paid; not on the 2025 delinquent advertisement; the county's $150 solid-waste fee bills only the unincorporated area and Leggett. Town rate history 0.46 (FY23) -> 0.58 (FY24 on) held through the 1/1/2024 reappraisal (county 0.95 -> 0.89); Town tax base $65.6M, property-tax revenue $413,000, electric transfer $312,924 = 22.6% of the general fund. ZONING (reproduced and sharpened): county layer M-1 with the lot 95 m inside the polygon; the Town's 2022 map scan puts the LI block at 2nd and Cobb; the Table of Uses (rendered) lists the duplex P only in R-30, R-12, R-10MH, R-7, RMF and OI; Sections 70.05.A.3, 70.06.A.2, 70.06.A.5 and 70.06.A.6 read verbatim (180 days; 60 percent of tax value = $12,916). NEW: the Town FAQ says no zoning permit is required for interior repairs, so a two-family zoning permit for the 2025-26 work is unlikely to exist; the trail is the county electrical/building permits and the Town's two meter sets. STATE LAW (new): G.S. 160D-108(d) gives a 24-month floor only to statutory vesting created by a development permit; S.L. 2025-94 s.29 (law 10/6/2025) added the 'use by right attached to the property' sentence to 160D-108(c); H765 (which would void the 180-day clock) is stuck in House Finance since 5/6/2025. Ask under G.S. 160D-108(h) for a written vested-rights determination (appealable de novo). STREET VIEW SERIES (new): Jan 2008 and May 2013 occupied; Apr 2022 porch stacked with furniture seven months before the tax sale; May 2025 mown and empty with a sign stand at the curb, old windows; Feb 2026 bare dirt, temporary porch posts, new doors - no tenancy visible after April 2022, so a >180-day vacancy between the 11/2022 sale and the remodel is the base case (P about 0.8) unless the Town's utility accounts show otherwise. SEWER (corrected): the DWR list entry is '90% Rule imposed' 5/19/2021 (15A NCAC 02T .0118 = no sewer-line EXTENSION permits until expansion plans are filed), not a statutory moratorium; average flow 0.145 MGD in 2025 = 48% of the 0.3 MGD permit (59% in 2024, 37% Jan-Jul 2026); the Town wrote DEQ in 2026 to lift it. WWTP RECORD (new): 7 state penalties since 11/2021 ($4,779), NOVs 10/2024-6/2026, fecal coliform 525% over limit in Q3 2025, BOD 41% in Q2 2026, 4 of 12 quarters in noncompliance. DEQ distressed list of 2/16/2026 lists Pinetops (score 7); not on the FY2024 UAL; the Sept 2026 UAL is unpublished. UTILITIES (reproduced plus trend): sewer admin charge 24.23 (2023) -> 28.85 (2026), +19%; taps 350/350 -> 1,350/1,000; rental meter deposit 475 (FY27), 150/50 with reference on the July 2026 sheet; sanitation $25 per account; electric 15.49 + 0.1542/kWh; tenant utilities about $195-235 a month. FLOOD (new): Zone X reproduced; the NC OneMap Hurricane Matthew flood-extent raster is NoData at the lot (nearest modelled flooding about 1 km SE along the creek corridor); an unnamed intermittent stream lies 133 m away; AE 1,169 m. LISTING 9/25: $113,900, 74 days, 36 views, 4 favorites, MLS 'Slab foundation' against the vents in frame 9; Zillow carries no for-sale record (Rent Zestimate $1,189 for the building); no rental listing for 610 or 612; 101 E Reason St cut to $1,100. Block: 602, 606 and 614 (plus the lot) are investor- or LLC-owned. GRID: advisory S0-S7 reproduce exactly; new S8 (punch list $12,000 cash) CoC 7.9 / 7.0 / 6.1; S9 (+$3,500 title reserve) 7.4 / 6.5 / 5.7; S10 (re-listed tax with the 10/2027 step) 8.5 / 7.2 / 6.0; year-one lease-up NOI 7819, CoC 3.3 at 6.75. Photo basis reproduced (9 frames, C3 interior / C4 exterior). WATCH: Town determination; county permit numbers; list price at or under 105,000; DEQ letter lifting the 90% rule; the Sept 2026 UAL.",https://www.redfin.com/NC/Pinetops/610-612-S-2nd-St-27864/home/203129412
w82,"16523 Kipling Ave, Cleveland, OH 44110",89000,ACTIVE (for sale),weekly sweep 2026-09-28 ENTRANT UNREVIEWED [ohio],-0.2,6.8,1.36,"YELLOW: C4 on the one listing photo; three contracts fell through this year (pending in January, contingent in March, pending in June, relisted in September), which points to an inspection or appraisal problem (9/28)","R .93 F / A .99 F / B .98 F / V .99 F; M F, D F (9/30)",8.6,,1,,YELLOW -4; crime R .93 F -2.5; drive 8.6h tier C -0.5; zip letter F retired 9/30,"YELLOW: three contracts fell through this year (pending in January, contingent in March, pending in June, relisted in September), which points to an inspection or appraisal problem; only a street-view style photo; Cleveland 44110 crime F",https://www.redfin.com/OH/Cleveland/16523-Kipling-Ave-44110/home/66587432
w67,"1433 Kenmore Blvd, Akron, OH 44314",100000,ACTIVE (for sale),weekly sweep 2026-09-28 ENTRANT UNREVIEWED [ohio],-1.0,5.7,1.3,YELLOW: C3 on the one listing photo; built 1917 with no renovation itemized (9/28),"R .90 D- / A .78 D / B .93 F / V .80 D; M D-, D D (9/30)",8.14,,1,,YELLOW -4; crime R .90 D- -2.2; drive 8.14h tier C -0.5; zip letter D- retired 9/30,"YELLOW: C3 but built 1917 with no renovation itemized; bought Oct 2023 at $63,500 and relisted at $100,000 (flip); one 1-bed unit so the tract-median rent overstates, run comps; Akron 44314 crime D-",https://www.redfin.com/OH/Akron/1433-Kenmore-Blvd-44314/home/66595882
w98,"5137 Harlan St, Philadelphia, PA 19131",150000,ACTIVE (for sale),weekly sweep 2026-09-29 ENTRANT UNREVIEWED [phila],-3.4,4.0,1.21,"YELLOW: C3 on the one listing photo; Pre-1980 C3 needing clean-up of unknown scope, long market time (9/29)","R .98 F / A .96 F / B .99 F / V .99 F; M F, D F (9/30)",5.22,,1,,"YELLOW -4; crime R .98 F -2.9; drive 5.22h tier A -0.5; [PA flag: Rental License, Certificate of Rental Suitability, lead-safe certification, Eviction Diversion 30-day wait]; zip letter D+ retired 9/30","[Rental License, Certificate of Rental Suitability, lead-safe certification, Eviction Diversion 30-day wait] Pre-1980 C3 needing clean-up of unknown scope, long market time",https://www.redfin.com/PA/Philadelphia/5137-Harlan-St-19131/home/39246710
w74,"73 Pointview Ave, Dayton, OH 45405",95000,ACTIVE (for sale),weekly sweep 2026-09-28 ENTRANT UNREVIEWED [ohio],0.2,6.2,1.33,YELLOW: C4 on the one listing photo; 'many new windows' but 'additional updates and improvements' still needed (9/28),"R .80 D / A .77 D+ / B .87 D- / V .96 F; M F, D D (9/30)",9.2,,1,,YELLOW -4; crime R .80 D -1.5; drive 9.2h tier C -0.5; zip letter F retired 9/30,YELLOW: 'many new windows' but 'additional updates and improvements' still needed; single electric and water meters (owner-paid or split utilities); the balcony ceiling panel is stained and sagging; Dayton 45405 crime F,https://www.redfin.com/OH/Dayton/75-Pointview-Ave-45405/home/193869691
w77,"9110 Jeffries Ave, Cleveland, OH 44105",89900,ACTIVE (for sale),weekly sweep 2026-09-28 ENTRANT UNREVIEWED [ohio],-0.9,6.1,1.33,YELLOW: C4 on the one listing photo; built 1920 with no updates described ('neutral finishes') (9/28),"R .94 F / A .82 D / B .90 D- / V .82 D; M F, D D (9/30)",8.34,,1,,YELLOW -4; crime R .94 F -2.5; drive 8.34h tier C -0.5; zip letter F retired 9/30,"YELLOW: C4 built 1920 with no updates described ('neutral finishes'); stained porch fascia and skirting; the Jun 2021 $775,000 'sale' is a portfolio transfer, not a comp; Cleveland 44105 crime F",https://www.redfin.com/OH/Cleveland/9110-Jeffries-Ave-44105/home/66591298
16,"407 Industrial Ave, Danville, VA 24541",144000,ACTIVE (for sale),Price changed 7/31,-0.9,5.1,1.25,"YELLOW: C4 on the front photo, built 1940, no renovation language (9/9)","R .60 C / A .93 F / B .61 C / V .95 F; M F, D F (9/30)",3.3,3.8,4,,YELLOW -4; crime R .60 C 0; drive 3.3h -2; zip letter D retired 9/30,9/15: Danville 2026 UDC: HR-C -> HB Highway Business; duplex not listed in HB -> verify nonconforming status; rate $0.83.,https://www.redfin.com/VA/Danville/407-Industrial-Ave-24541/home/124327321
9,"208 Scarborough St Unit A AND B, Spring Lake, NC 28390",185000,"ACTIVE (for sale) - PARK, fails G5 at the building's own $795 rent (9/25)","9/23 advisory 46/47 (claude.ai) | 9/25 CLAUDE CODE 41 assimilation: PARK, P 0.01",-2.0,-0.6,0.97,"YELLOW: C3 interiors of the 2026 unit, C3 to C4 exterior; occupied unit unseen since its 2023 ad; crawl space, chimneys, low-slope rear roof, water heater without a pan and 2012-vintage condensers to inspect (8 current frames plus the 2021 gallery, 9/25)",zip D+ retired 9/30; off the 28390 page map to the south (pan and re-shoot),4.2,3.7,1,,"crime D+ -0.5; drive 4.2h -2; DSCR<1.2 -2; G5 FAIL at own rent (0.86%); density-nonconforming duplex (11,000 sf needed)","9/20: verified 2026 bill $1,620.84 (assessed $59,600; county 0.4990 + Spring Lake 0.7410 + recreation 0.05; town sanitation is NOT on the county bill and was not retrieved); CoC 2.5 / 1.3 / 0.1%, DSCR 1.13 / 1.07 / 1.00 at the board's $1,800; Spring Lake is on the LGC Unit Assistance List. File 14's 12.2% rested on a stale rent line - corrected. P ~0.03. || CLAUDE CODE 41 (9/25 evening; advisory 46/47 verified): PARK stands, FAILS G5 at the building's own rent; P cut to 0.01 (chain 0.05 x 0.70 x 0.60 x 0.70 x 0.85 x 0.60 = 0.0075; advisory 0.02). RENT/TAX (reproduced): 795 a unit is the building's own April 2026 ask (Redfin history 4/12 'Listed for Rent 795', 5/1 'Rental Removed'; apartments.com 208A ad); the 2026 bill 1,620.84 reproduces line by line and the refuse (792 = 2 x 396) and stormwater (60) lines ARE on the county bill (35a/40a's 'no sanitation lines' text withdrawn); the Town's FY2027 schedule keeps 33 a month a unit and 5 an ERU, and the FY2027 tax rate 0.741 is unchanged. Grid S1-S5 reproduce to the dollar. NEW AND LOAD-BEARING: (1) the county deed chain (camapwa) carries FOUR priced sales, not one: 32,000 (9/2008), 17,000 (12/2016), 117,000 (6/3/2021, stamps 234), 160,000 (6/7/2023, stamps 320), after a 2004 trustee's deed to the Secretary of Veterans Affairs; the 2021 gallery in _evidence is the 2016-2021 owner's renovation sale; (2) the Register of Deeds index (through 9/24/2026) holds ONE instrument under the record owner's name, the 2023 deed: NO deed of trust, lien or lis pendens, matching the absence of a lender tax-service vendor on the 2023-2026 bills (the 2022 bill carried CoreLogic for the prior owner): the seller has no payoff floor and no forced-sale pressure; (3) ZONING: Sec. 42-63.3 permits 'Dwelling, single & multiple-family' in R-6, but Sec. 42-192 requires 6,000 sf for the first dwelling unit plus 5,000 for the second (11,000 sf, 60 ft frontage) against 6,033 sf and about 50 ft, and the 42-190(4) lot-of-record exception covers single-family only: the duplex is DENSITY-NONCONFORMING; 42-112(e) bars rebuilding as before if casualty damage exceeds 50 percent of reproducible value (county RCN 86,448), 42-112(d) requires dimensional conformity if a remodel exceeds one-third (28,816), 42-112(f) one-year discontinuance; the board's 'CONFORM' becomes 'use P / structure NONCONF (density)' and a county-planning determination joins the chain (0.60); (4) 'MCO' is unsupported: not among the 18 districts of Article II, no overlay polygon, no such string in the county's 2021 ordinance; R6 came from the Town-initiated 2007 blanket rezoning P07-03 (145 parcels from R6A and R6/MHO); (5) PERMITS: the Town runs its own Inspections Department (CivicPlus portal), so the advisory's empty county permit layers prove nothing; G.S. 160D-1110(c)'s 40,000 exemption names single-family residences only, so the 2023 reroof and 2024 mini-split/electrical work needed Town permits (renovation fee 120-180): ask for the permit numbers; (6) dated Street View: Sep 2007 yellow asbestos-substrate cottage, Jun 2012 already vinyl-sided WITH a wall condenser, May 2022 grey roof and occupied, Jan 2024 new dark roof: the 'mini-splits 2024' claim is at most a partial replacement of 14-year-old equipment (S6 reserve); continuous occupancy 2012-2024; (7) the Town's refuse roll has billed TWO units on every bill since 2021 (two-unit evidence); Spring Lake's E911 convention is one APT-typed point per duplex (205, 208, 306, 310), so the Pecan second-point rule does not transfer. TOWN: LGC control 10/5/2021 to 8/1/2024 (not 7/15); on the 10/6/2025 Unit Assistance List; 37,500 of sales tax withheld 9/9/2025 for the missing FY2022-2024 audits (status unverified); unrestricted fund balance about 8 percent vs a 35 percent policy; DEQ DISTRESSED water/sewer unit (designations 2/4/2026; scores 10/5b/2b/2b/1b, b = missing audits); WWTP NC0030970 1.5 MGD major permit, 2025 flow 0.880 MGD (59 percent), 8 of 12 quarters with a violation identified, NOVs 1/2024-9/2025, no penalties, 4 SSOs in 2025; not on the DWR moratorium list; water bought from PWC and Harnett, a DBP monitoring violation 11/2025. Water/sewer FY2027 retail rates unchanged (minimum 30.87, 5,000 gal 127.95 = S4 1,535 owner-paid if one meter); deposits 200. REVALUATION: Cumberland's next is 2031 (advisory said 2033); at the sector-median factor the 2031 tax is about 1,889 (S5b), at the 2023 price 2,916 (S5). Sector: the twelve V Capital duplexes carry 300 stamps EACH (150,000 each, twelve deeds, not an allocation). GRID (new): S5b CoC -1.1 / -2.4 / -3.5; S6 (8,000 condenser reserve) -0.6 / -1.7 / -2.7; S7 (795+850) 0.2 / -1.1 / -2.3; S8 (10% vacancy) -2.3 / -3.5 / -4.7; S9 (water + 2031 sector tax) -3.7 / -5.0 / -6.2; S10 (10/2027 insurance) -0.8 / -2.0 / -3.2; year one with one turnover NOI 9578, CoC -2.1 at 6.75. Price points at own rent and 6.75: 160,000 -> 2.2 / DSCR 1.12; 150,000 -> 3.6 / 1.19; 137,000 -> 5.7 / 1.31; 125,000 -> 8.0 / 1.43. WATCH: a cut to 165,000 or below; leases at 850 or better; Town permit numbers; a county-planning density/casualty answer; the Town's FY2022-2025 audits filed; the September 2026 UAL.",https://www.redfin.com/NC/Spring-Lake/208-Scarborough-St-28390/unit-B/home/187409413
w73,"9816 Manor Ave, Cleveland, OH 44104",59900,ACTIVE (status unverified),weekly sweep 2026-09-28 ENTRANT UNREVIEWED [ohio],-2.0,3.2,1.17,"GREEN-verify: C3 on the one listing photo; the remarks list updated electrical, kitchens, bathrooms and water heaters in recent years (9/28)","R .95 F / A .99 F / B .98 F / V .93 F; M F, D F (9/30)",8.42,,,,crime R .95 F -2.7; drive 8.42h tier C -0.5; DSCR 1.17 -2; zip letter F retired 9/30,"GREEN-verify: the remarks list updated electrical, kitchens, bathrooms and water heaters in recent years; no rents stated; Zillow status unknown; Cleveland 44104 (Kinsman) crime F",https://www.zillow.com/homedetails/9816-Manor-Ave-Cleveland-OH-44104/33415802_zpid/
w76,"14002 Idarose Ave, Cleveland, OH 44110",105000,ACTIVE (for sale),weekly sweep 2026-09-28 ENTRANT UNREVIEWED [ohio],-2.1,5.1,1.27,"YELLOW: C4 on the one listing photo; generic remarks with no updates listed; bought Feb 2026 at $75,000 and relisted at $115,000 six months later, now $105,000 (9/28)","R .95 F / A .96 F / B .93 F / V .93 F; M F, D F (9/30)",8.6,,1,,YELLOW -4; crime R .95 F -2.7; drive 8.6h tier C -0.5; zip letter F retired 9/30,"YELLOW: generic remarks with no updates listed; bought Feb 2026 at $75,000 and relisted at $115,000 six months later, now $105,000; Cleveland 44110 crime F",https://www.redfin.com/OH/Cleveland/14002-Idarose-Ave-44110/home/70767823
w93,"319 E Essex Ave, Lansdowne, PA 19050",195000,ACTIVE (for sale),weekly sweep 2026-09-29 ENTRANT UNREVIEWED [phila],-4.6,3.7,1.2,YELLOW: C3 on the one listing photo; Unit count unverified (listing text missing) (9/29),"R .85 D / A .90 D- / B .69 D+ / V .90 D-; M D, D C (9/30)",5.08,,1,,YELLOW -4; drive 5.08h tier A -0.5; DSCR 1.20 -2; crime R .85 D -1.8; zip letter C- retired 9/30,Unit count unverified (listing text missing); repeated failed pendings; neighbor 315 is a short sale,https://www.redfin.com/PA/Lansdowne/319-E-Essex-Ave-19050/home/38282898
27,"639 Conover Rd, Durham, NC 27703",440000,ACTIVE (for sale),"back to active (2026-09-28; was: CLOSED 9/26/2026: Gate 3 FAIL - single-family attached house (one dwelling on its own lot; the listing is 639 Conover Rd UNIT B only, still ACTIVE at 440,000 on TMLS 1",-0.9,3.1,1.15,"GREEN: C1, built 2025; moot after the Gate 3 FAIL (89 frames spot-checked, 9/26)","R .50 C+ / A .35 B / B .69 D+ / V .52 C+; M B+, D B- (9/30)",3.2,3.3,,,"G3 FAIL: Durham attached-house pair on two lots (REIDs 241700/241701, plat PB 212/113); one 4-bed house; crime R .50 C+ 0; drive 3.2h -2; DSCR<1.2 -2; zip letter D- retired 9/30","advisory 54 assimilated 9/26 (files 49/49a/49b/49c): 639 A sold 4/20/2026 at 435,000; 639 B held by the builder with three deeds of trust of record; tax 4,847.06 FY27; HOA 115; do not re-fold any 635/637/639/641 Conover half",https://www.redfin.com/NC/Durham/639-Conover-Rd-27703/unit-B/home/197654779
18,"126 & 128 Troy Ave NE, Roanoke, VA 24012",209997,ACTIVE (for sale),"price cut $209,998 -> $209,997 (2026-09-28; was: ACTIVE (for sale))",-0.9,5.6,1.27,"YELLOW: C4 in 20 MLS frames; two detached cottages of about 1973, no ranges or refrigerators, painted subfloors, no cooling, electric hydronic boiler without a flue, tree limb over the roof (9/16)","R .66 C- / A .90 D- / B .96 F / V .86 D-; M D, D D (9/30)",3.8,4.7,1,,YELLOW -4; crime R .66 C- -0.5; drive 3.8h -2; zip letter F retired 9/30,"9/16 (advisory 36 Troy memo): NEAR-MISS + FINANCING-HOLD. Two DETACHED cottages on one RM-1 lot (conforming; two field-verified city address points confirmed 9/16); a DSCR matrix lists detached multiple dwellings and units < 600 sf as ineligible and an open 2022 zoning case (ZOCO22-0419) is an ineligible condition; Fannie conventional may treat it as a 2-unit (separate meters + unique addresses). Tax + owner fees $2,252 (solid waste $218.40 + stormwater $111.60 verified). CoC -1.2% at ask; band $124-137K. Aug contract failed, cut to $210K 9/9.",https://www.redfin.com/VA/Roanoke/126-Troy-Ave-NE-24012/home/131667775
w21,"31 Crandall St, Binghamton, NY 13905",95000,ACTIVE (for sale),weekly sweep 2026-09-28 ENTRANT UNREVIEWED [phila],-6.0,2.7,1.15,YELLOW: C4 on the one listing photo; 1900 build sold as a 'value-add' with no renovation stated (9/28),"R .90 D- / A .90 D- / B .98 F / V .54 C; M F, D D (9/30)",7.86,,4,,YELLOW -4; drive 7.86h tier B -0.5; DSCR 1.15 -2; [NY flag: Good Cause Eviction opted in 2025-04-02; rent increases above the lower of 10% or CPI + 5% presumptively unreasonable]; crime R .90 D- -2.2; zip letter C retired 9/30,"[Good Cause Eviction opted in 2025-04-02; rent increases above the lower of 10% or CPI + 5% presumptively unreasonable] YELLOW: 1900 build sold as a 'value-add' with no renovation stated; bought 7/7/2026 for $52,000 and relisted at $99,000 (now $95,000) with no work described, so ask what was done; ",https://www.redfin.com/NY/Binghamton/31-Crandall-St-13905/home/114490192
w25,"259 Sunset Dr, Corning, NY 14830",120000,ACTIVE (for sale),weekly sweep 2026-09-28 ENTRANT UNREVIEWED [phila],-3.8,2.7,1.14,"YELLOW: C4 on the one listing photo; 1900 build with no renovation evidence; the only photo is a 270-pixel thumbnail, too small to check for RED items, so condition is unverified (9/28)","R .35 B / A .69 D+ / B .82 D / V .47 C+; M B-, D D+ (9/30)",7.77,,1,,YELLOW -4; drive 7.77h tier B -0.5; DSCR 1.14 -2; zip letter A retired 9/30,"YELLOW: 1900 build with no renovation evidence; the only photo is a 270-pixel thumbnail, too small to check for RED items, so condition is unverified; relisted 7/29 after a $150,000 listing in April; CrimeGrade A ZIP",https://www.redfin.com/NY/Corning/259-Sunset-Dr-14830/home/138082794
w92,"1967 Georgian Rd, Philadelphia, PA 19138",250000,ACTIVE (for sale),weekly sweep 2026-09-29 ENTRANT UNREVIEWED [phila],-6.3,2.5,1.14,YELLOW: C3 on the one listing photo; Pre-1980 C3 without renovation evidence; verify unit and bedroom count (9/29),"R .91 D- / A .86 D- / B .39 B- / V .93 F; M F, D F (9/30)",5.36,,,,"YELLOW -4; drive 5.36h tier A -0.5; DSCR 1.14 -2; [PA flag: Rental License, Certificate of Rental Suitability, lead-safe certification, Eviction Diversion 30-day wait]; crime R .91 D- -2.3; zip letter C retired 9/30","[Rental License, Certificate of Rental Suitability, lead-safe certification, Eviction Diversion 30-day wait] Pre-1980 C3 without renovation evidence; verify unit and bedroom count",https://www.zillow.com/homedetails/1967-Georgian-Rd-Philadelphia-PA-19138/165113870_zpid/
w101,"2423 W Norris St, Philadelphia, PA 19121",189000,ACTIVE (for sale),weekly sweep 2026-09-29 ENTRANT UNREVIEWED [phila],-6.2,2.5,1.13,YELLOW: C3 on the one listing photo; Unit count unverified (listing text missing) (9/29),"R .89 D- / A .90 D- / B .82 D / V .78 D; M F, D D- (9/30)",5.22,,1,,"YELLOW -4; drive 5.22h tier A -0.5; DSCR 1.13 -2; [PA flag: Rental License, Certificate of Rental Suitability, lead-safe certification, Eviction Diversion 30-day wait]; crime R .89 D- -2.2; zip letter C retired 9/30","[Rental License, Certificate of Rental Suitability, lead-safe certification, Eviction Diversion 30-day wait] Unit count unverified (listing text missing); fresh exterior paint but no renovation record",https://www.redfin.com/PA/Philadelphia/2423-W-Norris-St-19121/home/38858699
w102,"14 E Railroad St, Plymouth, PA 18651",134999,ACTIVE (for sale),weekly sweep 2026-09-29 ENTRANT UNREVIEWED [phila],-4.2,2.3,1.12,"YELLOW: C4 on the one listing photo; Duplicate of 14 14 Rear Railroad St; flood 6, C4, detached rear dwelling (9/29)","R .60 C / A .90 D- / B .95 F / V .82 D; M C, D C+ (9/30)",6.58,,,,YELLOW -4; drive 6.58h tier B -0.5; DSCR 1.12 -2; zip letter B- retired 9/30,"Duplicate of 14 14 Rear Railroad St; flood 6, C4, detached rear dwelling",https://www.zillow.com/homedetails/14-E-Railroad-St-Plymouth-PA-18651/53517169_zpid/
25,"7 Barney Pl, Portsmouth, VA 23702",245000,ACTIVE (for sale),"price cut $250,000 -> $245,000 (2026-09-28; was: ACTIVE (for sale))",-3.2,4.8,1.25,"RED: vacant unit stripped to the subfloor with sections open to the joists (wet-wall footprint), a file 08 RED item; flood factor 5 (14 MLS frames, 9/14; file 31)","R .87 D- / A .90 D- / B .93 F / V .83 D; M D-, D C (9/30)",0.8,0.9,5,Cradock Historic District: Certificate of Appropriateness required before any exterior change (Portsmouth HPC),RED -> walk under file 08; YELLOW -4; crime R .87 D- -2.0; historic -1; flood 5 -1; zip letter F retired 9/30,"9/16 CORRECTION: TWO water accounts (7 and 9 Barney Pl, both CPN 04090970) per the Portsmouth meter layer; the 9/15 single-meter note was an address-match error. RED stands (file 31). | 9/15: RED stands (wet-wall subfloor removal). NEW: ONE water account/meter per the Portsmouth meter layer -> owner-paid water/sewer/HRSD ~$2,200/yr unless RUBS; service line UNKNOWN both sides; Peck Iron and Metal NPL site 1.75 km. | File 31 (9/14): numbers now on the in-place $1,500/unit basis, 8% vacancy, FY2027 tax $3,531, no rehab. Walk unless the seller closes the floors before appraisal. 8%-CoC price $173-181K on in-place rents; ~$239-250K only if both units reach $1,850 after a $40K cash rehab. Seller's public-record basis $300,000 (Mar 2024).",https://www.redfin.com/VA/Portsmouth/7-Barney-Pl-23702/home/49370220
w131,"603 33rd St, Parkersburg, WV 26101",97000,ACTIVE (for sale),weekly sweep 2026-09-30 ENTRANT UNREVIEWED [pitt],-4.3,2.2,1.12,"YELLOW: C4 on the one listing photo; Built 1921, no renovation evidence; 180 days on market (9/30)",zip C- retired 9/30; off the 26101 page map to the north (pan and re-shoot),7.05,,1,,YELLOW -4; drive 7.05h tier B -0.5; DSCR 1.12 -2,"Built 1921, no renovation evidence; 180 days on market",https://www.redfin.com/WV/Parkersburg/603-33rd-St-26101/home/128358856
w22,"12.5 Franklin St St, Binghamton, NY 13905",110000,ACTIVE (for sale),weekly sweep 2026-09-28 ENTRANT UNREVIEWED [phila],-5.8,3.2,1.17,"YELLOW: C4 on the one listing photo; both units vacant (not boarded) with unstated TLC scope; flood factor 6, itself a YELLOW driver (9/28)","R .79 D / A .89 D- / B .93 F / V .52 C+; M D+, D B- (9/30)",7.86,,6,,YELLOW -4; drive 7.86h tier B -0.5; flood 6 -1; DSCR 1.17 -2; [NY flag: Good Cause Eviction opted in 2025-04-02; rent increases above the lower of 10% or CPI + 5% presumptively unreasonable]; crime R .79 D -1.5; zip letter C retired 9/30,[Good Cause Eviction opted in 2025-04-02; rent increases above the lower of 10% or CPI + 5% presumptively unreasonable] YELLOW: flood factor 6; both units vacant (not boarded) with unstated TLC scope; 1900 build with no renovation evidence; exterior intact; four price cuts since August,https://www.redfin.com/NY/Binghamton/12-Franklin-St-13905/home/115232881
w140,"310 Linden St, Vandergrift, PA 15690",95000,ACTIVE (status unverified),weekly sweep 2026-09-30 ENTRANT UNREVIEWED [pitt],-4.4,2.1,1.11,"YELLOW: C3 on the one listing photo; Built 1910, recent work mentioned without detail (9/30)","R .32 B / A .79 D / B .27 B+ / V .75 D+; M D+, D B (9/30)",6.58,,1,,YELLOW -4; drive 6.58h tier B -0.5; DSCR 1.11 -2; zip letter A- retired 9/30,"Built 1910, recent work mentioned without detail; roof looks new",https://www.redfin.com/PA/Vandergrift/310-Linden-St-15690/home/69235730
w86,"2014 E Clearfield St, Philadelphia, PA 19134",139900,ACTIVE (for sale),weekly sweep 2026-09-29 ENTRANT UNREVIEWED [phila],-6.3,3.1,1.16,"YELLOW: C3 on the one listing photo; Pre-1980 C3 with no documented renovation, turnkey claim unproven (9/29)","R .99 F / A .95 F / B .78 D / V .80 D; M F, D F (9/30)",5.22,,,,"YELLOW -4; crime R .99 F -2.9; drive 5.22h tier A -0.5; DSCR 1.16 -2; [PA flag: Rental License, Certificate of Rental Suitability, lead-safe certification, Eviction Diversion 30-day wait]; zip letter D retired 9/30","[Rental License, Certificate of Rental Suitability, lead-safe certification, Eviction Diversion 30-day wait] Pre-1980 C3 with no documented renovation, turnkey claim unproven",https://www.zillow.com/homedetails/2014-E-Clearfield-St-Philadelphia-PA-19134/165186215_zpid/
w94,"7317 E Walnut Ln, Philadelphia, PA 19138",255000,ACTIVE (for sale),weekly sweep 2026-09-29 ENTRANT UNREVIEWED [phila],-4.4,2.1,1.11,"YELLOW: C3 on the one listing photo; Pre-1980 C3, only an interior photo available, exterior unseen (9/29)","R .40 B- / A .64 C- / B .00 A+ / V .74 D+; M D, D D (9/30)",5.36,,,,"YELLOW -4; drive 5.36h tier A -0.5; DSCR 1.11 -2; [PA flag: Rental License, Certificate of Rental Suitability, lead-safe certification, Eviction Diversion 30-day wait]; zip letter C retired 9/30","[Rental License, Certificate of Rental Suitability, lead-safe certification, Eviction Diversion 30-day wait] Pre-1980 C3, only an interior photo available, exterior unseen",https://www.zillow.com/homedetails/7317-E-Walnut-Ln-Philadelphia-PA-19138/445781527_zpid/
w141,"949 W Pike St, Clarksburg, WV 26301",95000,ACTIVE (for sale),weekly sweep 2026-09-30 ENTRANT UNREVIEWED [pitt],-4.5,2.0,1.11,YELLOW: C4 on the one listing photo; Built 1900; remarks unavailable so unit count and condition are unverified (9/30),zip B- retired 9/30; block maps needed,5.86,,,,YELLOW -4; drive 5.86h tier B -0.5; DSCR 1.11 -2,Built 1900; remarks unavailable so unit count and condition are unverified,https://www.zillow.com/homedetails/949-W-Pike-St-Clarksburg-WV-26301/22522140_zpid/
w124,"258 E Warrington Ave, Pittsburgh, PA 15210",147000,ACTIVE (for sale),weekly sweep 2026-09-30 ENTRANT UNREVIEWED [pitt],-7.2,1.8,1.1,YELLOW: C4 on the one listing photo; Built 1930; new flooring and kitchens claimed but systems not documented (9/30),"R .93 F / A .93 F / B .98 F / V .93 F; M F, D D- (9/30)",6.6,,1,,YELLOW -4; drive 6.6h tier B -0.5; DSCR 1.10 -2; crime R .93 F -2.5; zip letter C- retired 9/30,Built 1930; new flooring and kitchens claimed but systems not documented; siding stained,https://www.redfin.com/PA/Pittsburgh/258-E-Warrington-Ave-15210/home/74503922
w99,"315 E Essex Ave, Lansdowne, PA 19050",210000,ACTIVE (for sale),weekly sweep 2026-09-29 ENTRANT UNREVIEWED [phila],-6.5,1.8,1.1,"YELLOW: C3 on the one listing photo; Short sale subject to bank approval and seller wants private or hard-money financing, poor fit for a conventional novice buyer (9/29)","R .85 D / A .90 D- / B .69 D+ / V .90 D-; M D, D C (9/30)",5.08,,1,,YELLOW -4; drive 5.08h tier A -0.5; DSCR 1.10 -2; crime R .85 D -1.8; zip letter C- retired 9/30,"Short sale subject to bank approval and seller wants private or hard-money financing, poor fit for a conventional novice buyer",https://www.redfin.com/PA/Lansdowne/315-E-Essex-Ave-19050/home/38282896
w147,"213 Rockwood Ave, Pittsburgh, PA 15221",149900,ACTIVE (for sale),weekly sweep 2026-09-30 ENTRANT UNREVIEWED [pitt],-7.0,1.7,1.09,"YELLOW: C4 on the one listing photo; Built 1905, no renovation evidence; shared water and sewer (9/30)","R .90 D- / A .98 F / B .93 F / V .93 F; M D-, D D+ (9/30)",6.38,,1,,YELLOW -4; drive 6.38h tier B -0.5; DSCR 1.09 -2; crime R .90 D- -2.2; zip letter C- retired 9/30,"Built 1905, no renovation evidence; shared water and sewer",https://www.redfin.com/PA/Pittsburgh/213-Rockwood-Ave-15221/home/74607073
w149,"220 Mercer St, Butler, PA 16001",122500,ACTIVE (for sale),weekly sweep 2026-09-30 ENTRANT UNREVIEWED [pitt],-7.0,1.3,1.07,"YELLOW: C4 on the one listing photo; Built 1940, no renovation evidence; one furnace about 12 years old (9/30)","R .84 D / A .47 C+ / B .89 D- / V .74 D+; M A, D D+ (9/30)",7.0,,1,,YELLOW -4; drive 7.0h tier B -0.5; DSCR 1.07 -2; crime R .84 D -1.8; zip letter C+ retired 9/30,"Built 1940, no renovation evidence; one furnace about 12 years old",https://www.redfin.com/PA/Butler/220-Mercer-St-16001/home/73641961
w103,"14 14 Rear Railroad St, Plymouth, PA 18651",134999,ACTIVE (for sale),weekly sweep 2026-09-29 ENTRANT UNREVIEWED [phila],-5.2,2.3,1.12,"YELLOW: C4 on the one listing photo; Flood factor 6 and C4 mossy porch roof; two detached dwellings on one lot need legal confirmation; flood factor 6, itself a YELLOW driver (9/29)",zip B- retired 9/30; block maps needed,6.58,,6,,YELLOW -4; drive 6.58h tier B -0.5; flood 6 -1; DSCR 1.12 -2,Flood factor 6 and C4 mossy porch roof; two detached dwellings on one lot need legal confirmation,https://www.redfin.com/PA/Plymouth/14-W-Railroad-St-18651/home/134123351
w142,"1818 Mary St, Pittsburgh, PA 15203",209900,ACTIVE (for sale),weekly sweep 2026-09-30 ENTRANT UNREVIEWED [pitt],-5.4,1.6,1.09,YELLOW: C4 on the one listing photo; Built 1900; renewal claimed but sold as-is where-is with buyer handling city requirements (9/30),zip D+ retired 9/30; block maps needed,6.53,,1,,YELLOW -4; crime D+ -0.5; drive 6.53h tier B -0.5; DSCR 1.09 -2,Built 1900; renewal claimed but sold as-is where-is with buyer handling city requirements; notice posted in window; 293 days on market,https://www.redfin.com/PA/Pittsburgh/1818-Mary-St-15203/home/74479508
w144,"116 Lafayette Ave, Niles, OH 44446",129900,ACTIVE (for sale),weekly sweep 2026-09-30 ENTRANT UNREVIEWED [pitt],-5.6,0.9,1.05,"YELLOW: C4 on the one listing photo; Built 1945, no renovation evidence; exterior not shown in photo (9/30)",zip C- retired 9/30; block maps needed,7.64,,,,YELLOW -4; drive 7.64h tier B -0.5; DSCR 1.05 -2,"Built 1945, no renovation evidence; exterior not shown in photo",https://www.zillow.com/homedetails/116-Lafayette-Ave-Niles-OH-44446/35514596_zpid/
w127,"114-114 1/2 I St, Johnstown, PA 15906",75000,ACTIVE (status unverified),weekly sweep 2026-09-30 ENTRANT UNREVIEWED [pitt],-7.6,0.8,1.04,YELLOW: C4 on the one listing photo; Remodel claimed but not documented; porch roof edge and siding look worn in photo (9/30),"R .86 D- / A .80 D / B .94 F / V .81 D; M D, D B (9/30)",5.7,,,,YELLOW -4; drive 5.7h tier B -0.5; DSCR 1.04 -2; crime R .86 D- -1.9; zip letter B- retired 9/30,Remodel claimed but not documented; porch roof edge and siding look worn in photo; listing status unknown on the page,https://www.zillow.com/homedetails/114-114-1-2-I-St-Johnstown-PA-15906/464733731_zpid/
w129,"450 Jefferson Ave, Washington, PA 15301",140000,ACTIVE (for sale),weekly sweep 2026-09-30 ENTRANT UNREVIEWED [pitt],-6.5,0.7,1.04,"YELLOW: C4 on the one listing photo; Built 1900, only upper unit renovated; relisted after a pending sale fell through (9/30)","R .69 D+ / A .57 C / B .54 C / V .64 C-; M D+, D D- (9/30)",6.48,,1,,YELLOW -4; drive 6.48h tier B -0.5; DSCR 1.04 -2; crime R .69 D+ -0.7; zip letter B retired 9/30,"Built 1900, only upper unit renovated; relisted after a pending sale fell through",https://www.redfin.com/PA/Washington/450-Jefferson-Ave-15301/home/70095919
w107,"306 W Center St, Elmira, NY 14901",124900,ACTIVE (status unverified),weekly sweep 2026-09-29 ENTRANT UNREVIEWED [phila],-4.8,1.7,1.09,"YELLOW: C3 on the one listing photo; Pre-1980 C3, street-view photo only, no renovation evidence (9/29)","R .16 A- / A .61 C / B .85 D / V .18 A-; M C, D A+ (9/30)",7.84,,,,YELLOW -4; crime R .16 A- 0; drive 7.84h tier B -0.5; DSCR 1.09 -2; zip letter D retired 9/30,"Pre-1980 C3, street-view photo only, no renovation evidence",https://www.zillow.com/homedetails/306-W-Center-St-Elmira-NY-14901/29953883_zpid/
w100,"234 Mauch Chunk St, Tamaqua, PA 18252",150000,ACTIVE (for sale),weekly sweep 2026-09-29 ENTRANT UNREVIEWED [phila],-6.1,0.4,1.02,YELLOW: C3 on the one listing photo; Duplicate of 234 E Mauch Chunk St; pre-1980 C3 without documented renovation (9/29),R .24 B+ / A .42 B- / B .18 A- / V .62 C-; D A- (9/30),6.06,,,,YELLOW -4; drive 6.06h tier B -0.5; DSCR 1.02 -2; zip letter A- retired 9/30,Duplicate of 234 E Mauch Chunk St; pre-1980 C3 without documented renovation,https://www.zillow.com/homedetails/234-Mauch-Chunk-St-Tamaqua-PA-18252/93718692_zpid/
r10,"133 Hugh Caldwell Rd, Charlotte, NC 28214",305000,ACTIVE (for sale),round 10 entrant 2026-09-11; rent-comp pass 2026-09-12 -> NEAR-MISS,-6.8,-1.8,0.9,"YELLOW: C3 exterior on the one usable MLS frame (the second evidence frame shows 201 Hugh Caldwell, the wrong building), built 1945; upfit permits finaled 1/2024 are the only renovation evidence, interiors unseen; the round-10 GREEN-verify rested on the front photo (9/16)","R .74 D+ / A .80 D / B .74 D+ / V .69 D+; M D-, D F (9/30)",5.0,,1,,fails Gate 5: rent-to-price 0.79% < 0.9%; crime R .74 D+ -1.0; drive 5.0h -2; DSCR 0.90 -2; zip letter D+ retired 9/30,"9/16: ZONING FLIPS TO PASS (N1-B, duplex by right under the June 2023 UDO; permits finaled 1/2024; verified on the city zoning layer). Still FAILS G5 at ask: SAFMR proxy invalid (28214 1BR SAFMR $1,650 vs Zillow $695), comps $1,000-1,200/unit, 8% price $175-215K. Flags: septic; 4 contamination sites within 1,000 ft / 7 within 1,500 ft (Mecklenburg layer, verified) = Area of Regulated Groundwater Usage; two recorded Land Use Restrictions on block-mates; seller recovered its package basis. P <0.05. | NEAR-MISS after the rent-comp pass (files 27/27a/27b): two 1-bed units of ~622 sf in a 1945 duplex comp at $1,100-1,300 each (base $1,200), not the $1,867 tract-median basis. At $2,400/mo rent-to-price is 0.79%, CoC -1.8% and DSCR 0.9 on framework taxes (-0.9% / 0.95 on the actual 2025 bill of $2,172). It clears Gate 5 only at $1,373 per unit, which in this ZIP means voucher tenants at the FY2026 SAFMR ($1,650 gross, ~$1,480 contract: CoC 4.2%, DSCR 1.22) or leases the listing does not disclose. Ask the listing agent for the two leases before spending more time; a Feb 2026 contract at $299,000 fell through (relisted Aug 20 at $305,000). Keep: 2023 roof/HVAC/kitchens, N1-B zoning, city water, septic, tenants pay all utilities. | rent basis: comps 2026-09-12",https://www.redfin.com/NC/Charlotte/133-Hugh-Caldwell-Rd-28214/home/43886182
19,"2326 Elm Ave, Portsmouth, VA 23704",254000,ACTIVE (for sale),,-6.0,3.7,1.18,"YELLOW: C3 on the front photo, built 1924, no renovation language, so pre-1960 systems unknown; flood factor 7, itself a YELLOW driver (9/9)","R .95 F / A .99 F / B .99 F / V .93 F; M F, D D (9/30)",0.8,0.9,7,,YELLOW -4; crime R .95 F -2.7; flood 7 -1; DSCR<1.2 -2; zip letter F retired 9/30,"9/16 CORRECTION: the '2324 Elm' water account is this duplex's second unit (parcel legal '2324 2326 ELM'); two meters, not one. | 9/15: ONE water account/meter (Portsmouth layer); service line UNKNOWN; Peck Iron and Metal NPL 1.67 km / Atlantic Wood 2.04 km; Zone AE (file 29).",https://www.redfin.com/VA/Portsmouth/2326-Elm-Ave-23704/home/49361454
w143,"1600 Mcclure St, Homestead, PA 15120",125000,ACTIVE (for sale),weekly sweep 2026-09-30 ENTRANT UNREVIEWED [pitt],-6.4,0.1,1.01,YELLOW: C4 on the one listing photo; Built 1930; remarks call units mid/low grade (9/30),zip C- retired 9/30; block maps needed,6.52,,1,,YELLOW -4; drive 6.52h tier B -0.5; DSCR 1.01 -2,Built 1930; remarks call units mid/low grade; front steps deteriorated,https://www.redfin.com/PA/Homestead/1600-McClure-St-15120/home/74480827
13,"2102 Rogers Dr, Fayetteville, NC 28303",175000,ACTIVE (for sale),,-6.2,0.5,1.03,"YELLOW: C4 exterior (three-tab roof streaked in 2022 and debris-laden in 2026, no gutters, original wood sash with failed paint); the 33 frames mix the 2022 sale set of Unit B with 2026 phone photos of both occupied units; the 9/9 'GREEN pending proof of renovation' is withdrawn (9/23)","R .96 F / A .99 F / B .99 F / V .99 F; M F, D F (9/30)",4.2,3.7,1,,crime R .96 F -2.7; drive 4.2h -2; DSCR<1.2 -2; zip letter F retired 9/30,"CLAUDE CODE 37 (9/23 evening; advisory 43 verified): NEAR-MISS stands, P 0.03 in place / ~0.08 on a stabilized policy test. Unit mix is a three-way conflict: 2022 MLS remarks 3/1 + 1/1; 2026 remarks 1/1 + 1/1; the COUNTY'S OWN INCOME MODEL (camapwa) carries one 1-bedroom at $460/mo and one 2-bedroom at $500/mo; the twins' county cards carry 3 bedrooms per 1,549 sf building; Unit B is a 1BR of 817 sf (AppFolio/realtor.com 2024); most likely 2BR+1BR. Same-street 2026 rent: 2108 Rogers Unit A (2BR/1BA, same 1949 product) listed 9/4/2026 at $935 and removed 9/11/2026. Stabilized 8% price with A at $935 is $145,200 (6.75%), not the advisory's $162,300. DEED OF TRUST READ IN FULL: $500,000 term note dated 8/16/2023 MATURING 8/10/2028, no partial-release clause, due-on-sale, cross-default, and 'dissolution of Grantor' is an Event of Default (the LLC was dissolved 11/21-26/2025); no release indexed through 9/22/2026. Lender New Republic Bank merged into American Bancorp 11/7/2025 and a further acquisition by Juno Bancorp was noticed 6/5/2026. Cumberland's next revaluation is 2031 (commissioners' resolution 3/2/2026), not 2033. Water: PWC's inventory carries two service-line assets for the address (probably two meters; confirm with a bill); one meter would cut the 8% price by ~$24,000. Plat PB 14/64 read (1952, 'EUTAW APARTMENT AREA', duplex drawn on lot 35, no covenants on its face); 2019 deed read (arm's-length warranty deed). Seller is defendant in an active Durham County buyer suit (25CV003975-310) and sold six houses and bought one since 9/2025 (ordinary flipper course, not liquidation). Listed 8/18/2026 = 36 days, not 22. | 9/23 photo read (33 frames, two generations: 2022 vacant-unit shoot + 2026 occupied phone photos): YELLOW, exterior C4 (worn three-tab roof under heavy canopy, no gutters, bare-wood window sashes, siding puncture, two aged RUUD package units), Unit A C4 (2022 LVP and hardwood finish since replaced with vinyl tile - unexplained), Unit B C4 by default (dated, cluttered); gas wall furnace in the 2022 frames not visible in 2026; two gas + two electric meters; BEDROOM COUNT UNRESOLVED (1BR listing vs two bedrooms in frames). Near-term $15-33K vs a $17.5K allowance. Metrics unchanged (CoC 0.5%, DSCR 1.03). NEAR-MISS stands, P ~0.03. | 9/20: rent STATED in remarks '1 bedroom and 1 bathroom. Rented at $750, and $835 each' = $1,585 month-to-month (board 2BR proxy $1,859 and 2BR+2BR mix wrong); verified 2026 bill $1,506.82 (board $593 = ad valorem only). CoC 0.5 / -0.8 / -2.0%, DSCR 1.03 / 0.97 / 0.91; 8% price $126K. Same seller as Edgar and collateral under the same $500K New Republic Bank deed of trust (11802/0067). NEAR-MISS, P ~0.03. | 9/15: NEAR-MISS - county apartment class, income value $62,500 (36% of ask), in-place ask $789 (5/2024), MTM leases; same seller as Rhew/Edgar.",https://www.redfin.com/NC/Fayetteville/2102-Rogers-Dr-28303/home/125506151
w108,"117 Helen St, Binghamton, NY 13905",195500,ACTIVE (for sale),weekly sweep 2026-09-29 OUT (negative cash flow) (was ENTRANT; re-scored 2026-09-30 on tract contract rent x 2) UNREVIEWED [phila],-6.6,-0.1,0.99,YELLOW: C3 on the one listing photo; Pre-1980 C3 without renovation evidence (9/29),"R .36 B / A .69 C- / B .93 F / V .43 B-; M F, D C+ (9/30)",7.86,,,,YELLOW -4; drive 7.86h tier B -0.5; DSCR 0.99 -2; [NY flag: Good Cause Eviction opted in 2025-04-02; rent increases above the lower of 10% or CPI + 5% presumptively unreasonable]; zip letter C retired 9/30,[Good Cause Eviction opted in 2025-04-02; rent increases above the lower of 10% or CPI + 5% presumptively unreasonable] Pre-1980 C3 without renovation evidence,https://www.zillow.com/homedetails/117-Helen-St-Binghamton-NY-13905/29722152_zpid/
w126,"803 6th St, New Brighton, PA 15066",99500,ACTIVE (for sale),weekly sweep 2026-09-30 OUT (negative cash flow) (was ENTRANT; re-scored 2026-09-30 on tract contract rent x 2) UNREVIEWED [pitt],-6.7,-0.2,0.99,"YELLOW: C4 on the one listing photo; Built 1900, remarks call it value-add with no scope given (9/30)",zip B retired 9/30; block maps needed,7.01,,1,,YELLOW -4; drive 7.01h tier B -0.5; DSCR 0.99 -2,"Built 1900, remarks call it value-add with no scope given; repair scope unknown until inspection",https://www.redfin.com/PA/New-Brighton/803-6th-St-15066/home/114111150
w120,"886 N Sharpsville Ave, Sharon, PA 16146",110000,ACTIVE (for sale),weekly sweep 2026-09-30 OUT (negative cash flow) (was ENTRANT; re-scored 2026-09-30 on tract contract rent x 2) UNREVIEWED [pitt],-6.8,-0.3,0.98,YELLOW: C4 on the one listing photo; Older house; roof three years old per remarks (9/30),"R .42 B- / A .47 C+ / B .30 B+ / V .45 B-; M C-, D A+ (9/30)",7.51,,,,YELLOW -4; drive 7.51h tier B -0.5; DSCR 0.98 -2; zip letter B- retired 9/30,Older house; roof three years old per remarks; siding stained,https://www.zillow.com/homedetails/886-N-Sharpsville-Ave-Sharon-PA-16146/78704919_zpid/
w150,"408 15th St, New Brighton, PA 15066",99000,ACTIVE (for sale),weekly sweep 2026-09-30 OUT (negative cash flow) (was ENTRANT; re-scored 2026-09-30 on tract contract rent x 2) UNREVIEWED [pitt],-6.8,-0.3,0.98,"YELLOW: C4 on the one listing photo; Built 1926, no renovation evidence; six price cuts since August (9/30)",zip B retired 9/30; block maps needed,7.01,,1,,YELLOW -4; drive 7.01h tier B -0.5; DSCR 0.98 -2,"Built 1926, no renovation evidence; six price cuts since August",https://www.redfin.com/PA/New-Brighton/408-15th-St-15066/home/73457770
w23,"40 Robinson St, Binghamton, NY 13901",90000,ACTIVE (for sale),weekly sweep 2026-09-28 ENTRANT UNREVIEWED [phila],-8.9,0.1,1.01,"YELLOW: C4 on the one listing photo; 1929 build with no renovation evidence; the listing photo is a rear view with stained siding, a cluttered rear porch and yard (9/28)","R .93 F / A .93 F / B .95 F / V .54 C; M F, D C+ (9/30)",7.84,,1,,YELLOW -4; crime R .93 F -2.5; drive 7.84h tier B -0.5; DSCR 1.01 -2; [NY flag: Good Cause Eviction opted in 2025-04-02; rent increases above the lower of 10% or CPI + 5% presumptively unreasonable]; zip letter D+ retired 9/30,"[Good Cause Eviction opted in 2025-04-02; rent increases above the lower of 10% or CPI + 5% presumptively unreasonable] YELLOW: 1929 build with no renovation evidence; the listing photo is a rear view with stained siding, a cluttered rear porch and yard; red standing-seam metal roof looks sound; no ",https://www.redfin.com/NY/Binghamton/40-Robinson-St-13901/home/115547603
w139,"189 Sherman Ave, Vandergrift, PA 15690",112000,ACTIVE (for sale),weekly sweep 2026-09-30 OUT (negative cash flow) (was ENTRANT; re-scored 2026-09-30 on tract contract rent x 2) UNREVIEWED [pitt],-7.8,-0.5,0.97,"YELLOW: C4 on the one listing photo; Older house, no renovation evidence; peeling gable trim in photo (9/30)","R .71 D+ / A .18 A- / B .86 D- / V .28 B+; M D+, D C (9/30)",6.58,,1,,YELLOW -4; drive 6.58h tier B -0.5; DSCR 0.97 -2; crime R .71 D+ -0.8; zip letter A- retired 9/30,"Older house, no renovation evidence; peeling gable trim in photo",https://www.redfin.com/PA/Vandergrift/189-Sherman-Ave-15690/home/69235154
14,"814 Varsity Dr Unit A-B, Fayetteville, NC 28301",199900,ACTIVE (for sale),,-6.9,-1.1,0.94,"GREEN-verify: Unit A interior C3 (fresh cosmetic turn over 1983 all-electric systems), exterior C3; Unit B unseen (15 MLS frames, 9/23)","R .84 D / A .95 F / B .93 F / V .90 D-; M F, D D+ (9/30)",4.2,3.7,1,,crime R .84 D -1.8; drive 4.2h -2; DSCR<1.2 -2; zip letter D- retired 9/30,"9/23 (advisory 42 + verification + Register of Deeds): NEAR-MISS, PARK. 15 MLS frames read: Unit A C3 (cosmetic turn over 1983 all-electric systems: baseboard in every room, one wall AC per unit, no dishwasher), exterior C3, no RED; Unit B unseen. ZIP is 28301 not 28304; Tract 11 = Murchison Choice area. SF-10 needs 7,500 sf PER UNIT (15,000 for a duplex); GIS lot 14,584 sf, plat 18/44 unread (ROD image placeholder) - lot on the line, P(conforming) ~0.55. Unit A unleased ~67 days ($975 -> $950, relisted under a new MLS number); underwrite A $900 + B $950 = $1,850. Insurance stays $1,680 (already includes the 10/1/2026 step; advisory double-counted to $1,764). NOI $10,974; CoC -1.1 / -2.4 / -3.6%, DSCR 0.94 / 0.88 / 0.83; 8% price $131.6K / $125.7K / $120.5K; DSCR-1.20 price $156.7K. ENCUMBERED: $124,000 Civic Financial hybrid-ARM DSCR loan (DT 11609/0528, 10/25/2022, due 2052, non-recourse, prepayment premium in the Note), assigned 11/26/2024 into a Goldman Sachs / U.S. Bank Trust securitization, no satisfaction - the ~$120K payoff sits under the framework's clearing price, so the seller's floor is ~$165-175K. Sector 0329MF factor 2.07 (uniform) -> appeal P 0.10-0.15; Cumberland informal-appeal deadline 2/5/2027. RAMP: 2 Appendix-A points in the 1/1/2026 window, 0 since; ask. Special assessments: none. FY2027 FMR $1,476 / 28301 SAFMR $1,250. P ~0.02. | 9/20: verified 2026 bill $3,329.83 (assessed $254,700; the board had no tax line); owner of record THE ENTRUST GROUP INC (self-directed IRA custodian) with a Lereta flag; SF-10, 14,810 sf lot = conforming on density. CoC -0.1 / -1.4 / -2.6%, DSCR 1.00 / 0.93 / 0.88; 8% price $139K. NEAR-MISS, P ~0.03.",https://www.redfin.com/NC/Fayetteville/814-Varsity-Dr-28301/unit-A-B/home/203301115
w95,"129 131 Summit St, Edwardsville, PA 18704",147000,ACTIVE (for sale),weekly sweep 2026-09-29 OUT (negative cash flow) (was ENTRANT; re-scored 2026-09-30 on tract contract rent x 2) UNREVIEWED [phila],-7.2,-0.7,0.96,"YELLOW: C3 on the one listing photo; Second unit renovation scope unknown and sump pump implies basement water, bids and water check needed (9/29)","R .54 C / A .74 D+ / B .78 D / V .91 D-; M B-, D D (9/30)",6.59,,1,,YELLOW -4; drive 6.59h tier B -0.5; DSCR 0.96 -2; zip letter C retired 9/30,"Second unit renovation scope unknown and sump pump implies basement water, bids and water check needed; relisted after a failed pending",https://www.redfin.com/PA/Edwardsville/129-Summit-St-18704/home/134823287
w96,"129 Summit St, Edwardsville, PA 18704",147000,ACTIVE (for sale),weekly sweep 2026-09-29 OUT (negative cash flow) (was ENTRANT; re-scored 2026-09-30 on tract contract rent x 2) UNREVIEWED [phila],-7.2,-0.7,0.96,"YELLOW: C3 on the one listing photo; Duplicate of 129 131 Summit St; second unit renovation scope unknown, sump pump implies basement water (9/29)","R .54 C / A .74 D+ / B .78 D / V .91 D-; M B-, D D (9/30)",6.59,,,,YELLOW -4; drive 6.59h tier B -0.5; DSCR 0.96 -2; zip letter C retired 9/30,"Duplicate of 129 131 Summit St; second unit renovation scope unknown, sump pump implies basement water",https://www.zillow.com/homedetails/129-Summit-St-Edwardsville-PA-18704/53507087_zpid/
w106,"430 Loder St, Waverly, NY 14892",140000,ACTIVE (for sale),weekly sweep 2026-09-29 OUT (negative cash flow) (was ENTRANT; re-scored 2026-09-30 on tract contract rent x 2) UNREVIEWED [phila],-7.3,-0.8,0.96,"YELLOW: C3 on the one listing photo; Pre-1980 C3, occupied unit unseen, only cosmetic refresh documented (9/29)","R .16 A- / A .61 C / B .79 D / V .45 B-; M C-, D D+ (9/30)",7.58,,1,,YELLOW -4; drive 7.58h tier B -0.5; DSCR 0.96 -2; zip letter B+ retired 9/30,"Pre-1980 C3, occupied unit unseen, only cosmetic refresh documented",https://www.redfin.com/NY/Waverly/430-Loder-St-14892/home/139890340
w31,"17 Way St, Binghamton, NY 13901",100000,ACTIVE (for sale),weekly sweep 2026-09-28 OUT (negative cash flow) (was ENTRANT; re-scored 2026-09-30 on tract contract rent x 2) UNREVIEWED [phila],-8.8,-0.3,0.98,"YELLOW: C4 on the one listing photo; 1920 build with no renovation evidence, broken porch skirting and older shingle siding (9/28)","R .87 D- / A .90 D- / B .93 F / V .52 C+; M D+, D C+ (9/30)",7.84,,1,,YELLOW -4; crime R .87 D- -2.0; drive 7.84h tier B -0.5; DSCR 0.98 -2; [NY flag: Good Cause Eviction opted in 2025-04-02; rent increases above the lower of 10% or CPI + 5% presumptively unreasonable]; zip letter D+ retired 9/30,"[Good Cause Eviction opted in 2025-04-02; rent increases above the lower of 10% or CPI + 5% presumptively unreasonable] YELLOW: 1920 build with no renovation evidence, broken porch skirting and older shingle siding; no RED item visible; sold for $20,000 in Dec 2020, now $100,000",https://www.redfin.com/NY/Binghamton/17-Way-St-13901/home/114813198
w30,"33 Lydia St, Binghamton, NY 13905",130000,ACTIVE (for sale),weekly sweep 2026-09-28 OUT (negative cash flow) (was ENTRANT; re-scored 2026-09-30 on tract contract rent x 2) UNREVIEWED [phila],-7.7,-0.9,0.95,YELLOW: C3 on the one listing photo; 1920 build sold as-is with no renovation evidence (9/28),"R .64 C- / A .90 D- / B .93 F / V .47 C+; M D-, D B- (9/30)",7.86,,,,YELLOW -4; drive 7.86h tier B -0.5; DSCR 0.95 -2; [NY flag: Good Cause Eviction opted in 2025-04-02; rent increases above the lower of 10% or CPI + 5% presumptively unreasonable]; crime R .64 C- -0.3; zip letter C retired 9/30,"[Good Cause Eviction opted in 2025-04-02; rent increases above the lower of 10% or CPI + 5% presumptively unreasonable] YELLOW: 1920 build sold as-is with no renovation evidence; the photo looks digitally enhanced (unnaturally smooth siding and shrubs), so condition is unverified; no RED item visibl",https://www.zillow.com/homedetails/33-Lydia-St-Binghamton-NY-13905/29719012_zpid/
24,"749 Mt Airy St, Petersburg, VA 23803",195000,ACTIVE (for sale),Zillow duplicate merged 2026-09-28,-7.6,0.6,1.03,"YELLOW: C4 on the 9/9 front photo and C3 on the 9/21 Zillow photo, built 1974; the listing's renovation language unverified (front photos only, 9/9 and 9/21)","R .89 D- / A .95 F / B .98 F / V .95 F; M F, D C (9/30)",0.8,2.0,1,,YELLOW -4; crime R .89 D- -2.2; DSCR<1.2 -2; zip letter D- retired 9/30,"weekly sweep 2026-09-21 folded this property a second time from its Zillow row (https://www.zillow.com/homedetails/749-Mount-Airy-St-Petersburg-VA-23803/230879188_zpid/): photo YELLOW / photo C3, YELLOW: C3 built 1974 (before 1980) with no renovation evidence; remarks did not parse from Zillow; unit count unverifiable from the single photo; debris and an old satellite dish stacked at the side stoop Fold score -5.7; last underwrite pass that day scored it -7.7 (CoC 2.3, DSCR 1.12, YELLOW -4; crime D- -2; drive 1.3h -2; DSCR 1.12 -2); duplicate row removed 2026-09-28 after the Mount/Mt matching fix.",https://www.redfin.com/VA/Petersburg/749-Mount-Airy-St-23803/home/190215161
w133,"1739 Kimball Ave, Arnold, PA 15068",124000,ACTIVE (for sale),weekly sweep 2026-09-30 OUT (negative cash flow) (was ENTRANT; re-scored 2026-09-30 on tract contract rent x 2) UNREVIEWED [pitt],-7.5,-1.0,0.95,"YELLOW: C4 on the one listing photo; Two separate houses rather than one duplex building, unit and lot layout to verify (9/30)","R .39 B- / A .71 D+ / B .60 C / V .57 C; M D+, D A- (9/30)",6.56,,,,YELLOW -4; drive 6.56h tier B -0.5; DSCR 0.95 -2; zip letter B retired 9/30,"Two separate houses rather than one duplex building, unit and lot layout to verify; no renovation evidence for front house",https://www.zillow.com/homedetails/1739-Kimball-Ave-Arnold-PA-15068/10615289_zpid/
w29,"299 Robinson St, Binghamton, NY 13904",155000,ACTIVE (for sale),weekly sweep 2026-09-28 OUT (negative cash flow) (was ENTRANT; re-scored 2026-09-30 on tract contract rent x 2) UNREVIEWED [phila],-7.0,-4.5,0.76,"GREEN-verify: C3 on the one listing photo; newer roof, windows, furnaces, hot water tanks and central air per the remarks (dates to confirm) (9/28)","R .06 A+ / A .80 D / B .87 D- / V .32 B; M D, D B+ (9/30)",7.83,,1,,crime R .06 A+ 0; drive 7.83h tier B -0.5; DSCR 0.76 -2; [NY flag: Good Cause Eviction opted in 2025-04-02; rent increases above the lower of 10% or CPI + 5% presumptively unreasonable]; zip letter D+ retired 9/30,"[Good Cause Eviction opted in 2025-04-02; rent increases above the lower of 10% or CPI + 5% presumptively unreasonable] GREEN-verify: newer roof, windows, furnaces, hot water tanks and central air per the remarks (dates to confirm); exterior C3; unit count unverified; page tax $6,463 a year is high ",https://www.redfin.com/NY/Binghamton/299-Robinson-St-13904/home/114138299
w145,"519-521 1st St, Charleroi, PA 15022",89724,ACTIVE (for sale),weekly sweep 2026-09-30 OUT (negative cash flow) (was ENTRANT; re-scored 2026-09-30 on tract contract rent x 2) UNREVIEWED [pitt],-8.7,-1.2,0.94,"YELLOW: C4 on the one listing photo; Built 1895, no renovation evidence, thin remarks (9/30)","R .74 D+ / A .66 C- / B .66 C- / V .41 B-; M D+, D B+ (9/30)",6.19,,,,YELLOW -4; drive 6.19h tier B -0.5; DSCR 0.94 -2; crime R .74 D+ -1.0; zip letter C+ retired 9/30,"Built 1895, no renovation evidence, thin remarks",https://www.zillow.com/homedetails/519-521-1st-St-Charleroi-PA-15022/462918669_zpid/
w33,"127 Burbank Ave, Johnson City, NY 13790",150000,ACTIVE (for sale),weekly sweep 2026-09-28 OUT (negative cash flow) (was ENTRANT; re-scored 2026-09-30 on tract contract rent x 2) UNREVIEWED [phila],-7.7,-1.2,0.94,"YELLOW: C4 on the one listing photo; bought Nov 2025 for $65,500 and relisted at $150,000 with no work described, so ask for the renovation scope and permits (9/28)","R .52 C+ / A .77 D / B .95 F / V .43 B-; M D-, D B (9/30)",7.89,,1,,YELLOW -4; drive 7.89h tier B -0.5; DSCR 0.94 -2; zip letter C- retired 9/30,"YELLOW: bought Nov 2025 for $65,500 and relisted at $150,000 with no work described, so ask for the renovation scope and permits; 1900 build; side-view photo shows older shingle siding above a vinyl-clad lower section; no RED item visible",https://www.redfin.com/NY/Johnson-City/127-Burbank-Ave-13790/home/115535735
w104,"13 Holland St, Binghamton, NY 13905",130000,ACTIVE (for sale),weekly sweep 2026-09-29 OUT (negative cash flow) (was ENTRANT; re-scored 2026-09-30 on tract contract rent x 2) UNREVIEWED [phila],-9.3,-1.4,0.92,YELLOW: C3 on the one listing photo; Pre-1980 C3 without renovation evidence; Binghamton Good Cause eviction law applies (9/29),"R .78 D / A .93 F / B .96 F / V .50 C+; M F, D C+ (9/30)",7.86,,,,YELLOW -4; drive 7.86h tier B -0.5; DSCR 0.92 -2; [NY flag: Good Cause Eviction opted in 2025-04-02; rent increases above the lower of 10% or CPI + 5% presumptively unreasonable]; crime R .78 D -1.4; zip letter C retired 9/30,[Good Cause Eviction opted in 2025-04-02; rent increases above the lower of 10% or CPI + 5% presumptively unreasonable] Pre-1980 C3 without renovation evidence; Binghamton Good Cause eviction law applies,https://www.zillow.com/homedetails/13-Holland-St-Binghamton-NY-13905/29718481_zpid/
r7,"605 Washington St, Laurinburg, NC 28352",130500,ACTIVE (for sale),round 7 entrant 2026-09-11,-7.9,1.9,1.10,"YELLOW: C4 exterior in 2 MLS frames (painted-block side-by-side, two window AC units, bare yard, chain-link); one occupied bathroom interior; no kitchen, heat or roof frames (9/19)","R .84 D / A .75 D+ / B .75 D+ / V .69 C-; M F, D A (9/30)",3.6,,1,,YELLOW -4; crime R .84 D -1.8; drive 3.6h -2; DSCR<1.2 -2; zip letter D- retired 9/30,"9/19 DOWNGRADED to HOLD FOR DOCUMENTS (advisory 40 + verification): City of Laurinburg is on the LGC Unit Assistance List (10/6/2025 list); city kept 40c vs a 29c revenue-neutral rate after the 60% reappraisal; county 69.9c on the new values (SL 2026-47 exemption from the SL 2026-8 freeze); combined 1.099% on an UNPUBLISHED 2026 value (bracket $59-130K -> tax $647-1,434). R-6 two-family is permitted but the 7,493 sf lot is under the 9,000 sf two-unit minimum: nonconforming situation with an SUP required for renovation or rebuild over 25% of appraised value and a 180-day discontinuance rule. Two city utility accounts (603 and 605). Deed 1787/298 (4/2024) shows no excise stamps. At ask (tax $1,154): CoC 1.9% / 0.7% / -0.5%, DSCR 1.10 / 1.03 / 0.97; 8% price $101K / $96K / $92K. Conventional only. Offer $95-105K after the 2026 tax bill, leases and a zoning letter. P ~0.07. | YELLOW: block construction, no central heat or air, 1-bed units at $650, Scotland County shallow set with tract TPR 37; cash flow is thin at 6.75% | rent basis: listing text",https://www.redfin.com/NC/Laurinburg/605-Washington-St-28352/home/194333194
w35,"67 S Washington St, Binghamton, NY 13903",105500,ACTIVE (for sale),weekly sweep 2026-09-28 OUT (negative cash flow) (was ENTRANT; re-scored 2026-09-30 on tract contract rent x 2) UNREVIEWED [phila],-10.7,-1.7,0.91,"YELLOW: C4 on the one listing photo; exterior envelope renewed around 2018 per the remarks, interior 'add value' with no scope (9/28)","R .93 F / A .95 F / B .96 F / V .57 C; M F, D C+ (9/30)",7.9,,1,,YELLOW -4; drive 7.9h tier B -0.5; DSCR 0.91 -2; [NY flag: Good Cause Eviction opted in 2025-04-02; rent increases above the lower of 10% or CPI + 5% presumptively unreasonable]; crime R .93 F -2.5; zip letter C retired 9/30,"[Good Cause Eviction opted in 2025-04-02; rent increases above the lower of 10% or CPI + 5% presumptively unreasonable] YELLOW: exterior envelope renewed around 2018 per the remarks, interior 'add value' with no scope; peeling paint on the porch trim and a small boarded panel beside the left door; n",https://www.redfin.com/NY/Binghamton/67-S-Washington-St-13903/home/115589025
37,"301 S High St, Franklin, VA 23851",190000,ACTIVE (for sale),Listed 8/17,-9.7,-1.2,0.94,"YELLOW: C4 on the front photo, built 1900; public record says single-family (9/9)","R .93 F / A .99 F / B .99 F / V .93 F; M F, D D- (9/30)",1.2,1.1,1,,YELLOW -4; crime R .93 F -2.5; DSCR<1.2 -2; zip letter D retired 9/30,,https://www.redfin.com/VA/Franklin/301-S-High-St-23851/home/49356588
w137,"310 Harrison Ave, Jeannette, PA 15644",115000,ACTIVE (for sale),weekly sweep 2026-09-30 OUT (negative cash flow) (was ENTRANT; re-scored 2026-09-30 on tract contract rent x 2) UNREVIEWED [pitt],-8.5,-2.0,0.9,"YELLOW: C3 on the one listing photo; Older brick building, no renovation evidence (9/30)","R .57 C / A .64 C- / B .79 D / V .48 C+; M D+, D A+ (9/30)",6.13,,1,,YELLOW -4; drive 6.13h tier B -0.5; DSCR 0.90 -2; zip letter A- retired 9/30,"Older brick building, no renovation evidence; exterior well kept",https://www.redfin.com/PA/Jeannette/310-Harrison-Ave-15644/home/69202419
w97,"1013 Grant Ct, Dickson City, PA 18519",149000,ACTIVE (for sale),weekly sweep 2026-09-29 OUT (negative cash flow) (was ENTRANT; re-scored 2026-09-30 on tract contract rent x 2) UNREVIEWED [phila],-7.5,-0.0,1.0,"YELLOW: C3 on the one listing photo; fin flood factor 9 forces YELLOW, shared oil heat, insurance quote needed first (9/29)","R .54 C / A .57 C / B .77 D / V .66 C-; M C+, D F (9/30)",6.77,,9,,YELLOW -4; crime R .54 C 0; drive 6.77h tier B -0.5; flood 9 -1; DSCR 1.00 -2; zip letter D retired 9/30,"Redfin flood factor 9 forces YELLOW, shared oil heat, insurance quote needed first",https://www.redfin.com/PA/Dickson-City/1013-Grant-Ct-18519/home/200969899
r4,"741-745 Tamarack Dr, Fayetteville, NC 28311",205000,"ACTIVE (for sale by owner, FSBO.com)",round 4 entrant 2026-09-11,-7.5,-3.5,0.81,YELLOW: no current photo; all 5 evidence frames are the October 2017 MLS set and the 2026 listing's only image is a map-app street-level screenshot; no interior ever shown; roof and HVAC claims are 2017 recollections (9/24),"R .39 B- / A .61 C / B .78 D / V .78 D; M D-, D B- (9/30)",4.0,,1 (NFHL Zone X),,GREEN-verify 0; crime R .39 B- 0; drive 4.0h -2; DSCR<1.2 -2; zip letter D retired 9/30,"crime, property level (moved from the crime column 2026-09-29): 9/24 property level: 2 reports at the units in 3/2024; 400 m ring 271 in 2 yrs (Lake in the Pines 620 units next door) | CLAUDE CODE 39 (9/24 evening; advisory 45 verified): OUT stands, P 0.01 (chain 0.05 x 0.45 x 0.50 x 0.85 = 0.0096). LIEN READ at the Register of Deeds: the 2018 Quicken purchase loan (DT 10246/0808) was satisfied 8/28/2023 (11810/0152) after a NEW deed of trust to Rocket Mortgage recorded 8/10/2023 (11798/0072, 18 pages): a $140,000 note dated 8/9/2023 maturing 9/1/2053 with the 1-4 Family Rider (assignment of leases on default, cross-default; occupancy covenant deleted) on a building bought for $103,000 in 2018 - a cash-out refinance at 2023 rates; the payoff today is about $136,000 (assumption: 7.5%), so the framework's reopen line ($153,000 at $1,025 rents) nets the seller about nothing and the in-place 8% price ($117,000) is a short sale. Nationstar on the 2026 bill = the same Rocket loan serviced by Mr. Cooper after the 10/1/2025 acquisition. TAX DEFAULT PATTERN (county bills, not a single unpaid bill): 2023 paid 2/29/2024 with interest; 2024 paid 6/30/2025 through DAVID B. CRAIG, ATTORNEY, who represents Cumberland County in tax foreclosures (his site, verbatim), so the parcel was redeemed out of a county tax-foreclosure file; 2025 paid 4/6/2026 by ROCKET MORTGAGE/CORELOGIC with $133.25 interest (servicer advance); 2026 $3,256.38 open. The record owner's three other Cumberland parcels show the same pattern (one paid through the foreclosure attorney in 5-6/2025, one with 2025 AND 2026 open and advertised 6/21/2026, one with 2026 open); the ROD index shows two other parcels sold in 2024 and two refinanced in 2023. THIRD SELLER TEXT (Trulia/Zillow record 80879434, undated, before the 8/27/2026 FSBO.com listing): 'Tenants on month to month leases at $875.00', 'AC last replaced 10 years ago', 'Roof replace 12 years ago', 'floor have been recently replaced in both units', 'washer and dryer hookups', 'tenant pays all utilities', 'No owner financing', 'looking to sale as soon as possible' - so the stated rent FELL from $875 to $850, the tenancies are month to month (not 'established'), and the seller's own roof years disagree (2016 in the 2017 MLS remarks and the 2026 text; 12 years ago in the third). The owner's own 2/2024 ask for unit A was $1,000 (Trulia unit record, removed 2/12/2024). METERS: PWC 120Water carries one service-line asset for 741 and one for 745 (two meters, per-unit) - advisory 45's 'two lids' assumption confirmed; owner_paid 0 stands. E911: 741 (LT 37 A, east) and 745 (LT 37 B, west) both typed APT on the PIN, assigned 10/11/2002 (reproduced). ASSESSMENT HISTORY: $86,700 (2012-2016) -> $43,300 at the 2017 revaluation -> $238,100 at the 2025 revaluation; the 2017 halving was sector-wide (711 Tamarack half $47,300 -> $29,400 while the single-family house at 737 rose to $104,400), so it is not a damage event; the county's sales-comparison factor is 1.85x cost for the two whole-duplex parcels against 1.35x for the 96 halves (an appeal argument only if a record error can be shown; G.S. 105-287). STORMWATER: the 2026 line is $168 because the city's FY2027 residential fee is tiered by impervious building area (tier 2 = 2,501-4,800 sf = $14/month); the '$84 per parcel' convention in 32b is corrected. CRIME (city layers, 2-year window 9/24/2024-9/24/2026): 400 m ring 90 persons / 169 property / 12 society (Pecan was 15 / 50 / 14) - the ring holds the 620-unit Lake in the Pines complex (700-946 Tamarack) and the Rosehill Rd strip; 60 m ring 1 / 2 / 0; at the units: vandalism at 741 on 3/13/2024 and larceny by trickery at 745 on 3/2/2024, a simple domestic at 741 on 4/24/2023 (unfounded) and three 2022 reports at 745. FEMA Zone X; tract 37051002402. RENT: achieved Stoneleigh $1,025 (reproduced); NEW asks 3545 Torbay $1,099 (renovated, 9/2026) and the renovated 1176 Landau half $1,250 (11/2/2025, removed in 19 days); Lake in the Pines 2BR $873-1,419 with a free month through 10/6/2026. At the ask: CoC -3.5% in place, 0.6% at the owner's $1,000, 1.3% at $1,025, 7.3% only at $1,250 renovated; 8% needs $1,275 a unit; renovating both units to $1,250 (assumption $40,000) reaches 8% only at $160,000 and is 25% of price against file 08's 10% cap. INSURANCE: advisory 45a re-applied the 10/1/2026 step ($1,680 already carries it; $1,764 is 10/2027) - its recomputed grid is the 10/2027 grid; 45c's grid at $1,680 is the current one and reproduces. HOA: 'Stoneleigh Villas Homeowner Association' is a live NC non-profit (SOS 1093388, formed 4/16/2009, office on this block); neither listing discloses dues; COVENANTS OF RECORD READ 9/24 (ROD Corp search 'STONELEIGH VILLAS', 8 names / 13 entries; three instruments fetched): (a) Restrictive Covenants for Stoneleigh Villas Section One, Book 2842 Page 483-486, recorded 10/12/1981 by the developer O & N Investments Inc (4 pages, read in full): par. 1 permits 'one-detached, single-family dwelling or two (2) to four (4) family dwellings' up to 2.5 stories on any numbered lot (the duplex use is EXPRESSLY permitted by covenant); par. 2 and 10 minimum 850 sf per unit in two- to four-family dwellings (the subject's 948 sf units comply), brick or block foundations, 'no residence or structure shall use asbestos siding or exposed cinder block wall'; par. 4, 7, 8, 9, 14 reserve written consent of the developer or its successors for outbuildings, front-of-structure fences (except developer privacy fences), 'alterations, additions, or changes of any kind ... to the structure or design', masonry work and home occupations (dormant unless a successor asserts them); par. 5 no defective vehicles, bicycles, garbage cans or toys nearer the street than the front corner; par. 6 common pets only; par. 11 runs with the land to 9/1/2011 then auto-extends in ten-year periods (now 2021-2031) unless a recorded majority vote of lot owners amends; par. 12 any lot owner may enforce; par. 15 ten-foot side-line utility easement; par. 16 developer may subject the lots to a PWC underground-electric or street-lighting contract with a continuing monthly payment per building owner. NO leasing or rental restriction, NO association, NO assessment. (b) 'Declaration of Protective & Restrictive Covenants for Stoneleigh Villas Subdivision', Book 8093 Page 58-59, recorded 3/9/2009 by two signers styled 'the owners of two homes in the subdivision': purports to make 'all owners' members of an association, levy $40 monthly dues payable to a private company at a PO Box, fine $500 per violation up to $3,000, and mandate fences, security alarms or bars, curb numbers and security lights, with a 20-year term - one month before the 'Stoneleigh Villas Homeowner Association' non-profit was formed (4/16/2009) with its office at 731 Tamarack Dr. (c) 'Termination of Protective & Restrictive Covenants', Book 9768 Page 433, recorded 12/8/2015 by the then owners of 731 Tamarack Dr (Lot 35, Section One): recites that the prior owner of 731 executed the 2009 declaration, that the co-signer 'never owned property in Stoneleigh Villas Subdivision', that 731 was 'the only property encumbered with the Declaration', and terminates it. READ: no HOA, dues, assessment or leasing restriction binds Lot 37; the 2009 attempt bound one lot and is terminated; the 1981 covenants govern and permit the duplex; a title examiner will note (b) and (c) under the subdivision name. NC next reval 2031 (45 and 45c said 2033; 45a corrected). Photo basis void (2017 FRAR set) reproduced; novice YELLOW unverified. | 9/20: verified 2026 bill $3,256.38 (assessed $238,100; stormwater $168 = two ERUs; Nationstar flag = mortgaged; no tax line before). CoC -3.5 / -4.8 / -6.0%, DSCR 0.81. OUT (negative cash flow). | GREEN, verify: built 1982, updated HVAC and new roof language; listing quotes $850 / $1,300 / $1,700 / $2,600 figures (current vs upside unclear), so rent uses tract median until comps | rent basis: tract median x 2",https://www.zillow.com/homedetails/741-745-Tamarack-Dr-Fayetteville-NC-28311/2075846722_zpid/
w109,"6198 State Route 17c, Endicott, NY 13760",139900,ACTIVE (for sale),weekly sweep 2026-09-29 OUT (negative cash flow) (was ENTRANT; re-scored 2026-09-30 on tract contract rent x 2) UNREVIEWED [phila],-9.3,-2.8,0.85,"YELLOW: C3 on the one listing photo; Pre-1980 C3, older shingle siding, new metal roof is a plus (9/29)",zip C+ retired 9/30; off the 13760 page map to the west (pan and re-shoot),8.11,,1,,YELLOW -4; drive 8.11h tier C -0.5; DSCR 0.85 -2,"Pre-1980 C3, older shingle siding, new metal roof is a plus",https://www.redfin.com/NY/Endicott/6198-State-Route-17C-13760/home/139852114
w112,"297 E 2nd St, Corning, NY 14830",164900,ACTIVE (for sale),weekly sweep 2026-09-29 OUT (negative cash flow) (was ENTRANT; re-scored 2026-09-30 on tract contract rent x 2) UNREVIEWED [phila],-9.3,-2.8,0.85,YELLOW: C3 on the one listing photo; Pre-1980 C3 without documented renovation (9/29),"R .09 A / A .01 A+ / B .07 A+ / V .15 A; M B+, D B+ (9/30)",7.77,,1,,YELLOW -4; drive 7.77h tier B -0.5; DSCR 0.85 -2; zip letter A retired 9/30,"Pre-1980 C3 without documented renovation; only one unit rent stated ($1,250)",https://www.redfin.com/NY/Corning/297-E-2nd-St-14830/home/138088826
w79,"13305 Ferris Ave, Cleveland, OH 44105",112000,ACTIVE (for sale),weekly sweep 2026-09-28 ENTRANT UNREVIEWED [ohio],-9.2,0.2,1.01,"YELLOW: C3 on the one listing photo; three contracts fell through since July (pending in July, pending 9/11, relisted 9/17) (9/28)","R .99 F / A .90 D- / B .99 F / V .96 F; M F, D F (9/30)",8.34,,1,,YELLOW -4; crime R .99 F -2.9; drive 8.34h tier C -0.5; DSCR 1.01 -2; zip letter F retired 9/30,"YELLOW: three contracts fell through since July (pending in July, pending 9/11, relisted 9/17); C3 built 1920 with only carpet described as new; Cleveland 44105 crime F",https://www.redfin.com/OH/Cleveland/13305-Ferris-Ave-44105/home/70794192
22,"108 S Pine St, Rocky Mount, NC 27804",175000,ACTIVE (for sale),,-9.9,1.6,1.08,"YELLOW: C3 on the front photo, built 1950, no renovation language; 4 MLS frames with no kitchens, baths or mechanicals; flood factor 6, itself a YELLOW driver (9/15)","R .94 F / A .98 F / B .93 F / V .80 D; M F, D A+ (9/30)",2.4,2.0,6,,YELLOW -4; crime R .94 F -2.5; drive 2.4h -2; flood 6 -1; DSCR<1.2 -2; zip letter D- retired 9/30,"9/15: rent basis BROKEN - the building's own rental ask went $750 -> $700 (10/2025) vs the $1,004 proxy; exterior frame may not be 108; tax $1,938 on assessed x 1.32 (Nash 0.63 + city 0.69, LGC oversight).",https://www.redfin.com/NC/Rocky-Mount/108-S-Pine-St-27804/home/135011296
36,"1121 35th St, Newport News, VA 23607",189000,ACTIVE (for sale),"Price cut 9/10 (was 199,900)",-9.3,-0.4,0.98,"YELLOW: C3, built 1930; kitchen and bath updates per the listing but systems unknown; the one frame is a Google Street View of May 2026 (9/15)","R .99 F / A .99 F / B .99 F / V .93 F; M F, D D (9/30)",0.4,1.3,4,,YELLOW -4; crime R .99 F -2.9; DSCR<1.2 -2; zip letter F retired 9/30,"9/15: Z-FAIL R4 but worth one call (zoning letter, PIN 301010107). REO seller = VMC REO LLC (Velocity Commercial Capital affiliate, inference); prior owner bought $25K in 2021, listed $275K 8/2025, lost it at the 6/2/26 trustee sale ($203,150). Tax $1,322 ($112,000 x $1.18 FY27). Inside NN Rental Inspection District 3 (NSA 03): certificate ends on transfer. Discontinuance period 24 months (ZT-2021-0005 snippet, unverified).",https://www.redfin.com/VA/Newport-News/1121-35th-St-23607/home/49664787
w136,"438 Watson St, Sharon, PA 16146",125000,ACTIVE (for sale),weekly sweep 2026-09-30 OUT (negative cash flow) (was ENTRANT; re-scored 2026-09-30 on tract contract rent x 2) UNREVIEWED [pitt],-11.5,-3.0,0.84,YELLOW: C3 on the one listing photo; Older house; roof about three years old and two newer furnaces per remarks (9/30),"R .87 D- / A .93 F / B .93 F / V .82 D; M D, D C+ (9/30)",7.51,,,,YELLOW -4; drive 7.51h tier B -0.5; DSCR 0.84 -2; crime R .87 D- -2.0; zip letter B- retired 9/30,Older house; roof about three years old and two newer furnaces per remarks,https://www.zillow.com/homedetails/438-Watson-St-Sharon-PA-16146/78705820_zpid/
0,"334 Rhew St, Fayetteville, NC 28303",175000,ACTIVE (for sale),,-9.0,1.5,1.08,"YELLOW: C4 on the front photo, built 1959, no renovation language; the only MLS photo is a 2020 Street View, so condition is a verification demand (9/15)","R .93 F / A .96 F / B .99 F / V .99 F; M F, D F (9/30)",4.2,3.7,1,,YELLOW -4; crime R .93 F -2.5; drive 4.2h -2; DSCR<1.2 -2; zip letter F retired 9/30,"9/20: verified 2026 bill $1,982.96 (board $1,624); 1BR+1BR brick (946 sf), 'long-term tenants', rent not stated; at the board's $1,700: CoC 1.5 / 0.3 / -0.9%, DSCR 1.08 / 1.01 / 0.95; 8% price $132K. This row's file-14 rank rested on a round-1 tract-median rent (CoC 26.5) - corrected. Same seller as Edgar (dissolved/reinstated 11/2025, late payer). DROP candidate stands, P ~0.03. | 9/15: DROP candidate - only photo is a 2020 Street View; assessor credits no renovation; container on the lot; Southern Wake Property Group LLC portfolio seller (also Rogers, Edgar).",https://www.redfin.com/NC/Fayetteville/334-Rhew-St-28303/home/126111855
r4,"1021 Penmar Ave SE, Roanoke, VA 24013",165000,ACTIVE (for sale),"price cut $179,000 -> $165,000 (2026-09-21; was: ACTIVE (for sale))",-8.7,1.5,1.08,"GREEN-verify: vinyl siding, replacement windows, two condensers and laundry in both units in 26 MLS frames; renovation dates to confirm; reclassified from YELLOW on 9/15 (9/15)","R .89 D- / A .87 D- / B .95 F / V .99 F; M D, D C+ (9/30)",3.8,,1,,YELLOW -4; crime R .89 D- -2.2; drive 3.8h -2; DSCR<1.2 -2; zip letter F retired 9/30,"9/15: reclassified GREEN-verify (26 frames); in-place $845 + $885 = $1,730 to Aug 2027; CoC ~0% at ask; 8% price ~$132K; Roanoke SOUTHEAST rental inspection district. | YELLOW: pre-1980, no renovation language, both units rented (stated $1,730/mo) | rent basis: listing text",https://www.redfin.com/VA/Roanoke/1021-Penmar-Ave-SE-24013/home/131720657
w151,"302 Columbia St, Fairmont, WV 26554",120000,ACTIVE (for sale),weekly sweep 2026-09-30 OUT (negative cash flow) (was ENTRANT; re-scored 2026-09-30 on tract contract rent x 2) UNREVIEWED [pitt],-10.9,-3.2,0.83,"YELLOW: C4 on the one listing photo; Built 1917, no renovation evidence; owner pays utilities (9/30)","R .76 D+ / A .47 C+ / B .77 D / V .96 F; M F, D C- (9/30)",6.11,,1,,YELLOW -4; drive 6.11h tier B -0.5; DSCR 0.83 -2; crime R .76 D+ -1.2; zip letter B- retired 9/30,"Built 1917, no renovation evidence; owner pays utilities; possible third unit to verify",https://www.redfin.com/WV/Fairmont/302-Columbia-St-26554/home/120695973
6,"417 Squirrel St, Fayetteville, NC 28303",220000,ACTIVE (for sale),,-9.3,1.2,1.07,"YELLOW: C3 to C4 renovated units and C5-leaning unfinished units in 45 shared MLS frames; surface-run romex evidenced in one unit, capped stub-outs and no range in frame 45, broken slabs and a block-wall fragment at the 417 line; mini-split heads plus baseboard heat (9/19)","R .93 F / A .96 F / B .99 F / V .99 F; M F, D F (9/30)",4.2,3.7,1,,YELLOW -4; crime R .93 F -2.5; drive 4.2h -2; zip letter F retired 9/30,"9/19 (advisory 40 + verification): ZONING FLIPS TO PASS - two- to four-family is P in SF-6 since Ord. S2025-008 (4/14/2025); the remaining nonconformity is density (6,970 sf lot vs 6,000 sf per unit), a structure question with no vacancy clock; the zoning letter must state the casualty rebuild right (Fannie B4-1.3-04). Tax = 2026 bill (county 0.499 + city 0.4495 on $189-193K plus county SW $130/unit, city SW $285/unit, stormwater $84): $2,710 / $2,747 / $2,450. At the $1,046/unit proxy: CoC 1.2% / 0.0% / -1.2% and DSCR 1.07 / 1.00 / 0.94 at 6.75 / 7.40 / 8.00%; 8% price $164K / $157K / $150K. Sector comps corrected (Dashland $175K EACH 12/2024; 432 Squirrel triplex $329K 8/2025 at $150/sf): band $150-175K per building, package-only offering, all four parcels mortgaged (lender tax-service flags on the 2026 bills), 2026 bills unpaid. P ~0.04. 417 SPECIFIC: the county and city fee rolls have billed ONE household at 417 on the 2023, 2024, 2025 and 2026 bills (two at 421/425/429) - unit B's status is the first question.",https://www.redfin.com/NC/Fayetteville/417-Squirrel-St-28303/home/125963971
4,"421 Squirrel St, Fayetteville, NC 28303",220000,ACTIVE (for sale),,-9.3,1.2,1.07,"YELLOW: C3 to C4 renovated units and C5-leaning unfinished units in 45 shared MLS frames; surface-run romex evidenced in one unit, capped stub-outs and no range in frame 45, broken slabs and a block-wall fragment at the 417 line; mini-split heads plus baseboard heat (9/19)","R .93 F / A .96 F / B .99 F / V .99 F; M F, D F (9/30)",4.2,3.7,1,,YELLOW -4; crime R .93 F -2.5; drive 4.2h -2; zip letter F retired 9/30,"9/19 (advisory 40 + verification): ZONING FLIPS TO PASS - two- to four-family is P in SF-6 since Ord. S2025-008 (4/14/2025); the remaining nonconformity is density (6,970 sf lot vs 6,000 sf per unit), a structure question with no vacancy clock; the zoning letter must state the casualty rebuild right (Fannie B4-1.3-04). Tax = 2026 bill (county 0.499 + city 0.4495 on $189-193K plus county SW $130/unit, city SW $285/unit, stormwater $84): $2,710 / $2,747 / $2,450. At the $1,046/unit proxy: CoC 1.2% / 0.0% / -1.2% and DSCR 1.07 / 1.00 / 0.94 at 6.75 / 7.40 / 8.00%; 8% price $164K / $157K / $150K. Sector comps corrected (Dashland $175K EACH 12/2024; 432 Squirrel triplex $329K 8/2025 at $150/sf): band $150-175K per building, package-only offering, all four parcels mortgaged (lender tax-service flags on the 2026 bills), 2026 bills unpaid. P ~0.04. 421 = cleanest record; price this one first if the package breaks (Redfin Estimate $214,585).",https://www.redfin.com/NC/Fayetteville/421-Squirrel-St-28303/home/125609682
5,"425 Squirrel St, Fayetteville, NC 28303",220000,ACTIVE (for sale),,-9.4,1.1,1.06,"YELLOW: C3 to C4 renovated units and C5-leaning unfinished units in 45 shared MLS frames; surface-run romex evidenced in one unit, capped stub-outs and no range in frame 45, broken slabs and a block-wall fragment at the 417 line; mini-split heads plus baseboard heat (9/19)","R .93 F / A .96 F / B .99 F / V .99 F; M F, D F (9/30)",4.2,3.7,1,,YELLOW -4; crime R .93 F -2.5; drive 4.2h -2; zip letter F retired 9/30,"9/19 (advisory 40 + verification): ZONING FLIPS TO PASS - two- to four-family is P in SF-6 since Ord. S2025-008 (4/14/2025); the remaining nonconformity is density (6,970 sf lot vs 6,000 sf per unit), a structure question with no vacancy clock; the zoning letter must state the casualty rebuild right (Fannie B4-1.3-04). Tax = 2026 bill (county 0.499 + city 0.4495 on $189-193K plus county SW $130/unit, city SW $285/unit, stormwater $84): $2,710 / $2,747 / $2,450. At the $1,046/unit proxy: CoC 1.2% / 0.0% / -1.2% and DSCR 1.07 / 1.00 / 0.94 at 6.75 / 7.40 / 8.00%; 8% price $164K / $157K / $150K. Sector comps corrected (Dashland $175K EACH 12/2024; 432 Squirrel triplex $329K 8/2025 at $150/sf): band $150-175K per building, package-only offering, all four parcels mortgaged (lender tax-service flags on the 2026 bills), 2026 bills unpaid. P ~0.04. 425 = highest tax line; 2012 drug offences on the parcel record.",https://www.redfin.com/NC/Fayetteville/425-Squirrel-St-28303/home/125569068
30,"1702 Birchwood Dr SE, Wilson, NC 27893",185000,ACTIVE (for sale),,-8.1,-0.1,1.0,YELLOW: C4 exterior on a single MLS frame; roofs streaked and mossy (original 1990-92 roofs assumed); no interiors (9/16),"R .54 C / A .60 C / B .64 C- / V .77 D; M D-, D A+ (9/30)",2.7,2.2,1,,YELLOW -4; crime R .54 C 0; drive 2.7h -2; DSCR<1.2 -2; zip letter D- retired 9/30,"9/16: reclassified NEAR-MISS at ask / PASS at comps - identical 1,632 sf buildings at 1704 and 1712 closed $134,000 (4/2025, verified). Package constraint.",https://www.redfin.com/NC/Wilson/1702-Birchwood-Dr-SE-27893/home/65300475
31,"1706 Birchwood Dr SE, Wilson, NC 27893",185000,ACTIVE (for sale),,-8.1,-0.1,1.0,YELLOW: C4 exterior on a single MLS frame; roofs streaked and mossy (original 1990-92 roofs assumed); no interiors (9/16),"R .54 C / A .60 C / B .64 C- / V .77 D; M D-, D A+ (9/30)",2.7,2.2,3,,YELLOW -4; crime R .54 C 0; drive 2.7h -2; DSCR<1.2 -2; zip letter D- retired 9/30,9/16: reclassified NEAR-MISS at ask / PASS at comps ($134K street closings verified). Package constraint.,https://www.redfin.com/NC/Wilson/1706-Birchwood-Dr-SE-27893/home/65300474
32,"1707 Birchwood Dr SE, Wilson, NC 27893",185000,ACTIVE (for sale),,-8.1,-0.1,1.0,YELLOW: C4 exterior on a single MLS frame; roofs streaked and mossy (original 1990-92 roofs assumed); no interiors (9/16),"R .54 C / A .60 C / B .64 C- / V .77 D; M D-, D A+ (9/30)",2.7,2.2,1,,YELLOW -4; crime R .54 C 0; drive 2.7h -2; DSCR<1.2 -2; zip letter D- retired 9/30,9/16: reclassified NEAR-MISS at ask / PASS at comps ($134K street closings verified); unit B advertised $800. Package constraint.,https://www.redfin.com/NC/Wilson/1707-Birchwood-Dr-SE-27893/home/65300464
33,"1703 Birchwood Dr SE, Wilson, NC 27893",185000,ACTIVE (for sale),,-8.1,-0.1,1.0,YELLOW: C4 exterior on a single MLS frame; roofs streaked and mossy (original 1990-92 roofs assumed); no interiors (9/16),"R .54 C / A .60 C / B .64 C- / V .77 D; M D-, D A+ (9/30)",2.7,2.2,1,,YELLOW -4; crime R .54 C 0; drive 2.7h -2; DSCR<1.2 -2; zip letter D- retired 9/30,9/16: reclassified NEAR-MISS at ask / PASS at comps ($134K street closings verified). Package constraint.,https://www.redfin.com/NC/Wilson/1703-Birchwood-Dr-SE-27893/home/65300465
w148,"604 Centennial St, New Castle, PA 16101",87000,ACTIVE (for sale),weekly sweep 2026-09-30 OUT (negative cash flow) (was ENTRANT; re-scored 2026-09-30 on tract contract rent x 2) UNREVIEWED [pitt],-10.5,-3.8,0.8,"YELLOW: C4 on the one listing photo; Marketed as a home with two living spaces, legal two-unit status unverified (9/30)","R .62 C- / A .64 C- / B .81 D / V .54 C; M D, D B- (9/30)",7.18,,,,YELLOW -4; drive 7.18h tier B -0.5; DSCR 0.80 -2; crime R .62 C- -0.2; zip letter B retired 9/30,"Marketed as a home with two living spaces, legal two-unit status unverified; third floor needs heat and electrical",https://www.zillow.com/homedetails/604-Centennial-St-New-Castle-PA-16101/118887980_zpid/
w36,"5 Julian St, Binghamton, NY 13905",125000,ACTIVE (for sale),weekly sweep 2026-09-28 OUT (negative cash flow) (was ENTRANT; re-scored 2026-09-30 on tract contract rent x 2) UNREVIEWED [phila],-10.3,-3.8,0.8,YELLOW: C4 on the one listing photo; 1940 build sold as-is with no renovation evidence (9/28),"R .50 C+ / A .90 D- / B .95 F / V .52 C+; M D-, D B- (9/30)",7.86,,3,,YELLOW -4; drive 7.86h tier B -0.5; DSCR 0.80 -2; [NY flag: Good Cause Eviction opted in 2025-04-02; rent increases above the lower of 10% or CPI + 5% presumptively unreasonable]; zip letter C retired 9/30,"[Good Cause Eviction opted in 2025-04-02; rent increases above the lower of 10% or CPI + 5% presumptively unreasonable] YELLOW: 1940 build sold as-is with no renovation evidence; delivered vacant; exterior intact (vinyl siding, porch), plastic sheeting inside the upstairs windows; no RED item visibl",https://www.redfin.com/NY/Binghamton/5-Julian-St-13905/home/115047336
w111,"61 Lake Ave Ave #2, Binghamton, NY 13905",139000,ACTIVE (for sale),weekly sweep 2026-09-29 OUT (negative cash flow) (was ENTRANT; re-scored 2026-09-30 on tract contract rent x 2) UNREVIEWED [phila],-10.6,-3.1,0.84,"YELLOW: C3 on the one listing photo; Flood factor 9 forces YELLOW; landlord-paid utilities hurt cash flow; flood factor 9, itself a YELLOW driver (9/29)","R .50 C+ / A .90 D- / B .95 F / V .52 C+; M D-, D B- (9/30)",7.86,,9,,YELLOW -4; drive 7.86h tier B -0.5; flood 9 -1; DSCR 0.84 -2; [NY flag: Good Cause Eviction opted in 2025-04-02; rent increases above the lower of 10% or CPI + 5% presumptively unreasonable]; zip letter C retired 9/30,[Good Cause Eviction opted in 2025-04-02; rent increases above the lower of 10% or CPI + 5% presumptively unreasonable] Flood factor 9 forces YELLOW; landlord-paid utilities hurt cash flow; two failed contingencies,https://www.redfin.com/NY/Binghamton/61-Lake-Ave-13905/unit-2/home/201650582
w34,"28 Glenwood Ave, Binghamton, NY 13905",119000,ACTIVE (for sale),weekly sweep 2026-09-28 OUT (negative cash flow) (was ENTRANT; re-scored 2026-09-30 on tract contract rent x 2) UNREVIEWED [phila],-12.0,-4.1,0.78,YELLOW: C4 on the one listing photo; 1895 build with no renovation evidence; the aerial shows a rusting corrugated metal roof over the rear section (roof age and insurance question) (9/28),"R .78 D / A .93 F / B .96 F / V .50 C+; M F, D C+ (9/30)",7.86,,4,,YELLOW -4; drive 7.86h tier B -0.5; DSCR 0.78 -2; [NY flag: Good Cause Eviction opted in 2025-04-02; rent increases above the lower of 10% or CPI + 5% presumptively unreasonable]; crime R .78 D -1.4; zip letter C retired 9/30,[Good Cause Eviction opted in 2025-04-02; rent increases above the lower of 10% or CPI + 5% presumptively unreasonable] YELLOW: 1895 build with no renovation evidence; the aerial shows a rusting corrugated metal roof over the rear section (roof age and insurance question); no RED item visible; two p,https://www.redfin.com/NY/Binghamton/28-Glenwood-Ave-13905/home/114814193
38,"716 31st St, Newport News, VA 23607",240000,ACTIVE (for sale),,-10.5,-0.6,0.97,"YELLOW: C3 on the listing's interior-only photos, built 1940; updated windows, HVAC and LVP per the listing, unverified; exterior unseen; flood factor 6, itself a YELLOW driver (9/11)","R .99 F / A .99 F / B .93 F / V .94 F; M F, D B- (9/30)",0.4,1.3,6,,YELLOW -4; crime R .99 F -2.9; flood 6 -1; DSCR<1.2 -2; zip letter F retired 9/30,9/15: inside NN Rental Inspection District 1 (NSA 01 Lower Downtown).,https://www.redfin.com/VA/Newport-News/716-31st-St-23607/home/49644738
r5,"307 S Jacob St, Cherryville, NC 28021",204900,ACTIVE (CLOSE 9/25),round 5 entrant 2026-09-11; advisory 53 + round 16 verification 9/25,-11.1,-3.1,0.84,"YELLOW: C3 exterior; the 9/25 re-read of 15 MLS frames shows an unvented wall heater on a flex line (fuel source unverified), a capped floor stub with a receptacle and an electric water heater beside the toilet (9/25)","R .42 B- / A .18 A- / B .17 A- / V .10 A; M B+, D C+ (9/30)",4.9,,1,,YELLOW -4; drive 4.9h -2; zip letter C+ retired 9/30,"9/25 file 46 (round 16): CLOSE, P 0.015. Comps 695-895 a unit (read 800): CoC -3.1, DSCR 0.84; 8 percent price 119,800 (800) to 130,200 (850) vs ask 204,900. The seller's OPEN 125,000 Blue Ridge Bank / LenderSelect deed of trust of 6/29/2023 (balance about 120,700) makes any framework price a short sale or a cash-in closing. Zoning PASS (R-9 by right; lot 77 ft vs 80). City Code 30-90 requires one electric meter per unit (one visible). Unvented gas heater = voucher-ineligible until removed. 2026 bill 2,152.39 (city 0.48 confirmed). Next Gaston reappraisal 1/1/2027. | YELLOW provisional: built 1915, 'partial updates', no rents stated; tract-median rent overstates 1-bed units (at $800 per unit CoC is -2.9%, DSCR 0.84) | rent basis: tract median x 2",https://www.redfin.com/NC/Cherryville/307-S-Jacob-St-28021/home/41052790
29,"1708 Birchwood Dr SE, Wilson, NC 27893",185000,ACTIVE (for sale),,-9.1,-0.1,1.0,"YELLOW: C4 exterior on a single winter-2025 MLS frame; its brown roof reads newer than its four siblings; no interiors; flood factor 6, itself a YELLOW driver (9/16)","R .54 C / A .60 C / B .64 C- / V .77 D; M D-, D A+ (9/30)",2.7,2.2,6,,YELLOW -4; crime R .54 C 0; drive 2.7h -2; flood 6 -1; DSCR<1.2 -2; zip letter D- retired 9/30,"9/16 (advisory 37 Birchwood): keep GATE5 #17. Package of five ($925K) vs seller basis $585K (2/2021, verified transfer history); the identical 2,064 sf twin at 1710 closed $154,000 (4/29/2025, verified county sales layer). Written offer $155K; ask for the Agent Remarks rent roll and whether the package separates. P ~0.2.",https://www.redfin.com/NC/Wilson/1708-Birchwood-Dr-SE-27893/home/65300471
w32,"34 Pearne St, Binghamton, NY 13901",100000,ACTIVE (for sale),weekly sweep 2026-09-28 OUT (negative cash flow) (was ENTRANT; re-scored 2026-09-30 on tract contract rent x 2) UNREVIEWED [phila],-11.1,-4.2,0.78,"YELLOW: C4 on the one listing photo; vacant (not boarded), 1900 build, moss on the porch roof shingles (roof age question), no renovation evidence (9/28)","R .66 C- / A .91 D- / B .93 F / V .47 C+; M D, D C+ (9/30)",7.84,,3,,YELLOW -4; crime R .66 C- -0.4; drive 7.84h tier B -0.5; DSCR 0.78 -2; [NY flag: Good Cause Eviction opted in 2025-04-02; rent increases above the lower of 10% or CPI + 5% presumptively unreasonable]; zip letter D+ retired 9/30,"[Good Cause Eviction opted in 2025-04-02; rent increases above the lower of 10% or CPI + 5% presumptively unreasonable] YELLOW: vacant (not boarded), 1900 build, moss on the porch roof shingles (roof age question), no renovation evidence; no RED item visible; sold $21,750 in 2020",https://www.redfin.com/NY/Binghamton/34-Pearne-St-13901/home/114409976
w105,"3862 N 6th St, Philadelphia, PA 19140",149900,ACTIVE (for sale),weekly sweep 2026-09-29 OUT (negative cash flow) (was ENTRANT; re-scored 2026-09-30 on tract contract rent x 2) UNREVIEWED [phila],-12.2,-3.8,0.8,YELLOW: C3 on the one listing photo; Unit count not stated and interior access restricted (9/29),"R .86 D- / A .74 D+ / B .47 C+ / V .75 D+; M F, D F (9/30)",5.28,,1,,"YELLOW -4; crime R .86 D- -1.9; drive 5.28h tier A -0.5; DSCR 0.80 -2; [PA flag: Rental License, Certificate of Rental Suitability, lead-safe certification, Eviction Diversion 30-day wait]; zip letter D retired 9/30","[Rental License, Certificate of Rental Suitability, lead-safe certification, Eviction Diversion 30-day wait] Unit count not stated and interior access restricted; pre-1980 C3",https://www.redfin.com/PA/Philadelphia/3862-N-6th-St-19140/home/39237797
w113,"84 Bigelow St, Binghamton, NY 13904",179100,ACTIVE (for sale),weekly sweep 2026-09-29 OUT (negative cash flow) (was ENTRANT; re-scored 2026-09-30 on tract contract rent x 2) UNREVIEWED [phila],-11.3,-4.8,0.74,"YELLOW: C4 on the one listing photo; C4 tired siding and weeds, three price cuts (9/29)","R .47 C+ / A .90 D- / B .90 D- / V .17 A-; M C-, D B+ (9/30)",7.83,,1,,YELLOW -4; crime R .47 C+ 0; drive 7.83h tier B -0.5; DSCR 0.74 -2; [NY flag: Good Cause Eviction opted in 2025-04-02; rent increases above the lower of 10% or CPI + 5% presumptively unreasonable]; zip letter D+ retired 9/30,"[Good Cause Eviction opted in 2025-04-02; rent increases above the lower of 10% or CPI + 5% presumptively unreasonable] C4 tired siding and weeds, three price cuts",https://www.redfin.com/NY/Binghamton/84-Bigelow-St-13904/home/115590452
w8,"1006 Faison St E, Wilson, NC 27893",99999,ACTIVE (for sale),weekly sweep 2026-09-28 NEAR-MISS (was ENTRANT; re-scored 2026-09-30 on tract contract rent x 2) UNREVIEWED,-12.6,-3.4,0.82,YELLOW: C4 on the one listing photo; 'investor special'; right side lacks kitchen and bath fixtures so that unit is not rentable at closing ... (9/28),"R .96 F / A .98 F / B .82 D / V .93 F; M D+, D D (9/30)",2.5,,1,,fails Gate 5: rent-to-price 0.85% < 0.90% (tier A bar); YELLOW -4; crime R .96 F -2.7; drive 2.5h tier A -0.5; DSCR 0.82 -2; zip letter D- retired 9/30,"YELLOW: 'investor special'; right side lacks kitchen and bath fixtures so that unit is not rentable at closing (known scope, plumbing-trade job; needs written bids under 10% of price, and becomes RED if inspection finds stripped plumbing or the unit is otherwise uninhabitable); peeling paint on porc",https://www.redfin.com/NC/Wilson/1006-Faison-St-E-27893/home/65290276
w9,"4 12 1/2 St SW, Roanoke, VA 24016",158122,ACTIVE (for sale),weekly sweep 2026-09-28 NEAR-MISS (was ENTRANT; re-scored 2026-09-30 on tract contract rent x 2) UNREVIEWED,-11.0,-2.5,0.87,"YELLOW: C4 on the one listing photo; pre-1980 with no renovation evidence; fully vacant (not boarded), 389 days on market with a contract that went pending in May and fell through in June plus six price cuts ... (9/28)","R .87 D- / A .93 F / B .99 F / V .99 F; M D-, D D+ (9/30)",3.8,,1,,fails Gate 5: rent-to-price 0.87% < 0.90% (tier A bar); YELLOW -4; crime R .87 D- -2.0; drive 3.8h tier A -0.5; DSCR 0.87 -2; zip letter F retired 9/30,"YELLOW: pre-1980 with no renovation evidence; fully vacant (not boarded), 389 days on market with a contract that went pending in May and fell through in June plus six price cuts, which points to inspection or appraisal problems; no RED item visible in the photo",https://www.redfin.com/VA/Roanoke/4-12-1-2-St-SW-24016/home/131561476
w110,"234 E Mauch Chunk St, Tamaqua, PA 18252",150000,ACTIVE (for sale),weekly sweep 2026-09-29 OUT (negative cash flow) (was ENTRANT; re-scored 2026-09-30 on tract contract rent x 2) UNREVIEWED [phila],-12.4,-5.9,0.68,YELLOW: C3 on the one listing photo; Pre-1980 C3 well-maintained but no documented renovation (9/29),R .24 B+ / A .42 B- / B .18 A- / V .62 C-; D A- (9/30),6.06,,1,,YELLOW -4; drive 6.06h tier B -0.5; DSCR 0.68 -2; zip letter A- retired 9/30,Pre-1980 C3 well-maintained but no documented renovation; relisted once,https://www.redfin.com/PA/Tamaqua/234-Mauch-Chunk-St-18252/home/138486689
w152,"1909 Woodmont Ave, Arnold, PA 15068",127000,ACTIVE (for sale),weekly sweep 2026-09-30 NEAR-MISS UNREVIEWED [pitt],-12.5,-6.0,0.68,"YELLOW: C3 on the one listing photo; Older house with roof, siding, windows, electrical and sewer updated over about 15 years and 2 new furnaces (9/30)","R .27 B+ / A .86 D- / B .52 C+ / V .66 C-; M D+, D B+ (9/30)",6.56,,,,"fails Gate 5: rent-to-price 0.85% < 0.95% (tier B bar); YELLOW -4; drive 6.56h tier B -0.5; DSCR 0.68 -2; stated rent $1,075 is under 0.73 of the tract gross figure x 2 ($1,924): confirm it covers both units; zip letter B retired 9/30","Older house with roof, siding, windows, electrical and sewer updated over about 15 years and 2 new furnaces; rents $475 actual plus $600 prior on the vacant unit",https://www.zillow.com/homedetails/1909-Woodmont-Ave-Arnold-PA-15068/10614056_zpid/
11,"2316 Edgar St, Fayetteville, NC 28301",189000,ACTIVE (for sale),Listed 9/7,-11.6,-1.8,0.90,"YELLOW: C4 exterior in 4 frames (two-gang meter stack, hardboard lap siding with face nails and mildew banding, no gutters under an oak canopy, lifted shingle tab, algae streak below the line-set penetration); no interior evidenced; no RED item (9/20)","R .84 D / A .95 F / B .93 F / V .90 D-; M F, D D+ (9/30)",4.2,3.7,1,,YELLOW -4; crime R .84 D -1.8; drive 4.2h -2; DSCR<1.2 -2; zip letter F retired 9/30,"9/20-21 (advisory 41 + verification): NEAR-MISS, PARK IT. ENCUMBERED: New Republic Bank deed of trust 11802/0067 (8/16/2023, $500K max lien, assignment of rents) names 2316/2318 Edgar with 2102 Rogers, 1706 Carter Baron and a Smithfield parcel; no release indexed; the payoff floors any price (the advisory's 'unencumbered' read is refuted). Seller states the rent in the remarks: '2 beds 1 bath per side, Rent $855' -> $1,710/mo (board proxy $1,859). Verified 2026 bill $3,143.92 (board $2,230 omitted county SW $260 + city SW $570 + stormwater $84). NOI $9,950; rtp 0.905% (Gate 5 by $1,000); CoC -1.8 / -3.1 / -4.3%, DSCR 0.90 / 0.84 / 0.80; 8% price $119K / $114K / $109K; DSCR-1.20 price $142K / $133K / $126K. Zoning FULLY CONFORMING (SF-6 P since S2025-008; 13,939 sf lot vs 12,000) - the only Fayetteville row with no rebuild exposure. Inside the Murchison Choice planning area (tract 11): $25.1M CNI grant 9/2/2026, construction late 2027 over eight years, relocation vouchers = a dated rent-reset mechanism 14-26 months out. Crime 23/39/17 within 400 m. Seller LLC administratively dissolved 11/21/2025 and reinstated 11/26/2025, chronic late tax payer, blanket deeds of trust on record (encumbrance NOT excluded). Watch for the first cut / the Galveston package outcome. P ~0.05. | 9/15: seller flag (Southern Wake Property Group LLC, ~94 acquisitions, liquidating); ask is 80% of county value; gallery review pending.",https://www.redfin.com/NC/Fayetteville/2316-Edgar-St-28301/home/125611809
w6,"307 N Church St, Clayton, NC 27520",320000,"ACTIVE (for sale by owner; NEAR-MISS, PARK, Z-RISK 9/26; G5 and G6 fail at every supported rent)",weekly sweep 2026-09-21 NEAR-MISS; advisory 56 + round 18 verification 9/26 (board row w6),-13.0,-5.0,0.73,"YELLOW: C3 to C4 upper unit in the 2026 rental frames (new finishes over 1952 supply); lower unit unseen since the 2013 gutted-kitchen frames; crawl space by the creek and the propane-to-gas history to verify (22 frames, 9/26)","R .17 A- / A .61 C / B .24 B+ / V .60 C; M B+, D D+ (9/30)",3.2,,1 (First Street; FEMA X by polygon),NR Clayton Historic District (2010); no local overlay standards (3.7.4 placeholder); no COA,"fails Gate 5: rent-to-price 0.62 percent; YELLOW -4; drive 3.2h -2; DSCR 0.73 -2 (the 9/21 fold carried tax at 1 percent of price, 3,200; the 2026 bill is 1,961 - corrected here); zip letter B retired 9/30","9/26 file 48 (round 18): NEAR-MISS, PARK, Z-RISK, P 0.005 (advisory 56: 0.005). Documented roll 800 in place + the seller's own 1,200 ask for the vacant upstairs (Zillow rental 9/21/2026) = 2,000: CoC -5.0, DSCR 0.73 at the ask; 8 percent price 163600.0 (6.75) / 156200.0 (7.40); stabilized 2,600 -> 225,800 / 215,600; 2,800 -> 246,500 / 235,400. RMD prohibits duplexes since 4/15/2024 (Table 4.2.5 read in three editions; ordinance 2024-04-04): lawful nonconforming at best - 180-day abandonment (5.6.8), NO rebuild as a duplex after a 51 percent casualty (5.6.7), owner's burden (5.1.3), formal determination 500. NEW: two permanent drainage + temporary construction easements to the Town of Clayton (6/24/2026; 7153/214 and 7168/383; 1,166 + 886 sf at the creek corner; WithersRavenel 'N Church St and E Front St Drainage'); the creek is the parcel boundary and the house sits 28 ft from the mapped stream (inside the 50-ft Neuse buffer); a 15-day MLS listing at 340,000 (5/18-6/2/2026) preceded the FSBO; both SECU liens (50,800 of 2013 - not 59,800 - and the 18,400 equity line) open of record; 2013 price 63,500; National Register Clayton Historic District (2010) covers the lot. Tax 1,961 = 0.51 + 0.49 on 196,130 (2025 reval; next 2029). County-confirmed downtown duplex sales 245,000 (3/2026) and 300,000 (12/2024). | YELLOW: no photo to grade, built 1952 (before 1980), no renovation evidence; unit count and legal duplex status unverified; treat as unverified until photos and a permit or zoning check exist",https://www.zillow.com/homedetails/307-N-Church-St-Clayton-NC-27520/69088544_zpid/
w71,"4697 E 85th St, Garfield Heights, OH 44125",110000,ACTIVE (for sale),weekly sweep 2026-09-28 OUT (negative cash flow) (was ENTRANT; re-scored 2026-09-30 on tract contract rent x 2) UNREVIEWED [ohio],-13.2,-5.9,0.68,YELLOW: C4 on the one listing photo; in-progress third-floor framing (verify permits; unfinished work) (9/28),"R .71 D+ / A .60 C / B .85 D / V .60 C; M D-, D D (9/30)",8.36,,1,,YELLOW -4; crime R .71 D+ -0.8; drive 8.36h tier C -0.5; DSCR 0.68 -2; zip letter D retired 9/30,"YELLOW: in-progress third-floor framing (verify permits; unfinished work); the '$3,000+' is a Fair Market Rent guess; a contract fell through between May and September; Redfin tax line $4,379 a year (4% of price); Garfield Heights 44125 crime D",https://www.redfin.com/OH/Garfield-Heights/4697-E-85th-St-44125/home/70908834
w80,"2326 E 95th St, Cleveland, OH 44106",114000,ACTIVE (for sale),weekly sweep 2026-09-28 OUT (negative cash flow) (was ENTRANT; re-scored 2026-09-30 on tract contract rent x 2) UNREVIEWED [ohio],-13.5,-4.1,0.78,"YELLOW: C3 on the one listing photo; remarks unavailable (the Redfin page returned navigation text on four fetches, so condition, rents and unit count are unverified): the photo shows new siding ... (9/28)","R .98 F / A .98 F / B .95 F / V .95 F; M F, D F (9/30)",8.51,,1,,YELLOW -4; crime R .98 F -2.9; drive 8.51h tier C -0.5; DSCR 0.78 -2; zip letter F retired 9/30,"YELLOW, remarks unavailable (the Redfin page returned navigation text on four fetches, so condition, rents and unit count are unverified): the photo shows new siding and windows (renovated flip: sold $37,100 in Apr 2023, listed $114,000); Cleveland 44106 crime F",https://www.redfin.com/OH/Cleveland/2326-E-95th-St-44106/home/70777258
26,"2614 Pecan Dr, Fayetteville, NC 28303",225000,ACTIVE (for sale),,-10.7,-2.7,0.85,"YELLOW: C4 exterior, no RED item visible; walks under file 08 because the visible exterior list alone runs 2 to 4 times the 10 percent bid cap; RED candidates open (1946 wiring and panel, heat type, asbestos-shingle siding, permits) (2 MLS frames, 9/24)","R .60 C / A .86 D- / B .78 D / V .90 D-; M D-, D C- (9/30)",4.2,3.7,1 (NFHL Zone X),no (outside the Haymount LHD; city map 9/2014),YELLOW -4; crime R .60 C 0; drive 4.2h -2; DSCR<1.2 -2; zip letter F retired 9/30,"CLAUDE CODE 38 (9/24; advisory 44 verified): OUT stands, P about 0.005 (chain 0.06 x 0.35 x 0.25 x 0.15 x 0.60 = 0.0005, displayed with a 10x allowance). Withdrawn: the '6/24/2025 $20,000 sale' - the county's own deed chain (camapwa DeedDetails) runs 1986 warranty deed $42,000 -> survivorship 12/3/2020 -> estate file 21-E-508 (two heirs, 50/50, 2/22/2021) -> $0 quitclaim between the two heirs 5/9/2025 (12231/0577) -> warranty deed to TAI Enterprise Inc 7/24/2026 ($100 stamps = $50,000, 12584/0183); no June 2025 instrument exists, and the companion quitclaim 12231/0580 the same morning moved 2604 (the 1955 duplex) and 2608 Pecan to the other heir, so the 2025 deeds were a division between the estate's two heirs. NEW: the county E911 layer carries '2616 PECAN DR' as its own address point typed APT on this PIN (2614 is APT too; neighbours are HOM) - documentary support for the two-unit use under the 30-7.A.3 burden, with two-unit county and city solid-waste fees on every bill from 2012 to 2026 and the county R2-DUPLEX class. Rent on comps $800 a unit ($1,600; band $1,550-1,700) REPRODUCED (Redfin 28303 1BR small-property asks $750-825 for 576-900 sf; Zillow 28303 1BR average $945, 18 of 40 in the $700-800 bins). Water: PWC's 120Water inventory carries ONE service-line asset for 2614 and none for 2616, while both other duplexes on the street carry two (2604 'A/B', 2703 two) - owner-paid water and sewer is the base case (P 0.75), about $1270/yr on the 5/2026 water and 5/2025 sewer schedules. 8% price $107,900 at 6.75% tenant-paid, $92,600 owner-paid water; DSCR 1.20 price $128,400 / $110,300. Casualty: 30-7.C.1 routes a nonconforming STRUCTURE with a conforming USE to Article 30-7.C, whose C.5 rule has no multifamily exception; 30-7.B.8.a.3-4 (rebuild to prior density) sits under Nonconforming USES and applies to 'a structure housing any nonconforming use' - so Ord. S2025-008 (two-family now P) moved SF-6 duplexes OUT of the section that carries the safety net. City letter needed; P(two-unit rebuild allowed) 0.35, not even. Insurance: advisory 44 double-applied the 10/1/2026 step (the board's $1,680 already carries it; $1,764 is the 10/1/2027 figure). Seller TAI Enterprise Inc is a three-truck intrastate carrier (USDOT 2473625) at the owner's mailing address, not a flipper; both portals show 29 days, 28 Redfin views, 134 Zillow views, 6 saves, no cut. Not in a local historic district (city map 9/2014: Haymount LHD ends at Bragg Blvd/Hillside Ave, 2 km away). 2023 and 2025 bills were advertised delinquent and paid (2025: $3,403.87 with interest, garnishment and advertisement fees, $3,283.35 paid 8/3/2026 by the closing law firm); 2026 bill $3,150.56 unpaid, interest from 1/6/2027. By hand: NC SOS record for TAI (Cloudflare gate) and the eCourts Portal search for estate 21E000508-260 (human-verification gate). | 9/23 photo read (2 exterior frames only): RED on evidence - 1946 cottage with probable asbestos-cement siding (stained), one visible front door, two electric meters, window unit, 'other' heat, no interior frames for a $225,000 flip listed 31 days after a $50,000 buy. Metrics unchanged (CoC -2.7%, DSCR 0.85). OUT stands, P ~0.01. | 9/20: verified 2026 bill $3,150.56 (assessed $235,800 on 928 sf / 1946; no tax line before); SELLER FLAG: sold 6/24/2025 for $20,000 and 7/24/2026 for $50,000 to TAI Enterprise Inc, listed 8/24/2026 at $225,000 (4.5x in a month); prior owners' 2023 and 2025 bills ADVERTISED (delinquent); window units, 'other' heat. CoC -2.7 / -4.0 / -5.2%, DSCR 0.85. OUT. P ~0.01.",https://www.redfin.com/NC/Fayetteville/2614-Pecan-Dr-28303/home/125249017
w81,"12501 Dove Ave, Cleveland, OH 44105",124900,ACTIVE (for sale),weekly sweep 2026-09-28 OUT (negative cash flow) (was ENTRANT; re-scored 2026-09-30 on tract contract rent x 2) UNREVIEWED [ohio],-14.5,-5.5,0.7,"YELLOW: C4 on the one listing photo; one unit not rent-ready, sold as-is and the seller makes no repairs (9/28)","R .93 F / A .90 D- / B .96 F / V .80 D; M F, D D- (9/30)",8.34,,1,,YELLOW -4; crime R .93 F -2.5; drive 8.34h tier C -0.5; DSCR 0.70 -2; zip letter F retired 9/30,"YELLOW: one unit not rent-ready, sold as-is and the seller makes no repairs; the '$2,700' is projected rent, not in place; bought Jul 2024 at $80,000 and listed at $124,900; Cleveland 44105 crime F",https://www.redfin.com/OH/Cleveland/12501-Dove-Ave-44105/home/66572928
w09-14,"2311 Nickey Ave, Fayetteville, NC 28301",215000,ACTIVE (for sale),weekly sweep 2026-09-14 reviewed 9/15: NEAR-MISS,-19.5,-1.6,0.92,"YELLOW: C4 in 20 MLS frames; cosmetic turn on a 1963 shell, algae-streaked siding, space heater in unit A (9/15)","R .84 D / A .95 F / B .93 F / V .90 D-; M F, D D+ (9/30)",3.2,,,,YELLOW -4; crime R .84 D -1.8; drive 3.2h -2; DSCR<1.2 -2; zip letter F retired 9/30,"9/20: verified 2026 bill $2,812.90 (board $2,450; county spells it NICKY AVE); lender CoreLogic = mortgaged; CoC -1.6 / -2.9 / -4.1%, DSCR 0.92 / 0.86 / 0.81. NEAR-MISS stands. | NEAR-MISS (reviewed 9/15; advisory 35, file 32): 28301 2BR market $850-1,000 (median $925) vs the $1,194 tract proxy; at $925 r2p 0.86% fails Gate 5, CoC -1.9%, DSCR 0.90; 8% price $135-150K vs a $190K seller basis (8/2024). Park; one email for both leases. | YELLOW: 1963 with algae-streaked vinyl siding and a crawl space in the photo, interior updates claimed but not dated; rents not stated (tract median x2 = $2,388 likely overstates two 2-bed units, expect about $1,000 each); Fayetteville SF-6 zoning question from advisory file 31 (duplexes need a spec",https://www.zillow.com/homedetails/2311-Nickey-Ave-Fayetteville-NC-28301/82762208_zpid/
w52,"312 N 7th St, Martins Ferry, OH 43935",64900,CONTINGENT (2026-09-28),contingent (2026-09-28; was: ACTIVE (for sale)),31.2,31.7,2.7,"GREEN-verify: C3 on the one listing photo; recent plumbing, electric and HVAC improvements per remarks (get invoices) (9/28)","R .27 B+ / A .86 D- / B .66 C- / V .69 D+; M C-, D B+ (9/30)",7.1,,,,crime R .27 B+ 0; drive 7.1h tier B -0.5; zip letter D retired 9/30,"GREEN-verify: recent plumbing, electric and HVAC improvements per remarks (get invoices); Zillow shows CONTINGENT on 2026-09-28, so it may already be under contract; 43935 crime D",https://www.zillow.com/homedetails/312-N-7th-St-Martins-Ferry-OH-43935/50568129_zpid/
35,"27 Carver Cir, Portsmouth, VA 23701",199000,CONTINGENT (2026-09-28),contingent (2026-09-28; was: ACTIVE (for sale) - back on market 9/16/2026 after the September contract fell through),7.0,11.2,1.55,"YELLOW: 23 exterior MLS frames, no interiors; 1942 brick; the second unit needs renovation per the listing, so written bids are required (9/15)","R .79 D / A .90 D- / B .87 D- / V .90 D-; M D-, D C+ (9/30)",0.8,0.9,3,,YELLOW -4; crime R .79 D -1.5; zip letter D- retired 9/30,"9/16 BACK TO ACTIVE (Redfin 6:47pm: For sale $199,000, no contingent status; the September contract fell through). CORRECTION: TWO water accounts (25 and 27 Carver Cir, both CPN 03960150); MLS confirms separate meters and tenant-paid utilities; the 9/15 single-meter note was an address-match error. At $1,300/unit: CoC 9.3% (6.75%) / 8.0% (7.4%), DSCR 1.50, 8% price $208K/$199K -> convert the backup to a written offer with inspection (vacant unit 'ready for renovation', file 08 applies). Unit 2 lease to 3/31/27. P ~0.30. | 9/15: still CONTINGENT. NEW: ONE water account/meter (Portsmouth meter layer) -> owner-paid water ~$2,200/yr unless RUBS: at $1,300/unit asking comps CoC 5.7% (6.75%) / 4.5% (7.4%), DSCR 1.31, 8% price $182K/$174K; service line UNKNOWN both sides. Backup offer stands.",https://www.redfin.com/VA/Portsmouth/27-Carver-Cir-23701/home/49369052
w70,"840 Work Dr, Akron, OH 44320",99500,CONTINGENT (2026-09-28),weekly sweep 2026-09-28 ENTRANT UNREVIEWED [ohio],1.6,8.8,1.47,"YELLOW: C3 on the one listing photo, graded only so the row reaches review; no remarks retrievable (the page returned navigation text), unit count unverified; CONTINGENT on Zillow (9/28)","R .96 F / A .93 F / B .95 F / V .93 F; M F, D D- (9/30)",8.14,,,,YELLOW -4; crime R .96 F -2.7; drive 8.14h tier C -0.5; zip letter D- retired 9/30,"YELLOW only so it reaches review: CONTINGENT on Zillow, no remarks retrievable (page returned navigation text), unit count unverified; Akron 44320 crime D-",https://www.zillow.com/homedetails/840-Work-Dr-Akron-OH-44320/35466437_zpid/
w135,"508 Summers St, Parkersburg, WV 26101",100000,CONTINGENT (2026-09-30),weekly sweep 2026-09-30 ENTRANT UNREVIEWED [pitt],2.2,6.7,1.36,"YELLOW: C3 on the one listing photo; Built 1920, no interior photos or renovation evidence (9/30)","R .21 A- / A .93 F / B .57 C / V .93 F; M D, D D (9/30)",7.05,,,,YELLOW -4; drive 7.05h tier B -0.5; zip letter C- retired 9/30,"Built 1920, no interior photos or renovation evidence; listing is contingent",https://www.zillow.com/homedetails/508-Summers-St-Parkersburg-WV-26101/23187952_zpid/
w09-14,"132 Kemper Rd Unit A & B, Danville, VA 24541",145000,OFF MARKET (2026-09-28),off market (2026-09-28; was: OFF MARKET (2026-09-28)),-0.2,8.0,1.43,YELLOW: C4 interiors and a C5 bath in 16 MLS frames over two sessions; no RED item (9/15),"R .93 F / A .94 F / B .79 D / V .93 F; M F, D D- (9/30)",3.4,,1,,YELLOW -4; crime R .93 F -2.5; drive 3.4h -2; zip letter D retired 9/30,"ENTRANT (reviewed 9/15; files 32/32a, advisory 34): $825/unit x2, tax $527 year one -> CoC 8.3% at 6.75% with 10% PM, 7.0% at 7.4%, 6.1% at a 15% PM minimum-fee market; DSCR 1.44; 8% price $147K (6.75%) / $140K (7.4%). GATES: zoning is UR under the Danville 2026 UDC (duplex = SUP; multi-unit not permitted) -> seller must deliver a zoning verification letter or SUP; single water heater -> likely one meter; South Rental Inspection District. Offer band $133.5-136K (DSCR floor $133,333). P(closes on framework terms) ~12%. | YELLOW: 1923 building, 1-bed units (tract median x2 overstates 1-bed rents, run comps before believing 1.18%), a failed contingency in August that the agent must explain; Danville tax 0.84% known",https://www.redfin.com/VA/Danville/132-Kemper-Rd-24541/unit-A-B/home/201033223
w64,"12500 Ferris Ave, Cleveland, OH 44105",85000,CONTINGENT (2026-09-28),weekly sweep 2026-09-28 ENTRANT UNREVIEWED [ohio],1.4,8.4,1.45,"YELLOW: C4 on the one listing photo; already CONTINGENT on Zillow; the '$2,400 per month' is a Fair Market Rent estimate, not a lease (9/28)","R .93 F / A .93 F / B .94 F / V .84 D; M F, D D- (9/30)",8.34,,,,YELLOW -4; crime R .93 F -2.5; drive 8.34h tier C -0.5; zip letter F retired 9/30,"YELLOW: already CONTINGENT on Zillow; the '$2,400 per month' is a Fair Market Rent estimate, not a lease; overgrown yard and a rotted timber out front; Cleveland 44105 crime F",https://www.zillow.com/homedetails/12500-Ferris-Ave-Cleveland-OH-44105/33435414_zpid/
r4,"515 Albemarle Ave SE, Roanoke, VA 24013",179950,OFF MARKET (2026-09-29),round 4 entrant 2026-09-11 | off market (2026-09-29; was: ACTIVE (for sale)),3.1,9.6,1.52,"YELLOW: C3 to C4 on the one listing photo, built before 1980; no renovation detail beyond charm language (round 4, 9/11)","R .66 C- / A .90 D- / B .96 F / V .99 F; M D, D C+ (9/30)",3.8,,1,,YELLOW -4; crime R .66 C- -0.5; drive 3.8h -2; zip letter F retired 9/30,"9/15: inside the Roanoke SOUTHEAST rental inspection district. | YELLOW: pre-1980, no renovation detail beyond charm language; larger units (3bd each) than the tract median rent assumes | rent basis: tract median x 2",https://www.redfin.com/VA/Roanoke/515-Albemarle-Ave-SE-24013/home/131652593
r4,"503 Granville St, Oxford, NC 27565",235000,OFF MARKET (2026-09-28),off market (2026-09-28; was: OFF MARKET (2026-09-28)),-1.5,"6.0 (center 2,500 on the 2026 bill; listing 2,600 7.2; one meter 3.4; center + make-ready 4.7)",1.32 (center) / 1.38 listing / 1.18 one meter,"YELLOW: C3 exterior, C3 to C4 lower unit, C4 upper unit needing a turn; inspection targets named (upper turn, stacked water signature, toilet on a raised platform, porch ceiling and beam); no mechanicals shown, lower heat unknown (30 MLS frames, 9/24)","R .80 D / A .95 F / B .93 F / V .94 F; M D, D F (9/30)",2.5,,1,0 (outside NR and both local districts),"YELLOW -4; drive 2.5h -2; 9/25: G3 PASS (GR5 duplex by right, density note), G5 PASS, G6 FAIL at the ask on every line and undetermined on the documented roll (occupied unit month-to-month, rent undisclosed); crime R .80 D -1.5; zip letter D retired 9/30","YELLOW: built 1945, described as well-maintained, no renovation detail; combined rental potential stated ~$2,600 (one unit vacant, so partly projected) | rent basis: listing text | 9/25 file 45: HOLD for documents P 0.09; 2026 bill 1,798.33 (Oxford 0.57 + county 0.631 on 144,990; six-year cycle, next 2030); insurance 1,680; center 2,500: NOI 18122, CoC 6.0 / 4.7 / 3.5, 8 pct price 217400.0 / 207500.0 / 199100.0; center + make-ready 20,000: 198200.0 / 189200.0 / 181500.0 (watch price); one shared meter 1,900: 194600.0 / 185800.0 / 178200.0; free and clear of record (ROD: only the 1/4/2022 deed 1882/351 at 130,000; the 2019 Coastal FCU deed of trust satisfied 4/7/2022); MLS heating None + 2024 IPMC adopted 1/13/2026; Code 21-36(B)(2) one meter per unit; no county permits for the recent roof/HVAC/water heater; FY2027 FMR 4BR 1,835 / 1BR 1,114 (non-metro Granville); NCCIA vouchers, list closed since 2016; park across the street, mortuary building opposite; KLRWS plant cost after S.L. 2025-4; WWTP violations 2025 (informal only)",https://www.redfin.com/NC/Oxford/503-Granville-St-27565/home/40970060
r5,"117 Motley Ave, Danville, VA 24540",175000,OFF MARKET (2026-09-28),off market (2026-09-28; was: OFF MARKET (2026-09-28)),-1.7,4.7,1.25,"YELLOW: C4 on the round-5 front photo, built 1915; 18 MLS frames plus the assessor's 2023 photo show three households, a Gate 3 disqualifier (9/15)","R .66 C- / A .89 D- / B .75 D+ / V .69 D+; M D-, D C (9/30)",2.9,,1,,YELLOW -4; crime R .66 C- -0.4; drive 2.9h -2; zip letter D+ retired 9/30,"9/15: DQ Gate 3 (three households evidenced). Danville 2026 UDC: parcel is UR, multi-unit NOT permitted, duplex SUP -> the third unit is not legalizable without rezoning to MR. Reopen only if the mandate widens AND rezoning is realistic. | YELLOW: 1915, occupied and income-producing, no renovation language, as-is sale (inspection contingency essential); parser had read 'triplex' as 3 units, corrected to duplex | rent basis: tract median x 2",https://www.redfin.com/VA/Danville/117-Motley-Ave-24540/home/124373389
17,"215 Saint Andrew St, Petersburg, VA 23803",215000,OFF MARKET (2026-09-30),Price changed 9/8 | off market (2026-09-30; was: ACTIVE (for sale)),-2.1,4.7,1.23,"YELLOW: C4 on the front photo, built 1914, no renovation language; flood factor 5, itself a YELLOW driver (9/9)","R .84 D / A .93 F / B .90 D- / V .96 F; M F, D D (9/30)",0.8,2.0,5,,YELLOW -4; crime R .84 D -1.8; flood 5 -1; zip letter D- retired 9/30,,https://www.redfin.com/VA/Petersburg/215-Saint-Andrew-St-23803/home/52375565
20,"224 S Jefferson St, Petersburg, VA 23803",225000,"PENDING (Sep 10, 2026)",,-4.5,3.3,1.16,"YELLOW: C4 on the front photo, built 1900, renovation language unverified (9/9)","R .84 D / A .93 F / B .90 D- / V .96 F; M F, D D (9/30)",0.8,2.0,1,,YELLOW -4; crime R .84 D -1.8; DSCR<1.2 -2; zip letter D- retired 9/30,,https://www.redfin.com/VA/Petersburg/224-S-Jefferson-St-23803/home/52375560
41,"739 S Rosemont Rd, Virginia Beach, VA 23452",375000,CONTINGENT (2026-09-28),contingent (2026-09-28; was: ACTIVE (for sale)),-5.0,1.0,1.05,"YELLOW: no photo read on the board yet; built 1999, sold as-is with month-to-month tenants of five-plus years; advisory 58b of 9/25 read six exterior frames at C3 with no interior, roof or mechanical evidence, not yet assimilated (remarks only, 9/11)","R .30 B+ / A .36 B / B .39 B- / V .74 D+; M F, D D (9/30)",,,,,YELLOW -4; DSCR<1.2 -2; zip letter C retired 9/30,"built 1999 (Redfin), flood factor 1; sold as-is with 5+ year month-to-month tenants at $1,095 and $1,150",https://www.redfin.com/VA/Virginia-Beach/739-S-Rosemont-Rd-23452/home/49459424
28,"306 & 308 Troy Ave NE, Roanoke, VA 24012",246000,PENDING (2026-09-18),"pending since 2026-09-18 at the full $246,000 list price after 15 days, no cuts (Redfin 9/29 and 9/30; MLSRV 931038); the sweep first saw it pending on 2026-09-21",-2.9,1.6,1.09,"GREEN-verify: C3 in 23 MLS frames (exterior C3; the updated unit, 308 per the remarks, C3 with new paint and appliances over 1984 cabinets, laminate and sheet vinyl; the other unit C3 to C4); built 1984, no RED item; roof covering, heat pump and water heater ages, supply-pipe material (polybutylene era), the kitchen ceiling access panel under the bath in the other unit, and whether the long units under the bedroom windows are diffusers or electric baseboards unconfirmed (9/30)","R .66 C- / A .90 D- / B .96 F / V .86 D-; M D, D D (9/30)",3.8,4.7,1,,crime R .66 C- -0.5; drive 3.8h -2; DSCR<1.2 -2; zip letter F retired 9/30,"9/30 (round 20, advisory 73): PARK, P 0.01, out of the review queue under memo 67 6.1; relist tripwire: ACTIVE again after a contract failure, or any list price at or under $198,000, then send the 67a asks the same day and offer in writing at the 8% price on the documented roll ($134,000 to $198,000 by rent and rate; $187,000 / $179,000 at the $1,150 comp center). Gate 3 PASS on city record: Multi-Family Duplex class, present in the Parcels_Duplexes layer, building use Duplex (1984), 911 points 306 and 308 ACTIVE and field verified, RM-1 not conditional; two-family is a by-right use in RM-1 before and after the 2024 reform; lot 7,040 sf with about 76 ft of frontage clears both dimensional tables. Gate 5 marginal (0.89 to 0.98% on $1,100 to $1,200 asking comps); Gate 6 FAIL at the ask on every basis (needs $1,433 a unit). Tax year one $2,750 (assessed $199,900 x 1.22% + solid waste $218.40 + stormwater 5 units $93; FY2027 rate held 5/11/2026); long run at the ask about $3,313 (annual reassessment); no separate trash line. Insurance $1,500; water metering unknown (one owner-paid meter at ~$800/yr takes ~$10,000 off the 8% price). Rent basis: asking comps $1,100 to $1,200 (Zillow 24012 2BR average $1,300 on 9/28, modal $1,100 to $1,200); ACS tract 4 contract rent $923 as the in-place floor; documented roll unknown; the $1,133 tract gross figure retired. eTrakit: one permit, ZVBL21-0310 (5/6/2021 at 308; read as a business-licence zoning verification; records request drafted in 67a), no mechanical, electrical, plumbing or building permit on the parcel; one code case, AV20-0638 inoperable vehicle (9/22/2020). Overlays none; preliminary FIRM Zone X; the MLS AIRPORT tag is the airport overlay (the county's polygon covers the parcel; height only). RRHA paused new vouchers (9/30). Owner: an out-of-town family living trust with a manager. Ledger 68a, record set 68b. | rent basis: asking comps",https://www.redfin.com/VA/Roanoke/306-Troy-Ave-NE-24012/home/131533637
34,"125 The Blvd, Eden, NC 27288",195000,"PENDING / CONTINGENT (Sep 16, 2026)",Price changed 9/3,-6.0,-0.2,0.99,"YELLOW: C2 to C3 finishes in 36 MLS frames, but a 1930 masonry storefront converted to two 2BR units; new TPO roof; small high bedroom windows raise an egress question; the 9/9 GREEN-verify is withdrawn (9/16)","R .60 C / A .81 D / B .48 C+ / V .64 C-; M D+, D C (9/30)",3.8,4.2,,,crime R .60 C 0; drive 3.8h -2; DSCR<1.2 -2; zip letter D+ retired 9/30,"9/16: WENT PENDING/CONTINGENT 9/16 (both MLS feeds). If it returns: NEAR-MISS (advisory 36) - 1930 masonry OFFICE on the county card converted to two 2BR units after a $1,000 recorded transfer 11/21/2025; R-12 duplex by right but lot ~6,258 sf / 31 ft vs 18,000 sf / 100 ft for two units (UDO 4.05, verified); long-run CoC 1.1% at an $1,815 tax; CO and lot-size basis decide.",https://www.redfin.com/NC/Eden/125-The-Blvd-27288/home/201849051
23,"28-30 Hillcrest Ave NE, Roanoke, VA 24012",179256,OFF MARKET (2026-09-29),off market (2026-09-29; was: ACTIVE (for sale)),-7.0,1.8,1.09,"YELLOW: C4 on the front photo, built 1967, no renovation language (9/9)","R .71 D+ / A .95 F / B .93 F / V .99 F; M D+, D D- (9/30)",3.8,4.7,1,,YELLOW -4; crime R .71 D+ -0.8; drive 3.8h -2; DSCR<1.2 -2; zip letter F retired 9/30,,https://www.redfin.com/VA/Roanoke/28-Hillcrest-Ave-NE-24012/home/131571815
21,"918 Star St, Rocky Mount, NC 27804",169000,WITHDRAWN 9/23 (sale) + rental pulled 9/21; OFF MARKET 9/25,"ADVISORY 49 ASSIMILATED 9/25 (file 43): OUT; 2026 roll 78,400, tax 1,034.88; 48 code cases; 2007 DT expired by statute; permits unverifiable",-9.7,-3.2 (documented roll 630 x 2; own ask 695 x 2 = -1.1),0.83 (documented) / 0.94 own ask,"GREEN-verify: C2 to C3 in 33 frames; the structure below the floor is the documented weak point (2007 joist permits at both units, 2012 floor patch, 2021 'dilapidated', boarded 2022 to 2024); two chimneys removed and roof re-covered in 2025 without a visible permit trail; no crawl or panel frame (9/25)","R .94 F / A .98 F / B .93 F / V .80 D; M F, D A+ (9/30)",2.4,2.0,1,,"crime R .94 F -2.5; drive 2.4h -2; DSCR<1.2 -2; 9/25: withdrawn from both markets; G5 FAIL 0.75-0.82 percent; G6 FAIL; actual tax 1,035 on the 2026 value 78,400; zip letter D- retired 9/30","9/15: Nash County (27804): tax = assessed x 1.32 (Nash 0.63 + city 0.69 FY27); LGC oversight; Redfin tax county-only. | 9/25 file 43: OUT P 0.01; 8 percent price 98,000/93,600/89,800 documented, 111,500/106,500/102,100 own ask; county 2026 bill 493.92 + city 540.96 on 78,400 (card remodeled 2025); county still carries 2008-2010 and 2015 prior-owner bills (711 with interest, past the 10-yr bar); 48 Community Code cases 2005-2024 incl. 3 minimum-housing, weed-cutting liens 566.82 (9/2021 ledger); permit layer ends 11/2023 (2025 work unverifiable; 2007 floor-joist permits both units); ROD: LLC clear through 9/24/26, 2007 PM deed of trust 2312/502 (38,000, balloon 5/1/2010) uncancelled but expired by G.S. 45-36.24 on 5/1/2025; R-6MFA block, I-2 at 76 m; 21 of 55 Star St parcels on the 2024 lien list; Street View boarded 4/2022 and 11/2024, two chimneys removed 2025.",https://www.redfin.com/NC/Rocky-Mount/918-Star-St-27804/home/135268881
w4,"429 Squirrel St, Fayetteville, NC 28303",220000,OFF MARKET (2026-09-21),"off market (2026-09-21; was: ACTIVE (for sale, inside the four-building portfolio; Redfin public-record page only))",-9.0,1.6,1.09,"YELLOW: the same 45 shared MLS frames as 417 to 425, but the county card rates its condition FAIR 66 percent, the only non-A of the four, so it leans worse (9/19)","R .93 F / A .96 F / B .99 F / V .99 F; M F, D F (9/30)",4.2,3.7,1,,YELLOW -4; crime R .93 F -2.5; drive 4.2h -2; DSCR<1.2 -2; zip letter F retired 9/30,"9/19 (advisory 40 + verification): ZONING FLIPS TO PASS - two- to four-family is P in SF-6 since Ord. S2025-008 (4/14/2025); the remaining nonconformity is density (6,970 sf lot vs 6,000 sf per unit), a structure question with no vacancy clock; the zoning letter must state the casualty rebuild right (Fannie B4-1.3-04). Tax = 2026 bill (county 0.499 + city 0.4495 on $189-193K plus county SW $130/unit, city SW $285/unit, stormwater $84): $2,710 / $2,747 / $2,450. At the $1,046/unit proxy: CoC 1.2% / 0.0% / -1.2% and DSCR 1.07 / 1.00 / 0.94 at 6.75 / 7.40 / 8.00%; 8% price $164K / $157K / $150K. Sector comps corrected (Dashland $175K EACH 12/2024; 432 Squirrel triplex $329K 8/2025 at $150/sf): band $150-175K per building, package-only offering, all four parcels mortgaged (lender tax-service flags on the 2026 bills), 2026 bills unpaid. P ~0.04. 429 SPECIFIC: condition FAIR 66% (others Average 51-52%); 2/11/2026 forcible-entry burglary and a 1/14/2023 domestic assault; bought by BLKDIAMOND LLC 10/14/2024 for $118K and re-deeded 5/28/2025; lowest tax ($2,450) is a condition artifact; likeliest 'needs new wiring and plumbing' building.",https://www.redfin.com/NC/Fayetteville/429-Squirrel-St-28303/home/125839213
r6,"306 Auburndale St, Winston Salem, NC 27104",225000,"OUT (9/25: Gate 3 answered No to SFR + ADU; documented roll fails G5/G6; still listed ACTIVE at 225,000)","round 6 entrant 2026-09-11 | 9/24 advisory 51 (claude.ai) | 9/25 CLAUDE CODE 44 assimilation: PARK-HOLD, P 0.03 conditional on Gate 3 | 9/25 GATE 3 DECISION (Najum): two-family classification required -> OUT, P 0.005",-9.4,"-5.4 (documented roll 850 + 850 with owner-paid water; 2,390 proxy 3.1; stabilized 2,790 8.0)",0.71 (documented) / 1.16 proxy-water / 1.43 stabilized,"YELLOW: lower unit C4 in 8 frames (kitchen, living room, two bedrooms, bath); upper unit unseen; basement post-and-brace beam, wall band, chimney stack and half-story egress to inspect; no RED item visible (9/25)","R .52 C+ / A .50 C+ / B .52 C+ / V .74 D+; M B+, D D (9/30)",4.6,,1,,"GREEN-verify 0; crime R .52 C+ 0; drive 4.6h -2; DSCR<1.2 -2; 9/25: documented roll about 1,700 (lower unit's 12/2025 ask 850 with water included) fails G5 0.76 pct and G6; RS9 duplex unrecognized (UDO 9.2.9B), curable as SFR + ADU; 9/25 decision: SFR + attached ADU is not a Gate 3 pass; no two-family path; zip letter D+ retired 9/30","GREEN, verify: documented newer roof, HVAC and water heater, occupied and leased to 4/2027; 1948 build; rents not stated (tract median x 2 = $2,120 is realistic for 2-bed units here) but cash flow is thin at 6.75% | rent basis: tract median x 2 | 9/25 file 44: PARK-HOLD P 0.03 conditional on Gate 3 accepting SFR + attached ADU; documented roll 850 + 850 with water 1,150: NOI 9338, CoC -5.4 / -6.7 / -7.9, 8 pct price 112000.0 / 106900.0 / 102600.0; proxy 2,390 with water: 8 pct price 183500.0 / 175200.0 / 168100.0; stabilized 2,790 after both April-2027 turns: 8 pct price 225000.0 / 214800.0 / 206000.0; tax 2,520.32 on 220,500 at 1.143 (2025 reval +85 pct), five late payments since 2018; card SINGLE-FAMILY 896 + 582 sf effective 2004; deed chain investor-held since at least 4/2001 (Cook's Properties LLC multiple-tracts deed; the 1998-2001 link missing); Table 5.1.1 duplex blank in RS9; 9.2.9B converted-building rule; 5.3.4B.2 city ADU (39 pct) + G.S. 160D-917 from 1/15/2027; seller sold 1427 Marne and 2709 Eastwood this summer at 74-76 pct of list; ASPIRE 27104 2BR 1,440; Zone X; tract 39.03 | 9/25 Gate 3 answered No: OUT P 0.005 (residual path = lawful-nonconforming-duplex finding 0.10 x 0.15 x 0.60 x 0.55); close the row; watch only for a written nonconforming determination or a relist at or under 112,000 with two 1,200 leases",https://www.redfin.com/NC/Winston-Salem/306-Auburndale-St-27104/home/94908924

