key,address,zip,first_seen,last_seen,price_first,price_last,source,url,status,gone_date,note
912 crawford st s|27893,"912 Crawford St S, Wilson, NC 27893",27893,2026-09-09,2026-09-21,49900,49900,,https://www.redfin.com/NC/Wilson/912-Crawford-St-S-27893/home/65289847,listed,,"seed from 06c Current multi-family listings, ZIP r"
404 high st|27803,"404 High St, Rocky Mount, NC 27803",27803,2026-09-09,2026-09-09,63000,63000,,https://www.redfin.com/NC/Rocky-Mount/404-High-St-27803/home/135149634,listed,,"seed from 06c Current multi-family listings, ZIP r"
111 tyler ave|23601,"111 Tyler Ave, Newport News, VA 23601",23601,2026-09-09,2026-09-09,145000,145000,,https://www.redfin.com/VA/Newport-News/111-Tyler-Ave-23601/home/49641444,listed,,"seed from 06c Current multi-family listings, ZIP r"
207 bruton st w|27893,"207 Bruton St W, Wilson, NC 27893",27893,2026-09-09,2026-09-21,85900,85900,,https://www.redfin.com/NC/Wilson/207-Bruton-St-W-27893/home/65301007,listed,,"seed from 06c Current multi-family listings, ZIP r"
632634 pegram st|23803,"632-634 Pegram St, Petersburg, VA 23803",23803,2026-09-09,2026-09-09,70000,70000,,https://www.redfin.com/VA/Petersburg/632-Pegram-St-23803/home/205404972,gone,2026-09-14,"seed from 06c Current multi-family listings, ZIP r"
2132 hill st|23803,"2132 Hill St, Petersburg, VA 23803",23803,2026-09-09,2026-09-21,130000,130000,,https://www.redfin.com/VA/Petersburg/2132-Hill-St-23803/home/52380411,listed,,"seed from 06c Current multi-family listings, ZIP r"
334 rhew st|28303,"334 Rhew St, Fayetteville, NC 28303",28303,2026-09-09,2026-09-21,175000,175000,,https://www.redfin.com/NC/Fayetteville/334-Rhew-St-28303/home/126111855,listed,,"seed from 06c Current multi-family listings, ZIP r"
213 colonial dr|28301,"213 Colonial Dr, Fayetteville, NC 28301",28301,2026-09-09,2026-09-21,117500,117500,,https://www.redfin.com/NC/Fayetteville/213-Colonial-Dr-28301/home/126589011,listed,,"seed from 06c Current multi-family listings, ZIP r"
219 colonial dr|28301,"219 Colonial Dr, Fayetteville, NC 28301",28301,2026-09-09,2026-09-21,117500,117500,,https://www.redfin.com/NC/Fayetteville/219-Colonial-Dr-28301/home/182998632,listed,,"seed from 06c Current multi-family listings, ZIP r"
118 120 s poplar st|27101,"118 & 120 S Poplar St, Winston Salem, NC 27101",27101,2026-09-09,2026-09-21,225000,225000,,https://www.redfin.com/NC/Winston-Salem/118-S-Poplar-St-27101/home/94861867,listed,,"seed from 06c Current multi-family listings, ZIP r"
515517 n daughtry st|27801,"515-517 N Daughtry St, Rocky Mount, NC 27801",27801,2026-09-09,2026-09-21,119900,119900,,https://www.redfin.com/NC/Rocky-Mount/517-N-Daughtry-St-27801/home/129650064,listed,,"seed from 06c Current multi-family listings, ZIP r"
163 choate st|23707,"163 Choate St, Portsmouth, VA 23707",23707,2026-09-09,2026-09-21,184900,184900,,https://www.redfin.com/VA/Portsmouth/163-Choate-St-23707/home/49369325,listed,,"seed from 06c Current multi-family listings, ZIP r"
421 squirrel st|28303,"421 Squirrel St, Fayetteville, NC 28303",28303,2026-09-09,2026-09-21,220000,220000,,https://www.redfin.com/NC/Fayetteville/421-Squirrel-St-28303/home/125609682,listed,,"seed from 06c Current multi-family listings, ZIP r"
425 squirrel st|28303,"425 Squirrel St, Fayetteville, NC 28303",28303,2026-09-09,2026-09-21,220000,220000,,https://www.redfin.com/NC/Fayetteville/425-Squirrel-St-28303/home/125569068,listed,,"seed from 06c Current multi-family listings, ZIP r"
417 squirrel st|28303,"417 Squirrel St, Fayetteville, NC 28303",28303,2026-09-09,2026-09-21,220000,220000,,https://www.redfin.com/NC/Fayetteville/417-Squirrel-St-28303/home/125963971,listed,,"seed from 06c Current multi-family listings, ZIP r"
420 mt vernon ave|23707,"420 Mt Vernon Ave, Portsmouth, VA 23707",23707,2026-09-09,2026-09-21,160000,125000,,https://www.redfin.com/VA/Portsmouth/420-Mt-Vernon-Ave-23707/home/49363222,listed,,"seed from 06c Current multi-family listings, ZIP r; merged 420 Mount Vernon Ave, Portsmouth, VA 23707 (https://www.zillow.com/homedetails/420-Mount-Vernon-Ave-Portsmouth-VA-23707/75383613_zpid/) on 2026-09-28 after the Mount/Mt matching fix"
1934 oakland st|23805,"1934 Oakland St, Petersburg, VA 23805",23805,2026-09-09,2026-09-09,215000,215000,,https://www.redfin.com/VA/Petersburg/1934-Oakland-St-23805/home/52382474,listed,,"seed from 06c Current multi-family listings, ZIP r"
202 lee st ne|27893,"202 Lee St NE, Wilson, NC 27893",27893,2026-09-09,2026-09-21,129900,129900,,https://www.redfin.com/NC/Wilson/202-Lee-St-NE-27893/home/65290703,listed,,"seed from 06c Current multi-family listings, ZIP r"
27 carver cir|23701,"27 Carver Cir, Portsmouth, VA 23701",23701,2026-09-09,2026-09-09,199000,199000,,https://www.redfin.com/VA/Portsmouth/27-Carver-Cir-23701/home/49369052,listed,,"seed from 06c Current multi-family listings, ZIP r"
208 scarborough st|28390,"208 Scarborough St Unit A AND B, Spring Lake, NC 28390",28390,2026-09-09,2026-09-09,185000,185000,,https://www.redfin.com/NC/Spring-Lake/208-Scarborough-St-28390/unit-B/home/187409413,listed,,"seed from 06c Current multi-family listings, ZIP r"
556 bellwood rd|23607,"556 Bellwood Rd Unit A, Newport News, VA 23607",23607,2026-09-09,2026-09-09,270000,270000,,https://www.redfin.com/VA/Newport-News/556-Bellwood-Rd-23601/unit-A/home/191159379,gone,2026-09-14,"seed from 06c Current multi-family listings, ZIP r"
2316 edgar st|28301,"2316 Edgar St, Fayetteville, NC 28301",28301,2026-09-09,2026-09-21,189000,189000,,https://www.redfin.com/NC/Fayetteville/2316-Edgar-St-28301/home/125611809,listed,,"seed from 06c Current multi-family listings, ZIP r"
136 marshall st|23803,"136 Marshall St, Petersburg, VA 23803",23803,2026-09-09,2026-09-21,189000,189000,,https://www.redfin.com/VA/Petersburg/136-Marshall-St-23803/home/52375517,listed,,"seed from 06c Current multi-family listings, ZIP r"
4102 richland ave nw|24012,"4102 Richland Ave NW, Roanoke, VA 24012",24012,2026-09-09,2026-09-21,236000,236000,,https://www.redfin.com/VA/Roanoke/4102-Richland-Ave-NW-24012/home/131681785,listed,,"seed from 06c Current multi-family listings, ZIP r"
2102 rogers dr|28303,"2102 Rogers Dr, Fayetteville, NC 28303",28303,2026-09-09,2026-09-21,175000,175000,,https://www.redfin.com/NC/Fayetteville/2102-Rogers-Dr-28303/home/125506151,listed,,"seed from 06c Current multi-family listings, ZIP r"
814 varsity dr|28304,"814 Varsity Dr Unit A-B, Fayetteville, NC 28304",28304,2026-09-09,2026-09-09,199900,199900,,https://www.redfin.com/NC/Fayetteville/814-Varsity-Dr-28301/unit-A-B/home/203301115,gone,2026-09-14,"seed from 06c Current multi-family listings, ZIP r"
408 lee st ne|27893,"408 Lee St NE, Wilson, NC 27893",27893,2026-09-09,2026-09-21,150000,150000,,https://www.redfin.com/NC/Wilson/408-Lee-St-NE-27893/home/65301554,listed,,"seed from 06c Current multi-family listings, ZIP r"
104 day st st|23434,"104 Day Street St, Suffolk, VA 23434",23434,2026-09-09,2026-09-09,218000,218000,,https://www.redfin.com/VA/Suffolk/104-Day-St-23434/home/49351458,listed,,"seed from 06c Current multi-family listings, ZIP r"
714 hines st w|27893,"714 Hines St W, Wilson, NC 27893",27893,2026-09-09,2026-09-21,159900,159900,,https://www.redfin.com/NC/Wilson/714-Hines-St-W-27893/home/65282750,listed,,"seed from 06c Current multi-family listings, ZIP r"
407 industrial ave|24541,"407 Industrial Ave, Danville, VA 24541",24541,2026-09-09,2026-09-21,144000,144000,,https://www.redfin.com/VA/Danville/407-Industrial-Ave-24541/home/124327321,listed,,"seed from 06c Current multi-family listings, ZIP r"
215 st andrew st|23803,"215 Saint Andrew St, Petersburg, VA 23803",23803,2026-09-09,2026-09-21,215000,215000,,https://www.redfin.com/VA/Petersburg/215-Saint-Andrew-St-23803/home/52375565,listed,,"seed from 06c Current multi-family listings, ZIP r"
126 128 troy ave ne|24012,"126 & 128 Troy Ave NE, Roanoke, VA 24012",24012,2026-09-09,2026-09-21,210000,209998,,https://www.redfin.com/VA/Roanoke/126-Troy-Ave-NE-24012/home/131667775,listed,,"seed from 06c Current multi-family listings, ZIP r"
2326 elm ave|23704,"2326 Elm Ave, Portsmouth, VA 23704",23704,2026-09-09,2026-09-21,254000,254000,,https://www.redfin.com/VA/Portsmouth/2326-Elm-Ave-23704/home/49361454,listed,,"seed from 06c Current multi-family listings, ZIP r"
3412 williamson rd nw|24012,"3412 Williamson Rd NW, Roanoke, VA 24012",24012,2026-09-09,2026-09-21,270000,270000,,https://www.redfin.com/VA/Roanoke/3412-Williamson-Rd-24012/home/204631794,listed,,"seed from 06c Current multi-family listings, ZIP r"
224 s jefferson st|23803,"224 S Jefferson St, Petersburg, VA 23803",23803,2026-09-09,2026-09-09,225000,225000,,https://www.redfin.com/VA/Petersburg/224-S-Jefferson-St-23803/home/52375560,gone,2026-09-14,"seed from 06c Current multi-family listings, ZIP r"
918 star st|27804,"918 Star St, Rocky Mount, NC 27804",27804,2026-09-09,2026-09-21,169000,169000,,https://www.redfin.com/NC/Rocky-Mount/918-Star-St-27804/home/135268881,listed,,"seed from 06c Current multi-family listings, ZIP r"
749 mt airy st|23803,"749 Mt Airy St, Petersburg, VA 23803",23803,2026-09-09,2026-09-21,195000,195000,,https://www.redfin.com/VA/Petersburg/749-Mount-Airy-St-23803/home/190215161,listed,,"seed from 06c Current multi-family listings, ZIP r; merged 749 Mount Airy St, Petersburg, VA 23803 (https://www.zillow.com/homedetails/749-Mount-Airy-St-Petersburg-VA-23803/230879188_zpid/) on 2026-09-28 after the Mount/Mt matching fix"
108 s pine st|27804,"108 S Pine St, Rocky Mount, NC 27804",27804,2026-09-09,2026-09-21,175000,175000,,https://www.redfin.com/NC/Rocky-Mount/108-S-Pine-St-27804/home/135011296,listed,,"seed from 06c Current multi-family listings, ZIP r"
2830 hillcrest ave ne|24012,"28-30 Hillcrest Ave NE, Roanoke, VA 24012",24012,2026-09-09,2026-09-14,179256,179256,,https://www.redfin.com/VA/Roanoke/28-Hillcrest-Ave-NE-24012/home/131571815,gone,2026-09-21,"seed from 06c Current multi-family listings, ZIP r"
1121 35th st|23607,"1121 35th St, Newport News, VA 23607",23607,2026-09-09,2026-09-21,199900,189000,,https://www.redfin.com/VA/Newport-News/1121-35th-St-23607/home/49664787,listed,,"seed from 06c Current multi-family listings, ZIP r"
7 barney pl|23702,"7 Barney Pl, Portsmouth, VA 23702",23702,2026-09-09,2026-09-09,250000,250000,,https://www.redfin.com/VA/Portsmouth/7-Barney-Pl-23702/home/49370220,listed,,"seed from 06c Current multi-family listings, ZIP r"
2614 pecan dr|28303,"2614 Pecan Dr, Fayetteville, NC 28303",28303,2026-09-09,2026-09-21,225000,225000,,https://www.redfin.com/NC/Fayetteville/2614-Pecan-Dr-28303/home/125249017,listed,,"seed from 06c Current multi-family listings, ZIP r"
301 s high st|23851,"301 S High St, Franklin, VA 23851",23851,2026-09-09,2026-09-09,190000,190000,,https://www.redfin.com/VA/Franklin/301-S-High-St-23851/home/49356588,listed,,"seed from 06c Current multi-family listings, ZIP r"
639 conover rd|27703,"639 Conover Rd, Durham, NC 27703",27703,2026-09-09,2026-09-09,440000,440000,,https://www.redfin.com/NC/Durham/639-Conover-Rd-27703/home/185159569,gone,2026-09-14,"seed from 06c Current multi-family listings, ZIP r"
716 31st st|23607,"716 31st St, Newport News, VA 23607",23607,2026-09-09,2026-09-21,240000,240000,,https://www.redfin.com/VA/Newport-News/716-31st-St-23607/home/49644738,listed,,"seed from 06c Current multi-family listings, ZIP r"
306 308 troy ave ne|24012,"306 & 308 Troy Ave NE, Roanoke, VA 24012",24012,2026-09-09,2026-09-14,246000,246000,,https://www.redfin.com/VA/Roanoke/306-Troy-Ave-NE-24012/home/131533637,gone,2026-09-21,"seed from 06c Current multi-family listings, ZIP r"
1708 birchwood dr se|27893,"1708 Birchwood Dr SE, Wilson, NC 27893",27893,2026-09-09,2026-09-21,185000,185000,,https://www.redfin.com/NC/Wilson/1708-Birchwood-Dr-SE-27893/home/65300471,listed,,"seed from 06c Current multi-family listings, ZIP r"
1702 birchwood dr se|27893,"1702 Birchwood Dr SE, Wilson, NC 27893",27893,2026-09-09,2026-09-21,185000,185000,,https://www.redfin.com/NC/Wilson/1702-Birchwood-Dr-SE-27893/home/65300475,listed,,"seed from 06c Current multi-family listings, ZIP r"
1706 birchwood dr se|27893,"1706 Birchwood Dr SE, Wilson, NC 27893",27893,2026-09-09,2026-09-21,185000,185000,,https://www.redfin.com/NC/Wilson/1706-Birchwood-Dr-SE-27893/home/65300474,listed,,"seed from 06c Current multi-family listings, ZIP r"
1707 birchwood dr se|27893,"1707 Birchwood Dr SE, Wilson, NC 27893",27893,2026-09-09,2026-09-21,185000,185000,,https://www.redfin.com/NC/Wilson/1707-Birchwood-Dr-SE-27893/home/65300464,listed,,"seed from 06c Current multi-family listings, ZIP r"
1703 birchwood dr se|27893,"1703 Birchwood Dr SE, Wilson, NC 27893",27893,2026-09-09,2026-09-21,185000,185000,,https://www.redfin.com/NC/Wilson/1703-Birchwood-Dr-SE-27893/home/65300465,listed,,"seed from 06c Current multi-family listings, ZIP r"
125 the blvd|27288,"125 The Blvd, Eden, NC 27288",27288,2026-09-09,2026-09-14,195000,195000,,https://www.redfin.com/NC/Eden/125-The-Blvd-27288/home/201849051,gone,2026-09-21,"seed from 06c Current multi-family listings, ZIP r"
904 n mckay ave|28334,"904 N Mckay Ave #906, Dunn, NC 28334",28334,2026-09-09,2026-09-09,320000,320000,,https://www.redfin.com/NC/Dunn/904-N-McKay-Ave-28334/unit-906/home/203582112,listed,,"seed from 06c Current multi-family listings, ZIP r"
219 cleveland st|24541,"219 Cleveland St, Danville, VA 24541",24541,2026-09-09,2026-09-21,55000,55000,,https://www.redfin.com/VA/Danville/219-Cleveland-St-24541/home/124316939,listed,,"seed from 06c Current multi-family listings, ZIP r"
1911 mcclellan st|27834,"1911 Mcclellan St, Greenville, NC 27834",27834,2026-09-09,2026-09-21,95000,95000,,https://www.redfin.com/NC/Greenville/1911-McClellan-St-27834/home/168063169,listed,,"seed from 06c Current multi-family listings, ZIP r"
915 askin st|24112,"915 Askin St, Martinsville, VA 24112",24112,2026-09-09,2026-09-21,144900,144900,,https://www.redfin.com/VA/Martinsville/915-Askin-St-24112/home/68165752,listed,,"seed from 06c Current multi-family listings, ZIP r"
917 askin st|24112,"917 Askin St #3, Martinsville, VA 24112",24112,2026-09-09,2026-09-21,144900,144900,,https://www.redfin.com/VA/Martinsville/917-Askin-St-24112/unit-3/home/202167787,listed,,"seed from 06c Current multi-family listings, ZIP r"
913 askin st|24112,"913 Askin St Unit A,B,C, Martinsville, VA 24112",24112,2026-09-09,2026-09-21,144900,144900,,https://www.redfin.com/VA/Martinsville/913-Askin-St-24112/unit-A-B-C/home/199608882,listed,,"seed from 06c Current multi-family listings, ZIP r"
232 burwell ave|27536,"232 Burwell Ave Unit 1,2,3, Henderson, NC 27536",27536,2026-09-09,2026-09-21,150000,150000,,https://www.redfin.com/NC/Henderson/232-Burwell-Ave-27536/unit-1-2-3/home/199063123,listed,,"seed from 06c Current multi-family listings, ZIP r"
202 w holt st|27217,"202 W Holt St, Burlington, NC 27217",27217,2026-09-09,2026-09-21,249000,249000,,https://www.redfin.com/NC/Burlington/202-W-Holt-St-27217/home/114734036,listed,,"seed from 06c Current multi-family listings, ZIP r"
1716 lynne ave|27801,"1716 Lynne Ave, Rocky Mount, NC 27801",27801,2026-09-09,2026-09-21,4900000,4200000,,https://www.redfin.com/NC/Rocky-Mount/1716-Lynne-Ave-27801/home/129596699,listed,,"seed from 06c Current multi-family listings, ZIP r"
1230 ridge ave|27288,"1230 Ridge Ave, Eden, NC 27288",27288,2026-09-09,2026-09-21,224900,224900,,https://www.redfin.com/NC/Eden/1230-Ridge-Ave-27288/home/144716959,listed,,"seed from 06c Current multi-family listings, ZIP r"
1038 28th st|23607,"1038 28th St, Newport News, VA 23607",23607,2026-09-09,2026-09-21,194900,194900,,https://www.redfin.com/VA/Newport-News/1038-28th-St-23607/home/49645148,listed,,"seed from 06c Current multi-family listings, ZIP r"
3824 turnpike rd|23701,"3824 Turnpike Rd, Portsmouth, VA 23701",23701,2026-09-09,2026-09-09,300000,300000,,https://www.redfin.com/VA/Portsmouth/3824-Turnpike-Rd-23701/home/49367061,listed,,"seed from 06c Current multi-family listings, ZIP r"
1954 lakeview rd|27203,"1954 Lakeview Rd, Asheboro, NC 27203",27203,2026-09-09,2026-09-21,786000,786000,,https://www.redfin.com/NC/Asheboro/1954-Lakeview-Rd-27203/home/201246683,listed,,"seed from 06c Current multi-family listings, ZIP r"
203 bruton st ne|27893,"203 Bruton St NE, Wilson, NC 27893",27893,2026-09-09,2026-09-21,224900,224900,,https://www.redfin.com/NC/Wilson/203-Bruton-St-W-27893/home/65301020,listed,,"seed from 06c Current multi-family listings, ZIP r"
607 summit ave|27405,"607 Summit Ave, Greensboro, NC 27405",27405,2026-09-09,2026-09-09,200000,200000,,https://www.redfin.com/NC/Greensboro/607-Summit-Ave-27405/home/113198287,gone,2026-09-14,"seed from 06c Current multi-family listings, ZIP r"
302 brazil st|27530,"302 Brazil St, Goldsboro, NC 27530",27530,2026-09-09,2026-09-21,360000,360000,,https://www.redfin.com/NC/Goldsboro/302-Brazil-St-27530/home/64973311,listed,,"seed from 06c Current multi-family listings, ZIP r"
12020 winfree st|23831,"12020 Winfree St, Chester, VA 23831",23831,2026-09-09,2026-09-09,640000,640000,,https://www.redfin.com/VA/Chester/12020-Winfree-St-23831/home/59570006,listed,,"seed from 06c Current multi-family listings, ZIP r"
245 college park dr|24541,"245 College Park Dr, Danville, VA 24541",24541,2026-09-09,2026-09-14,2125000,2125000,,https://www.redfin.com/VA/Danville/245-College-Park-Dr-24541/home/124266096,gone,2026-09-21,"seed from 06c Current multi-family listings, ZIP r"
712718 miller ave|28304,"712-718 Miller Ave, Fayetteville, NC 28304",28304,2026-09-09,2026-09-21,500000,500000,,https://www.redfin.com/NC/Fayetteville/712-Miller-Ave-28304/home/195133939,listed,,"seed from 06c Current multi-family listings, ZIP r"
900906 miller ave|28304,"900-906 Miller Ave, Fayetteville, NC 28304",28304,2026-09-09,2026-09-21,500000,500000,,https://www.redfin.com/NC/Fayetteville/900-Miller-Ave-28304/home/195133935,listed,,"seed from 06c Current multi-family listings, ZIP r"
3207 scott st|23707,"3207 Scott St, Portsmouth, VA 23707",23707,2026-09-09,2026-09-21,275000,275000,,https://www.redfin.com/VA/Portsmouth/3207-Scott-St-23707/home/49366052,listed,,"seed from 06c Current multi-family listings, ZIP r"
2249 dellrose dr|23860,"2249 Dellrose Dr, Hopewell, VA 23860",23860,2026-09-09,2026-09-09,230000,230000,,https://www.redfin.com/VA/Hopewell/2249-Dellrose-Dr-23860/home/55458483,listed,,"seed from 06c Current multi-family listings, ZIP r"
1314 franklin ave|27260,"1314 Franklin Ave, High Point, NC 27260",27260,2026-09-09,2026-09-21,310000,310000,,https://www.redfin.com/NC/High-Point/1314-Franklin-Ave-27260/home/94699630,listed,,"seed from 06c Current multi-family listings, ZIP r"
313 n hyde park ave|27703,"313 N Hyde Park Ave, Durham, NC 27703",27703,2026-09-09,2026-09-21,315000,315000,,https://www.redfin.com/NC/Durham/313-N-Hyde-Park-Ave-27703/home/43526267,listed,,"seed from 06c Current multi-family listings, ZIP r"
1962 1966 lakeview rd|27203,"1962 & 1966 Lakeview Rd, Asheboro, NC 27203",27203,2026-09-09,2026-09-21,800000,800000,,https://www.redfin.com/NC/Asheboro/1962-Lakeview-Rd-27203/home/200483512,listed,,"seed from 06c Current multi-family listings, ZIP r"
14 mills ave nw|28027,"14 Mills Ave NW, Concord, NC 28027",28027,2026-09-09,2026-09-09,479900,479900,,https://www.redfin.com/NC/Concord/14-Mills-Ave-NW-28027/home/109525143,listed,,"seed from 06c Current multi-family listings, ZIP r"
324 w kime st|27215,"324 W Kime St, Burlington, NC 27215",27215,2026-09-09,2026-09-21,199000,199000,,https://www.redfin.com/NC/Burlington/324-W-Kime-St-27215/home/196184026,listed,,"seed from 06c Current multi-family listings, ZIP r"
600 74th st|23605,"600 74th St #12, Newport News, VA 23605",23605,2026-09-09,2026-09-09,1500000,1500000,,https://www.redfin.com/VA/Newport-News/600-74th-St-23605/unit-12/home/196842192,listed,,"seed from 06c Current multi-family listings, ZIP r"
691693 boddie st|27536,"691-693 Boddie St, Henderson, NC 27536",27536,2026-09-09,2026-09-21,205000,205000,,https://www.redfin.com/NC/Henderson/693-Boddie-St-27536/home/190598807,listed,,"seed from 06c Current multi-family listings, ZIP r"
3228 greenland ave nw|24012,"3228 Greenland Ave NW, Roanoke, VA 24012",24012,2026-09-09,2026-09-21,199000,199000,,https://www.redfin.com/VA/Roanoke/3228-Greenland-Ave-NW-24012/home/131525389,listed,,"seed from 06c Current multi-family listings, ZIP r"
637 conover rd|27703,"637 Conover Rd, Durham, NC 27703",27703,2026-09-09,2026-09-09,475000,475000,,https://www.redfin.com/NC/Durham/637-Conover-Rd-27703/home/193444178,gone,2026-09-14,"seed from 06c Current multi-family listings, ZIP r"
534 s dunlop st|23803,"534 S Dunlop St, Petersburg, VA 23803",23803,2026-09-09,2026-09-21,225000,225000,,https://www.redfin.com/VA/Petersburg/534-S-Dunlop-St-23803/home/192186121,listed,,"seed from 06c Current multi-family listings, ZIP r"
1503 elm ave|23704,"1503 Elm Ave, Portsmouth, VA 23704",23704,2026-09-09,2026-09-21,300000,280000,,https://www.redfin.com/VA/Portsmouth/1503-Elm-Ave-23704/home/49360208,listed,,"seed from 06c Current multi-family listings, ZIP r"
102 s fisher st|27610,"102 S Fisher St, Raleigh, NC 27610",27610,2026-09-09,2026-09-14,249000,249000,,https://www.redfin.com/NC/Raleigh/102-S-Fisher-St-27610/home/41109356,gone,2026-09-21,"seed from 06c Current multi-family listings, ZIP r"
1601 elm ave|23704,"1601 Elm Ave, Portsmouth, VA 23704",23704,2026-09-09,2026-09-21,650000,599999,,https://www.redfin.com/VA/Portsmouth/1601-Elm-Ave-23704/home/49360200,listed,,"seed from 06c Current multi-family listings, ZIP r"
309311 starling st|28540,"309-311 Starling St, Jacksonville, NC 28540",28540,2026-09-09,2026-09-21,235000,235000,,https://www.redfin.com/NC/Jacksonville/311-Starling-St-28540/home/137757190,listed,,"seed from 06c Current multi-family listings, ZIP r"
605 n dunleith ave|27101,"605 N Dunleith Ave, Winston Salem, NC 27101",27101,2026-09-09,2026-09-21,165500,165500,,https://www.redfin.com/NC/Winston-Salem/605-N-Dunleith-Ave-27101/home/94856442,listed,,"seed from 06c Current multi-family listings, ZIP r"
423 n carpenter st|28054,"423 N Carpenter St, Gastonia, NC 28054",28054,2026-09-09,2026-09-09,425000,425000,,https://www.redfin.com/NC/Gastonia/423-N-Carpenter-St-28054/home/40997307,listed,,"seed from 06c Current multi-family listings, ZIP r"
22582260 onslow dr|28540,"2258-2260 Onslow Dr, Jacksonville, NC 28540",28540,2026-09-09,2026-09-21,237000,237000,,https://www.redfin.com/NC/Jacksonville/2258-2260-York-St-28540/home/187271648,listed,,"seed from 06c Current multi-family listings, ZIP r"
1600 shiloh church rd|27045,"1600 Shiloh Church Rd, Winston Salem, NC 27045",27045,2026-09-09,2026-09-09,200000,200000,,https://www.redfin.com/NC/Winston-Salem/1600-Shiloh-Church-Rd-27105/home/94942541,listed,,"seed from 06c Current multi-family listings, ZIP r"
5106 hodge st|28303,"5106 Hodge St, Fayetteville, NC 28303",28303,2026-09-09,2026-09-21,189900,189900,,https://www.redfin.com/NC/Fayetteville/5106-Hodge-St-28303/home/199082444,listed,,"seed from 06c Current multi-family listings, ZIP r"
1025 w end blvd|27101,"1025 West End Blvd, Winston Salem, NC 27101",27101,2026-09-09,2026-09-21,795000,795000,,https://www.redfin.com/NC/Winston-Salem/1025-W-End-Blvd-27101/home/94867839,listed,,"seed from 06c Current multi-family listings, ZIP r; merged 1025 W End Blvd, Winston Salem, NC 27101 (https://www.zillow.com/homedetails/1025-W-End-Blvd-Winston-Salem-NC-27101/5754853_zpid/) on 2026-09-28 after the Mount/Mt matching fix"
20252027 ferndale ave|23803,"2025-2027 Ferndale Ave, Petersburg, VA 23803",23803,2026-09-09,2026-09-21,295000,295000,,https://www.redfin.com/VA/Petersburg/2025-Ferndale-Ave-23803/home/192189974,listed,,"seed from 06c Current multi-family listings, ZIP r"
526 s dunlop st|23803,"526 S Dunlop St, Petersburg, VA 23803",23803,2026-09-09,2026-09-21,230000,230000,,https://www.redfin.com/VA/Petersburg/526-S-Dunlop-St-23803/home/192190247,listed,,"seed from 06c Current multi-family listings, ZIP r"
3110 shenandoah valley ave ne|24012,"3110 Shenandoah Valley Ave NE, Roanoke, VA 24012",24012,2026-09-09,2026-09-21,207057,207057,,https://www.redfin.com/VA/Roanoke/3110-Shenandoah-Valley-Ave-NE-24012/home/131676456,listed,,"seed from 06c Current multi-family listings, ZIP r"
317 e gilbreath st|27253,"317 E Gilbreath St, Graham, NC 27253",27253,2026-09-09,2026-09-09,329900,329900,,https://www.redfin.com/NC/Graham/317-E-Gilbreath-St-27253/home/114466670,listed,,"seed from 06c Current multi-family listings, ZIP r"
520 lake rd|27834,"520 Lake Rd Unit A&B, Greenville, NC 27834",27834,2026-09-09,2026-09-21,335000,335000,,https://www.redfin.com/NC/Greenville/520-Lake-Rd-27834/unit-A-B/home/200552157,listed,,"seed from 06c Current multi-family listings, ZIP r"
304 starling st 306|28540,"304 Starling Street 306, Jacksonville, NC 28540",28540,2026-09-09,2026-09-21,250000,250000,,https://www.redfin.com/NC/Jacksonville/304-Starling-St-28540/home/146854320,listed,,"seed from 06c Current multi-family listings, ZIP r"
5407 e nc 150 hwy|28092,"5407 E Nc 150 Hwy #7, Lincolnton, NC 28092",28092,2026-09-09,2026-09-21,575000,575000,,https://www.redfin.com/NC/Lincolnton/5407-N-Carolina-Highway-150-28092/unit-7/home/204549211,listed,,"seed from 06c Current multi-family listings, ZIP r"
5411 e nc 150 hwy|28092,"5411 E Nc 150 Hwy #6, Lincolnton, NC 28092",28092,2026-09-09,2026-09-21,575000,575000,,https://www.redfin.com/NC/Lincolnton/5411-N-Carolina-Highway-150-28092/unit-6/home/202097532,listed,,"seed from 06c Current multi-family listings, ZIP r"
524 boone rd|27288,"524 Boone Rd, Eden, NC 27288",27288,2026-09-09,2026-09-21,725000,725000,,https://www.redfin.com/NC/Eden/524-Boone-Rd-27288/home/94779043,listed,,"seed from 06c Current multi-family listings, ZIP r"
500502 williams st|28540,"500-502 Williams St, Jacksonville, NC 28540",28540,2026-09-09,2026-09-21,249000,249000,,https://www.redfin.com/NC/Jacksonville/502-Williams-St-28540/home/178750981,listed,,"seed from 06c Current multi-family listings, ZIP r"
732 30th st|23607,"732 30th St, Newport News, VA 23607",23607,2026-09-09,2026-09-21,287000,287000,,https://www.redfin.com/VA/Newport-News/732-30th-St-23607/home/49645119,listed,,"seed from 06c Current multi-family listings, ZIP r"
1075 7th ave nw|28601,"1075 7th Ave NW, Hickory, NC 28601",28601,2026-09-09,2026-09-21,950000,950000,,https://www.redfin.com/NC/Hickory/1075-7th-Ave-NW-28601/home/193191777,listed,,"seed from 06c Current multi-family listings, ZIP r"
1014 sedgefield st|27705,"1014 Sedgefield St, Durham, NC 27705",27705,2026-09-09,2026-09-21,319900,319900,,https://www.redfin.com/NC/Durham/1014-Sedgefield-St-27705/home/43518752,listed,,"seed from 06c Current multi-family listings, ZIP r"
304 and 306 e 1st st|27292,"304 and 306 E 1st St, Lexington, NC 27292",27292,2026-09-09,2026-09-09,209900,209900,,https://www.redfin.com/NC/Lexington/304-E-1st-St-27292/home/95025966,listed,,"seed from 06c Current multi-family listings, ZIP r"
265 gholson ave|27536,"265 Gholson Ave, Henderson, NC 27536",27536,2026-09-09,2026-09-21,224900,224900,,https://www.redfin.com/NC/Henderson/265-Gholson-Ave-27536/home/65387342,listed,,"seed from 06c Current multi-family listings, ZIP r"
2509 campbell st|27405,"2509 Campbell St, Greensboro, NC 27405",27405,2026-09-09,2026-09-21,274900,274900,,https://www.redfin.com/NC/Greensboro/2509-Campbell-St-27405/home/94613666,listed,,"seed from 06c Current multi-family listings, ZIP r"
103 mosby cir|27834,"103 Mosby Cir Unit A/B, Greenville, NC 27834",27834,2026-09-09,2026-09-21,199900,199900,,https://www.redfin.com/NC/Greenville/103-Mosby-Cir-27834/unit-A-B/home/187266051,listed,,"seed from 06c Current multi-family listings, ZIP r"
105 mosby cir|27834,"105 Mosby Cir Unit A&B, Greenville, NC 27834",27834,2026-09-09,2026-09-21,199900,199900,,https://www.redfin.com/NC/Greenville/105-Mosby-Cir-27834/unit-A-B/home/187265951,listed,,"seed from 06c Current multi-family listings, ZIP r"
173 175 booker dr sw|28025,"173 - 175 Booker Dr SW, Concord, NC 28025",28025,2026-09-09,2026-09-21,284999,249000,,https://www.redfin.com/NC/Concord/173-Booker-Dr-SW-28025/home/43648991,listed,,"seed from 06c Current multi-family listings, ZIP r"
218 odell dr nw|28025,"218 Odell Dr NW, Kannapolis, NC 28025",28025,2026-09-09,2026-09-21,300000,300000,,https://www.redfin.com/NC/Kannapolis/218-Odell-Dr-NW-28083/home/200230356,listed,,"seed from 06c Current multi-family listings, ZIP r"
1028 karendale ave|28208,"1028 Karendale Ave, Charlotte, NC 28208",28208,2026-09-09,2026-09-21,315000,315000,,https://www.redfin.com/NC/Charlotte/1028-Karendale-Ave-28208/home/43914048,listed,,"seed from 06c Current multi-family listings, ZIP r"
1019 sedgefield st|27705,"1019 Sedgefield St, Durham, NC 27705",27705,2026-09-09,2026-09-21,334000,334000,,https://www.redfin.com/NC/Durham/1019-Sedgefield-St-27705/home/43519138,listed,,"seed from 06c Current multi-family listings, ZIP r"
273 elm ave|23704,"273 Elm Ave, Portsmouth, VA 23704",23704,2026-09-09,2026-09-21,425000,425000,,https://www.redfin.com/VA/Portsmouth/273-Elm-Ave-23704/home/49358623,listed,,"seed from 06c Current multi-family listings, ZIP r"
50 village rd|24502,"50 Village Rd, Lynchburg, VA 24502",24502,2026-09-09,2026-09-21,269900,269900,,https://www.redfin.com/VA/Lynchburg/50-Village-Rd-24502/home/128743919,listed,,"seed from 06c Current multi-family listings, ZIP r"
1022 duke st|23704,"1022 Duke St, Portsmouth, VA 23704",23704,2026-09-09,2026-09-14,357900,357900,,https://www.redfin.com/VA/Portsmouth/1022-Duke-St-23704/home/49360275,gone,2026-09-21,"seed from 06c Current multi-family listings, ZIP r"
204 kristin dr|27834,"204 Kristin Dr Unit A/B, Greenville, NC 27834",27834,2026-09-09,2026-09-21,212500,212500,,https://www.redfin.com/NC/Greenville/204-Kristin-Dr-27834/unit-A-B/home/201877695,listed,,"seed from 06c Current multi-family listings, ZIP r"
4145 gossett ave|28208,"4145 Gossett Ave, Charlotte, NC 28208",28208,2026-09-09,2026-09-21,314900,314900,,https://www.redfin.com/NC/Charlotte/4145-Gossett-Ave-28208/home/199127441,listed,,"seed from 06c Current multi-family listings, ZIP r"
121 broad st|23707,"121 Broad St, Portsmouth, VA 23707",23707,2026-09-09,2026-09-21,320000,320000,,https://www.redfin.com/VA/Portsmouth/121-Broad-St-23707/home/49362788,listed,,"seed from 06c Current multi-family listings, ZIP r"
727 harding st|23803,"727 Harding St, Petersburg, VA 23803",23803,2026-09-09,2026-09-14,200000,200000,,https://www.redfin.com/VA/Petersburg/727-Harding-St-23803/home/52377915,gone,2026-09-21,"seed from 06c Current multi-family listings, ZIP r"
4515 greenway ave|28403,"4515 Greenway Ave, Wilmington, NC 28403",28403,2026-09-09,2026-09-09,2050000,2050000,,https://www.redfin.com/NC/Wilmington/4515-Greenway-Ave-28403/home/163175083,listed,,"seed from 06c Current multi-family listings, ZIP r"
321 s green st|27101,"321 S Green St, Winston Salem, NC 27101",27101,2026-09-09,2026-09-21,250000,250000,,https://www.redfin.com/NC/Winston-Salem/321-S-Green-St-27101/home/94864179,listed,,"seed from 06c Current multi-family listings, ZIP r"
149 sandy dr|28546,"149 Sandy Dr, Jacksonville, NC 28546",28546,2026-09-09,2026-09-09,365500,365500,,https://www.redfin.com/NC/Jacksonville/149-Sandy-Dr-28546/home/200845880,listed,,"seed from 06c Current multi-family listings, ZIP r"
215 bidney dr|27215,"215 Bidney Dr, Burlington, NC 27215",27215,2026-09-09,2026-09-21,270000,250000,,https://www.redfin.com/NC/Burlington/215-Bidney-Dr-27215/home/114913956,listed,,"seed from 06c Current multi-family listings, ZIP r"
3645 oaklawn ave nw|24019,"3645 Oaklawn Ave NW Unit 3645-3647, Roanoke, VA 24019",24019,2026-09-09,2026-09-09,335000,335000,,https://www.redfin.com/VA/Roanoke/3645-Oaklawn-Ave-NW-24012/unit-3645-3647/home/205190932,listed,,"seed from 06c Current multi-family listings, ZIP r"
927 farmer st|23803,"927 Farmer St, Petersburg, VA 23803",23803,2026-09-09,2026-09-21,199850,199800,,https://www.redfin.com/VA/Petersburg/927-Farmer-St-23803/home/52376327,listed,,"seed from 06c Current multi-family listings, ZIP r"
1010 36th st|23607,"1010 36th St, Newport News, VA 23607",23607,2026-09-09,2026-09-21,286000,286000,,https://www.redfin.com/VA/Newport-News/1010-36th-St-23607/home/49664840,listed,,"seed from 06c Current multi-family listings, ZIP r"
32343246 courtland rd nw|24012,"3234-3246 Courtland Rd NW Unit 3234-3246, Roanoke, VA 24012",24012,2026-09-09,2026-09-21,259950,259950,,https://www.redfin.com/VA/Roanoke/3234-Courtland-Rd-NW-24012/home/131349567,listed,,"seed from 06c Current multi-family listings, ZIP r"
805 n mebane st|27217,"805 N Mebane St Unit A & B, Burlington, NC 27217",27217,2026-09-09,2026-09-21,254000,254000,,https://www.redfin.com/NC/Burlington/805-N-Mebane-St-27217/unit-A-B/home/204354671,listed,,"seed from 06c Current multi-family listings, ZIP r"
210 raleigh rd pkwy n|27893,"210 Raleigh Road Pkwy N, Wilson, NC 27893",27893,2026-09-09,2026-09-21,265000,265000,,https://www.redfin.com/NC/Wilson/210-Raleigh-Road-Pkwy-N-27893/home/65300758,listed,,"seed from 06c Current multi-family listings, ZIP r; merged 210 Raleigh Road Parkway N, Wilson, NC 27893 (https://www.zillow.com/homedetails/210-Raleigh-Road-Pkwy-N-Wilson-NC-27893/2071247829_zpid/) on 2026-09-28 after the Mount/Mt matching fix"
254 maryland ave|23707,"254 Maryland Ave, Portsmouth, VA 23707",23707,2026-09-09,2026-09-14,337400,337400,,https://www.redfin.com/VA/Portsmouth/254-Maryland-Ave-23707/home/49362875,gone,2026-09-21,"seed from 06c Current multi-family listings, ZIP r"
25502560 chestnut st|28405,"2550/2560 Chestnut St, Wilmington, NC 28405",28405,2026-09-09,2026-09-09,349900,349900,,https://www.redfin.com/NC/Wilmington/2550-Chestnut-St-28405/home/135613198,listed,,"seed from 06c Current multi-family listings, ZIP r"
616 n mebane st|27217,"616 N Mebane St, Burlington, NC 27217",27217,2026-09-09,2026-09-21,259900,259900,,https://www.redfin.com/NC/Burlington/616-N-Mebane-St-27217/home/114832442,listed,,"seed from 06c Current multi-family listings, ZIP r"
408 ln st se|27893,"408 Lane St SE, Wilson, NC 27893",27893,2026-09-09,2026-09-21,225000,225000,,https://www.redfin.com/NC/Wilson/408-Lane-St-SE-27893/home/203247277,listed,,"seed from 06c Current multi-family listings, ZIP r"
216 college st|24112,"216 College St, Martinsville, VA 24112",24112,2026-09-09,2026-09-21,247950,247950,,https://www.redfin.com/VA/Martinsville/216-College-St-24112/home/68169235,listed,,"seed from 06c Current multi-family listings, ZIP r"
1300 bainbridge blvd|23324,"1300 Bainbridge Blvd, Chesapeake, VA 23324",23324,2026-09-09,2026-09-09,435000,435000,,https://www.redfin.com/VA/Chesapeake/1300-Bainbridge-Blvd-23324/home/188459539,listed,,"seed from 06c Current multi-family listings, ZIP r"
2040 kannapolis hwy|28031,"2040 Kannapolis Hwy, Kannapolis, NC 28031",28031,2026-09-09,2026-09-09,349900,349900,,https://www.redfin.com/NC/Kannapolis/2040-Kannapolis-HWY-28031/home/196850929,listed,,"seed from 06c Current multi-family listings, ZIP r"
22372239 catawba heights rd|28092,"2237-2239 Catawba Heights Rd, Lincolnton, NC 28092",28092,2026-09-09,2026-09-21,355000,355000,,https://www.redfin.com/NC/Lincolnton/2237-Catawba-Heights-Rd-28092/home/193006447,listed,,"seed from 06c Current multi-family listings, ZIP r"
1314 archbold ave ne|24012,"1314 Archbold Ave NE, Roanoke, VA 24012",24012,2026-09-09,2026-09-21,345000,345000,,https://www.redfin.com/VA/Roanoke/1314-Archbold-Ave-NE-24012/home/131423493,listed,,"seed from 06c Current multi-family listings, ZIP r"
827 mt vernon ave|23707,"827 Mt Vernon Ave, Portsmouth, VA 23707",23707,2026-09-09,2026-09-21,330000,299900,,https://www.redfin.com/VA/Portsmouth/827-Mt-Vernon-Ave-23707/home/49363316,listed,,"seed from 06c Current multi-family listings, ZIP r; merged 827 Mount Vernon Ave, Portsmouth, VA 23707 (https://www.zillow.com/homedetails/827-Mount-Vernon-Ave-Portsmouth-VA-23707/75383884_zpid/) on 2026-09-28 after the Mount/Mt matching fix"
3019 columbus cir|28208,"3019 Columbus Cir, Charlotte, NC 28208",28208,2026-09-09,2026-09-21,589000,575000,,https://www.redfin.com/NC/Charlotte/3019-Columbus-Cir-28208/home/43915406,listed,,"seed from 06c Current multi-family listings, ZIP r"
1259 w 4th st|27101,"1259 W 4th St, Winston Salem, NC 27101",27101,2026-09-09,2026-09-21,450000,450000,,https://www.redfin.com/NC/Winston-Salem/1259-W-4th-St-27101/home/94867345,listed,,"seed from 06c Current multi-family listings, ZIP r"
316 16th st|23451,"316 16th St, Virginia Beach, VA 23451",23451,2026-09-09,2026-09-09,995000,995000,,https://www.redfin.com/VA/Virginia-Beach/316-16th-St-23451/home/202119909,listed,,"seed from 06c Current multi-family listings, ZIP r"
645 leesville rd|24502,"645 Leesville Rd, Lynchburg, VA 24502",24502,2026-09-09,2026-09-21,330000,330000,,https://www.redfin.com/VA/Lynchburg/645-Leesville-Rd-24502/home/128713296,listed,,"seed from 06c Current multi-family listings, ZIP r"
19281930 durham st|27217,"1928-1930 Durham St, Burlington, NC 27217",27217,2026-09-09,2026-09-21,339900,249900,,https://www.redfin.com/NC/Burlington/1930-Durham-Street-Ext-27217/home/176115811,listed,,"seed from 06c Current multi-family listings, ZIP r"
2715 central ave|27260,"2715 Central Ave, High Point, NC 27260",27260,2026-09-09,2026-09-21,859900,859900,,https://www.redfin.com/NC/High-Point/2715-Central-Ave-27260/home/94704243,listed,,"seed from 06c Current multi-family listings, ZIP r"
1006 3rd st se|28602,"1006 3rd St SE, Hickory, NC 28602",28602,2026-09-09,2026-09-21,1000000,1000000,,https://www.redfin.com/NC/Hickory/1006-3rd-St-SE-28602/home/121747437,listed,,"seed from 06c Current multi-family listings, ZIP r"
19431955 glen manor ct|28092,"1943-1955 Glen Manor Ct Unit 1-2, Lincolnton, NC 28092",28092,2026-09-09,2026-09-09,750000,750000,,https://www.redfin.com/NC/Lincolnton/1943-Glen-Manor-Ct-28092/unit-1-2/home/200891162,gone,2026-09-14,"seed from 06c Current multi-family listings, ZIP r"
106 college st|27360,"106 College St, Thomasville, NC 27360",27360,2026-09-09,2026-09-21,299900,299900,,https://www.redfin.com/NC/Thomasville/106-College-St-27360/home/185221572,listed,,"seed from 06c Current multi-family listings, ZIP r"
1909 high st|23704,"1909 High St, Portsmouth, VA 23704",23704,2026-09-09,2026-09-21,329999,329999,,https://www.redfin.com/VA/Portsmouth/1909-High-St-23704/home/49363915,listed,,"seed from 06c Current multi-family listings, ZIP r"
205 cobb st|23851,"205 Cobb St, Franklin, VA 23851",23851,2026-09-09,2026-09-09,205000,205000,,https://www.redfin.com/VA/Franklin/205-Cobb-St-23851/home/49356229,listed,,"seed from 06c Current multi-family listings, ZIP r"
4633 b coronet ave|23455,"4633 B Coronet Ave, Virginia Beach, VA 23455",23455,2026-09-09,2026-09-09,724900,724900,,https://www.redfin.com/VA/Virginia-Beach/4633-Coronet-Ave-23455/home/49490454,listed,,"seed from 06c Current multi-family listings, ZIP r"
318 ct st|23704,"318 Court St, Portsmouth, VA 23704",23704,2026-09-09,2026-09-21,525000,525000,,https://www.redfin.com/VA/Portsmouth/318-Court-St-23704/home/49357694,listed,,"seed from 06c Current multi-family listings, ZIP r"
322324 gray st|24541,"322-324 Gray St, Danville, VA 24541",24541,2026-09-09,2026-09-21,149900,149900,,https://www.redfin.com/VA/Danville/322-324-Gray-St-24541/home/204714331,listed,,"seed from 06c Current multi-family listings, ZIP r"
224 fountainhead ln|28301,"224 Fountainhead Ln, Fayetteville, NC 28301",28301,2026-09-09,2026-09-21,429900,429900,,https://www.redfin.com/NC/Fayetteville/224-Fountainhead-Ln-28301/home/125948018,listed,,"seed from 06c Current multi-family listings, ZIP r"
714716 n church st|27217,"714-716 N Church St, Burlington, NC 27217",27217,2026-09-09,2026-09-21,299900,229900,,https://www.redfin.com/NC/Burlington/714-N-Church-St-27217/home/114930452,listed,,"seed from 06c Current multi-family listings, ZIP r"
3104 crandon ln|27604,"3104 Crandon Ln, Raleigh, NC 27604",27604,2026-09-09,2026-09-21,665000,665000,,https://www.redfin.com/NC/Raleigh/3104-Crandon-Ln-27604/home/41231113,listed,,"seed from 06c Current multi-family listings, ZIP r"
416 maryland ave|23707,"416 Maryland Ave, Portsmouth, VA 23707",23707,2026-09-09,2026-09-21,425000,425000,,https://www.redfin.com/VA/Portsmouth/416-Maryland-Ave-23707/home/49362718,listed,,"seed from 06c Current multi-family listings, ZIP r"
6 garden st|27360,"6 Garden St, Thomasville, NC 27360",27360,2026-09-09,2026-09-21,275000,275000,,https://www.redfin.com/NC/Thomasville/6-Garden-St-27360/home/191554155,listed,,"seed from 06c Current multi-family listings, ZIP r"
205 randolph st|24541,"205 Randolph St, Danville, VA 24541",24541,2026-09-09,2026-09-21,375000,375000,,https://www.redfin.com/VA/Danville/205-Randolph-St-24541/home/124293109,listed,,"seed from 06c Current multi-family listings, ZIP r"
1806 walker ave|27403,"1806 Walker Ave, Greensboro, NC 27403",27403,2026-09-09,2026-09-21,465000,447500,,https://www.redfin.com/NC/Greensboro/1806-Walker-Ave-27403/home/94601485,listed,,"seed from 06c Current multi-family listings, ZIP r"
3814 thelma st|27610,"3814 Thelma St, Raleigh, NC 27610",27610,2026-09-09,2026-09-21,650000,499900,,https://www.redfin.com/NC/Raleigh/3814-Thelma-St-27610/home/201417097,listed,,"seed from 06c Current multi-family listings, ZIP r"
2813 clarendon ave nw|24012,"2813 Clarendon Ave NW, Roanoke, VA 24012",24012,2026-09-09,2026-09-21,575000,575000,,https://www.redfin.com/VA/Roanoke/2813-Clarendon-Ave-NW-24012/home/131393640,listed,,"seed from 06c Current multi-family listings, ZIP r"
826 13th st|23451,"826 13th St, Virginia Beach, VA 23451",23451,2026-09-09,2026-09-09,600000,600000,,https://www.redfin.com/VA/Virginia-Beach/826-13th-St-23451/home/49515186,listed,,"seed from 06c Current multi-family listings, ZIP r"
326 328 gray st|24541,"326 328 Gray St, Danville, VA 24541",24541,2026-09-09,2026-09-21,159900,159900,,https://www.redfin.com/VA/Danville/326-Gray-St-24541/home/124372172,listed,,"seed from 06c Current multi-family listings, ZIP r"
613 n dunleith ave|27101,"613 N Dunleith Ave, Winston Salem, NC 27101",27101,2026-09-09,2026-09-21,285500,285500,,https://www.redfin.com/NC/Winston-Salem/613-N-Dunleith-Ave-27101/home/94862769,listed,,"seed from 06c Current multi-family listings, ZIP r"
705 e spruce st|27530,"705 E Spruce St, Goldsboro, NC 27530",27530,2026-09-09,2026-09-21,398999,387900,,https://www.redfin.com/NC/Goldsboro/705-E-Spruce-St-27530/home/199670998,listed,,"seed from 06c Current multi-family listings, ZIP r"
1420 joe louis ave|27610,"1420 Joe Louis Ave, Raleigh, NC 27610",27610,2026-09-09,2026-09-09,435000,435000,,https://www.redfin.com/NC/Raleigh/1420-Joe-Lewis-Ave-27610/home/199043893,gone,2026-09-14,"seed from 06c Current multi-family listings, ZIP r"
1418 joe louis ave|27610,"1418 Joe Louis Ave, Raleigh, NC 27610",27610,2026-09-09,2026-09-09,435000,435000,,https://www.redfin.com/NC/Raleigh/1418-Joe-Louis-Ave-27610/home/163174314,gone,2026-09-14,"seed from 06c Current multi-family listings, ZIP r"
426 camp easter rd|28350,"426 Camp Easter Rd, Lakeview, NC 28350",28350,2026-09-09,2026-09-09,387500,387500,,https://www.redfin.com/NC/Lakeview/426-Camp-Easter-Rd-28350/home/189778132,listed,,"seed from 06c Current multi-family listings, ZIP r"
1512 mediterranean ave|23451,"1512 Mediterranean Ave, Virginia Beach, VA 23451",23451,2026-09-09,2026-09-09,599900,599900,,https://www.redfin.com/VA/Virginia-Beach/1512-Mediterranean-Ave-23451/home/49516397,listed,,"seed from 06c Current multi-family listings, ZIP r"
112 freeze ave nw|28025,"112 Freeze Ave NW, Concord, NC 28025",28025,2026-09-09,2026-09-21,479900,449999,,https://www.redfin.com/NC/Concord/112-Freeze-Ave-NW-28025/home/43646772,listed,,"seed from 06c Current multi-family listings, ZIP r"
1000 broad st|27705,"1000 Broad St, Durham, NC 27705",27705,2026-09-09,2026-09-21,525000,525000,,https://www.redfin.com/NC/Durham/1000-Broad-St-27705/home/43519141,listed,,"seed from 06c Current multi-family listings, ZIP r"
367 middle st|23704,"367 Middle St, Portsmouth, VA 23704",23704,2026-09-09,2026-09-21,625000,625000,,https://www.redfin.com/VA/Portsmouth/367-Middle-St-23704/home/49358008,listed,,"seed from 06c Current multi-family listings, ZIP r"
612 polk st|27604,"612 Polk St, Raleigh, NC 27604",27604,2026-09-09,2026-09-21,750000,750000,,https://www.redfin.com/NC/Raleigh/612-Polk-St-27604/home/41114815,listed,,"seed from 06c Current multi-family listings, ZIP r"
1920 pender ave|28403,"1920 Pender Ave, Wilmington, NC 28403",28403,2026-09-09,2026-09-09,525000,525000,,https://www.redfin.com/NC/Wilmington/1920-Pender-Ave-28403/home/135552255,listed,,"seed from 06c Current multi-family listings, ZIP r"
309311 rocky st|27803,"309-311 Rocky St, Rocky Mount, NC 27803",27803,2026-09-09,2026-09-09,400000,400000,,https://www.redfin.com/NC/Rocky-Mount/309-Rocky-St-27803/home/163109238,listed,,"seed from 06c Current multi-family listings, ZIP r"
3241 rowena ave|27703,"3241 Rowena Ave, Durham, NC 27703",27703,2026-09-09,2026-09-14,564900,564900,,https://www.redfin.com/NC/Durham/3241-Rowena-Ave-27703/home/162841135,gone,2026-09-21,"seed from 06c Current multi-family listings, ZIP r"
320 london st|23704,"320 London St, Portsmouth, VA 23704",23704,2026-09-09,2026-09-21,385000,385000,,https://www.redfin.com/VA/Portsmouth/320-London-St-23704/home/49357802,listed,,"seed from 06c Current multi-family listings, ZIP r"
1510 parker ave|23704,"1510 Parker Ave, Portsmouth, VA 23704",23704,2026-09-09,2026-09-21,459000,459000,,https://www.redfin.com/VA/Portsmouth/1510-Parker-Ave-23704/home/49360660,listed,,"seed from 06c Current multi-family listings, ZIP r"
521 e 25th st|27101,"521 E 25th St, Winston Salem, NC 27101",27101,2026-09-09,2026-09-09,209000,209000,,https://www.redfin.com/NC/Winston-Salem/521-E-25th-St-27105/home/94868936,gone,2026-09-14,"seed from 06c Current multi-family listings, ZIP r"
608 b 14th st|23451,"608 B 14th St, Virginia Beach, VA 23451",23451,2026-09-09,2026-09-09,775000,775000,,https://www.redfin.com/VA/Virginia-Beach/608-14th-St-23451/home/198276988,listed,,"seed from 06c Current multi-family listings, ZIP r"
612 b 14th st|23451,"612 B 14th St, Virginia Beach, VA 23451",23451,2026-09-09,2026-09-09,775000,775000,,https://www.redfin.com/VA/Virginia-Beach/612-14th-St-23451/home/198276987,listed,,"seed from 06c Current multi-family listings, ZIP r"
528 matthews st|27801,"528 Matthews St, Rocky Mount, NC 27801",27801,2026-09-09,2026-09-14,188000,188000,,https://www.redfin.com/NC/Rocky-Mount/528-Matthews-St-27801/home/129793695,gone,2026-09-21,"seed from 06c Current multi-family listings, ZIP r"
206 w todd ln|28208,"206 W Todd Ln Unit A & B, Charlotte, NC 28208",28208,2026-09-09,2026-09-21,614000,609500,,https://www.redfin.com/NC/Charlotte/206-W-Todd-Ln-28208/unit-A-B/home/203283769,listed,,"seed from 06c Current multi-family listings, ZIP r"
2408 oakland blvd nw|24012,"2408 Oakland Blvd NW, Roanoke, VA 24012",24012,2026-09-09,2026-09-21,249500,249500,,https://www.redfin.com/VA/Roanoke/2408-Oakland-Blvd-NW-24012/home/131662887,listed,,"seed from 06c Current multi-family listings, ZIP r"
1007 n king charles rd|27610,"1007 N King Charles Rd Unit 101 102, Raleigh, NC 27610",27610,2026-09-09,2026-09-21,479900,449900,,https://www.redfin.com/NC/Raleigh/1007-N-King-Charles-Rd-27610/unit-101-102/home/201692302,listed,,"seed from 06c Current multi-family listings, ZIP r"
4906 4908 kitty hawk rd|27407,"4906 & 4908 Kitty Hawk Rd, Greensboro, NC 27407",27407,2026-09-09,2026-09-21,275000,275000,,https://www.redfin.com/NC/Greensboro/4906-Kitty-Hawk-Rd-27407/home/94677622,listed,,"seed from 06c Current multi-family listings, ZIP r"
1400 w blvd|28208,"1400 West Blvd, Charlotte, NC 28208",28208,2026-09-09,2026-09-21,999900,999900,,https://www.redfin.com/NC/Charlotte/1400-West-Blvd-28208/home/43953017,listed,,"seed from 06c Current multi-family listings, ZIP r"
1204 w fifth ave|27295,"1204 W Fifth Ave, Lexington, NC 27295",27295,2026-09-09,2026-09-09,299000,299000,,https://www.redfin.com/NC/Lexington/1204-W-5th-Ave-27295/home/95031628,listed,,"seed from 06c Current multi-family listings, ZIP r"
207 89th st|23451,"207 89th St, Virginia Beach, VA 23451",23451,2026-09-09,2026-09-09,1100000,1100000,,https://www.redfin.com/VA/Virginia-Beach/207-89th-St-23451/home/49527898,listed,,"seed from 06c Current multi-family listings, ZIP r"
328330 3rd ave se|28602,"328-330 3rd Ave SE, Hickory, NC 28602",28602,2026-09-09,2026-09-21,385000,385000,,https://www.redfin.com/NC/Hickory/328-3rd-Ave-SE-28602/home/122205215,listed,,"seed from 06c Current multi-family listings, ZIP r"
213219 andy st|28303,"213-219 Andy St, Fayetteville, NC 28303",28303,2026-09-09,2026-09-21,480000,480000,,https://www.redfin.com/NC/Fayetteville/219-Andy-St-28303/home/194106428,listed,,"seed from 06c Current multi-family listings, ZIP r"
514516 s mebane st|27215,"514-516 S Mebane St, Burlington, NC 27215",27215,2026-09-09,2026-09-21,299900,199900,,https://www.redfin.com/NC/Burlington/514-516-S-Mebane-St-27215/home/202161048,listed,,"seed from 06c Current multi-family listings, ZIP r"
1301 dickinson ave|27834,"1301 Dickinson Ave, Greenville, NC 27834",27834,2026-09-09,2026-09-21,449000,449000,,https://www.redfin.com/NC/Greenville/1301-Dickinson-Ave-27834/home/168059545,listed,,"seed from 06c Current multi-family listings, ZIP r"
4632 kilcullen dr|27604,"4632 Kilcullen Dr, Raleigh, NC 27604",27604,2026-09-09,2026-09-21,799950,774950,,https://www.redfin.com/NC/Raleigh/4632-Kilcullen-Dr-27604/home/41146408,listed,,"seed from 06c Current multi-family listings, ZIP r"
30813083 12th ave se|28602,"3081-3083 12th Ave SE #1, Hickory, NC 28602",28602,2026-09-09,2026-09-21,445000,445000,,https://www.redfin.com/NC/Hickory/3081-12th-Ave-SE-28602/unit-1/home/205379864,listed,,"seed from 06c Current multi-family listings, ZIP r"
3408 atlantic ave|27604,"3408 Atlantic Ave, Raleigh, NC 27604",27604,2026-09-09,2026-09-21,510000,510000,,https://www.redfin.com/NC/Raleigh/3408-Atlantic-Ave-27604/home/41084336,listed,,"seed from 06c Current multi-family listings, ZIP r"
4926 galveston dr|28303,"4926 Galveston Dr, Fayetteville, NC 28303",28303,2026-09-09,2026-09-21,1500000,1500000,,https://www.redfin.com/NC/Fayetteville/4926-Galveston-Dr-28303/home/125830992,listed,,"seed from 06c Current multi-family listings, ZIP r"
4408 mcclelland dr|28405,"4408 Mcclelland Dr, Wilmington, NC 28405",28405,2026-09-09,2026-09-09,750000,750000,,https://www.redfin.com/NC/Wilmington/4408-McClelland-Dr-28405/home/135539723,listed,,"seed from 06c Current multi-family listings, ZIP r"
1008 alabama ave|27705,"1008 Alabama Ave, Durham, NC 27705",27705,2026-09-09,2026-09-21,325000,325000,,https://www.redfin.com/NC/Durham/1008-Alabama-Ave-27705/home/43520792,listed,,"seed from 06c Current multi-family listings, ZIP r"
5323 eaton cir|28208,"5323 Eaton Cir, Charlotte, NC 28208",28208,2026-09-09,2026-09-21,550000,550000,,https://www.redfin.com/NC/Charlotte/5323-Eaton-Cir-28208/home/43952006,listed,,"seed from 06c Current multi-family listings, ZIP r"
1103 cypress ave|23451,"1103 Cypress Ave, Virginia Beach, VA 23451",23451,2026-09-09,2026-09-09,989000,989000,,https://www.redfin.com/VA/Virginia-Beach/1103-Cypress-Ave-23451/home/49516638,listed,,"seed from 06c Current multi-family listings, ZIP r"
302304 s miller ave|27530,"302-304 S Miller Ave, Goldsboro, NC 27530",27530,2026-09-09,2026-09-21,499900,499900,,https://www.redfin.com/NC/Goldsboro/304-Miller-Ave-27530/home/64980571,listed,,"seed from 06c Current multi-family listings, ZIP r"
1012 s main st|27215,"1012 S Main St, Burlington, NC 27215",27215,2026-09-09,2026-09-21,639900,639900,,https://www.redfin.com/NC/Burlington/1012-S-Main-St-27215/home/114564179,listed,,"seed from 06c Current multi-family listings, ZIP r"
804 vardaman st|27610,"804 Vardaman St, Raleigh, NC 27610",27610,2026-09-09,2026-09-21,799000,799000,,https://www.redfin.com/NC/Raleigh/804-Vardaman-St-27610/home/41095144,listed,,"seed from 06c Current multi-family listings, ZIP r"
808 vardaman st|27610,"808 Vardaman St, Raleigh, NC 27610",27610,2026-09-09,2026-09-21,799000,799000,,https://www.redfin.com/NC/Raleigh/808-Vardaman-St-27610/home/178221951,listed,,"seed from 06c Current multi-family listings, ZIP r"
2140 w us hwy 64|27295,"2140 W Us Highway 64, Lexington, NC 27295",27295,2026-09-09,2026-09-09,550000,550000,,https://www.redfin.com/NC/Lexington/2140-W-US-Highway-64-27295/home/95049729,listed,,"seed from 06c Current multi-family listings, ZIP r"
3936 stantonsburg rd|27834,"3936 Stantonsburg Rd, Greenville, NC 27834",27834,2026-09-09,2026-09-09,269000,269000,,https://www.redfin.com/NC/Greenville/3936-Stantonsburg-Rd-27834/home/198295489,gone,2026-09-14,"seed from 06c Current multi-family listings, ZIP r"
1357 airport rhodhiss rd|28601,"1357 Airport Rhodhiss Rd Unit 2-6, Hickory, NC 28601",28601,2026-09-09,2026-09-21,550000,550000,,https://www.redfin.com/NC/Hickory/1357-Airport-Rhodhiss-Rd-28601/unit-2-6/home/201661174,listed,,"seed from 06c Current multi-family listings, ZIP r"
23 w old st|23803,"23 W Old St, Petersburg, VA 23803",23803,2026-09-09,2026-09-21,1100000,1100000,,https://www.redfin.com/VA/Petersburg/23-W-Old-St-23803/home/201509280,listed,,"seed from 06c Current multi-family listings, ZIP r"
58015807 aftonshire dr|28304,"5801-5807 Aftonshire Dr, Fayetteville, NC 28304",28304,2026-09-09,2026-09-21,300000,300000,,https://www.redfin.com/NC/Fayetteville/5807-Aftonshire-Dr-28304/home/126074669,listed,,"seed from 06c Current multi-family listings, ZIP r"
624 holbrook ave|24541,"624 Holbrook Ave, Danville, VA 24541",24541,2026-09-09,2026-09-21,399900,399900,,https://www.redfin.com/VA/Danville/624-Holbrook-Ave-24541/home/124283870,listed,,"seed from 06c Current multi-family listings, ZIP r"
1007 green st|23704,"1007 Green St, Portsmouth, VA 23704",23704,2026-09-09,2026-09-21,1500000,1500000,,https://www.redfin.com/VA/Portsmouth/1007-Green-St-23704/home/49358497,listed,,"seed from 06c Current multi-family listings, ZIP r"
4300 presley ct ct|27604,"4300 Presley Ct. Ct Unit A, B, C, D, Raleigh, NC 27604",27604,2026-09-09,2026-09-21,789950,789950,,https://www.redfin.com/NC/Raleigh/4300-Presley-Ct-27604/unit-A/home/191159413,listed,,"seed from 06c Current multi-family listings, ZIP r"
14241430 tangora ln|28304,"1424-1430 Tangora Ln, Fayetteville, NC 28304",28304,2026-09-09,2026-09-09,350000,350000,,https://www.redfin.com/NC/Fayetteville/1430-Tangora-Ln-28304/home/125430150,gone,2026-09-14,"seed from 06c Current multi-family listings, ZIP r"
1325 main st e|22980,"1325 Main St E, Waynesboro, VA 22980",22980,2026-09-09,2026-09-09,1050000,1050000,,https://www.redfin.com/VA/Waynesboro/1325-E-Main-St-22980/home/68481950,listed,,"seed from 06c Current multi-family listings, ZIP r"
4304 presley ct|27604,"4304 Presley Ct, Raleigh, NC 27604",27604,2026-09-09,2026-09-21,775000,775000,,https://www.redfin.com/NC/Raleigh/4304-Presley-Ct-27604/home/41147323,listed,,"seed from 06c Current multi-family listings, ZIP r"
48 gibbons ave|23803,"48 Gibbons Ave, Petersburg, VA 23803",23803,2026-09-09,2026-09-21,1150000,1150000,,https://www.redfin.com/VA/Petersburg/48-Gibbons-Ave-23803/home/52374271,listed,,"seed from 06c Current multi-family listings, ZIP r"
1508 boyer st|27610,"1508 Boyer St, Raleigh, NC 27610",27610,2026-09-09,2026-09-21,1270000,1270000,,https://www.redfin.com/NC/Raleigh/1508-Boyer-St-27610/home/176490528,listed,,"seed from 06c Current multi-family listings, ZIP r"
1510 boyer st|27610,"1510 Boyer St, Raleigh, NC 27610",27610,2026-09-09,2026-09-21,1270000,1270000,,https://www.redfin.com/NC/Raleigh/1510-Boyer-St-27610/home/178221903,listed,,"seed from 06c Current multi-family listings, ZIP r"
6604 atlantic ave|23451,"6604 Atlantic Ave, Virginia Beach, VA 23451",23451,2026-09-09,2026-09-09,850000,850000,,https://www.redfin.com/VA/Virginia-Beach/6604-Atlantic-Ave-23451/home/198942556,listed,,"seed from 06c Current multi-family listings, ZIP r"
14071413 clarendon st|27705,"1407-1413 Clarendon St, Durham, NC 27705",27705,2026-09-09,2026-09-21,1430000,1387000,,https://www.redfin.com/NC/Durham/1413-Clarendon-St-27705/home/43519580,listed,,"seed from 06c Current multi-family listings, ZIP r"
887 ducks lndg|28315,"887 Ducks Lndg, Aberdeen, NC 28315",28315,2026-09-09,2026-09-09,1400000,1400000,,https://www.redfin.com/NC/Aberdeen/887-Ducks-Lndg-28315/home/193139493,listed,,"seed from 06c Current multi-family listings, ZIP r"
2013 cedar fork dr|27407,"2013 Cedar Fork Dr, Greensboro, NC 27407",27407,2026-09-09,2026-09-21,1150000,1150000,,https://www.redfin.com/NC/Greensboro/2013-Cedar-Fork-Dr-27407/home/94633210,listed,,"seed from 06c Current multi-family listings, ZIP r"
115 n flanner st|27215,"115 N Flanner St, Burlington, NC 27215",27215,2026-09-09,2026-09-09,639900,639900,,https://www.redfin.com/NC/Burlington/115-N-Flanner-St-27217/home/176115629,gone,2026-09-14,"seed from 06c Current multi-family listings, ZIP r"
1955 1967 lakeview rd|27203,"1955 1967 Lakeview Rd, Asheboro, NC 27203",27203,2026-09-09,2026-09-21,1520000,1520000,,https://www.redfin.com/NC/Asheboro/1967-Lakeview-Rd-27203/home/196999973,listed,,"seed from 06c Current multi-family listings, ZIP r"
2909 burgess dr|28208,"2909 Burgess Dr, Charlotte, NC 28208",28208,2026-09-09,2026-09-21,2000000,2000000,,https://www.redfin.com/NC/Charlotte/2909-Burgess-Dr-28208/home/43972800,listed,,"seed from 06c Current multi-family listings, ZIP r"
2500 olivet ct|27406,"2500 Olivet Ct, Greensboro, NC 27406",27406,2026-09-09,2026-09-09,1950000,1950000,,https://www.redfin.com/NC/Greensboro/2500-Olivet-Ct-27406/home/70496627,listed,,"seed from 06c Current multi-family listings, ZIP r"
1606 wayne st ne|24012,"1606 Wayne St NE, Roanoke, VA 24012",24012,2026-09-09,2026-09-14,1649655,1649655,,https://www.redfin.com/VA/Roanoke/1606-Wayne-St-NE-24012/home/131475644,gone,2026-09-21,"seed from 06c Current multi-family listings, ZIP r"
1963 1971 1977 lakeview rd|27203,"1963 1971 1977 Lakeview Rd, Asheboro, NC 27203",27203,2026-09-09,2026-09-21,1900000,1900000,,https://www.redfin.com/NC/Asheboro/1963-Lakeview-Rd-27203/home/197009291,listed,,"seed from 06c Current multi-family listings, ZIP r"
315 s gardner ave|28208,"315 S Gardner Ave, Charlotte, NC 28208",28208,2026-09-09,2026-09-09,3000000,3000000,,https://www.redfin.com/NC/Charlotte/315-S-Gardner-Ave-28208/home/44142249,gone,2026-09-14,"seed from 06c Current multi-family listings, ZIP r"
801 whitehead ave ne|27893,"801 Whitehead Ave NE, Wilson, NC 27893",27893,2026-09-09,2026-09-21,525000,525000,,https://www.redfin.com/NC/Wilson/801-Whitehead-Ave-NE-27893/home/65290952,listed,,"seed from 06c Current multi-family listings, ZIP r"
2007 baltic ave|23451,"2007 Baltic Ave, Virginia Beach, VA 23451",23451,2026-09-09,2026-09-09,9950000,9950000,,https://www.redfin.com/VA/Virginia-Beach/2007-Baltic-Ave-23451/home/146453566,listed,,"seed from 06c Current multi-family listings, ZIP r"
2595 waterlick rd|24502,"2595 Waterlick Rd, Lynchburg, VA 24502",24502,2026-09-09,2026-09-21,55000000,55000000,,https://www.redfin.com/VA/Lynchburg/2595-Waterlick-Rd-24502/home/123179527,listed,,"seed from 06c Current multi-family listings, ZIP r"
undisclosed address|27530,"Undisclosed address, Goldsboro, NC 27530",27530,2026-09-09,2026-09-14,229900,229900,,https://www.redfin.com/NC/Goldsboro/Undisclosed-address-27530/home/65006300,gone,2026-09-21,"seed from 06c Current multi-family listings, ZIP r"
317 gilbreath st|27253,"317 Gilbreath St, Graham, NC 27253",27253,2026-09-09,2026-09-09,329900,329900,,https://www.redfin.com/NC/Graham/317-W-Gilbreath-St-27253/home/114921847,listed,,"seed from 06c Current multi-family listings, ZIP r"
17|27360,"17, 19, 21, 23, 29, 31 Hunter St, Thomasville, NC 27360",27360,2026-09-09,2026-09-21,675000,675000,,https://www.redfin.com/NC/Thomasville/17-Hunter-St-27360/home/95004111,listed,,"seed from 06c Current multi-family listings, ZIP r"
undisclosed address|27801,"Undisclosed address, Rocky Mount, NC 27801",27801,2026-09-09,2026-09-21,69900,69900,,https://www.redfin.com/NC/Rocky-Mount/Undisclosed-address-27801/home/129598552,listed,,"seed from 06c Current multi-family listings, ZIP r"
the parker plan|23455,"The Parker Plan, Virginia Beach, VA 23455",23455,2026-09-09,2026-09-09,724900,724900,,https://www.redfin.com/VA/Virginia-Beach/Virginia-Beach/The-Parker/home/202191360,listed,,"seed from 06c Current multi-family listings, ZIP r"
1135ab|27203,"1135A&B, 1141A&B, 1147A&B S Cox St, Asheboro, NC 27203",27203,2026-09-09,2026-09-21,799900,799900,,https://www.redfin.com/NC/Asheboro/1135A-B-1141A-B-1147A-B-S-Cox-St-27203/home/205350798,listed,,"seed from 06c Current multi-family listings, ZIP r"
1955|27203,"1955, 1967 Lakeview Rd, Asheboro, NC 27203",27203,2026-09-09,2026-09-09,1520000,1520000,,https://www.redfin.com/NC/Asheboro/1955-Lakeview-Rd-27203/home/202129546,gone,2026-09-14,"seed from 06c Current multi-family listings, ZIP r"
undisclosed address|27536,"Undisclosed address, Henderson, NC 27536",27536,2026-09-09,2026-09-21,315000,315000,,https://www.redfin.com/NC/Henderson/Undisclosed-address-27536/home/65388264,listed,,"seed from 06c Current multi-family listings, ZIP r"
the lakewood plan|23451,"The Lakewood Plan, Virginia Beach, VA 23451",23451,2026-09-09,2026-09-09,749900,749900,,https://www.redfin.com/VA/Virginia-Beach/Virginia-Beach/The-Lakewood/home/201739106,listed,,"seed from 06c Current multi-family listings, ZIP r"
the alexander plan|23451,"The Alexander Plan, Virginia Beach, VA 23451",23451,2026-09-09,2026-09-09,849900,849900,,https://www.redfin.com/VA/Virginia-Beach/Virginia-Beach/The-Alexander/home/199385104,listed,,"seed from 06c Current multi-family listings, ZIP r"
tbd amy st|24201,"Tbd Amy St, Bristol, VA 24201",24201,2026-09-09,2026-09-09,199999,199999,,https://www.redfin.com/VA/Bristol/Tbd-Amy-St-24201/home/186100881,listed,,"seed from 06c Current multi-family listings, ZIP r"
310 old hertford ln|28390,"310 Old Hertford Ln, Spring Lake, NC 28390",28390,2026-09-09,2026-09-09,330000,330000,,https://www.redfin.com/NC/Spring-Lake/310-Old-Hertford-Ln-28390/home/195136583,listed,,"seed from 06c Current multi-family listings, ZIP r"
1581 rim 822|28314,"1581 Rim / 822, 824 & 824 Rembrandt Rd, Fayetteville, NC 28314",28314,2026-09-09,2026-09-09,295000,295000,,https://www.redfin.com/NC/Fayetteville/1581-Rim-Rd-28314/home/125801236,listed,,"seed from 06c Current multi-family listings, ZIP r"
207 greentree park|22901,"207 Greentree Park, Charlottesville, VA 22901",22901,2026-09-11,2026-09-21,335000,335000,zillow,https://www.zillow.com/homedetails/207-Greentree-Park-Charlottesville-VA-22901/79024581_zpid/,listed,,"seed from 15 Round 4 sweep, 50 ZIPs scored (2026-0"
71 ct pl|22901,"71 Court Pl, Charlottesville, VA 22901",22901,2026-09-11,2026-09-21,380000,380000,zillow,https://www.zillow.com/homedetails/71-Court-Pl-Charlottesville-VA-22901/79021091_zpid/,listed,,"seed from 15 Round 4 sweep, 50 ZIPs scored (2026-0"
4733 amber ridge ct|22901,"4733 Amber Ridge Ct, Charlottesville, VA 22901",22901,2026-09-11,2026-09-21,465000,465000,zillow,https://www.zillow.com/homedetails/4733-Amber-Ridge-Ct-Charlottesville-VA-22901/79017029_zpid/,listed,,"seed from 15 Round 4 sweep, 50 ZIPs scored (2026-0"
3418 carolina ave|23222,"3418 Carolina Ave, Richmond, VA 23222",23222,2026-09-11,2026-09-21,475000,475000,both,https://www.redfin.com/VA/Richmond/3418-Carolina-Ave-23222/home/183527034,listed,,"seed from 15 Round 4 sweep, 50 ZIPs scored (2026-0"
714 chimborazo blvd|23223,"714 Chimborazo Blvd, Richmond, VA 23223",23223,2026-09-11,2026-09-21,460000,440000,redfin,https://www.redfin.com/VA/Richmond/714-Chimborazo-Blvd-23223/home/55412388,listed,,"seed from 15 Round 4 sweep, 50 ZIPs scored (2026-0"
2915 hull st|23224,"2915 Hull St, Richmond, VA 23224",23224,2026-09-11,2026-09-21,349950,349950,both,https://www.redfin.com/VA/Richmond/2915-Hull-St-23224/home/55430670,listed,,"seed from 15 Round 4 sweep, 50 ZIPs scored (2026-0"
502 dale ave se|24013,"502 Dale Ave SE, Roanoke, VA 24013",24013,2026-09-11,2026-09-21,60864,60864,both,https://www.redfin.com/VA/Roanoke/502-Dale-Ave-SE-24013/home/131544550,listed,,"seed from 15 Round 4 sweep, 50 ZIPs scored (2026-0"
915 jamison ave se|24013,"915 Jamison Ave SE, Roanoke, VA 24013",24013,2026-09-11,2026-09-21,70000,70000,both,https://www.redfin.com/VA/Roanoke/915-Jamison-Ave-SE-24013/home/131526997,listed,,"seed from 15 Round 4 sweep, 50 ZIPs scored (2026-0"
707 bullitt ave se|24013,"707 Bullitt Ave SE, Roanoke, VA 24013",24013,2026-09-11,2026-09-21,98000,98000,both,https://www.redfin.com/VA/Roanoke/707-Bullitt-Ave-SE-24013/home/131449908,listed,,"seed from 15 Round 4 sweep, 50 ZIPs scored (2026-0"
336 tazewell ave se|24013,"336 Tazewell Ave SE, Roanoke, VA 24013",24013,2026-09-11,2026-09-21,157565,157565,both,https://www.redfin.com/VA/Roanoke/336-Tazewell-Ave-SE-24013/home/131596585,listed,,"seed from 15 Round 4 sweep, 50 ZIPs scored (2026-0"
1021 penmar ave se|24013,"1021 Penmar Ave SE, Roanoke, VA 24013",24013,2026-09-11,2026-09-21,179000,165000,both,https://www.redfin.com/VA/Roanoke/1021-Penmar-Ave-SE-24013/home/131720657,listed,,"seed from 15 Round 4 sweep, 50 ZIPs scored (2026-0"
515 albemarle ave se|24013,"515 Albemarle Ave SE, Roanoke, VA 24013",24013,2026-09-11,2026-09-21,179950,179950,both,https://www.redfin.com/VA/Roanoke/515-Albemarle-Ave-SE-24013/home/131652593,listed,,"seed from 15 Round 4 sweep, 50 ZIPs scored (2026-0"
809 jamison ave se|24013,"809 Jamison Ave SE, Roanoke, VA 24013",24013,2026-09-11,2026-09-14,204325,204325,both,https://www.redfin.com/VA/Roanoke/809-Jamison-Ave-SE-24013/home/131698948,gone,2026-09-21,"seed from 15 Round 4 sweep, 50 ZIPs scored (2026-0"
1138 montrose ave se|24013,"1138 Montrose Ave SE, Roanoke, VA 24013",24013,2026-09-11,2026-09-21,359000,359000,both,https://www.redfin.com/VA/Roanoke/1138-Montrose-Ave-SE-24013/home/131652777,listed,,"seed from 15 Round 4 sweep, 50 ZIPs scored (2026-0"
1622 patterson ave sw|24016,"1622 Patterson Ave SW, Roanoke, VA 24016",24016,2026-09-11,2026-09-21,149999,149999,zillow,https://www.zillow.com/homedetails/1622-Patterson-Ave-SW-Roanoke-VA-24016/299138968_zpid/,listed,,"seed from 15 Round 4 sweep, 50 ZIPs scored (2026-0"
4 12 12 st sw|24016,"4 12 1/2 St SW, Roanoke, VA 24016",24016,2026-09-11,2026-09-21,158122,158122,both,https://www.redfin.com/VA/Roanoke/4-12-1-2-St-SW-24016/home/131561476,listed,,"seed from 15 Round 4 sweep, 50 ZIPs scored (2026-0"
1918 rorer ave sw|24016,"1918 Rorer Ave SW, Roanoke, VA 24016",24016,2026-09-11,2026-09-14,161000,161000,redfin,https://www.redfin.com/VA/Roanoke/1918-Rorer-Ave-SW-24016/home/131435142,gone,2026-09-21,"seed from 15 Round 4 sweep, 50 ZIPs scored (2026-0"
414 harrison ave nw|24016,"414 Harrison Ave NW, Roanoke, VA 24016",24016,2026-09-11,2026-09-14,169030,169030,redfin,https://www.redfin.com/VA/Roanoke/414-Harrison-Ave-NW-24016/home/131552725,gone,2026-09-21,"seed from 15 Round 4 sweep, 50 ZIPs scored (2026-0"
224 gilmer ave nw|24016,"224 Gilmer Ave NW, Roanoke, VA 24016",24016,2026-09-11,2026-09-14,169030,169030,redfin,https://www.redfin.com/VA/Roanoke/224-Gilmer-Ave-NW-24016/home/131442119,gone,2026-09-21,"seed from 15 Round 4 sweep, 50 ZIPs scored (2026-0"
518 highland ave sw|24016,"518 Highland Ave SW, Roanoke, VA 24016",24016,2026-09-11,2026-09-21,275000,275000,both,https://www.redfin.com/VA/Roanoke/518-Highland-Ave-SW-24016/home/131677290,listed,,"seed from 15 Round 4 sweep, 50 ZIPs scored (2026-0"
350 mountain ave sw|24016,"350 Mountain Ave SW, Roanoke, VA 24016",24016,2026-09-11,2026-09-21,315000,309000,both,https://www.redfin.com/VA/Roanoke/350-Mountain-Ave-SW-24016/home/131491339,listed,,"seed from 15 Round 4 sweep, 50 ZIPs scored (2026-0"
434 allison ave sw|24016,"434 Allison Ave SW, Roanoke, VA 24016",24016,2026-09-11,2026-09-21,324950,324950,both,https://www.redfin.com/VA/Roanoke/434-Allison-Ave-SW-24016/home/131667220,listed,,"seed from 15 Round 4 sweep, 50 ZIPs scored (2026-0"
1602 patterson ave sw|24016,"1602 Patterson Ave SW, Roanoke, VA 24016",24016,2026-09-11,2026-09-14,331338,331338,both,https://www.redfin.com/VA/Roanoke/1602-Patterson-Ave-SW-24016/home/131343694,gone,2026-09-21,"seed from 15 Round 4 sweep, 50 ZIPs scored (2026-0"
1316 chapman ave sw|24016,"1316 Chapman Ave SW, Roanoke, VA 24016",24016,2026-09-11,2026-09-21,379900,379875,both,https://www.redfin.com/VA/Roanoke/1316-Chapman-Ave-SW-24016/home/131383588,listed,,"seed from 15 Round 4 sweep, 50 ZIPs scored (2026-0"
430 day ave sw|24016,"430 Day Ave SW, Roanoke, VA 24016",24016,2026-09-11,2026-09-21,435000,435000,both,https://www.redfin.com/VA/Roanoke/430-Day-Ave-SW-24016/home/131563407,listed,,"seed from 15 Round 4 sweep, 50 ZIPs scored (2026-0"
433 albemarle ave sw|24016,"433 Albemarle Ave SW, Roanoke, VA 24016",24016,2026-09-11,2026-09-21,469000,469000,redfin,https://www.redfin.com/VA/Roanoke/433-Albemarle-Ave-SW-24016/home/131563486,listed,,"seed from 15 Round 4 sweep, 50 ZIPs scored (2026-0"
917 1st st sw|24016,"917 1st St SW, Roanoke, VA 24016",24016,2026-09-11,2026-09-21,487933,487933,redfin,https://www.redfin.com/VA/Roanoke/917-1st-St-SW-24016/home/131676657,listed,,"seed from 15 Round 4 sweep, 50 ZIPs scored (2026-0"
1114 lafayette blvd nw|24017,"1114 Lafayette Blvd NW, Roanoke, VA 24017",24017,2026-09-11,2026-09-21,172450,172450,both,https://www.redfin.com/VA/Roanoke/1114-Lafayette-Blvd-NW-24017/home/131345629,listed,,"seed from 15 Round 4 sweep, 50 ZIPs scored (2026-0"
2414 delaware ave nw|24017,"2414 Delaware Ave NW, Roanoke, VA 24017",24017,2026-09-11,2026-09-14,193200,193200,both,https://www.redfin.com/VA/Roanoke/2414-Delaware-Ave-NW-24017/home/131643524,gone,2026-09-21,"seed from 15 Round 4 sweep, 50 ZIPs scored (2026-0"
821 westside blvd nw|24017,"821 Westside Blvd NW, Roanoke, VA 24017",24017,2026-09-11,2026-09-21,209000,209000,zillow,https://www.zillow.com/homedetails/821-Westside-Blvd-NW-Roanoke-VA-24017/299140522_zpid/,listed,,"seed from 15 Round 4 sweep, 50 ZIPs scored (2026-0"
640644 36th st nw|24017,"640-644 36th St NW, Roanoke, VA 24017",24017,2026-09-11,2026-09-21,221461,221461,both,https://www.redfin.com/VA/Roanoke/640-36th-St-NW-24017/home/131572301,listed,,"seed from 15 Round 4 sweep, 50 ZIPs scored (2026-0"
829 westside blvd nw|24017,"829 Westside Blvd NW, Roanoke, VA 24017",24017,2026-09-11,2026-09-14,375516,375516,both,https://www.redfin.com/VA/Roanoke/829-Westside-Blvd-NW-24017/home/131368966,gone,2026-09-21,"seed from 15 Round 4 sweep, 50 ZIPs scored (2026-0"
1628 old salisbury rd|27127,"1628 Old Salisbury Rd, Winston Salem, NC 27127",27127,2026-09-11,2026-09-21,350000,350000,zillow,https://www.zillow.com/homedetails/1628-Old-Salisbury-Rd-Winston-Salem-NC-27127/5769187_zpid/,listed,,"seed from 15 Round 4 sweep, 50 ZIPs scored (2026-0"
3348 cider hill ct|27127,"3348 Cider Hill Ct, Winston Salem, NC 27127",27127,2026-09-11,2026-09-21,359900,359900,both,https://www.redfin.com/NC/Winston-Salem/3348-Cider-Hill-Ct-27127/home/201425808,listed,,"seed from 15 Round 4 sweep, 50 ZIPs scored (2026-0"
3341 cider hill ct|27127,"3341 Cider Hill Ct, Winston Salem, NC 27127",27127,2026-09-11,2026-09-21,359900,359900,both,https://www.redfin.com/NC/Winston-Salem/3341-Cider-Hill-Ct-27127/home/201662269,listed,,"seed from 15 Round 4 sweep, 50 ZIPs scored (2026-0"
3336 cider hill ct|27127,"3336 Cider Hill Ct, Winston Salem, NC 27127",27127,2026-09-11,2026-09-21,364900,364900,both,https://www.redfin.com/NC/Winston-Salem/3336-Cider-Hill-Ct-27127/home/201663078,listed,,"seed from 15 Round 4 sweep, 50 ZIPs scored (2026-0"
503 granville st|27565,"503 Granville St, Oxford, NC 27565",27565,2026-09-11,2026-09-11,235000,235000,both,https://www.redfin.com/NC/Oxford/503-Granville-St-27565/home/40970060,listed,,"seed from 15 Round 4 sweep, 50 ZIPs scored (2026-0"
8029 perry creek rd|27616,"8029 Perry Creek Rd, Raleigh, NC 27616",27616,2026-09-11,2026-09-11,245000,245000,redfin,https://www.redfin.com/NC/Raleigh/8029-Perry-Creek-Rd-27616/home/41230447,listed,,"seed from 15 Round 4 sweep, 50 ZIPs scored (2026-0"
4604 lavista ct|27616,"4604 Lavista Ct, Raleigh, NC 27616",27616,2026-09-11,2026-09-11,519500,519500,both,https://www.redfin.com/NC/Raleigh/4604-Lavista-Ct-27616/home/41139155,listed,,"seed from 15 Round 4 sweep, 50 ZIPs scored (2026-0"
1312 e 14th st st|27858,"1312 E 14th St St Unit A & B, Greenville, NC 27858",27858,2026-09-11,2026-09-11,219500,219500,redfin,https://www.redfin.com/NC/Greenville/1312-E-14th-St-27858/unit-A-B/home/204477907,listed,,"seed from 15 Round 4 sweep, 50 ZIPs scored (2026-0"
1607 st andrew st|27886,"1607 St Andrew St, Tarboro, NC 27886",27886,2026-09-11,2026-09-11,459900,459900,both,https://www.redfin.com/NC/Tarboro/1607-Saint-Andrew-St-27886/home/129808466,listed,,"seed from 15 Round 4 sweep, 50 ZIPs scored (2026-0"
1011 w main st|27892,"1011 W Main St, Williamston, NC 27892",27892,2026-09-11,2026-09-11,220000,220000,both,https://www.redfin.com/NC/Williamston/1011-W-Main-St-27892/home/65479889,listed,,"seed from 15 Round 4 sweep, 50 ZIPs scored (2026-0"
408 n catherine st|27910,"408 N Catherine St, Ahoskie, NC 27910",27910,2026-09-11,2026-09-11,110000,110000,both,https://www.redfin.com/NC/Ahoskie/408-S-Catherine-St-27910/home/201232361,listed,,"seed from 15 Round 4 sweep, 50 ZIPs scored (2026-0"
305 e richard st|27910,"305 E Richard St, Ahoskie, NC 27910",27910,2026-09-11,2026-09-11,225000,225000,both,https://www.redfin.com/NC/Ahoskie/305-E-Richard-St-27910/home/202206890,listed,,"seed from 15 Round 4 sweep, 50 ZIPs scored (2026-0"
1501 madison st|28052,"1501 Madison St, Gastonia, NC 28052",28052,2026-09-11,2026-09-21,260000,260000,both,https://www.redfin.com/NC/Gastonia/1501-Madison-St-28052/home/40994231,listed,,"seed from 15 Round 4 sweep, 50 ZIPs scored (2026-0"
930 s miller st|28052,"930 S Miller St, Gastonia, NC 28052",28052,2026-09-11,2026-09-21,299000,299000,both,https://www.redfin.com/NC/Gastonia/930-Miller-St-28052/home/40993013,listed,,"seed from 15 Round 4 sweep, 50 ZIPs scored (2026-0"
1311 jenkins rd|28052,"1311 Jenkins Rd, Gastonia, NC 28052",28052,2026-09-11,2026-09-21,399000,399000,both,https://www.redfin.com/NC/Gastonia/1311-Jenkins-Rd-28052/home/41005702,listed,,"seed from 15 Round 4 sweep, 50 ZIPs scored (2026-0"
912 rankin ave|28052,"912 Rankin Ave, Gastonia, NC 28052",28052,2026-09-11,2026-09-21,425000,425000,both,https://www.redfin.com/NC/Gastonia/912-Rankin-Ave-28052/home/40989019,listed,,"seed from 15 Round 4 sweep, 50 ZIPs scored (2026-0"
907 w 5th ave|28052,"907 W 5th Ave, Gastonia, NC 28052",28052,2026-09-11,2026-09-21,525000,525000,both,https://www.redfin.com/NC/Gastonia/907-W-5th-Ave-28052/home/40993184,listed,,"seed from 15 Round 4 sweep, 50 ZIPs scored (2026-0"
624 brevard st|28086,"624 Brevard St, Kings Mountain, NC 28086",28086,2026-09-11,2026-09-11,367500,367500,both,https://www.redfin.com/NC/Kings-Mountain/624-Brevard-St-28086/home/41014971,listed,,"seed from 15 Round 4 sweep, 50 ZIPs scored (2026-0"
301 n fulton st|28144,"301 N Fulton St, Salisbury, NC 28144",28144,2026-09-11,2026-09-21,490000,490000,zillow,https://www.zillow.com/homedetails/301-N-Fulton-St-Salisbury-NC-28144/126401782_zpid/,listed,,"seed from 15 Round 4 sweep, 50 ZIPs scored (2026-0"
126 sunset dr|28147,"126 Sunset Dr, Salisbury, NC 28147",28147,2026-09-11,2026-09-11,499900,499900,both,https://www.redfin.com/NC/Salisbury/126-Sunset-Dr-28147/home/44226056,listed,,"seed from 15 Round 4 sweep, 50 ZIPs scored (2026-0"
509 e grover st|28150,"509 E Grover St, Shelby, NC 28150",28150,2026-09-11,2026-09-11,440000,440000,both,https://www.redfin.com/NC/Shelby/509-E-Grover-St-28150/home/162896495,listed,,"seed from 15 Round 4 sweep, 50 ZIPs scored (2026-0"
1812 catherine simmons ave|28216,"1812 Catherine Simmons Ave Unit 1 & 2, Charlotte, NC 28216",28216,2026-09-11,2026-09-21,300000,300000,both,https://www.redfin.com/NC/Charlotte/1812-Catherine-Simmons-Ave-28216/unit-1/home/191054028,listed,,"seed from 15 Round 4 sweep, 50 ZIPs scored (2026-0"
2021 lasalle st|28216,"2021 Lasalle St, Charlotte, NC 28216",28216,2026-09-11,2026-09-21,360000,360000,both,https://www.redfin.com/NC/Charlotte/2021-Lasalle-St-28216/home/43917061,listed,,"seed from 15 Round 4 sweep, 50 ZIPs scored (2026-0"
741745 tamarack dr|28311,"741-745 Tamarack Dr, Fayetteville, NC 28311",28311,2026-09-11,2026-09-11,205000,205000,zillow,https://www.zillow.com/homedetails/741-745-Tamarack-Dr-Fayetteville-NC-28311/2075846722_zpid/,listed,,"seed from 15 Round 4 sweep, 50 ZIPs scored (2026-0"
5552 river rd|28348,"5552 River Rd, Hope Mills, NC 28348",28348,2026-09-11,2026-09-11,269999,269999,both,https://www.redfin.com/NC/Hope-Mills/5552-River-Rd-28348/home/126263353,listed,,"seed from 15 Round 4 sweep, 50 ZIPs scored (2026-0"
210 shipman rd bldg i|28532,"210 Shipman Rd Bldg I, Havelock, NC 28532",28532,2026-09-11,2026-09-21,525000,525000,both,https://www.redfin.com/NC/Havelock/210-Shipman-Rd-28532/unit-I/home/187237478,listed,,"seed from 15 Round 4 sweep, 50 ZIPs scored (2026-0"
210 shipman rd bldg e|28532,"210 Shipman Rd Bldg E, Havelock, NC 28532",28532,2026-09-11,2026-09-21,525000,525000,redfin,https://www.redfin.com/NC/Havelock/210-Shipman-Rd-28532/unit-E/home/205390044,listed,,"seed from 15 Round 4 sweep, 50 ZIPs scored (2026-0"
1317 1319 main st nw|28645,"1317 &1319 Main St NW, Lenoir, NC 28645",28645,2026-09-11,2026-09-21,294500,294500,both,https://www.redfin.com/NC/Lenoir/1317-Main-St-NW-28645/home/119784710,listed,,"seed from 15 Round 4 sweep, 50 ZIPs scored (2026-0"
1101 college ave sw|28645,"1101 College Ave SW, Lenoir, NC 28645",28645,2026-09-11,2026-09-21,320000,320000,both,https://www.redfin.com/NC/Lenoir/1101-College-Ave-SW-28645/home/119952341,listed,,"seed from 15 Round 4 sweep, 50 ZIPs scored (2026-0"
808 harrisburg dr sw|28645,"808 Harrisburg Dr SW, Lenoir, NC 28645",28645,2026-09-11,2026-09-21,385000,385000,both,https://www.redfin.com/NC/Lenoir/808-Harrisburg-Dr-SW-28645/home/119524990,listed,,"seed from 15 Round 4 sweep, 50 ZIPs scored (2026-0"
723 hunt st|28677,"723 Hunt St, Statesville, NC 28677",28677,2026-09-11,2026-09-21,219000,219000,both,https://www.redfin.com/NC/Statesville/723-Hunt-St-28677/home/204590148,listed,,"seed from 15 Round 4 sweep, 50 ZIPs scored (2026-0"
719 hunt st|28677,"719 Hunt St, Statesville, NC 28677",28677,2026-09-11,2026-09-21,219000,219000,both,https://www.redfin.com/NC/Statesville/719-Hunt-St-28677/home/179482503,listed,,"seed from 15 Round 4 sweep, 50 ZIPs scored (2026-0"
715 hunt st|28677,"715 Hunt St, Statesville, NC 28677",28677,2026-09-11,2026-09-21,219000,219000,both,https://www.redfin.com/NC/Statesville/715-Hunt-St-28677/home/44347233,listed,,"seed from 15 Round 4 sweep, 50 ZIPs scored (2026-0"
537 539 broadway ct|28677,"537 & 539 Broadway Ct, Statesville, NC 28677",28677,2026-09-11,2026-09-21,259900,259900,both,https://www.redfin.com/NC/Statesville/537-Broadway-Ct-28677/home/198735791,listed,,"seed from 15 Round 4 sweep, 50 ZIPs scored (2026-0"
811 832 chevelle dr|28677,"811 & 832 Chevelle Dr, Statesville, NC 28677",28677,2026-09-11,2026-09-21,440000,440000,zillow,https://www.zillow.com/homedetails/811-832-Chevelle-Dr-Statesville-NC-28677/464666946_zpid/,listed,,"seed from 15 Round 4 sweep, 50 ZIPs scored (2026-0"
100 normandy dr|28655,"100 Normandy Dr, Morganton, NC 28655",28655,2026-09-11,2026-09-21,299000,299000,both,https://www.redfin.com/NC/Morganton/100-Normandy-Dr-28655/home/119131850,listed,,"seed from 15 Round 4 sweep, 50 ZIPs scored (2026-0"
112 harmon st|22903,"112 Harmon St, Charlottesville, VA 22903",22903,2026-09-11,2026-09-21,619000,619000,both,https://www.redfin.com/VA/Charlottesville/112-Harmon-St-22903/home/123914303,listed,,seed from round10_listings.csv
1210 cherry ave|22903,"1210 Cherry Ave #2, Charlottesville, VA 22903",22903,2026-09-11,2026-09-21,499000,499000,both,https://www.redfin.com/VA/Charlottesville/1210-Cherry-Ave-22903/unit-2/home/202145863,listed,,seed from round10_listings.csv
2303 fontaine ave|22903,"2303 Fontaine Ave, Charlottesville, VA 22903",22903,2026-09-11,2026-09-21,1550000,1550000,both,https://www.redfin.com/VA/Charlottesville/2303-Fontaine-Ave-22903/home/123750521,listed,,seed from round10_listings.csv
2525 woodland dr|22903,"2525 Woodland Dr Unit A&B, Charlottesville, VA 22903",22903,2026-09-11,2026-09-21,700000,700000,both,https://www.redfin.com/VA/Charlottesville/2525-Woodland-Dr-22903/unit-A-B/home/205216538,listed,,seed from round10_listings.csv
301 7th st sw|22903,"301 7th St SW, Charlottesville, VA 22903",22903,2026-09-11,2026-09-21,3500000,3500000,both,https://www.redfin.com/VA/Charlottesville/301-SW-7th-ST-22903/home/190543366,listed,,seed from round10_listings.csv
326 10th st nw|22903,"326 10th St NW #2, Charlottesville, VA 22903",22903,2026-09-11,2026-09-21,889000,889000,both,https://www.redfin.com/VA/Charlottesville/326-10th-St-NW-22903/unit-2/home/202091814,listed,,seed from round10_listings.csv
562 cleveland ave|22903,"562 Cleveland Ave, Charlottesville, VA 22903",22903,2026-09-11,2026-09-21,335000,335000,zillow,https://www.zillow.com/homedetails/562-Cleveland-Ave-Charlottesville-VA-22903/94169242_zpid/,listed,,seed from round10_listings.csv
930 rock creek rd|22903,"930 Rock Creek Rd, Charlottesville, VA 22903",22903,2026-09-11,2026-09-21,295000,295000,zillow,https://www.zillow.com/homedetails/930-Rock-Creek-Rd-Charlottesville-VA-22903/79074896_zpid/,listed,,seed from round10_listings.csv
homes available soon plan|22903,"Homes Available Soon Plan, Charlottesville, VA 22903",22903,2026-09-11,2026-09-21,,,redfin,https://www.redfin.com/VA/Charlottesville/Charlottesville/Homes-Available-Soon/home/199977061,listed,,seed from round10_listings.csv
homes available soon plan|22932,"Homes Available Soon Plan, Crozet, VA 22932",22932,2026-09-11,2026-09-11,,,redfin,https://www.redfin.com/VA/Crozet/Crozet/Homes-Available-Soon/home/205499708,listed,,seed from round10_listings.csv
1120 downey st|24141,"1120 Downey St, Radford, VA 24141",24141,2026-09-11,2026-09-21,449900,449900,both,https://www.redfin.com/VA/Radford/1120-Downey-St-24141/home/68289611,listed,,seed from round10_listings.csv
12011217 fairfax st|24141,"1201-1217 Fairfax St, Radford, VA 24141",24141,2026-09-11,2026-09-21,1600000,1600000,both,https://www.redfin.com/VA/Radford/1217-Fairfax-St-24141/home/68289562,listed,,seed from round10_listings.csv
6765 lee hwy|24141,"6765 Lee Hwy, Radford, VA 24141",24141,2026-09-11,2026-09-21,569750,569750,zillow,https://www.zillow.com/homedetails/6765-Lee-Hwy-Radford-VA-24141/124576143_zpid/,listed,,seed from round10_listings.csv
6765 lee|24141,"6765 Lee, Fairlawn, VA 24141",24141,2026-09-11,2026-09-21,569750,569750,redfin,https://www.redfin.com/VA/Fairlawn/6765-Lee-Hwy-24141/home/101549816,listed,,seed from round10_listings.csv
7074 hickman cemetery rd|24141,"7074 Hickman Cemetery Rd, Fairlawn, VA 24141",24141,2026-09-11,2026-09-21,345000,345000,both,https://www.redfin.com/VA/Fairlawn/7074-Hickman-Cemetery-Rd-24141/home/101539696,listed,,seed from round10_listings.csv
901 8th st|24141,"901 8th St, Radford, VA 24141",24141,2026-09-11,2026-09-21,625000,625000,zillow,https://www.zillow.com/homedetails/901-8th-St-Radford-VA-24141/108127850_zpid/,listed,,seed from round10_listings.csv
901 eighth st|24141,"901 Eighth St, Radford, VA 24141",24141,2026-09-11,2026-09-21,625000,625000,redfin,https://www.redfin.com/VA/Radford/901-8th-St-24141/home/68289424,listed,,seed from round10_listings.csv
5 meriwether cir|24477,"5 Meriwether Cir, Stuarts Draft, VA 24477",24477,2026-09-11,2026-09-11,410000,410000,zillow,https://www.zillow.com/homedetails/5-Meriwether-Cir-Stuarts-Draft-VA-24477/461712652_zpid/,listed,,seed from round10_listings.csv
201 s main st|24557,"201 S Main St, Gretna, VA 24557",24557,2026-09-11,2026-09-11,399900,399900,both,https://www.redfin.com/VA/Gretna/201-S-Main-St-24557/home/198863667,listed,,seed from round10_listings.csv
meadow cir|24630,"Meadow Cir, North Tazewell, VA 24630",24630,2026-09-11,2026-09-11,399900,399900,zillow,https://www.zillow.com/homedetails/Meadow-Cir-North-Tazewell-VA-24630/2073212428_zpid/,listed,,seed from round10_listings.csv
tbd meadow cir|24630,"TBD Meadow Cir, North Tazewell, VA 24630",24630,2026-09-11,2026-09-11,399900,399900,redfin,https://www.redfin.com/VA/North-Tazewell/Tbd-Meadow-Cir-24630/home/183495300,listed,,seed from round10_listings.csv
59 n sussex dr|27577,"59 N Sussex Dr, Smithfield, NC 27577",27577,2026-09-11,2026-09-11,129900,129900,redfin,https://www.redfin.com/NC/Smithfield/59-N-Sussex-Dr-27577/home/43728393,listed,,seed from round10_listings.csv
206 s 4th st|27864,"206 S 4th St, Pinetops, NC 27864",27864,2026-09-11,2026-09-11,89000,89000,both,https://www.redfin.com/NC/Pinetops/206-N-4th-St-27864/home/129650757,listed,,seed from round10_listings.csv
610 612 s 2nd st|27864,"610 /612 S 2nd St, Pinetops, NC 27864",27864,2026-09-11,2026-09-11,113900,113900,both,https://www.redfin.com/NC/Pinetops/610-612-S-2nd-St-27864/home/203129412,listed,,seed from round10_listings.csv
1920 johnstown rd|28033,"1920 Johnstown Rd, Crouse, NC 28033",28033,2026-09-11,2026-09-11,3938400,3938400,redfin,https://www.redfin.com/NC/Crouse/1920-Johnstown-Rd-28033/home/44480306,listed,,seed from round10_listings.csv
133 hugh caldwell rd|28214,"133 Hugh Caldwell Rd, Charlotte, NC 28214",28214,2026-09-11,2026-09-11,305000,305000,both,https://www.redfin.com/NC/Charlotte/133-Hugh-Caldwell-Rd-28214/home/43886182,listed,,seed from round10_listings.csv
60166020 paw creek rd|28214,"6016/6020 Paw Creek Rd, Charlotte, NC 28214",28214,2026-09-11,2026-09-11,649900,649900,both,https://www.redfin.com/NC/Charlotte/6016-Paw-Creek-Rd-28214/home/200891652,listed,,seed from round10_listings.csv
104 n 17th st|28339,"104 N 17th St, Erwin, NC 28339",28339,2026-09-11,2026-09-11,75000,75000,both,https://www.redfin.com/NC/Erwin/104-N-17th-St-28339/home/130334195,listed,,seed from round10_listings.csv
100 suter st|22802,"100 Suter St, Harrisonburg, VA 22802",22802,2026-09-11,2026-09-11,320000,320000,zillow,https://www.zillow.com/homedetails/100-Suter-St-Harrisonburg-VA-22802/441820214_zpid/,listed,,seed from round11_listings.csv
760 collicello st|22802,"760 Collicello St, Harrisonburg, VA 22802",22802,2026-09-11,2026-09-11,419000,419000,zillow,https://www.zillow.com/homedetails/760-Collicello-St-Harrisonburg-VA-22802/85868296_zpid/,listed,,seed from round11_listings.csv
289 hilton rd|24251,"289 Hilton Rd, Gate City, VA 24251",24251,2026-09-11,2026-09-11,315700,315700,zillow,https://www.zillow.com/homedetails/289-Hilton-Rd-Gate-City-VA-24251/79273395_zpid/,listed,,seed from round11_listings.csv
2341 pocket rd|24563,"2341 Pocket Rd, Hurt, VA 24563",24563,2026-09-11,2026-09-11,719000,719000,both,https://www.redfin.com/VA/Hurt/2341-Pocket-Rd-24563/home/101519958,listed,,seed from round11_listings.csv
4394|27050,"4394, 4396, 4398 Spainhour Mill Rd, Tobaccoville, NC 27050",27050,2026-09-11,2026-09-11,299999,299999,redfin,https://www.redfin.com/NC/Tobaccoville/4394-Spainhour-Mill-Rd-27050/home/94858597,listed,,seed from round11_listings.csv
43944396 4398 spainhour mill rd|27050,"4394-4396 4398 Spainhour Mill Rd, Tobaccoville, NC 27050",27050,2026-09-11,2026-09-11,299999,299999,zillow,https://www.zillow.com/homedetails/4394-4396-4398-Spainhour-Mill-Rd-Tobaccoville-NC-27050/464151453_zpid/,listed,,seed from round11_listings.csv
300 taylor rd|28164,"300 Taylor Rd, Stanley, NC 28164",28164,2026-09-11,2026-09-11,698500,698500,both,https://www.redfin.com/NC/Stanley/300-Taylor-Rd-28164/home/41017825,listed,,seed from round11_listings.csv
2112 providence rd|23236,"2112 Providence Rd, Richmond, VA 23236",23236,2026-09-11,2026-09-11,420000,420000,zillow,https://www.zillow.com/homedetails/2112-Providence-Rd-Richmond-VA-23236/2066260280_zpid/,listed,,seed from round12_listings.csv
45 castle ct|24435,"45 Castle Ct, Fairfield, VA 24435",24435,2026-09-11,2026-09-11,749000,749000,redfin,https://www.redfin.com/VA/Fairfield/45-NE-Castle-CT-24435/home/193850432,listed,,seed from round12_listings.csv
45 ne castle ct|24435,"45 NE Castle Ct, Fairfield, VA 24435",24435,2026-09-11,2026-09-11,749000,749000,zillow,https://www.zillow.com/homedetails/45-NE-Castle-Ct-Fairfield-VA-24435/443236589_zpid/,listed,,seed from round12_listings.csv
2638 sunnymeade rd|24588,"2638 Sunnymeade Rd Unit A&B, Rustburg, VA 24588",24588,2026-09-11,2026-09-11,494900,494900,both,https://www.redfin.com/VA/Rustburg/2638-Sunnymeade-Rd-24588/unit-A-B/home/192059026,listed,,seed from round12_listings.csv
152 palmers aly|27305,"152 Palmers Aly, Milton, NC 27305",27305,2026-09-11,2026-09-11,372500,372500,both,https://www.redfin.com/NC/Milton/152-Palmers-Aly-27305/home/64914523,listed,,seed from round12_listings.csv
2829 seclusion ct|27612,"2829 Seclusion Ct, Raleigh, NC 27612",27612,2026-09-11,2026-09-11,899900,899900,both,https://www.redfin.com/NC/Raleigh/2829-Seclusion-Ct-27612/home/41344249,listed,,seed from round12_listings.csv
409 e nelson st|27871,"409 E Nelson St, Robersonville, NC 27871",27871,2026-09-11,2026-09-11,150000,150000,redfin,https://www.redfin.com/NC/Robersonville/409-E-Nelson-St-27871/home/65485820,listed,,seed from round12_listings.csv
723 725 n market st|27889,"723 & 725 N Market Street, Washington, NC 27889",27889,2026-09-11,2026-09-11,399000,399000,zillow,https://www.zillow.com/homedetails/723725-723-Market-Street-Est-725-N-Washington-NC-27889/461993399_zpid/,listed,,seed from round12_listings.csv
101103 baldwin ave|28159,"101/103 Baldwin Ave, Spencer, NC 28159",28159,2026-09-11,2026-09-11,450000,450000,both,https://www.redfin.com/NC/Spencer/101-103-S-Baldwin-Ave-28159/home/203209517,listed,,seed from round12_listings.csv
3309 clarence towery cir|28637,"3309 Clarence Towery Cir, Hildebran, NC 28637",28637,2026-09-11,2026-09-11,899999,899999,redfin,https://www.redfin.com/NC/Hildebran/3309-Clarence-Towery-Cir-28637/home/179482265,listed,,seed from round12_listings.csv
325 ellas ln|28669,"325 Ellas Ln, Roaring River, NC 28669",28669,2026-09-11,2026-09-11,599000,599000,both,https://www.redfin.com/NC/Roaring-River/325-Ellas-Ln-28669/home/65063951,listed,,seed from round12_listings.csv
2784 rutlege rd|22801,"2784 Rutlege Rd #188, Rockingham, VA 22801",22801,2026-09-12,2026-09-21,579000,579000,zillow,https://www.zillow.com/homedetails/2784-Rutlege-Rd-188-Rockingham-VA-22801/458845833_zpid/,listed,,seed from round13_listings.csv
2788 rutlege rd|22801,"2788 Rutlege Rd #189, Rockingham, VA 22801",22801,2026-09-12,2026-09-21,579900,579900,zillow,https://www.zillow.com/homedetails/2788-Rutlege-Rd-189-Rockingham-VA-22801/462291095_zpid/,listed,,seed from round13_listings.csv
2790 rutlege rd|22801,"2790 Rutlege Rd #187, Rockingham, VA 22801",22801,2026-09-12,2026-09-21,579900,579900,zillow,https://www.zillow.com/homedetails/2790-Rutlege-Rd-187-Rockingham-VA-22801/462291170_zpid/,listed,,seed from round13_listings.csv
2858 prairie ln|22801,"2858 Prairie Ln, Harrisonburg, VA 22801",22801,2026-09-12,2026-09-21,289900,289900,zillow,https://www.zillow.com/homedetails/2858-Prairie-Ln-Harrisonburg-VA-22801/228455960_zpid/,listed,,seed from round13_listings.csv
3054 obsidian ter|22801,"3054 Obsidian Ter, Rockingham, VA 22801",22801,2026-09-12,2026-09-21,399999,399999,zillow,https://www.zillow.com/homedetails/3054-Obsidian-Ter-Rockingham-VA-22801/459278150_zpid/,listed,,seed from round13_listings.csv
3395 mannheim ct|22801,"3395 Mannheim Ct, Harrisonburg, VA 22801",22801,2026-09-12,2026-09-21,499500,499500,zillow,https://www.zillow.com/homedetails/3395-Mannheim-Ct-Harrisonburg-VA-22801/108050069_zpid/,listed,,seed from round13_listings.csv
426 hickory grove cir|22801,"426 Hickory Grove Cir, Harrisonburg, VA 22801",22801,2026-09-12,2026-09-21,355000,355000,zillow,https://www.zillow.com/homedetails/426-Hickory-Grove-Cir-Harrisonburg-VA-22801/94178841_zpid/,listed,,seed from round13_listings.csv
600 620 norwood st|22801,"600 & 620 Norwood St, Harrisonburg, VA 22801",22801,2026-09-12,2026-09-21,1574800,1300000,both,https://www.redfin.com/VA/Harrisonburg/600-Norwood-St-22801/home/68255923,listed,,seed from round13_listings.csv
91 dutch mill ct|22801,"91 Dutch Mill Ct, Harrisonburg, VA 22801",22801,2026-09-12,2026-09-21,1749900,1749900,both,https://www.redfin.com/VA/Harrisonburg/91-Dutch-Mill-Ct-22801/home/68249798,listed,,seed from round13_listings.csv
ridgedale plan|22801,"Ridgedale Plan, Harrisonburg, VA 22801",22801,2026-09-12,2026-09-21,489900,489900,redfin,https://www.redfin.com/VA/Harrisonburg/Harrisonburg/Ridgedale/home/203245787,listed,,seed from round13_listings.csv
700 rocky top dr|22840,"700 Rocky Top Dr #170, McGaheysville, VA 22840",22840,2026-09-12,2026-09-21,516000,516000,zillow,https://www.zillow.com/homedetails/700-Rocky-Top-Dr-170-McGaheysville-VA-22840/463579652_zpid/,listed,,seed from round13_listings.csv
710 rocky top dr lot 171|22840,"710 Rocky Top Dr Lot 171, McGaheysville, VA 22840",22840,2026-09-12,2026-09-21,565000,565000,zillow,https://www.zillow.com/homedetails/710-Rocky-Top-Dr-LOT-171-McGaheysville-VA-22840/462463344_zpid/,listed,,seed from round13_listings.csv
735 rocky top dr|22840,"735 Rocky Top Dr #227, McGaheysville, VA 22840",22840,2026-09-12,2026-09-21,488000,488000,zillow,https://www.zillow.com/homedetails/735-Rocky-Top-Dr-227-McGaheysville-VA-22840/463996424_zpid/,listed,,seed from round13_listings.csv
805 coltsfoot ln|22840,"805 Coltsfoot Ln, McGaheysville, VA 22840",22840,2026-09-12,2026-09-21,415000,415000,zillow,https://www.zillow.com/homedetails/805-Coltsfoot-Ln-McGaheysville-VA-22840/313207940_zpid/,listed,,seed from round13_listings.csv
harrison plan|22840,"Harrison Plan, Mcgaheysville, VA 22840",22840,2026-09-12,2026-09-21,484900,484900,redfin,https://www.redfin.com/VA/McGaheysville/McGaheysville/Harrison/home/201671258,listed,,seed from round13_listings.csv
132 buffalo rd|23927,"132 Buffalo Rd, Clarksville, VA 23927",23927,2026-09-12,2026-09-12,230000,230000,zillow,https://www.zillow.com/homedetails/132-Buffalo-Rd-Clarksville-VA-23927/107948011_zpid/,listed,,seed from round13_listings.csv
148158 vaughns mill rd nw|24105,"148/158 Vaughns Mill Rd NW, Indian Valley, VA 24105",24105,2026-09-12,2026-09-12,699900,699900,zillow,https://www.zillow.com/homedetails/148-158-Vaughns-Mill-Rd-NW-Indian-Valley-VA-24105/463561534_zpid/,listed,,seed from round13_listings.csv
156 saturn dr|24243,"156 Saturn Dr, Dryden, VA 24243",24243,2026-09-12,2026-09-12,85000,85000,both,https://www.redfin.com/VA/Dryden/156-Saturn-Dr-24243/home/199756256,listed,,seed from round13_listings.csv
15|24437,"15, 17, 25, 37 Hayfield Ln, Fort Defiance, VA 24437",24437,2026-09-12,2026-09-12,1430000,1430000,redfin,https://www.redfin.com/VA/Fort-Defiance/15-Hayfield-Ln-24437/home/200281732,listed,,seed from round13_listings.csv
1517 hayfield ln|24437,"15-17 Hayfield Ln #25, Fort Defiance, VA 24437",24437,2026-09-12,2026-09-12,1430000,1430000,zillow,https://www.zillow.com/homedetails/15-17-Hayfield-Ln-25-Fort-Defiance-VA-24437/461664494_zpid/,listed,,seed from round13_listings.csv
208 n main st|27883,"208 N Main St, Stantonsburg, NC 27883",27883,2026-09-12,2026-09-12,50000,50000,both,https://www.redfin.com/NC/Stantonsburg/208-N-Main-St-27883/home/65286630,listed,,seed from round13_listings.csv
5293 whichard rd|27884,"5293 Whichard Rd, Stokes, NC 27884",27884,2026-09-12,2026-09-12,210000,210000,zillow,https://www.zillow.com/homedetails/5293-Whichard-Rd-Stokes-NC-27884/51417869_zpid/,listed,,seed from round13_listings.csv
110 grady ave|28782,"110 Grady Ave, Tryon, NC 28782",28782,2026-09-12,2026-09-12,369000,369000,zillow,https://www.zillow.com/homedetails/110-Grady-Ave-Tryon-NC-28782/232564698_zpid/,listed,,seed from round13_listings.csv
174 new market rd|28782,"174 New Market Rd, Tryon, NC 28782",28782,2026-09-12,2026-09-12,389900,389900,both,https://www.redfin.com/NC/Tryon/174-New-Market-Rd-28782/home/112642138,listed,,seed from round13_listings.csv
7413 leesville rd|27613,"7413 Leesville Rd, Raleigh, NC 27613",27613,2026-09-12,2026-09-12,479000,479000,both,https://www.redfin.com/NC/Raleigh/7413-Leesville-Rd-27613/home/41231930,listed,,seed from round14_listings.csv
homes available soon plan|27613,"Homes Available Soon Plan, Raleigh, NC 27613",27613,2026-09-12,2026-09-12,,,redfin,https://www.redfin.com/NC/Raleigh/Raleigh/Homes-Available-Soon/home/202673079,listed,,seed from round14_listings.csv
1701 mayfield dr|24014,"1701 Mayfield Dr, Roanoke, VA 24014",24014,2026-09-11,2026-09-11,487213,487213,zillow,https://www.zillow.com/homedetails/1701-Mayfield-Dr-Roanoke-VA-24014/456578832_zpid/,listed,,seed from round5_listings.csv
420 front ave|24153,"420 Front Ave, Salem, VA 24153",24153,2026-09-11,2026-09-21,267000,267000,both,https://www.redfin.com/VA/Salem/420-Front-Ave-24153/home/132072533,listed,,seed from round5_listings.csv
916 pyrtle dr|24153,"916 Pyrtle Dr Unit A, B and C, Salem, VA 24153",24153,2026-09-11,2026-09-21,450000,450000,both,https://www.redfin.com/VA/Salem/916-Pyrtle-Dr-24153/unit-A-B-and-C/home/205496998,listed,,seed from round5_listings.csv
113115 w 1st st|24153,"113-115 W 1st St #117, Salem, VA 24153",24153,2026-09-11,2026-09-14,524950,524950,redfin,https://www.redfin.com/VA/Salem/113-W-1st-St-24153/unit-117/home/193330099,gone,2026-09-21,seed from round5_listings.csv
113115 w 1st st suite 117|24153,"113-115 W 1st St Suite 117, Salem, VA 24153",24153,2026-09-11,2026-09-14,524950,524950,zillow,https://www.zillow.com/homedetails/113-115-W-1st-St-SUITE-117-Salem-VA-24153/458546890_zpid/,gone,2026-09-21,seed from round5_listings.csv
940 w beverley st|24401,"940 W Beverley St, Staunton, VA 24401",24401,2026-09-11,2026-09-21,274900,268900,zillow,https://www.zillow.com/homedetails/940-W-Beverley-St-Staunton-VA-24401/108131836_zpid/,listed,,seed from round5_listings.csv
1229 stack st|24401,"1229 Stack St, Staunton, VA 24401",24401,2026-09-11,2026-09-21,399000,399000,both,https://www.redfin.com/VA/Staunton/1229-Stack-St-24401/home/68357594,listed,,seed from round5_listings.csv
1401 garfield ave|24501,"1401 Garfield Ave, Lynchburg, VA 24501",24501,2026-09-11,2026-09-21,169000,169000,both,https://www.redfin.com/VA/Lynchburg/1401-Garfield-Ave-24501/home/128665292,listed,,seed from round5_listings.csv
2210 park pl|24501,"2210 Park Pl, Lynchburg, VA 24501",24501,2026-09-11,2026-09-21,179900,179900,both,https://www.redfin.com/VA/Lynchburg/2210-Park-Pl-24501/home/128709950,listed,,seed from round5_listings.csv
1104 fillmore st|24501,"1104 Fillmore St, Lynchburg, VA 24501",24501,2026-09-11,2026-09-21,249900,249900,both,https://www.redfin.com/VA/Lynchburg/1104-Fillmore-St-24501/home/128709857,listed,,seed from round5_listings.csv
2800 kulman pl|24501,"2800 Kulman Pl, Lynchburg, VA 24501",24501,2026-09-11,2026-09-21,279900,279900,both,https://www.redfin.com/VA/Lynchburg/2800-Kulman-Pl-24501/home/128762664,listed,,seed from round5_listings.csv
405 langhorne ln|24501,"405 Langhorne Ln, Lynchburg, VA 24501",24501,2026-09-11,2026-09-21,315000,315000,both,https://www.redfin.com/VA/Lynchburg/405-Langhorne-Ln-24501/home/128679748,listed,,seed from round5_listings.csv
2208 memorial ave|24501,"2208 Memorial Ave, Lynchburg, VA 24501",24501,2026-09-11,2026-09-21,345000,345000,both,https://www.redfin.com/VA/Lynchburg/2208-Memorial-Ave-24501/home/128709936,listed,,seed from round5_listings.csv
2908 memorial ave|24501,"2908 Memorial Ave, Lynchburg, VA 24501",24501,2026-09-11,2026-09-21,399900,399900,both,https://www.redfin.com/VA/Lynchburg/2908-Memorial-Ave-24501/home/181296785,listed,,seed from round5_listings.csv
225 munford st|24501,"225 Munford St, Lynchburg, VA 24501",24501,2026-09-11,2026-09-21,499900,499900,both,https://www.redfin.com/VA/Lynchburg/225-Munford-St-24501/home/128805017,listed,,seed from round5_listings.csv
215 n ave|24540,"215 North Ave, Danville, VA 24540",24540,2026-09-11,2026-09-21,155000,155000,both,https://www.redfin.com/VA/Danville/215-North-Ave-24540/home/124323979,listed,,seed from round5_listings.csv
117 motley ave|24540,"117 Motley Ave, Danville, VA 24540",24540,2026-09-11,2026-09-21,175000,175000,both,https://www.redfin.com/VA/Danville/117-Motley-Ave-24540/home/124373389,listed,,seed from round5_listings.csv
200 20 gery st|24540,"200 & 20 Gery St Unit ., Danville, VA 24540",24540,2026-09-11,2026-09-21,185000,185000,both,https://www.redfin.com/VA/Danville/200-Gery-St-24540/home/124261362,listed,,seed from round5_listings.csv
115 locust ln|24540,"115 Locust Ln, Danville, VA 24540",24540,2026-09-11,2026-09-14,230000,230000,both,https://www.redfin.com/VA/Danville/115-Locust-Ln-24540/home/124360097,gone,2026-09-21,seed from round5_listings.csv
2093 craig st|27103,"2093 Craig St, Winston Salem, NC 27103",27103,2026-09-11,2026-09-11,425000,425000,both,https://www.redfin.com/NC/Winston-Salem/2093-Craig-St-27103/home/94867775,listed,,seed from round5_listings.csv
1502 oakshire ct|27107,"1502 Oakshire Ct, Winston Salem, NC 27107",27107,2026-09-11,2026-09-11,385000,385000,both,https://www.redfin.com/NC/Winston-Salem/1502-Oakshire-Ct-27107/home/87576988,listed,,seed from round5_listings.csv
40214023 knollwood dr|27263,"4021-4023 Knollwood Dr, Archdale, NC 27263",27263,2026-09-11,2026-09-11,299000,299000,both,https://www.redfin.com/NC/Archdale/4021-Knollwood-Dr-27263/home/190247809,listed,,seed from round5_listings.csv
102 s main st|27320,"102 S Main St, Reidsville, NC 27320",27320,2026-09-11,2026-09-21,174900,174900,both,https://www.redfin.com/NC/Reidsville/102-S-Main-St-27320/home/94780097,listed,,seed from round5_listings.csv
510 piedmont st|27320,"510 Piedmont St, Reidsville, NC 27320",27320,2026-09-11,2026-09-21,249900,249900,both,https://www.redfin.com/NC/Reidsville/510-Piedmont-St-27320/home/88154819,listed,,seed from round5_listings.csv
528 n scales st|27320,"528 N Scales St, Reidsville, NC 27320",27320,2026-09-11,2026-09-21,355000,355000,both,https://www.redfin.com/NC/Reidsville/528-N-Scales-St-27320/home/94755665,listed,,seed from round5_listings.csv
1893 mt carmel church rd|27320,"1893 Mount Carmel Church Rd, Reidsville, NC 27320",27320,2026-09-11,2026-09-21,440000,440000,both,https://www.redfin.com/NC/Reidsville/1893-Mount-Carmel-Chu-Rd-27320/home/94771354,listed,,seed from round5_listings.csv
68 linda jones cir|27401,"6-8 Linda Jones Cir, Greensboro, NC 27401",27401,2026-09-11,2026-09-21,15000,15000,zillow,https://www.zillow.com/homedetails/6-8-Linda-Jones-Cir-Greensboro-NC-27401/88944249_zpid/,listed,,seed from round5_listings.csv
730 gillespie st|27401,"730 Gillespie St, Greensboro, NC 27401",27401,2026-09-11,2026-09-21,20000,20000,zillow,https://www.zillow.com/homedetails/730-Gillespie-St-Greensboro-NC-27401/5911819_zpid/,listed,,seed from round5_listings.csv
19111913 mcconnell rd|27401,"1911-1913 McConnell Rd, Greensboro, NC 27401",27401,2026-09-11,2026-09-21,20000,20000,zillow,https://www.zillow.com/homedetails/1911-1913-McConnell-Rd-Greensboro-NC-27401/88954811_zpid/,listed,,seed from round5_listings.csv
21012103 mcconnell rd|27401,"2101-2103 McConnell Rd, Greensboro, NC 27401",27401,2026-09-11,2026-09-21,20000,20000,zillow,https://www.zillow.com/homedetails/2101-2103-McConnell-Rd-Greensboro-NC-27401/464960168_zpid/,listed,,seed from round5_listings.csv
19191921 mcconnell rd|27401,"1919-1921 McConnell Rd, Greensboro, NC 27401",27401,2026-09-11,2026-09-21,25000,25000,zillow,https://www.zillow.com/homedetails/1919-1921-McConnell-Rd-Greensboro-NC-27401/88949172_zpid/,listed,,seed from round5_listings.csv
1413 ardmore dr|27401,"1413 Ardmore Dr, Greensboro, NC 27401",27401,2026-09-11,2026-09-21,230000,230000,zillow,https://www.zillow.com/homedetails/1413-Ardmore-Dr-Greensboro-NC-27401/5922431_zpid/,listed,,seed from round5_listings.csv
410 n cedar st|27401,"410 N Cedar St, Greensboro, NC 27401",27401,2026-09-11,2026-09-21,270000,270000,both,https://www.redfin.com/NC/Greensboro/410-N-Cedar-St-27401/home/94594458,listed,,seed from round5_listings.csv
422 n cedar st|27401,"422 N Cedar St, Greensboro, NC 27401",27401,2026-09-11,2026-09-21,275000,275000,both,https://www.redfin.com/NC/Greensboro/422-N-Cedar-St-27401/home/94594467,listed,,seed from round5_listings.csv
1825 w friendly ave|27403,"1825 W Friendly Ave, Greensboro, NC 27403",27403,2026-09-11,2026-09-21,325000,349000,zillow,https://www.zillow.com/homedetails/1825-W-Friendly-Ave-Greensboro-NC-27403/252331766_zpid/,listed,,seed from round5_listings.csv
88 omaha way|27520,"88 Omaha Way, Clayton, NC 27520",27520,2026-09-11,2026-09-21,354990,354990,both,https://www.redfin.com/NC/Clayton/88-Omaha-Way-27520/home/203212866,listed,,seed from round5_listings.csv
93 omaha way|27520,"93 Omaha Way, Clayton, NC 27520",27520,2026-09-11,2026-09-21,356990,356990,both,https://www.redfin.com/NC/Clayton/93-Omaha-WAY-27520/home/200847228,listed,,seed from round5_listings.csv
85 omaha way|27520,"85 Omaha Way, Clayton, NC 27520",27520,2026-09-11,2026-09-21,359990,359990,both,https://www.redfin.com/NC/Clayton/85-Omaha-Way-27520/home/202578522,listed,,seed from round5_listings.csv
3761 wakefield ln|27529,"3761 Wakefield Ln, Garner, NC 27529",27529,2026-09-11,2026-09-21,439000,429000,both,https://www.redfin.com/NC/Garner/3761-Wakefield-Ln-27529/home/41131597,listed,,seed from round5_listings.csv
800 w anderson st|27576,"800 W Anderson St #802, Selma, NC 27576",27576,2026-09-11,2026-09-21,324900,319900,both,https://www.redfin.com/NC/Selma/800-W-Anderson-St-27576/unit-802/home/43711663,listed,,seed from round5_listings.csv
215 n sellers st|27576,"215 N Sellers St, Selma, NC 27576",27576,2026-09-11,2026-09-21,448500,448500,both,https://www.redfin.com/NC/Selma/215-N-Sellers-St-27576/home/202178462,listed,,seed from round5_listings.csv
203 n sellers st|27576,"203 N Sellers St, Selma, NC 27576",27576,2026-09-11,2026-09-21,519500,514000,both,https://www.redfin.com/NC/Selma/203-N-Sellers-St-27576/home/169416918,listed,,seed from round5_listings.csv
502 n cypress st|27591,"502 N Cypress St, Wendell, NC 27591",27591,2026-09-11,2026-09-11,292500,292500,both,https://www.redfin.com/NC/Wendell/502-N-Cypress-St-27591/home/41078501,listed,,seed from round5_listings.csv
841 barringer dr|27606,"841 Barringer Dr, Raleigh, NC 27606",27606,2026-09-11,2026-09-11,475000,475000,both,https://www.redfin.com/NC/Raleigh/841-Barringer-Dr-27606/home/41142453,listed,,seed from round5_listings.csv
1109 juniper st|27701,"1109 Juniper St, Durham, NC 27701",27701,2026-09-11,2026-09-21,320000,320000,both,https://www.redfin.com/NC/Durham/1109-Juniper-St-27701/home/43528018,listed,,seed from round5_listings.csv
332 clark st|27701,"332 Clark St Unit A & B, Durham, NC 27701",27701,2026-09-11,2026-09-21,364900,364900,both,https://www.redfin.com/NC/Durham/332-Clark-St-27701/unit-A-B/home/202027242,listed,,seed from round5_listings.csv
1120 drew st|27701,"1120 Drew St, Durham, NC 27701",27701,2026-09-11,2026-09-21,375000,375000,both,https://www.redfin.com/NC/Durham/1120-Drew-St-27701/home/43528019,listed,,seed from round5_listings.csv
1107 worth st|27701,"1107 Worth St, Durham, NC 27701",27701,2026-09-11,2026-09-21,410000,410000,both,https://www.redfin.com/NC/Durham/1107-Worth-St-27701/home/43526191,listed,,seed from round5_listings.csv
1214 granby st|27701,"1214 Granby St, Durham, NC 27701",27701,2026-09-11,2026-09-21,415000,415000,both,https://www.redfin.com/NC/Durham/1214-Granby-St-27701/home/43609230,listed,,seed from round5_listings.csv
320 clark st|27701,"320 Clark St, Durham, NC 27701",27701,2026-09-11,2026-09-21,449500,449500,both,https://www.redfin.com/NC/Durham/320-Clark-St-27701/home/43523038,listed,,seed from round5_listings.csv
512 gordon st|27701,"512 Gordon St #202, Durham, NC 27701",27701,2026-09-11,2026-09-21,469990,469990,redfin,https://www.redfin.com/NC/Durham/512-Gordon-St-27701/unit-202/home/182392594,listed,,seed from round5_listings.csv
1016 camden ave|27701,"1016 Camden Ave, Durham, NC 27701",27701,2026-09-11,2026-09-21,489500,489500,both,https://www.redfin.com/NC/Durham/1016-Camden-Ave-27701/home/43610020,listed,,seed from round5_listings.csv
1425 cherrycrest dr|27704,"1425 Cherrycrest Dr, Durham, NC 27704",27704,2026-09-11,2026-09-21,335000,335000,both,https://www.redfin.com/NC/Durham/1425-Cherrycrest-Dr-27704/home/43537744,listed,,seed from round5_listings.csv
1419 cherrycrest dr|27704,"1419 Cherrycrest Dr, Durham, NC 27704",27704,2026-09-11,2026-09-21,335000,335000,both,https://www.redfin.com/NC/Durham/1419-Cherrycrest-Dr-27704/home/43537746,listed,,seed from round5_listings.csv
1421 cherrycrest dr|27704,"1421 Cherrycrest Dr, Durham, NC 27704",27704,2026-09-11,2026-09-21,335000,335000,both,https://www.redfin.com/NC/Durham/1421-Cherrycrest-Dr-27704/home/43537747,listed,,seed from round5_listings.csv
1427 cherrycrest dr|27704,"1427 Cherrycrest Dr, Durham, NC 27704",27704,2026-09-11,2026-09-21,335000,335000,both,https://www.redfin.com/NC/Durham/1427-Cherrycrest-Dr-27704/home/43537745,listed,,seed from round5_listings.csv
2504 shenandoah ave|27704,"2504 Shenandoah Ave, Durham, NC 27704",27704,2026-09-11,2026-09-21,336000,336000,both,https://www.redfin.com/NC/Durham/2504-Shenandoah-Ave-27704/home/43527439,listed,,seed from round5_listings.csv
518 burlington ave|27707,"518 Burlington Ave Unit A / B, Durham, NC 27707",27707,2026-09-11,2026-09-21,295000,295000,both,https://www.redfin.com/NC/Durham/518-Burlington-Ave-27707/unit-A-B/home/205501448,listed,,seed from round5_listings.csv
1507 gunter st|27707,"1507 Gunter St, Durham, NC 27707",27707,2026-09-11,2026-09-21,314900,314900,both,https://www.redfin.com/NC/Durham/1507-Gunter-St-27707/home/43524599,listed,,seed from round5_listings.csv
314 price ave|27707,"314 Price Ave, Durham, NC 27707",27707,2026-09-11,2026-09-21,320000,320000,both,https://www.redfin.com/NC/Durham/314-Price-Ave-27707/home/43532167,listed,,seed from round5_listings.csv
1505 s roxboro st|27707,"1505 S Roxboro St, Durham, NC 27707",27707,2026-09-11,2026-09-21,320000,320000,both,https://www.redfin.com/NC/Durham/1505-S-Roxboro-St-27707/home/43529733,listed,,seed from round5_listings.csv
1202 cornell st|27707,"1202 Cornell St, Durham, NC 27707",27707,2026-09-11,2026-09-21,324000,324000,both,https://www.redfin.com/NC/Durham/1202-Cornell-St-27707/home/43530394,listed,,seed from round5_listings.csv
1204 cornell st|27707,"1204 Cornell St, Durham, NC 27707",27707,2026-09-11,2026-09-21,324000,324000,both,https://www.redfin.com/NC/Durham/1204-Cornell-St-27707/home/203241261,listed,,seed from round5_listings.csv
1015 rosedale ave|27707,"1015 Rosedale Ave, Durham, NC 27707",27707,2026-09-11,2026-09-21,385000,385000,both,https://www.redfin.com/NC/Durham/1015-Rosedale-Ave-27707/home/43523704,listed,,seed from round5_listings.csv
307 s jacob st|28021,"307 S Jacob St, Cherryville, NC 28021",28021,2026-09-11,2026-09-11,204900,204900,both,https://www.redfin.com/NC/Cherryville/307-S-Jacob-St-28021/home/41052790,listed,,seed from round5_listings.csv
112 angle st|28021,"112 Angle St, Cherryville, NC 28021",28021,2026-09-11,2026-09-11,475000,475000,both,https://www.redfin.com/NC/Cherryville/112-Angle-St-28021/home/163099905,listed,,seed from round5_listings.csv
2327 rufus ratchford rd|28056,"2327 Rufus Ratchford Rd, Gastonia, NC 28056",28056,2026-09-11,2026-09-21,309000,309000,both,https://www.redfin.com/NC/Gastonia/2327-Rufus-Ratchford-Rd-28056/home/163016516,listed,,seed from round5_listings.csv
1405 hickory grove rd|28056,"1405 Hickory Grove Rd, Gastonia, NC 28056",28056,2026-09-11,2026-09-21,400000,400000,both,https://www.redfin.com/NC/Gastonia/1405-Hickory-Grove-Rd-28056/home/41024852,listed,,seed from round5_listings.csv
911 hickory grove rd|28056,"911 Hickory Grove Rd, Gastonia, NC 28056",28056,2026-09-11,2026-09-21,415000,415000,both,https://www.redfin.com/NC/Gastonia/911-Hickory-Grove-Rd-28056/home/41026464,listed,,seed from round5_listings.csv
227229 pethel st|28081,"227/229 Pethel St, Kannapolis, NC 28081",28081,2026-09-11,2026-09-11,319000,319000,both,https://www.redfin.com/NC/Kannapolis/227-Pethel-St-28081/home/205409205,listed,,seed from round5_listings.csv
659 661 wilson st|28083,"659 - 661 Wilson St, Kannapolis, NC 28083",28083,2026-09-11,2026-09-21,235000,235000,redfin,https://www.redfin.com/NC/Kannapolis/659-Wilson-St-28083/home/43641822,listed,,seed from round5_listings.csv
659661 wilson st|28083,"659-661 Wilson St, Kannapolis, NC 28083",28083,2026-09-11,2026-09-21,235000,235000,zillow,https://www.zillow.com/homedetails/659-661-Wilson-St-Kannapolis-NC-28083/2066491936_zpid/,listed,,seed from round5_listings.csv
1106 ln st|28083,"1106 Lane St, Kannapolis, NC 28083",28083,2026-09-11,2026-09-21,375000,375000,both,https://www.redfin.com/NC/Kannapolis/1106-Lane-St-28083/home/43653491,listed,,seed from round5_listings.csv
210 dalewood ave|28083,"210 Dalewood Ave, Kannapolis, NC 28083",28083,2026-09-11,2026-09-21,485000,485000,both,https://www.redfin.com/NC/Kannapolis/210-Dalewood-Ave-28083/home/43652655,listed,,seed from round5_listings.csv
410 s rose ave|28083,"410 S Rose Ave, Kannapolis, NC 28083",28083,2026-09-11,2026-09-21,495000,495000,both,https://www.redfin.com/NC/Kannapolis/410-S-Rose-Ave-28083/home/43638699,listed,,seed from round5_listings.csv
sycamore trl duet plan|28105,"Sycamore Trail Duet Plan, Matthews, NC 28105",28105,2026-09-11,2026-09-11,400000,400000,redfin,https://www.redfin.com/NC/Matthews/Matthews/Sycamore-Trail-Duet/home/190213830,listed,,seed from round5_listings.csv
2125 riverside rd|28152,"2125 Riverside Rd #1, Shelby, NC 28152",28152,2026-09-11,2026-09-11,290000,290000,redfin,https://www.redfin.com/NC/Shelby/2125-Riverside-Rd-28152/unit-1/home/123574759,listed,,seed from round5_listings.csv
2125 riverside rd trailer 1|28152,"2125 Riverside Rd Trailer 1, Shelby, NC 28152",28152,2026-09-11,2026-09-11,290000,290000,zillow,https://www.zillow.com/homedetails/2125-Riverside-Rd-TRAILER-1-Shelby-NC-28152/214096816_zpid/,listed,,seed from round5_listings.csv
1628 eastway dr|28205,"1628 Eastway Dr, Charlotte, NC 28205",28205,2026-09-11,2026-09-21,250000,250000,zillow,https://www.zillow.com/homedetails/1628-Eastway-Dr-Charlotte-NC-28205/6193585_zpid/,listed,,seed from round5_listings.csv
2602 sedgefield dr|28306,"2602 Sedgefield Dr, Fayetteville, NC 28306",28306,2026-09-11,2026-09-21,195000,195000,zillow,https://www.zillow.com/homedetails/2602-Sedgefield-Dr-Fayetteville-NC-28306/53636411_zpid/,listed,,seed from round5_listings.csv
510 orlando|28306,"510 Orlando#b St, Fayetteville, NC 28306",28306,2026-09-11,2026-09-21,225000,225000,redfin,https://www.redfin.com/NC/Fayetteville/510-Orlando-St-28306/home/205386030,listed,,seed from round5_listings.csv
510 orlando st|28306,"510 Orlando St, Fayetteville, NC 28306",28306,2026-09-11,2026-09-21,225000,225000,zillow,https://www.zillow.com/homedetails/510-Orlando-St-Fayetteville-NC-28306/80882201_zpid/,listed,,seed from round5_listings.csv
3552 3560 tart dr|28306,"3552 & 3560 Tart Dr, Fayetteville, NC 28306",28306,2026-09-11,2026-09-21,525000,525000,zillow,https://www.zillow.com/homedetails/3552-3560-Tart-Dr-Fayetteville-NC-28306/464927522_zpid/,listed,,seed from round5_listings.csv
142 146 delaware rd|28625,"142 & 146 Delaware Rd, Statesville, NC 28625",28625,2026-09-11,2026-09-11,275000,275000,both,https://www.redfin.com/NC/Statesville/142-Delaware-Rd-28625/home/163211636,listed,,seed from round5_listings.csv
1098 6th st|28659,"1098 6th St Unit A & B, North Wilkesboro, NC 28659",28659,2026-09-11,2026-09-21,298000,298000,both,https://www.redfin.com/NC/North-Wilkesboro/1098-6th-St-28659/unit-A-B/home/201462906,listed,,seed from round5_listings.csv
211|22601,"211, 213-215 E Clifford St, Winchester, VA 22601",22601,2026-09-11,2026-09-21,339000,339000,redfin,https://www.redfin.com/VA/Winchester/211-E-Clifford-St-22601/home/40611719,listed,,seed from round6_listings.csv
2328 austin dr|22911,"2328 Austin Dr, Charlottesville, VA 22911",22911,2026-09-11,2026-09-11,319900,319900,zillow,https://www.zillow.com/homedetails/2328-Austin-Dr-Charlottesville-VA-22911/79009096_zpid/,listed,,seed from round6_listings.csv
2309 ravenswood ct|22911,"2309 Ravenswood Ct, Charlottesville, VA 22911",22911,2026-09-11,2026-09-11,416000,416000,zillow,https://www.zillow.com/homedetails/2309-Ravenswood-Ct-Charlottesville-VA-22911/79013947_zpid/,listed,,seed from round6_listings.csv
2334240 young dr|24202,"23342-40 Young Dr, Bristol, VA 24202",24202,2026-09-11,2026-09-14,374900,374900,both,https://www.redfin.com/VA/Bristol/23340-Youngs-Dr-24202/home/195461736,gone,2026-09-21,seed from round6_listings.csv
13590 sinking creek rd|24202,"13590 Sinking Creek Rd, Bristol, VA 24202",24202,2026-09-11,2026-09-21,400000,400000,both,https://www.redfin.com/VA/Bristol/13590-Sinking-Creek-Rd-24202/home/133156969,listed,,seed from round6_listings.csv
15424 majestic dr|24202,"15424 Majestic Dr, Bristol, VA 24202",24202,2026-09-11,2026-09-21,439000,439000,both,https://www.redfin.com/VA/Bristol/15424-Majestic-Dr-24202/home/133177338,listed,,seed from round6_listings.csv
507 madison st|24504,"507 Madison St, Lynchburg, VA 24504",24504,2026-09-11,2026-09-11,395000,395000,both,https://www.redfin.com/VA/Lynchburg/507-Madison-St-24504/home/128632842,listed,,seed from round6_listings.csv
289 independence cir|24551,"289 Independence Cir, Forest, VA 24551",24551,2026-09-11,2026-09-11,285000,285000,both,https://www.redfin.com/VA/Forest/289-Independence-Cir-24551/home/123368226,listed,,seed from round6_listings.csv
306 auburndale st|27104,"306 Auburndale St, Winston Salem, NC 27104",27104,2026-09-11,2026-09-11,225000,225000,both,https://www.redfin.com/NC/Winston-Salem/306-Auburndale-St-27104/home/94908924,listed,,seed from round6_listings.csv
125 hill shore ln|27527,"125 Hill Shore Ln, Clayton, NC 27527",27527,2026-09-11,2026-09-11,295000,295000,zillow,https://www.zillow.com/homedetails/125-Hill-Shore-Ln-Clayton-NC-27527/200964591_zpid/,listed,,seed from round6_listings.csv
1005 millpond ln|27545,"1005 Millpond Ln, Knightdale, NC 27545",27545,2026-09-11,2026-09-11,380000,380000,zillow,https://www.zillow.com/homedetails/1005-Millpond-Ln-Knightdale-NC-27545/122277362_zpid/,listed,,seed from round6_listings.csv
325 ranch farm rd|27603,"325 Ranch Farm Rd Unit A - B, Raleigh, NC 27603",27603,2026-09-11,2026-09-11,245000,245000,both,https://www.redfin.com/NC/Raleigh/325-Ranch-Farm-Rd-27603/unit-A-B/home/189026420,listed,,seed from round6_listings.csv
701 cascade st|28115,"701 Cascade St, Mooresville, NC 28115",28115,2026-09-11,2026-09-11,319950,319950,zillow,https://www.zillow.com/homedetails/701-Cascade-St-Mooresville-NC-28115/299366854_zpid/,listed,,seed from round6_listings.csv
788 coley rd|28146,"788 Coley Rd, Salisbury, NC 28146",28146,2026-09-11,2026-09-11,439999,439999,both,https://www.redfin.com/NC/Salisbury/788-Coley-Rd-28146/home/205467048,listed,,seed from round6_listings.csv
11701 shandon cir|28226,"11701 Shandon Cir, Charlotte, NC 28226",28226,2026-09-11,2026-09-11,524900,524900,both,https://www.redfin.com/NC/Charlotte/11701-Shandon-Cir-28226/home/44033607,listed,,seed from round6_listings.csv
402|28312,"402, 406, 410 Warren St, Fayetteville, NC 28312",28312,2026-09-11,2026-09-21,369000,369000,redfin,https://www.redfin.com/NC/Fayetteville/410-Warren-St-28312/home/198545061,listed,,seed from round6_listings.csv
402406 410 warren st|28312,"402-406 410 Warren St, Fayetteville, NC 28312",28312,2026-09-11,2026-09-21,369000,369000,zillow,https://www.zillow.com/homedetails/402-406-410-Warren-St-Fayetteville-NC-28312/457291673_zpid/,listed,,seed from round6_listings.csv
239241 6th ave dr sw|28613,"239-241 6th Avenue Dr SW #1, Conover, NC 28613",28613,2026-09-11,2026-09-21,440000,440000,redfin,https://www.redfin.com/NC/Conover/239-6th-Avenue-Dr-SW-28613/unit-1/home/205380170,listed,,seed from round6_listings.csv
239241 6th ave dr sw 1|28613,"239-241 6th Avenue Drive Sw 1, Conover, NC 28613",28613,2026-09-11,2026-09-21,440000,440000,zillow,https://www.zillow.com/homedetails/239-241-6th-Avenue-Drive-Sw-1-Conover-NC-28613/465037304_zpid/,listed,,seed from round6_listings.csv
33053307 15th ave ne|28613,"3305-3307 15th Ave NE, Conover, NC 28613",28613,2026-09-11,2026-09-21,475000,475000,both,https://www.redfin.com/NC/Conover/3305-15th-Ave-NE-28613/home/122616638,listed,,seed from round6_listings.csv
308 carlton rd|22902,"308 Carlton Rd #A, Charlottesville, VA 22902",22902,2026-09-11,2026-09-21,396000,396000,zillow,https://www.zillow.com/homedetails/308-Carlton-Rd-A-Charlottesville-VA-22902/79082619_zpid/,listed,,seed from round7_listings.csv
1525 primrose ln|22902,"1525 Primrose Ln, Charlottesville, VA 22902",22902,2026-09-11,2026-09-21,435000,435000,zillow,https://www.zillow.com/homedetails/1525-Primrose-Ln-Charlottesville-VA-22902/79029618_zpid/,listed,,seed from round7_listings.csv
1332 stoney ridge rd|22902,"1332 Stoney Ridge Rd, Charlottesville, VA 22902",22902,2026-09-11,2026-09-21,445000,445000,zillow,https://www.zillow.com/homedetails/1332-Stoney-Ridge-Rd-Charlottesville-VA-22902/84592512_zpid/,listed,,seed from round7_listings.csv
4560 w williamsburg rd|23150,"4560 W Williamsburg Rd, Sandston, VA 23150",23150,2026-09-11,2026-09-11,467000,467000,zillow,https://www.zillow.com/homedetails/4560-W-Williamsburg-Rd-Sandston-VA-23150/464186339_zpid/,listed,,seed from round7_listings.csv
207 tunstall ave|23824,"207 Tunstall Ave, Blackstone, VA 23824",23824,2026-09-11,2026-09-11,160000,160000,both,https://www.redfin.com/VA/Blackstone/207-Tunstall-Ave-23824/home/101584834,listed,,seed from round7_listings.csv
204 tunstall ave|23824,"204 Tunstall Ave, Blackstone, VA 23824",23824,2026-09-11,2026-09-11,275000,275000,both,https://www.redfin.com/VA/Blackstone/204-Tunstall-Ave-23824/home/101584842,listed,,seed from round7_listings.csv
206 s jefferson st|24301,"206 S Jefferson St, Pulaski, VA 24301",24301,2026-09-11,2026-09-21,135000,135000,redfin,https://www.redfin.com/VA/Pulaski/206-Jefferson-Ave-S-24301/home/101544149,listed,,seed from round7_listings.csv
206 jefferson ave s|24301,"206 Jefferson Ave S, Pulaski, VA 24301",24301,2026-09-11,2026-09-21,135000,135000,zillow,https://www.zillow.com/homedetails/206-Jefferson-Ave-S-Pulaski-VA-24301/108032200_zpid/,listed,,seed from round7_listings.csv
211 lagrange st|24301,"211 Lagrange St, Pulaski, VA 24301",24301,2026-09-11,2026-09-21,165000,165000,both,https://www.redfin.com/VA/Pulaski/211-Lagrange-St-24301/home/101540641,listed,,seed from round7_listings.csv
1245 poplar knob rd|24333,"1245 Poplar Knob Rd, Galax, VA 24333",24333,2026-09-11,2026-09-11,490000,490000,both,https://www.redfin.com/VA/Galax/1245-Poplar-Knob-Rd-24333/home/68318626,listed,,seed from round7_listings.csv
155 w grayson st|24343,"155 W Grayson St, Hillsville, VA 24343",24343,2026-09-11,2026-09-11,350000,350000,both,https://www.redfin.com/VA/Hillsville/155-W-Grayson-St-24343/home/68307355,listed,,seed from round7_listings.csv
105 n lexington ave|24426,"105 N Lexington Ave, Covington, VA 24426",24426,2026-09-11,2026-09-11,106950,106950,both,https://www.redfin.com/VA/Covington/105-N-Lexington-Ave-24426/home/68497081,listed,,seed from round7_listings.csv
1511 rivermont ave|24503,"1511 Rivermont Ave, Lynchburg, VA 24503",24503,2026-09-11,2026-09-21,345000,345000,both,https://www.redfin.com/VA/Lynchburg/1511-Rivermont-Ave-24503/home/128730449,listed,,seed from round7_listings.csv
1609 rivermont ave|24503,"1609 Rivermont Ave, Lynchburg, VA 24503",24503,2026-09-11,2026-09-21,349900,349900,both,https://www.redfin.com/VA/Lynchburg/1609-Rivermont-Ave-24503/home/128756164,listed,,seed from round7_listings.csv
101 bitting ave|27030,"101 Bitting Ave, Mount Airy, NC 27030",27030,2026-09-11,2026-09-21,265000,265000,redfin,https://www.redfin.com/NC/Mount-Airy/101-Bitting-Ave-27030/home/65465726,listed,,seed from round7_listings.csv
0 mccarther rd|27030,"0 McCarther Rd #2, Mount Airy, NC 27030",27030,2026-09-11,2026-09-21,375000,375000,zillow,https://www.zillow.com/homedetails/0-McCarther-Rd-2-Mount-Airy-NC-27030/464351016_zpid/,listed,,seed from round7_listings.csv
511 cummings st|27249,"511 Cummings St, Gibsonville, NC 27249",27249,2026-09-11,2026-09-11,410000,410000,both,https://www.redfin.com/NC/Gibsonville/511-Cummings-St-27249/home/171310116,listed,,seed from round7_listings.csv
243 8th ave|28032,"243 8th Ave, Cramerton, NC 28032",28032,2026-09-11,2026-09-11,339900,339900,both,https://www.redfin.com/NC/Cramerton/243-8th-Ave-28032/home/41031842,listed,,seed from round7_listings.csv
402 e webb st|28034,"402 E Webb St, Dallas, NC 28034",28034,2026-09-11,2026-09-21,230000,220000,both,https://www.redfin.com/NC/Dallas/402-E-Webb-St-28034/home/41050250,listed,,seed from round7_listings.csv
204 e trade st|28034,"204 E Trade St, Dallas, NC 28034",28034,2026-09-11,2026-09-21,339900,339900,both,https://www.redfin.com/NC/Dallas/204-E-Trade-St-28034/home/41051082,listed,,seed from round7_listings.csv
511 n hill st|28034,"511 N Hill St Unit A and B, Dallas, NC 28034",28034,2026-09-11,2026-09-21,428900,428900,both,https://www.redfin.com/NC/Dallas/511-N-Hill-St-28034/unit-A-and-B/home/203525956,listed,,seed from round7_listings.csv
511 hill st|28034,"511 Hill St #C, And D Dallas, NC 28034",28034,2026-09-11,2026-09-21,428900,428900,zillow,https://www.zillow.com/homedetails/511-Hill-St-C-And-D-Dallas-NC-28034/448524627_zpid/,listed,,seed from round7_listings.csv
509 martine rd|28305,"509 Martine Rd, Fayetteville, NC 28305",28305,2026-09-11,2026-09-11,275000,275000,both,https://www.redfin.com/NC/Fayetteville/509-Martine-Rd-28305/home/126185964,listed,,seed from round7_listings.csv
605 washington st|28352,"605 Washington St, Laurinburg, NC 28352",28352,2026-09-11,2026-09-21,130500,130500,redfin,https://www.redfin.com/NC/Laurinburg/605-Washington-St-28352/home/194333194,listed,,seed from round7_listings.csv
619 mckay st|28352,"619 Mckay St, Laurinburg, NC 28352",28352,2026-09-11,2026-09-21,250000,250000,both,https://www.redfin.com/NC/Laurinburg/619-McKay-St-28352/home/140014004,listed,,seed from round7_listings.csv
200202 prevatte st|28358,"200-202 Prevatte St, Lumberton, NC 28358",28358,2026-09-11,2026-09-21,299000,299000,zillow,https://www.zillow.com/homedetails/200-202-Prevatte-St-Lumberton-NC-28358/400050183_zpid/,listed,,seed from round7_listings.csv
200 202 prevatte st|28360,"200 202 Prevatte St, Lumberton, NC 28360",28360,2026-09-11,2026-09-11,299000,299000,redfin,https://www.redfin.com/NC/Lumberton/202-Prevatte-St-28358/home/191606654,listed,,seed from round7_listings.csv
55 57 sunrise rd|24151,"55 & 57 Sunrise Rd, Rocky Mount, VA 24151",24151,2026-09-11,2026-09-11,269500,269500,both,https://www.redfin.com/VA/Rocky-Mount/55-Sunrise-Rd-24151/home/125121432,listed,,seed from round8_listings.csv
41 43 sunrise rd|24151,"41 & 43 Sunrise Rd #41, Rocky Mount, VA 24151",24151,2026-09-11,2026-09-11,269500,269500,both,https://www.redfin.com/VA/Rocky-Mount/41-Sunrise-Rd-24151/unit-41/home/205330266,listed,,seed from round8_listings.csv
2828 4th ave|24219,"2828 4th Ave, Big Stone Gap, VA 24219",24219,2026-09-11,2026-09-21,279900,279900,redfin,https://www.redfin.com/VA/Big-Stone-Gap/2828-4th-Ave-E-24219/home/201268731,listed,,seed from round8_listings.csv
2828 4th ave e|24219,"2828 4th Ave E, Big Stone Gap, VA 24219",24219,2026-09-11,2026-09-21,279900,279900,zillow,https://www.zillow.com/homedetails/2828-4th-Ave-E-Big-Stone-Gap-VA-24219/234587458_zpid/,listed,,seed from round8_listings.csv
345 hamblen st s|24219,"345 Hamblen St S, Big Stone Gap, VA 24219",24219,2026-09-11,2026-09-21,299900,299900,zillow,https://www.zillow.com/homedetails/345-Hamblen-St-S-Big-Stone-Gap-VA-24219/462263607_zpid/,listed,,seed from round8_listings.csv
40094025 inby ln|24219,"4009-4025 Inby Ln, Big Stone Gap, VA 24219",24219,2026-09-11,2026-09-21,475000,475000,both,https://www.redfin.com/VA/Big-Stone-Gap/4009-4025-Inby-Ln-24219/home/201788161,listed,,seed from round8_listings.csv
11730 essex rd|24230,"11730 Essex Rd, Coeburn, VA 24230",24230,2026-09-11,2026-09-21,65000,65000,both,https://www.redfin.com/VA/Coeburn/11730-Essex-Rd-24230/home/201792952,listed,,seed from round8_listings.csv
11741 albemarle rd|24230,"11741 Albemarle Rd, Coeburn, VA 24230",24230,2026-09-11,2026-09-21,150000,150000,both,https://www.redfin.com/VA/Coeburn/11741-Albemarle-Rd-24230/home/201788912,listed,,seed from round8_listings.csv
501 front st|24230,"501 Front St, Coeburn, VA 24230",24230,2026-09-11,2026-09-21,485000,485000,redfin,https://www.redfin.com/VA/Coeburn/501-Front-St-E-24230/home/187735725,listed,,seed from round8_listings.csv
501 front st e|24230,"501 Front St E, Coeburn, VA 24230",24230,2026-09-11,2026-09-21,485000,485000,zillow,https://www.zillow.com/homedetails/501-Front-St-E-Coeburn-VA-24230/2055247636_zpid/,listed,,seed from round8_listings.csv
528 main st|24293,"528 Main St, Wise, VA 24293",24293,2026-09-11,2026-09-11,325000,325000,redfin,https://www.redfin.com/VA/Wise/528-W-Main-St-24293/home/200251352,listed,,seed from round8_listings.csv
528 w main st|24293,"528 W Main St, Wise, VA 24293",24293,2026-09-11,2026-09-11,325000,325000,zillow,https://www.zillow.com/homedetails/528-W-Main-St-Wise-VA-24293/460051919_zpid/,listed,,seed from round8_listings.csv
855 meadowbrook dr|24319,"855 Meadowbrook Dr, Chilhowie, VA 24319",24319,2026-09-11,2026-09-21,225000,225000,both,https://www.redfin.com/VA/Chilhowie/855-Meadowbrook-Dr-24319/home/201661520,listed,,seed from round8_listings.csv
15586 bishop rd|24319,"15586 Bishop Rd, Chilhowie, VA 24319",24319,2026-09-11,2026-09-21,340000,340000,both,https://www.redfin.com/VA/Chilhowie/15586-Bishop-Rd-24319/home/200104727,listed,,seed from round8_listings.csv
144 greenway ave|24354,"144 Greenway Ave, Marion, VA 24354",24354,2026-09-11,2026-09-11,225000,225000,both,https://www.redfin.com/VA/Marion/144-Greenway-Ave-24354/home/201560040,listed,,seed from round8_listings.csv
205207 nat back rd|24382,"205/207 Nat Back Rd, Wytheville, VA 24382",24382,2026-09-11,2026-09-11,275000,275000,both,https://www.redfin.com/VA/Wytheville/205-Nat-Back-Rd-24382/home/205515189,listed,,seed from round8_listings.csv
134190 galilee church rd|24382,"134/190 Galilee Church Rd, Wytheville, VA 24382",24382,2026-09-11,2026-09-11,525000,525000,both,https://www.redfin.com/VA/Wytheville/134-Galilee-Church-Rd-24382/home/202061855,listed,,seed from round8_listings.csv
608 e 21st st|24416,"608 E 21st St, Buena Vista, VA 24416",24416,2026-09-11,2026-09-21,249000,249000,both,https://www.redfin.com/VA/Buena-Vista/608-E-21st-St-24416/home/205344238,listed,,seed from round8_listings.csv
217 28th st w|24416,"217 28th St W, Buena Vista, VA 24416",24416,2026-09-11,2026-09-21,399900,399900,redfin,https://www.redfin.com/VA/Buena-Vista/217-W-28th-St-24416/home/68355277,listed,,seed from round8_listings.csv
217 w 28th st|24416,"217 W 28th St, Buena Vista, VA 24416",24416,2026-09-11,2026-09-21,399900,399900,zillow,https://www.zillow.com/homedetails/217-W-28th-St-Buena-Vista-VA-24416/108111217_zpid/,listed,,seed from round8_listings.csv
708 brussels ave|24422,"708 Brussels Ave Unit -722, Clifton Forge, VA 24422",24422,2026-09-11,2026-09-11,169500,169500,both,https://www.redfin.com/VA/Clifton-Forge/708-Brussels-Ave-24422/unit-722/home/193340685,listed,,seed from round8_listings.csv
218 wilson st|28001,"218 Wilson St, Albemarle, NC 28001",28001,2026-09-11,2026-09-21,240000,240000,both,https://www.redfin.com/NC/Albemarle/218-Wilson-St-28001/home/194979845,listed,,seed from round8_listings.csv
134 n 4th st|28001,"134 N 4th St, Albemarle, NC 28001",28001,2026-09-11,2026-09-21,399900,399900,zillow,https://www.zillow.com/homedetails/134-N-4th-St-Albemarle-NC-28001/71384877_zpid/,listed,,seed from round8_listings.csv
us hwy 74 w|28170,"Us Highway 74 W, Wadesboro, NC 28170",28170,2026-09-11,2026-09-21,299000,299000,zillow,https://www.zillow.com/homedetails/Us-Highway-74-W-Wadesboro-NC-28170/68701172_zpid/,listed,,seed from round8_listings.csv
8057 8070 nc hwy 87 w|28320,"8057 & 8070 NC Highway 87 W, Bladenboro, NC 28320",28320,2026-09-11,2026-09-21,97000,97000,redfin,https://www.redfin.com/NC/Bladenboro/8057-NC-Highway-87-W-28320/home/162714369,listed,,seed from round8_listings.csv
80578070 hwy 87 w|28320,"8057&8070 Highway 87 W, Bladenboro, NC 28320",28320,2026-09-11,2026-09-21,97000,97000,zillow,https://www.zillow.com/homedetails/80578070-Highway-87-W-Bladenboro-NC-28320/447161291_zpid/,listed,,seed from round8_listings.csv
4551 53 plum nellie rd|28320,"45-51 53 Plum Nellie Rd, Bladenboro, NC 28320",28320,2026-09-11,2026-09-21,129000,129000,zillow,https://www.zillow.com/homedetails/45-51-53-Plum-Nellie-Rd-Bladenboro-NC-28320/460913359_zpid/,listed,,seed from round8_listings.csv
322 high st|28345,"322 High St #320, Hamlet, NC 28345",28345,2026-09-11,2026-09-11,160000,160000,both,https://www.redfin.com/NC/Hamlet/322-High-St-28345/unit-320/home/201463693,listed,,seed from round8_listings.csv
313 w lewis st|28472,"313 W Lewis St Unit A & B, Whiteville, NC 28472",28472,2026-09-11,2026-09-11,260000,260000,both,https://www.redfin.com/NC/Whiteville/313-W-Lewis-St-28472/unit-A-B/home/202298359,listed,,seed from round8_listings.csv
112 e calhoun st|28472,"112 E Calhoun St, Whiteville, NC 28472",28472,2026-09-11,2026-09-11,497500,497500,both,https://www.redfin.com/NC/Whiteville/112-E-Calhoun-St-28472/home/65209977,listed,,seed from round8_listings.csv
1702 elbert dr|24018,"1702 Elbert Dr, Roanoke, VA 24018",24018,2026-09-11,2026-09-11,389000,389000,both,https://www.redfin.com/VA/Roanoke/1704-Elbert-Dr-24018/home/194968927,listed,,seed from round9_listings.csv
44 joyful ln|24055,"44 Joyful Ln, Bassett, VA 24055",24055,2026-09-11,2026-09-11,299000,299000,both,https://www.redfin.com/VA/Bassett/44-Joyful-Ln-24055/home/198592022,listed,,seed from round9_listings.csv
575 colonial hill dr|24055,"575 Colonial Hill Dr, Bassett, VA 24055",24055,2026-09-11,2026-09-11,925000,925000,both,https://www.redfin.com/VA/Bassett/575-Colonial-Hill-Dr-24055/home/126518578,listed,,seed from round9_listings.csv
1194 pulaski giles tpke|24134,"1194 Pulaski Giles Tpke, Pearisburg, VA 24134",24134,2026-09-11,2026-09-11,398000,398000,both,https://www.redfin.com/VA/Pearisburg/1194-Pulaski-Giles-Tpke-24134/home/203161371,listed,,seed from round9_listings.csv
166 warner myers rd|24277,"166 Warner Myers Rd, Pennington Gap, VA 24277",24277,2026-09-11,2026-09-11,255000,255000,both,https://www.redfin.com/VA/Pennington-Gap/166-Warner-Myers-Rd-24277/home/128060418,listed,,seed from round9_listings.csv
40595 w morgan ave|24277,"40595 W Morgan Ave, Pennington Gap, VA 24277",24277,2026-09-11,2026-09-11,400000,400000,zillow,https://www.zillow.com/homedetails/40595-W-Morgan-Ave-Pennington-Gap-VA-24277/115894318_zpid/,listed,,seed from round9_listings.csv
8091 wrights hill rd|24279,"8091 Wrights Hill Rd, Pound, VA 24279",24279,2026-09-11,2026-09-11,240000,240000,both,https://www.redfin.com/VA/Pound/8091-Wrights-Hill-Rd-24279/home/198821792,listed,,seed from round9_listings.csv
28497 kenwood dr|24361,"28497 Kenwood Dr, Meadowview, VA 24361",24361,2026-09-11,2026-09-21,209900,209900,both,https://www.redfin.com/VA/Meadowview/28497-Kenwood-Dr-24361/home/133102179,listed,,seed from round9_listings.csv
30077 hillman hwy|24361,"30077 Hillman Hwy, Meadowview, VA 24361",24361,2026-09-11,2026-09-14,299999,299999,zillow,https://www.zillow.com/homedetails/30077-Hillman-Hwy-Meadowview-VA-24361/79342481_zpid/,gone,2026-09-21,seed from round9_listings.csv
31157 princeton ave|24361,"31157 Princeton Ave, Meadowview, VA 24361",24361,2026-09-11,2026-09-21,499900,499900,zillow,https://www.zillow.com/homedetails/31157-Princeton-Ave-Meadowview-VA-24361/460337289_zpid/,listed,,seed from round9_listings.csv
1656 shady knoll ave|24523,"1656 Shady Knoll Ave Unit A&B, Bedford, VA 24523",24523,2026-09-11,2026-09-21,225000,225000,both,https://www.redfin.com/VA/Bedford/1656-Shady-Knoll-Ave-24523/unit-A-B/home/202671229,listed,,seed from round9_listings.csv
3339 w lynchburg salem tpke|24523,"3339 W Lynchburg Salem Tpke, Bedford, VA 24523",24523,2026-09-11,2026-09-21,339900,339900,both,https://www.redfin.com/VA/Bedford/3339-W-Lynchburg-Salem-Tpke-24523/home/122401345,listed,,seed from round9_listings.csv
536 westview ave|24523,"536 Westview Ave #538, Bedford, VA 24523",24523,2026-09-11,2026-09-21,320000,320000,both,https://www.redfin.com/VA/Bedford/536-Westview-Ave-24523/unit-538/home/68444660,listed,,seed from round9_listings.csv
1903 4th st|24641,"1903 4th St, Richlands, VA 24641",24641,2026-09-11,2026-09-11,155000,155000,zillow,https://www.zillow.com/homedetails/1903-4th-St-Richlands-VA-24641/108078322_zpid/,listed,,seed from round9_listings.csv
1903 fourth st|24641,"1903 Fourth St, Richlands, VA 24641",24641,2026-09-11,2026-09-11,155000,155000,redfin,https://www.redfin.com/VA/Richlands/1903-4th-St-24641/home/132674596,listed,,seed from round9_listings.csv
101 bitting ave|27041,"101 Bitting Ave, Mount Airy, NC 27041",27041,2026-09-11,2026-09-11,265000,265000,zillow,https://www.zillow.com/homedetails/101-Bitting-Ave-Mount-Airy-NC-27041/93095177_zpid/,listed,,seed from round9_listings.csv
106 108 s 2nd st|27302,"106 -108 S 2nd St, Mebane, NC 27302",27302,2026-09-11,2026-09-21,217000,217000,redfin,https://www.redfin.com/NC/Mebane/106-108-S-2nd-St-27302/home/201769074,listed,,seed from round9_listings.csv
106108 2nd st|27302,"106-108 2nd St, Mebane, NC 27302",27302,2026-09-11,2026-09-21,217000,217000,zillow,https://www.zillow.com/homedetails/106-108-2nd-St-Mebane-NC-27302/51228224_zpid/,listed,,seed from round9_listings.csv
1678 stone st ext|27302,"1678 Stone Street Ext, Mebane, NC 27302",27302,2026-09-11,2026-09-21,1300000,1300000,both,https://www.redfin.com/NC/Mebane/1678-Stone-Street-Ext-27302/home/162832166,listed,,seed from round9_listings.csv
406 n 408 5th st|27302,"406 N 408 5th St, Mebane, NC 27302",27302,2026-09-11,2026-09-21,314900,314900,redfin,https://www.redfin.com/NC/Mebane/408-N-5th-St-27302/home/204355238,listed,,seed from round9_listings.csv
406 n 413th st|27302,"406 N 413th St, Mebane, NC 27302",27302,2026-09-11,2026-09-21,314900,314900,zillow,https://www.zillow.com/homedetails/406-N-413th-St-Mebane-NC-27302/464349687_zpid/,listed,,seed from round9_listings.csv
406 n 5th st|27302,"406 N 5th St, Mebane, NC 27302",27302,2026-09-11,2026-09-21,314900,314900,zillow,https://www.zillow.com/homedetails/406-N-5th-St-Mebane-NC-27302/2058815988_zpid/,listed,,seed from round9_listings.csv
622 young rd|27501,"622 Young Rd, Angier, NC 27501",27501,2026-09-11,2026-09-11,240000,240000,zillow,https://www.zillow.com/homedetails/622-Young-Rd-Angier-NC-27501/464869824_zpid/,listed,,seed from round9_listings.csv
110 misty ct|27513,"110 Misty Ct, Cary, NC 27513",27513,2026-09-11,2026-09-11,525000,525000,both,https://www.redfin.com/NC/Cary/110-Misty-Ct-27513/home/195072920,listed,,seed from round9_listings.csv
6610 woodstream dr|28210,"6610 Woodstream Dr, Charlotte, NC 28210",28210,2026-09-11,2026-09-11,625000,625000,both,https://www.redfin.com/NC/Charlotte/6610-Woodstream-Dr-28210/home/43988131,listed,,seed from round9_listings.csv
6834 woodstream dr|28210,"6834 Woodstream Dr, Charlotte, NC 28210",28210,2026-09-11,2026-09-11,625000,625000,both,https://www.redfin.com/NC/Charlotte/6834-Woodstream-Dr-28210/home/43992970,listed,,seed from round9_listings.csv
1102 lewis cir|28379,"1102 Lewis Cir Unit 1102, 1104, 1106, Rockingham, NC 28379",28379,2026-09-11,2026-09-11,465000,465000,both,https://www.redfin.com/NC/Rockingham/1102-Lewis-Dr-28379/unit-1102-1104-1106/home/202188734,listed,,seed from round9_listings.csv
undisclosed address|28466,"Undisclosed address, Wallace, NC 28466",28466,2026-09-11,2026-09-11,210000,210000,both,https://www.redfin.com/NC/Wallace/Undisclosed-address-28466/home/203285529,listed,,seed from round9_listings.csv
231 barbara ave|28544,"231 Barbara Ave, Midway Park, NC 28544",28544,2026-09-11,2026-09-11,499000,499000,both,https://www.redfin.com/NC/Midway-Park/231-Barbara-Ave-28544/home/137493823,listed,,seed from round9_listings.csv
711 tallman cir|28544,"711 Tallman Cir, Midway Park, NC 28544",28544,2026-09-11,2026-09-11,499000,499000,both,https://www.redfin.com/NC/Midway-Park/711-Tallman-Cir-28544/home/137726681,listed,,seed from round9_listings.csv
3680 berry rd|28612,"3680 Berry Rd, Connelly Springs, NC 28612",28612,2026-09-11,2026-09-11,350000,350000,both,https://www.redfin.com/NC/Connelly-Springs/3680-Berry-Rd-28612/home/118779605,listed,,seed from round9_listings.csv
0 elijah dr|28722,"0 Elijah Dr, Columbus, NC 28722",28722,2026-09-11,2026-09-14,799000,799000,zillow,https://www.zillow.com/homedetails/0-Elijah-Dr-Columbus-NC-28722/456740591_zpid/,gone,2026-09-21,seed from round9_listings.csv
1 lot 2|28722,"1 & Lot 2, Columbus, NC 28722",28722,2026-09-11,2026-09-21,799000,675000,zillow,https://www.zillow.com/homedetails/1-LOT-2-Columbus-NC-28722/456718155_zpid/,listed,,seed from round9_listings.csv
lot 1 lot 2 elijah cir|28722,"LOT 1 & LOT 2 Elijah Cir, Columbus, NC 28722",28722,2026-09-11,2026-09-21,799000,675000,redfin,https://www.redfin.com/NC/Columbus/2-Elijah-Cir-28722/home/198019927,listed,,seed from round9_listings.csv
211213 e clifford st|22601,"211-213 E Clifford St #215, Winchester, VA 22601",22601,2026-09-14,2026-09-21,339000,339000,zillow,https://www.zillow.com/homedetails/211-213-E-Clifford-St-215-Winchester-VA-22601/463520251_zpid/,listed,,weekly sweep 2026-09-14
224 sharp st|22601,"224 Sharp St, Winchester, VA 22601",22601,2026-09-14,2026-09-21,750000,750000,both,https://www.redfin.com/VA/Winchester/224-Sharp-St-22601/home/40611709,listed,,weekly sweep 2026-09-14
1012 elliott ave|22902,"1012 Elliott Ave, Charlottesville, VA 22902",22902,2026-09-14,2026-09-14,549000,549000,both,https://www.redfin.com/VA/Charlottesville/1012-Elliott-Ave-22902/home/123753250,gone,2026-09-21,weekly sweep 2026-09-14
homes available soon plan|22902,"Homes Available Soon Plan, Charlottesville, VA 22902",22902,2026-09-14,2026-09-21,,,redfin,https://www.redfin.com/VA/Charlottesville/Charlottesville/Homes-Available-Soon/home/196540462,listed,,weekly sweep 2026-09-14
10733 forget me not way|23060,"10733 Forget Me Not Way, Glen Allen, VA 23060",23060,2026-09-14,2026-09-21,679990,674990,zillow,https://www.zillow.com/homedetails/10733-Forget-Me-Not-Way-Glen-Allen-VA-23060/463398398_zpid/,listed,,weekly sweep 2026-09-14
3908 lantern view pl|23060,"3908 Lantern View Pl, Glen Allen, VA 23060",23060,2026-09-14,2026-09-21,968418,968418,both,https://www.redfin.com/VA/Glen-Allen/3908-Lantern-View-Pl-23060/home/201236997,listed,,weekly sweep 2026-09-14
3912 lantern view pl|23060,"3912 Lantern View Pl, Glen Allen, VA 23060",23060,2026-09-14,2026-09-21,980235,980235,both,https://www.redfin.com/VA/Glen-Allen/3912-Lantern-View-Pl-23060/home/201236996,listed,,weekly sweep 2026-09-14
belmont ter duplex plan|23060,"Belmont Terrace Duplex Plan, Glen Allen, VA 23060",23060,2026-09-14,2026-09-21,859990,859990,redfin,https://www.redfin.com/VA/Glen-Allen/Glen-Allen/Belmont-Terrace-Duplex/home/202056645,listed,,weekly sweep 2026-09-14
linden ter duplex plan|23060,"Linden Terrace Duplex Plan, Glen Allen, VA 23060",23060,2026-09-14,2026-09-21,889990,889990,redfin,https://www.redfin.com/VA/Glen-Allen/Glen-Allen/Linden-Terrace-Duplex/home/202056644,listed,,weekly sweep 2026-09-14
2400 barton ave|23222,"2400 Barton Ave, Richmond, VA 23222",23222,2026-09-14,2026-09-21,2750000,2750000,both,https://www.redfin.com/VA/Richmond/2400-Barton-Ave-23222/home/55417628,listed,,weekly sweep 2026-09-14
3110 woodcliff ave|23222,"3110 Woodcliff Ave, Richmond, VA 23222",23222,2026-09-14,2026-09-21,2075000,2075000,both,https://www.redfin.com/VA/Richmond/3110-Woodcliff-Ave-23222/home/55421686,listed,,weekly sweep 2026-09-14
22182220 m st|23223,"2218/2220 M St, Richmond, VA 23223",23223,2026-09-14,2026-09-21,749000,739000,redfin,https://www.redfin.com/VA/Richmond/2218-M-St-23223/home/55393148,listed,,weekly sweep 2026-09-14
2319 m st|23223,"2319 M St, Richmond, VA 23223",23223,2026-09-14,2026-09-21,565000,535000,both,https://www.redfin.com/VA/Richmond/2319-M-St-23223/home/55408887,listed,,weekly sweep 2026-09-14
115 w 10th st|23224,"115 W 10th St, Richmond, VA 23224",23224,2026-09-14,2026-09-21,699000,699000,both,https://www.redfin.com/VA/Richmond/115-W-10th-St-23224/home/201419007,listed,,weekly sweep 2026-09-14
1416 porter st|23224,"1416 Porter St, Richmond, VA 23224",23224,2026-09-14,2026-09-21,574000,574000,both,https://www.redfin.com/VA/Richmond/1416-Porter-St-23224/home/55428227,listed,,weekly sweep 2026-09-14
1501 perry st|23224,"1501 Perry St, Richmond, VA 23224",23224,2026-09-14,2026-09-21,635000,635000,both,https://www.redfin.com/VA/Richmond/1501-Perry-St-23224/home/184923248,listed,,weekly sweep 2026-09-14
206 w 14th st|23224,"206 W 14th St, Richmond, VA 23224",23224,2026-09-14,2026-09-21,709999,709999,both,https://www.redfin.com/VA/Richmond/206-W-14th-St-23224/home/55428219,listed,,weekly sweep 2026-09-14
2859 hull st|23224,"2859 Hull St, Richmond, VA 23224",23224,2026-09-14,2026-09-21,579000,579000,both,https://www.redfin.com/VA/Richmond/2859-Hull-St-23224/home/55430574,listed,,weekly sweep 2026-09-14
2863 hull st|23224,"2863 Hull St, Richmond, VA 23224",23224,2026-09-14,2026-09-21,799000,799000,both,https://www.redfin.com/VA/Richmond/2863-Hull-St-23224/home/59863408,listed,,weekly sweep 2026-09-14
1802 atlanta ave|23704,"1802 Atlanta Ave, Portsmouth, VA 23704",23704,2026-09-14,2026-09-21,314900,314900,zillow,https://www.zillow.com/homedetails/1802-Atlanta-Ave-Portsmouth-VA-23704/75407263_zpid/,listed,,weekly sweep 2026-09-14
922 holladay st|23704,"922 Holladay St, Portsmouth, VA 23704",23704,2026-09-14,2026-09-21,349900,349900,zillow,https://www.zillow.com/homedetails/922-Holladay-St-Portsmouth-VA-23704/75385651_zpid/,listed,,weekly sweep 2026-09-14
115 pine st|23803,"115 Pine St, Petersburg, VA 23803",23803,2026-09-14,2026-09-21,380000,380000,redfin,https://www.redfin.com/VA/Petersburg/115-Pine-St-23803/home/52376360,listed,,weekly sweep 2026-09-14
625 grove ave|23803,"625 Grove Ave, Petersburg, VA 23803",23803,2026-09-14,2026-09-21,289999,289999,both,https://www.zillow.com/homedetails/625-Grove-Ave-Petersburg-VA-23803/230875586_zpid/,listed,,weekly sweep 2026-09-14
840 commerce st|23803,"840 Commerce St, Petersburg, VA 23803",23803,2026-09-14,2026-09-21,315000,315000,redfin,https://www.redfin.com/VA/Petersburg/840-Commerce-St-23803/home/52375913,listed,,weekly sweep 2026-09-14
3645 oaklawn ave nw|24012,"3645 Oaklawn Ave NW #3647, Roanoke, VA 24012",24012,2026-09-14,2026-09-21,335000,335000,zillow,https://www.zillow.com/homedetails/3645-Oaklawn-Ave-NW-3647-Roanoke-VA-24012/464848997_zpid/,listed,,weekly sweep 2026-09-14
406 mountain ave sw|24016,"406 Mountain Ave SW, Roanoke, VA 24016",24016,2026-09-14,2026-09-21,237500,237500,zillow,https://www.zillow.com/homedetails/406-Mountain-Ave-SW-Roanoke-VA-24016/299138342_zpid/,listed,,weekly sweep 2026-09-14
813 ferdinand ave sw|24016,"813 Ferdinand Ave SW, Roanoke, VA 24016",24016,2026-09-14,2026-09-21,675000,675000,both,https://www.redfin.com/VA/Roanoke/813-Ferdinand-Ave-SW-24016/home/131667310,listed,,weekly sweep 2026-09-14
1202 melrose ave nw|24017,"1202 Melrose Ave NW, Roanoke, VA 24017",24017,2026-09-14,2026-09-21,172450,172450,both,https://www.redfin.com/VA/Roanoke/1202-Melrose-Ave-NW-24017/home/131598139,listed,,weekly sweep 2026-09-14
1424 orange ave nw|24017,"1424 Orange Ave NW Unit & 1422, Roanoke, VA 24017",24017,2026-09-14,2026-09-21,126491,126491,both,https://www.redfin.com/VA/Roanoke/1424-Orange-Ave-NW-24017/unit-1422/home/179048358,listed,,weekly sweep 2026-09-14
2001 melrose ave nw|24017,"2001 Melrose Ave NW, Roanoke, VA 24017",24017,2026-09-14,2026-09-14,165669,165669,both,https://www.redfin.com/VA/Roanoke/2001-Melrose-Ave-NW-24017/home/131522248,gone,2026-09-21,weekly sweep 2026-09-14
3802 panorama ave nw|24017,"3802 Panorama Ave NW, Roanoke, VA 24017",24017,2026-09-14,2026-09-14,1270129,1270129,both,https://www.redfin.com/VA/Roanoke/3802-Panorama-Ave-NW-24017/home/131638118,gone,2026-09-21,weekly sweep 2026-09-14
1926 e main st|24153,"1926 E Main St, Salem, VA 24153",24153,2026-09-14,2026-09-21,288000,288000,both,https://www.zillow.com/homedetails/1926-E-Main-St-Salem-VA-24153/440719342_zpid/,listed,,weekly sweep 2026-09-14
2161 mulberry st|24153,"2161 Mulberry St #2163-2165-2167, Salem, VA 24153",24153,2026-09-14,2026-09-21,579900,579900,both,https://www.zillow.com/homedetails/2161-Mulberry-St-2163-2165-2167-Salem-VA-24153/458600503_zpid/,listed,,weekly sweep 2026-09-14
345 hamblen st|24219,"345 Hamblen St, Big Stone Gap, VA 24219",24219,2026-09-14,2026-09-21,299900,299900,redfin,https://www.redfin.com/VA/Big-Stone-Gap/345-Hamblen-St-S-24219/home/201741912,listed,,weekly sweep 2026-09-14
10223 tacoma school rd|24230,"10223 Tacoma School Rd, Coeburn, VA 24230",24230,2026-09-14,2026-09-21,299000,299000,both,https://www.redfin.com/VA/Coeburn/10223-Tacoma-School-Rd-24230/home/202181591,listed,,weekly sweep 2026-09-14
315 sulphur springs rd|24319,"315 Sulphur Springs Rd, Chilhowie, VA 24319",24319,2026-09-14,2026-09-21,1064500,1064500,both,https://www.redfin.com/VA/Chilhowie/315-Sulpher-Spring-Rd-24319/home/196689229,listed,,weekly sweep 2026-09-14
23 e beverley st|24401,"23 E Beverley St, Staunton, VA 24401",24401,2026-09-14,2026-09-21,1450000,1450000,both,https://www.redfin.com/VA/Staunton/23-E-Beverley-St-24401/home/196206211,listed,,weekly sweep 2026-09-14
45 morris mill rd|24401,"45 Morris Mill Rd, Staunton, VA 24401",24401,2026-09-14,2026-09-21,529000,499000,both,https://www.redfin.com/VA/Staunton/45-Morris-Mill-Rd-24401/home/68357001,listed,,weekly sweep 2026-09-14
625 alleghany ave|24401,"625 Alleghany Ave, Staunton, VA 24401",24401,2026-09-14,2026-09-21,1275000,1275000,both,https://www.redfin.com/VA/Staunton/625-Alleghany-Ave-24401/home/68360178,listed,,weekly sweep 2026-09-14
628 630 d st|24401,"628 & 630 D St, Staunton, VA 24401",24401,2026-09-14,2026-09-21,798500,798500,both,https://www.redfin.com/VA/Staunton/628-D-St-24401/home/68361412,listed,,weekly sweep 2026-09-14
811 westover dr|24401,"811 Westover Dr, Staunton, VA 24401",24401,2026-09-14,2026-09-21,949000,949000,both,https://www.redfin.com/VA/Staunton/811-Westover-Dr-24401/home/68361590,listed,,weekly sweep 2026-09-14
309 wyndale dr|24501,"309 Wyndale Dr, Lynchburg, VA 24501",24501,2026-09-14,2026-09-21,900000,900000,both,https://www.redfin.com/VA/Lynchburg/309-Wyndale-Dr-24501/home/128612180,listed,,weekly sweep 2026-09-14
2525 rivermont ave|24503,"2525 Rivermont Ave, Lynchburg, VA 24503",24503,2026-09-14,2026-09-21,745000,745000,both,https://www.redfin.com/VA/Lynchburg/2525-Rivermont-Ave-24503/home/179033941,listed,,weekly sweep 2026-09-14
1440 main st|24540,"1440 Main St, Danville, VA 24540",24540,2026-09-14,2026-09-21,199000,199000,redfin,https://www.redfin.com/VA/Danville/1440-N-Main-St-24540/home/124258079,listed,,weekly sweep 2026-09-14
1440 n main st|24540,"1440 N Main St, Danville, VA 24540",24540,2026-09-14,2026-09-21,199000,199000,zillow,https://www.zillow.com/homedetails/1440-N-Main-St-Danville-VA-24540/96781846_zpid/,listed,,weekly sweep 2026-09-14
2677 old richmond rd|24540,"2677 Old Richmond Rd #&-2689, Danville, VA 24540",24540,2026-09-14,2026-09-21,589900,589900,both,https://www.zillow.com/homedetails/2677-Old-Richmond-Rd-2689-Danville-VA-24540/463765827_zpid/,listed,,weekly sweep 2026-09-14
132 kemper rd|24541,"132 Kemper Rd Unit A & B, Danville, VA 24541",24541,2026-09-14,2026-09-21,145000,145000,both,https://www.redfin.com/VA/Danville/132-Kemper-Rd-24541/unit-A-B/home/201033223,listed,,weekly sweep 2026-09-14
326328 gray st|24541,"326-328 Gray St, Danville, VA 24541",24541,2026-09-14,2026-09-21,159900,159900,zillow,https://www.zillow.com/homedetails/326-328-Gray-St-Danville-VA-24541/464766667_zpid/,listed,,weekly sweep 2026-09-14
1007 s main st|27030,"1007 S Main St, Mount Airy, NC 27030",27030,2026-09-14,2026-09-21,1475000,1475000,both,https://www.redfin.com/NC/Mount-Airy/1007-S-Main-St-27030/home/65454121,listed,,weekly sweep 2026-09-14
517 willow st|27030,"517 Willow St, Mount Airy, NC 27030",27030,2026-09-14,2026-09-21,750000,750000,both,https://www.redfin.com/NC/Mount-Airy/517-Willow-St-27030/home/65453854,listed,,weekly sweep 2026-09-14
1135ab 1141ab 1147ab s cox st|27203,"1135A&B 1141a&b 1147a&b S Cox St, Asheboro, NC 27203",27203,2026-09-14,2026-09-21,799900,799900,zillow,https://www.zillow.com/homedetails/1135AB-1141ab-1147ab-S-Cox-St-Asheboro-NC-27203/465012588_zpid/,listed,,weekly sweep 2026-09-14
19551967 lakeview rd|27203,"1955-1967 Lakeview Rd, Asheboro, NC 27203",27203,2026-09-14,2026-09-21,1520000,1520000,zillow,https://www.zillow.com/homedetails/1955-1967-Lakeview-Rd-Asheboro-NC-27203/462677030_zpid/,listed,,weekly sweep 2026-09-14
19631971 1977 lakeview rd|27203,"1963-1971 1977 Lakeview Rd, Asheboro, NC 27203",27203,2026-09-14,2026-09-21,1900000,1900000,zillow,https://www.zillow.com/homedetails/1963-1971-1977-Lakeview-Rd-Asheboro-NC-27203/462677031_zpid/,listed,,weekly sweep 2026-09-14
2927 longpine rd|27215,"2927 Longpine Rd, Burlington, NC 27215",27215,2026-09-14,2026-09-21,3200000,3200000,zillow,https://www.zillow.com/homedetails/2927-Longpine-Rd-Burlington-NC-27215/51231486_zpid/,listed,,weekly sweep 2026-09-14
511 cameron st|27215,"511 Cameron St, Burlington, NC 27215",27215,2026-09-14,2026-09-21,199000,199000,zillow,https://www.zillow.com/homedetails/511-Cameron-St-Burlington-NC-27215/51210685_zpid/,listed,,weekly sweep 2026-09-14
115 n flanner st|27217,"115 N Flanner St, Burlington, NC 27217",27217,2026-09-14,2026-09-21,549900,549900,zillow,https://www.zillow.com/homedetails/115-N-Flanner-St-Burlington-NC-27217/2058815882_zpid/,listed,,weekly sweep 2026-09-14
816 elizabeth st|27217,"816 Elizabeth St, Burlington, NC 27217",27217,2026-09-14,2026-09-21,150000,150000,zillow,https://www.zillow.com/homedetails/816-Elizabeth-St-Burlington-NC-27217/51238529_zpid/,listed,,weekly sweep 2026-09-14
801 s elm st|27260,"801 S Elm St, High Pt, NC 27260",27260,2026-09-14,2026-09-21,175000,175000,zillow,https://www.zillow.com/homedetails/801-S-Elm-St-High-Pt-NC-27260/463839690_zpid/,listed,,weekly sweep 2026-09-14
1719 21|27360,"17-19 21 #23-29-31, Thomasville, NC 27360",27360,2026-09-14,2026-09-21,675000,675000,zillow,https://www.zillow.com/homedetails/17-19-21-23-29-31-Thomasville-NC-27360/462432699_zpid/,listed,,weekly sweep 2026-09-14
632 n elm st|27401,"632 N Elm St, Greensboro, NC 27401",27401,2026-09-14,2026-09-21,949000,949000,both,https://www.zillow.com/homedetails/632-N-Elm-St-Greensboro-NC-27401/461269693_zpid/,listed,,weekly sweep 2026-09-14
211 mciver st|27403,"211 Mciver St, Greensboro, NC 27403",27403,2026-09-14,2026-09-14,889000,889000,both,https://www.redfin.com/NC/Greensboro/211-McIver-St-27403/home/94597582,gone,2026-09-21,weekly sweep 2026-09-14
2012 mcknight mill rd|27405,"2012 McKnight Mill Rd, Greensboro, NC 27405",27405,2026-09-14,2026-09-21,835000,835000,zillow,https://www.zillow.com/homedetails/2012-McKnight-Mill-Rd-Greensboro-NC-27405/5964088_zpid/,listed,,weekly sweep 2026-09-14
4912 watlington rd|27405,"4912 Watlington Rd, Greensboro, NC 27405",27405,2026-09-14,2026-09-21,195000,195000,zillow,https://www.zillow.com/homedetails/4912-Watlington-Rd-Greensboro-NC-27405/71002718_zpid/,listed,,weekly sweep 2026-09-14
1109 timber dr|27529,"1109 Timber Dr, Garner, NC 27529",27529,2026-09-14,2026-09-21,615000,615000,both,https://www.zillow.com/homedetails/1109-Timber-Dr-Garner-NC-27529/6462512_zpid/,listed,,weekly sweep 2026-09-14
613 bellhaven st|27529,"613 Bellhaven St, Garner, NC 27529",27529,2026-09-14,2026-09-21,775000,775000,both,https://www.zillow.com/homedetails/613-Bellhaven-St-Garner-NC-27529/6481973_zpid/,listed,,weekly sweep 2026-09-14
000 n nc111 patetown rd|27530,"000 N Nc-111 / Patetown Road, Goldsboro, NC 27530",27530,2026-09-14,2026-09-21,729000,729000,zillow,https://www.zillow.com/homedetails/0-N-Nc-111-patetown-Rd-Goldsboro-NC-27530/462091204_zpid/,listed,,weekly sweep 2026-09-14
311 arch st|27536,"311 Arch St, Henderson, NC 27536",27536,2026-09-14,2026-09-21,95000,95000,zillow,https://www.zillow.com/homedetails/311-Arch-St-Henderson-NC-27536/233634602_zpid/,listed,,weekly sweep 2026-09-14
4300 presley ct|27604,"4300 Presley Ct #A, Raleigh, NC 27604",27604,2026-09-14,2026-09-21,789950,789950,zillow,https://www.zillow.com/homedetails/4300-Presley-Ct-A-Raleigh-NC-27604/2071988196_zpid/,listed,,weekly sweep 2026-09-14
112 olivine dr|27610,"112 Olivine Dr, Raleigh, NC 27610",27610,2026-09-14,2026-09-21,412000,412000,zillow,https://www.zillow.com/homedetails/112-Olivine-Dr-Raleigh-NC-27610/338499621_zpid/,listed,,weekly sweep 2026-09-14
125 cashmere ct|27610,"125 Cashmere Ct, Raleigh, NC 27610",27610,2026-09-14,2026-09-21,415000,415000,both,https://www.redfin.com/NC/Raleigh/125-Cashmere-Ct-27610/home/168668578,listed,,weekly sweep 2026-09-14
3809 virginia st|27610,"3809 Virginia St, Raleigh, NC 27610",27610,2026-09-14,2026-09-21,350000,350000,zillow,https://www.zillow.com/homedetails/3809-Virginia-St-Raleigh-NC-27610/132262890_zpid/,listed,,weekly sweep 2026-09-14
311 lyric st|27701,"311 Lyric St Unit A B C, Durham, NC 27701",27701,2026-09-14,2026-09-21,550000,550000,redfin,https://www.redfin.com/NC/Durham/311-Lyric-St-27701/unit-A-B-C/home/205398324,listed,,weekly sweep 2026-09-14
414 everett pl|27701,"414 Everett Pl, Durham, NC 27701",27701,2026-09-14,2026-09-14,825000,825000,zillow,https://www.zillow.com/homedetails/414-Everett-Pl-Durham-NC-27701/461979034_zpid/,gone,2026-09-21,weekly sweep 2026-09-14
804 lancaster st|27701,"804 Lancaster St, Durham, NC 27701",27701,2026-09-14,2026-09-21,699900,699900,both,https://www.redfin.com/NC/Durham/804-Lancaster-St-27701/home/43519026,listed,,weekly sweep 2026-09-14
1101 eva st|27703,"1101 Eva St, Durham, NC 27703",27703,2026-09-14,2026-09-21,260000,260000,both,https://www.zillow.com/homedetails/1101-Eva-St-Durham-NC-27703/49974327_zpid/,listed,,weekly sweep 2026-09-14
1505 juniper st|27703,"1505 Juniper St, Durham, NC 27703",27703,2026-09-14,2026-09-21,867999,867999,zillow,https://www.zillow.com/homedetails/1505-Juniper-St-Durham-NC-27703/49975977_zpid/,listed,,weekly sweep 2026-09-14
404 lynn rd|27703,"404 Lynn Rd, Durham, NC 27703",27703,2026-09-14,2026-09-21,245000,245000,zillow,https://www.zillow.com/homedetails/404-Lynn-Rd-Durham-NC-27703/49989340_zpid/,listed,,weekly sweep 2026-09-14
412408 sparella st|27703,"412/408 Sparella St, Durham, NC 27703",27703,2026-09-14,2026-09-21,813500,795000,zillow,https://www.zillow.com/homedetails/412-408-Sparella-St-Durham-NC-27703/461601924_zpid/,listed,,weekly sweep 2026-09-14
2201 tampa ave|27705,"2201 Tampa Ave, Durham, NC 27705",27705,2026-09-14,2026-09-21,2300000,2300000,zillow,https://www.zillow.com/homedetails/2201-Tampa-Ave-Durham-NC-27705/463382546_zpid/,listed,,weekly sweep 2026-09-14
4405 american dr|27705,"4405 American Dr, Durham, NC 27705",27705,2026-09-14,2026-09-21,425000,425000,zillow,https://www.zillow.com/homedetails/4405-American-Dr-Durham-NC-27705/50016437_zpid/,listed,,weekly sweep 2026-09-14
2000 a cotswood ln|27707,"2000 A Cotswood Ln, Durham, NC 27707",27707,2026-09-14,2026-09-21,1725000,1725000,zillow,https://www.zillow.com/homedetails/2000-A-Cotswood-Ln-Durham-NC-27707/465149272_zpid/,listed,,weekly sweep 2026-09-14
2000 b cotswood ln|27707,"2000 B Cotswood Ln, Durham, NC 27707",27707,2026-09-14,2026-09-21,1725000,1725000,both,https://www.zillow.com/homedetails/2000-B-Cotswood-Ln-Durham-NC-27707/465149253_zpid/,listed,,weekly sweep 2026-09-14
1 arlington st|27801,"1 Arlington Street, Rocky Mount, NC 27801",27801,2026-09-14,2026-09-21,40000,40000,zillow,https://www.zillow.com/homedetails/1-Arlington-St-Rocky-Mount-NC-27801/462622103_zpid/,listed,,weekly sweep 2026-09-14
405a deck st|27834,"405A Deck St, Greenville, NC 27834",27834,2026-09-14,2026-09-14,,,zillow,https://www.zillow.com/homedetails/405A-Deck-St-Greenville-NC-27834/464303718_zpid/,gone,2026-09-21,weekly sweep 2026-09-14
410 latham st|27834,"410 Latham Street, Greenville, NC 27834",27834,2026-09-14,2026-09-21,89000,89000,zillow,https://www.zillow.com/homedetails/410-Latham-St-Greenville-NC-27834/80913242_zpid/,listed,,weekly sweep 2026-09-14
1416 salisbury ave|28001,"1416 Salisbury Ave, Albemarle, NC 28001",28001,2026-09-14,2026-09-21,1400000,1400000,both,https://www.zillow.com/homedetails/1416-Salisbury-Ave-Albemarle-NC-28001/71389491_zpid/,listed,,weekly sweep 2026-09-14
408 s starr st|28034,"408 S Starr St, Dallas, NC 28034",28034,2026-09-14,2026-09-21,228499,228499,both,https://www.redfin.com/NC/Dallas/408-S-Starr-St-28034/home/41003818,listed,,weekly sweep 2026-09-14
414 e wilkins st|28034,"414 E Wilkins St, Dallas, NC 28034",28034,2026-09-14,2026-09-21,689000,689000,both,https://www.redfin.com/NC/Dallas/414-E-Wilkins-St-28034/home/41005104,listed,,weekly sweep 2026-09-14
1308 linwood rd|28052,"1308 Linwood Rd, Gastonia, NC 28052",28052,2026-09-14,2026-09-21,625000,625000,both,https://www.redfin.com/NC/Gastonia/1308-Linwood-Rd-28052/home/40992984,listed,,weekly sweep 2026-09-14
1655 n webb st|28052,"1655 N Webb St, Gastonia, NC 28052",28052,2026-09-14,2026-09-21,1045000,1045000,zillow,https://www.zillow.com/homedetails/1655-N-Webb-St-Gastonia-NC-28052/2069114127_zpid/,listed,,weekly sweep 2026-09-14
1655 webb st|28052,"1655 Webb St, Gastonia, NC 28052",28052,2026-09-14,2026-09-21,1045000,1045000,redfin,https://www.redfin.com/NC/Gastonia/1655-N-Webb-St-28052/home/41042378,listed,,weekly sweep 2026-09-14
405 w harvie ave|28052,"405 W Harvie Ave Unit A&B, Gastonia, NC 28052",28052,2026-09-14,2026-09-14,775000,775000,both,https://www.redfin.com/NC/Gastonia/405-W-Harvie-Ave-28052/unit-A-B/home/113886261,gone,2026-09-21,weekly sweep 2026-09-14
810 s dalton st|28052,"810 S Dalton St, Gastonia, NC 28052",28052,2026-09-14,2026-09-21,885000,885000,both,https://www.redfin.com/NC/Gastonia/810-S-Dalton-St-28052/home/41035051,listed,,weekly sweep 2026-09-14
220 basin ave|28083,"220 Basin Ave, Kannapolis, NC 28083",28083,2026-09-14,2026-09-21,1295000,1250000,both,https://www.redfin.com/NC/Kannapolis/220-Basin-Ave-28083/home/43644747,listed,,weekly sweep 2026-09-14
5407 e state hwy 150|28092,"5407 E State Highway 150 #7, Lincolnton, NC 28092",28092,2026-09-14,2026-09-21,575000,575000,zillow,https://www.zillow.com/homedetails/5407-E-State-Highway-150-7-Lincolnton-NC-28092/464487785_zpid/,listed,,weekly sweep 2026-09-14
5411 e state hwy 150|28092,"5411 E State Highway 150 #6, Lincolnton, NC 28092",28092,2026-09-14,2026-09-21,575000,575000,zillow,https://www.zillow.com/homedetails/5411-E-State-Highway-150-6-Lincolnton-NC-28092/462853885_zpid/,listed,,weekly sweep 2026-09-14
1101 n main st|28144,"1101 N Main St, Salisbury, NC 28144",28144,2026-09-14,2026-09-21,599000,599000,both,https://www.redfin.com/NC/Salisbury/1101-N-Main-St-28144/home/44225670,listed,,weekly sweep 2026-09-14
306 n jackson st|28144,"306 N Jackson St, Salisbury, NC 28144",28144,2026-09-14,2026-09-21,1850000,1850000,both,https://www.redfin.com/NC/Salisbury/306-N-Jackson-St-28144/home/44232650,listed,,weekly sweep 2026-09-14
317 w d ave|28144,"317 W D Ave, Salisbury, NC 28144",28144,2026-09-14,2026-09-21,199900,199900,redfin,https://www.redfin.com/NC/Salisbury/317-W-D-Ave-28144/home/202680295,listed,,weekly sweep 2026-09-14
50 pineview cir|28170,"50 Pineview Cir, Wadesboro, NC 28170",28170,2026-09-14,2026-09-21,1595000,1595000,both,https://www.redfin.com/NC/Wadesboro/50-Pineview-Cir-28170/home/202287610,listed,,weekly sweep 2026-09-14
tbd us 74 hwy w|28170,"TBD US 74 Hwy W, Wadesboro, NC 28170",28170,2026-09-14,2026-09-21,299000,299000,redfin,https://www.redfin.com/NC/Wadesboro/TBD-US-74-HWY-W-28170/home/177582635,listed,,weekly sweep 2026-09-14
2101 kenilworth ave|28203,"2101 Kenilworth Ave, Charlotte, NC 28203",28203,2026-09-14,2026-09-21,750000,699000,both,https://www.redfin.com/NC/Charlotte/2101-Kenilworth-Ave-28203/home/43975095,listed,,weekly sweep 2026-09-14
2213 park rd|28203,"2213 Park Rd #27/28, Charlotte, NC 28203",28203,2026-09-14,2026-09-21,1695000,1695000,zillow,https://www.zillow.com/homedetails/2213-Park-Rd-27-28-Charlotte-NC-28203/463551252_zpid/,listed,,weekly sweep 2026-09-14
22132219 park rd|28203,"2213-2219 Park Rd Unit 27/28, Charlotte, NC 28203",28203,2026-09-14,2026-09-21,1695000,1695000,redfin,https://www.redfin.com/NC/Charlotte/2213-Park-Rd-28203/unit-27-28/home/202475352,listed,,weekly sweep 2026-09-14
1316 anderson st|28205,"1316 Anderson St, Charlotte, NC 28205",28205,2026-09-14,2026-09-21,1349000,1349000,both,https://www.redfin.com/NC/Charlotte/1316-Anderson-St-28205/home/43927738,listed,,weekly sweep 2026-09-14
1920 pegram st|28205,"1920 Pegram St, Charlotte, NC 28205",28205,2026-09-14,2026-09-21,1500000,1500000,both,https://www.redfin.com/NC/Charlotte/1920-Pegram-St-28205/home/43924260,listed,,weekly sweep 2026-09-14
34453447 tappan pl|28205,"3445/3447 Tappan Pl, Charlotte, NC 28205",28205,2026-09-14,2026-09-21,645000,645000,both,https://www.redfin.com/NC/Charlotte/3445-Tappan-Pl-28205/home/199924884,listed,,weekly sweep 2026-09-14
2213 alma ct|28206,"2213 Alma Ct, Charlotte, NC 28206",28206,2026-09-14,2026-09-21,1000000,1000000,both,https://www.redfin.com/NC/Charlotte/2213-Alma-Ct-28206/home/43919434,listed,,weekly sweep 2026-09-14
2225 alma ct|28206,"2225 Alma Ct, Charlotte, NC 28206",28206,2026-09-14,2026-09-21,1000000,1000000,both,https://www.redfin.com/NC/Charlotte/2225-Alma-Ct-28206/home/43919938,listed,,weekly sweep 2026-09-14
2232 alma ct|28206,"2232 Alma Ct, Charlotte, NC 28206",28206,2026-09-14,2026-09-21,950000,950000,both,https://www.redfin.com/NC/Charlotte/2232-Alma-Ct-28206/home/43919898,listed,,weekly sweep 2026-09-14
23012407 julia ave|28206,"2301-2407 Julia Ave, Charlotte, NC 28206",28206,2026-09-14,2026-09-21,2800000,2800000,both,https://www.redfin.com/NC/Charlotte/2407-Julia-Ave-28206/home/184999531,listed,,weekly sweep 2026-09-14
2336 julia ave|28206,"2336 Julia Ave, Charlotte, NC 28206",28206,2026-09-14,2026-09-21,1500000,1500000,both,https://www.redfin.com/NC/Charlotte/2336-Julia-Ave-28206/home/43919440,listed,,weekly sweep 2026-09-14
2416 julia ave|28206,"2416 Julia Ave, Charlotte, NC 28206",28206,2026-09-14,2026-09-21,1350000,1350000,both,https://www.redfin.com/NC/Charlotte/2416-Julia-Ave-28206/home/43919443,listed,,weekly sweep 2026-09-14
2479 julia ave|28206,"2479 Julia Ave, Charlotte, NC 28206",28206,2026-09-14,2026-09-21,3000000,3000000,both,https://www.redfin.com/NC/Charlotte/2479-Julia-Ave-28206/home/43919891,listed,,weekly sweep 2026-09-14
3007 yada ln|28208,"3007 Yada Ln, Charlotte, NC 28208",28208,2026-09-14,2026-09-21,8400000,8400000,zillow,https://www.zillow.com/homedetails/3007-Yada-Ln-Charlotte-NC-28208/454975119_zpid/,listed,,weekly sweep 2026-09-14
4115 tresevant ave|28208,"4115 Tresevant Ave, Charlotte, NC 28208",28208,2026-09-14,2026-09-21,395000,395000,both,https://www.redfin.com/NC/Charlotte/4115-Tresevant-Ave-28208/home/43913219,listed,,weekly sweep 2026-09-14
1661 1665 montana dr|28216,"1661 &1665 Montana Dr, Charlotte, NC 28216",28216,2026-09-14,2026-09-14,800000,800000,both,https://www.redfin.com/NC/Charlotte/1661-Montana-Dr-28216/home/78339873,gone,2026-09-21,weekly sweep 2026-09-14
9121 hutchinson ln|28216,"9121 Hutchinson Ln, Charlotte, NC 28216",28216,2026-09-14,2026-09-21,549000,549000,redfin,https://www.redfin.com/NC/Charlotte/9121-Hutchinson-Ln-28216/home/43886672,listed,,weekly sweep 2026-09-14
homes available soon plan|28216,"Homes Available Soon Plan, Charlotte, NC 28216",28216,2026-09-14,2026-09-21,,,both,https://www.redfin.com/NC/Charlotte/Charlotte/Homes-Available-Soon/home/205327136,listed,,weekly sweep 2026-09-14
the cardinal ii plan|28217,"The Cardinal II Plan, Charlotte, NC 28217",28217,2026-09-14,2026-09-21,796000,796000,redfin,https://www.redfin.com/NC/Charlotte/Charlotte/The-Cardinal-II/home/202716484,listed,,weekly sweep 2026-09-14
the cardinal plan|28217,"The Cardinal Plan, Charlotte, NC 28217",28217,2026-09-14,2026-09-21,737000,737000,redfin,https://www.redfin.com/NC/Charlotte/Charlotte/The-Cardinal/home/202716494,listed,,weekly sweep 2026-09-14
the sparrow plan|28217,"The Sparrow Plan, Charlotte, NC 28217",28217,2026-09-14,2026-09-21,825000,825000,redfin,https://www.redfin.com/NC/Charlotte/Charlotte/The-Sparrow/home/202716507,listed,,weekly sweep 2026-09-14
210 colonial dr|28301,"210 Colonial Dr, Fayetteville, NC 28301",28301,2026-09-14,2026-09-21,1650000,1650000,zillow,https://www.zillow.com/homedetails/210-Colonial-Dr-Fayetteville-NC-28301/458460561_zpid/,listed,,weekly sweep 2026-09-14
2311 nickey ave|28301,"2311 Nickey Ave, Fayetteville, NC 28301",28301,2026-09-14,2026-09-21,215000,215000,zillow,https://www.zillow.com/homedetails/2311-Nickey-Ave-Fayetteville-NC-28301/82762208_zpid/,listed,,weekly sweep 2026-09-14
2723 rivercliff rd|28301,"2723 Rivercliff Rd, Fayetteville, NC 28301",28301,2026-09-14,2026-09-14,125000,125000,zillow,https://www.zillow.com/homedetails/2723-Rivercliff-Rd-Fayetteville-NC-28301/53667922_zpid/,gone,2026-09-21,weekly sweep 2026-09-14
512 s king st|28301,"512 S King St, Fayetteville, NC 28301",28301,2026-09-14,2026-09-21,195000,195000,zillow,https://www.zillow.com/homedetails/512-S-King-St-Fayetteville-NC-28301/53674577_zpid/,listed,,weekly sweep 2026-09-14
814 varsity dr|28301,"814 Varsity Dr #A-b, Fayetteville, NC 28301",28301,2026-09-14,2026-09-21,199900,199900,zillow,https://www.zillow.com/homedetails/814-Varsity-Dr-A-B-Fayetteville-NC-28301/464159460_zpid/,listed,,weekly sweep 2026-09-14
2134 rock ave|28303,"2134 Rock Ave, Fayetteville, NC 28303",28303,2026-09-14,2026-09-21,300000,300000,zillow,https://www.zillow.com/homedetails/2134-Rock-Ave-Fayetteville-NC-28303/338587371_zpid/,listed,,weekly sweep 2026-09-14
58015807 aftonshire st|28304,"5801-5807 Aftonshire St, Fayetteville, NC 28304",28304,2026-09-14,2026-09-21,300000,300000,zillow,https://www.zillow.com/homedetails/5801-5807-Aftonshire-St-Fayetteville-NC-28304/459607313_zpid/,listed,,weekly sweep 2026-09-14
60366070 camden rd ne|28306,"6036-6070 Camden Rd NE, Fayetteville, NC 28306",28306,2026-09-14,2026-09-21,900000,900000,zillow,https://www.zillow.com/homedetails/6036-6070-Camden-Rd-NE-Fayetteville-NC-28306/402695040_zpid/,listed,,weekly sweep 2026-09-14
60366070 camden rd|28306,"6036-6070 Camden Rd, Fayetteville, NC 28306",28306,2026-09-14,2026-09-21,900000,900000,redfin,https://www.redfin.com/NC/Fayetteville/6070-Camden-Rd-28306/home/126276424,listed,,weekly sweep 2026-09-14
6108 camden rd|28306,"6108 Camden Rd, Fayetteville, NC 28306",28306,2026-09-14,2026-09-21,299900,299900,both,https://www.redfin.com/NC/Fayetteville/6108-Camden-Rd-28306/home/126100761,listed,,weekly sweep 2026-09-14
1524 seabrook school rd|28312,"1524 Seabrook School Rd, Fayetteville, NC 28312",28312,2026-09-14,2026-09-21,275000,275000,both,https://www.redfin.com/NC/Fayetteville/1524-Seabrook-School-Rd-28312/home/184970019,listed,,weekly sweep 2026-09-14
45|28320,"45, 51, 53 Plum Nellie Rd, Bladenboro, NC 28320",28320,2026-09-14,2026-09-21,129000,129000,redfin,https://www.redfin.com/NC/Bladenboro/53-Plum-Nellie-Rd-28320/home/200790846,listed,,weekly sweep 2026-09-14
1103 n elm st|28358,"1103 N Elm St, Lumberton, NC 28358",28358,2026-09-14,2026-09-21,1250000,1250000,both,https://www.redfin.com/NC/Lumberton/1103-N-Elm-St-28358/home/139550552,listed,,weekly sweep 2026-09-14
421 horn rd|28412,"421 Horn Road, Wilmington, NC 28412",28412,2026-09-14,2026-09-21,579000,579000,zillow,https://www.zillow.com/homedetails/421-Horn-Rd-Wilmington-NC-28412/68962097_zpid/,listed,,weekly sweep 2026-09-14
74017429 starlight ln|28412,"7401-7429 Starlight Lane, Wilmington, NC 28412",28412,2026-09-14,2026-09-21,745000,745000,zillow,https://www.zillow.com/homedetails/74017429-7401-7429-Starlight-Ln-Wilmington-NC-28412/460949453_zpid/,listed,,weekly sweep 2026-09-14
undisclosed address|28412,"Undisclosed address, Wilmington, NC 28412",28412,2026-09-14,2026-09-21,1415000,1415000,both,https://www.redfin.com/NC/Wilmington/Undisclosed-address-28412/home/163185989,listed,,weekly sweep 2026-09-14
210 shipman rd building e|28532,"210 Shipman Road Building E, Havelock, NC 28532",28532,2026-09-14,2026-09-21,525000,525000,zillow,https://www.zillow.com/homedetails/210-Shipman-Rd-BUILDING-E-Havelock-NC-28532/465062148_zpid/,listed,,weekly sweep 2026-09-14
304 starling st|28540,"304 Starling Street, Jacksonville, NC 28540",28540,2026-09-14,2026-09-21,250000,250000,zillow,https://www.zillow.com/homedetails/304-Starling-St-306-Jacksonville-NC-28540/459751142_zpid/,listed,,weekly sweep 2026-09-14
218 37th st sw|28602,"218 37th St SW, Hickory, NC 28602",28602,2026-09-14,2026-09-21,625000,625000,zillow,https://www.zillow.com/homedetails/218-37th-St-SW-Hickory-NC-28602/227254557_zpid/,listed,,weekly sweep 2026-09-14
2588 old shelby rd|28602,"2588 Old Shelby Rd, Hickory, NC 28602",28602,2026-09-14,2026-09-21,549000,549000,zillow,https://www.zillow.com/homedetails/2588-Old-Shelby-Rd-Hickory-NC-28602/459149949_zpid/,listed,,weekly sweep 2026-09-14
303 37th st sw|28602,"303 37th St SW, Hickory, NC 28602",28602,2026-09-14,2026-09-21,700000,700000,zillow,https://www.zillow.com/homedetails/303-37th-St-SW-Hickory-NC-28602/71960069_zpid/,listed,,weekly sweep 2026-09-14
2257 quiet creek ln|28645,"2257 Quiet Creek Ln, Lenoir, NC 28645",28645,2026-09-14,2026-09-21,1175000,1175000,redfin,https://www.redfin.com/NC/Lenoir/2257-Quiet-Creek-Ln-28645/home/119981287,listed,,weekly sweep 2026-09-14
0 e meeting st|28655,"0 E Meeting St, Morganton, NC 28655",28655,2026-09-14,2026-09-21,648000,648000,both,https://www.redfin.com/NC/Morganton/E-Meeting-St-28655/home/202013595,listed,,weekly sweep 2026-09-14
100|28655,"100, 102-109, 111 Ross St, Morganton, NC 28655",28655,2026-09-14,2026-09-21,6999500,6999500,redfin,https://www.redfin.com/NC/Morganton/100-Ross-St-28655/home/119904280,listed,,weekly sweep 2026-09-14
100102 ross st|28655,"100-102 Ross St #109, Morganton, NC 28655",28655,2026-09-14,2026-09-21,6999500,6999500,zillow,https://www.zillow.com/homedetails/100-102-Ross-St-109-Morganton-NC-28655/460367138_zpid/,listed,,weekly sweep 2026-09-14
189 beacon ave|28655,"189 Beacon Ave, Morganton, NC 28655",28655,2026-09-14,2026-09-21,2160000,2160000,both,https://www.redfin.com/NC/Morganton/189-Beacon-Ave-28655/home/204672261,listed,,weekly sweep 2026-09-14
4467 patti clymer dr|28655,"4467 Patti Clymer Dr #1, Morganton, NC 28655",28655,2026-09-14,2026-09-21,699900,699900,both,https://www.redfin.com/NC/Morganton/4467-Patti-Clymer-Dr-28655/unit-1/home/195062671,listed,,weekly sweep 2026-09-14
1002 statesville rd|28659,"1002 Statesville Rd, North Wilkesboro, NC 28659",28659,2026-09-14,2026-09-21,,,both,https://www.zillow.com/homedetails/1002-Statesville-Rd-North-Wilkesboro-NC-28659/448788106_zpid/,listed,,weekly sweep 2026-09-14
617 john mcgrady rd|28659,"617 John McGrady Rd, North Wilkesboro, NC 28659",28659,2026-09-14,2026-09-21,799000,799000,both,https://www.zillow.com/homedetails/617-John-McGrady-Rd-North-Wilkesboro-NC-28659/295898468_zpid/,listed,,weekly sweep 2026-09-14
1013 caldwell st|28677,"1013 Caldwell St, Statesville, NC 28677",28677,2026-09-14,2026-09-21,5000000,5000000,both,https://www.redfin.com/NC/Statesville/1013-Caldwell-St-28677/home/44318504,listed,,weekly sweep 2026-09-14
533 pebble hill ct|22903,"533 Pebble Hill Ct, Charlottesville, VA 22903",22903,2026-09-21,2026-09-21,420000,420000,zillow,https://www.zillow.com/homedetails/533-Pebble-Hill-Ct-Charlottesville-VA-22903/79025886_zpid/,listed,,weekly sweep 2026-09-21
3314 3rd ave|23222,"3314 3rd Ave, Richmond, VA 23222",23222,2026-09-21,2026-09-21,349000,349000,both,https://www.redfin.com/VA/Richmond/3314-3rd-Ave-23222/home/55421898,listed,,weekly sweep 2026-09-21
1123 28th st|23607,"1123 28th St, Newport News, VA 23607",23607,2026-09-21,2026-09-21,120000,120000,both,https://www.redfin.com/VA/Newport-News/1123-28th-St-23607/home/49665168,listed,,weekly sweep 2026-09-21
1520 prentis ave ave|23704,"1520 Prentis Ave Ave, Portsmouth, VA 23704",23704,2026-09-21,2026-09-21,850000,850000,redfin,https://www.redfin.com/VA/Portsmouth/1520-Prentis-Ave-23704/home/49360222,listed,,weekly sweep 2026-09-21
1520 prentis ave|23704,"1520 Prentis Ave, Portsmouth, VA 23704",23704,2026-09-21,2026-09-21,850000,850000,zillow,https://www.zillow.com/homedetails/1520-Prentis-Ave-Portsmouth-VA-23704/2119890485_zpid/,listed,,weekly sweep 2026-09-21
121 northwynd cir|24502,"121 Northwynd Cir, Lynchburg, VA 24502",24502,2026-09-21,2026-09-21,559900,559900,both,https://www.zillow.com/homedetails/121-Northwynd-Cir-Lynchburg-VA-24502/2054872941_zpid/,listed,,weekly sweep 2026-09-21
829 stokes st|24541,"829 Stokes St, Danville, VA 24541",24541,2026-09-21,2026-09-21,10000,10000,both,https://www.redfin.com/VA/Danville/829-Stokes-St-24541/home/124276250,listed,,weekly sweep 2026-09-21
1023 s main st|27215,"1023 S Main St, Burlington, NC 27215",27215,2026-09-21,2026-09-21,289000,289000,zillow,https://www.zillow.com/homedetails/1023-S-Main-St-Burlington-NC-27215/353398910_zpid/,listed,,weekly sweep 2026-09-21
413415 gilmer cir|27320,"413-415 Gilmer Cir, Reidsville, NC 27320",27320,2026-09-21,2026-09-21,149900,149900,both,https://www.zillow.com/homedetails/413-415-Gilmer-Cir-Reidsville-NC-27320/465453762_zpid/,listed,,weekly sweep 2026-09-21
307 n church st|27520,"307 N Church St, Clayton, NC 27520",27520,2026-09-21,2026-09-21,320000,320000,zillow,https://www.zillow.com/homedetails/307-N-Church-St-Clayton-NC-27520/69088544_zpid/,listed,,weekly sweep 2026-09-21
201a n sellers st|27576,"201a N Sellers St, Selma, NC 27576",27576,2026-09-21,2026-09-21,514000,514000,both,https://www.redfin.com/NC/Selma/201A-N-Sellers-St-27576/home/205613000,listed,,weekly sweep 2026-09-21
104 ridge pl|27834,"104 Ridge Place #Abcd, Greenville, NC 27834",27834,2026-09-21,2026-09-21,200000,200000,both,https://www.zillow.com/homedetails/104-Ridge-Pl-Greenville-NC-27834/80893134_zpid/,listed,,weekly sweep 2026-09-21
114 ridge pl|27834,"114 Ridge Place #A&B, Greenville, NC 27834",27834,2026-09-21,2026-09-21,175000,175000,zillow,https://www.zillow.com/homedetails/114-Ridge-Pl-AB-Greenville-NC-27834/465347757_zpid/,listed,,weekly sweep 2026-09-21
21042106 barefoot park ln sw|27893,"2104-2106 Barefoot Park Ln SW, Wilson, NC 27893",27893,2026-09-21,2026-09-21,250000,250000,both,https://www.redfin.com/NC/Wilson/2104-Barefoot-Park-Ln-SW-27893/home/65293338,listed,,weekly sweep 2026-09-21
undisclosed address|28001,"Undisclosed address, Albemarle, NC 28001",28001,2026-09-21,2026-09-21,545000,545000,redfin,https://www.redfin.com/NC/Albemarle/Undisclosed-address-28001/home/43770909,listed,,weekly sweep 2026-09-21
730 longleaf ave|28056,"730 Longleaf Ave #33, Gastonia, NC 28056",28056,2026-09-21,2026-09-21,294752,294752,both,https://www.redfin.com/NC/Gastonia/730-Longleaf-Ave-28056/unit-33/home/205601961,listed,,weekly sweep 2026-09-21
734 longleaf ave|28056,"734 Longleaf Ave #34, Gastonia, NC 28056",28056,2026-09-21,2026-09-21,283420,283420,both,https://www.redfin.com/NC/Gastonia/734-Longleaf-Ave-28056/unit-34/home/205602269,listed,,weekly sweep 2026-09-21
738 longleaf ave|28056,"738 Longleaf Ave #35, Gastonia, NC 28056",28056,2026-09-21,2026-09-21,262206,262206,both,https://www.redfin.com/NC/Gastonia/738-Longleaf-Ave-28056/unit-35/home/205602790,listed,,weekly sweep 2026-09-21
742 longleaf ave|28056,"742 Longleaf Ave #36, Gastonia, NC 28056",28056,2026-09-21,2026-09-21,291900,291900,both,https://www.redfin.com/NC/Gastonia/742-Longleaf-Ave-28056/unit-36/home/205603406,listed,,weekly sweep 2026-09-21
517 denver st|28083,"517 Denver St, Kannapolis, NC 28083",28083,2026-09-21,2026-09-21,750000,750000,both,https://www.redfin.com/NC/Kannapolis/517-Denver-St-28083/home/43642259,listed,,weekly sweep 2026-09-21
2427 carmine st|28206,"2427 Carmine St, Charlotte, NC 28206",28206,2026-09-21,2026-09-21,1250000,1250000,both,https://www.redfin.com/NC/Charlotte/2427-Carmine-St-28206/home/44139400,listed,,weekly sweep 2026-09-21
505 mcdaniel st|28301,"505 McDaniel St #506, Fayetteville, NC 28301",28301,2026-09-21,2026-09-21,307000,307000,zillow,https://www.zillow.com/homedetails/505-McDaniel-St-506-Fayetteville-NC-28301/2055514871_zpid/,listed,,weekly sweep 2026-09-21
4938 galveston dr|28303,"4938 Galveston Dr, Fayetteville, NC 28303",28303,2026-09-21,2026-09-21,859000,859000,both,https://www.redfin.com/NC/Fayetteville/4938-Galveston-Dr-28303/home/184978999,listed,,weekly sweep 2026-09-21
4945 fieldcrest dr|28303,"4945 Fieldcrest Dr, Fayetteville, NC 28303",28303,2026-09-21,2026-09-21,649000,649000,both,https://www.redfin.com/NC/Fayetteville/4945-Fieldcrest-Dr-28303/home/177937505,listed,,weekly sweep 2026-09-21
319 connelly springs rd sw|28645,"319 Connelly Springs Rd SW, Lenoir, NC 28645",28645,2026-09-21,2026-09-21,750000,750000,both,https://www.redfin.com/NC/Lenoir/319-Connelly-Springs-Rd-28645/home/201869121,listed,,weekly sweep 2026-09-21
109 herron st|28655,"109 Herron St, Morganton, NC 28655",28655,2026-09-21,2026-09-21,349999,349999,both,https://www.redfin.com/NC/Morganton/109-N-College-St-28655/home/118793052,listed,,weekly sweep 2026-09-21
2116 fox mountain rd|28722,"2116 Fox Mountain Rd, Columbus, NC 28722",28722,2026-09-21,2026-09-21,150000,150000,both,https://www.zillow.com/homedetails/2116-Fox-Mountain-Rd-Columbus-NC-28722/245994660_zpid/,listed,,weekly sweep 2026-09-21
26 den ln|28722,"26 Den Ln, Columbus, NC 28722",28722,2026-09-21,2026-09-21,425000,425000,both,https://www.zillow.com/homedetails/26-Den-Ln-Columbus-NC-28722/465253833_zpid/,listed,,weekly sweep 2026-09-21
