geoid,county,tract,tier,duplex_type_units,expected_sales_per_year,median_value,median_rent,rent_to_price_at_1.0x,coc_at_1.0x,tenant_payment_risk,employment_stability,enhanced_score,gate1,tier_gate1,county_condition,zips_by_land_share
42101008500,Philadelphia County PA,Census Tract 85,P,1505,4.71,174300.0,1168.0,1.34,14.6,44.8,76.4,87.5,PASS,3,,19139 (89%); 19143 (11%)
42101003901,Philadelphia County PA,Census Tract 39.01,F,1448,4.53,299900.0,1209.0,0.81,-0.7,25.0,86.8,64.4,FAIL: not in positive-cash-flow set,6,,19145 (100%)
42101035702,Philadelphia County PA,Census Tract 357.02,F,1296,4.05,333000.0,1372.0,0.82,-0.2,37.8,76.4,58.9,FAIL: not in positive-cash-flow set,6,,19116 (100%)
42091202401,Montgomery County PA,Census Tract 2024.01,F,1237,10.39,,1474.0,,,,,,no data,,,19027 (100%)
42101011400,Philadelphia County PA,Census Tract 114,P,1145,3.58,195800.0,1158.0,1.18,10.1,34.4,80.1,85.3,PASS,2,,19151 (88%); 19131 (12%)
42101014000,Philadelphia County PA,Census Tract 140,P,1098,3.43,289100.0,1304.0,0.9,2.0,34.8,88.1,73.7,PASS,2,,19121 (73%); 19130 (27%)
42101025200,Philadelphia County PA,Census Tract 252,F,1061,3.32,224900.0,884.0,0.79,-1.3,45.6,67.8,53.0,FAIL: not in positive-cash-flow set,6,,19144 (80%); 19119 (18%); 19138 (2%)
36007013400,Broome County NY,Census Tract 134,P,1034,15.04,132800.0,879.0,1.32,14.2,35.1,82.3,90.5,PASS,2,,13760 (100%)
42101035500,Philadelphia County PA,Census Tract 355,F,895,2.8,327400.0,1178.0,0.72,-3.2,47.1,79.4,51.9,FAIL: not in positive-cash-flow set,6,,19115 (100%)
42101033701,Philadelphia County PA,Census Tract 337.01,P,870,2.72,277000.0,1248.0,0.9,2.0,29.5,81.6,68.8,PASS,1,,19152 (100%)
42101027800,Philadelphia County PA,Census Tract 278,P,861,2.69,165200.0,1057.0,1.28,12.9,28.9,65.9,89.3,PASS,2,,19141 (100%)
42101033600,Philadelphia County PA,Census Tract 336,P,855,2.67,299800.0,1365.0,0.91,2.3,39.7,85.4,64.4,PASS,2,,19152 (53%); 19111 (47%)
36007013600,Broome County NY,Census Tract 136,P,843,12.26,109400.0,818.0,1.5,19.1,34.2,80.3,95.0,PASS,2,,13760 (100%)
42069112100,Lackawanna County PA,Census Tract 1121,P,840,18.29,184200.0,910.0,0.99,4.5,17.3,81.8,78.2,PASS,1,,18512 (62%); 18505 (34%); 18444 (3%); 18510 (1%)
42101028300,Philadelphia County PA,Census Tract 283,F,812,2.54,158000.0,965.0,1.22,11.2,46.9,79.8,82.5,FAIL: tenant payment risk,4,,19141 (65%); 19140 (35%)
42069111200,Lackawanna County PA,Census Tract 1112,P,805,17.52,198300.0,1063.0,1.07,6.9,19.0,80.0,83.0,PASS,1,,18447 (51%); 18452 (49%)
42101012204,Philadelphia County PA,Census Tract 122.04,P,803,2.51,215400.0,1342.0,1.25,11.9,33.6,73.7,87.1,PASS,1,,19131 (100%)
42101013300,Philadelphia County PA,Census Tract 133,F,799,2.5,452600.0,1669.0,0.74,-2.7,21.4,92.2,62.9,FAIL: not in positive-cash-flow set,6,,19130 (100%)
42101030000,Philadelphia County PA,Census Tract 300,F,794,2.48,126400.0,1044.0,1.65,23.6,50.0,83.1,88.9,FAIL: tenant payment risk,5,,19124 (100%)
42101026400,Philadelphia County PA,Census Tract 264,P,793,2.48,216300.0,1287.0,1.19,10.3,9.5,83.2,82.3,PASS,1,,19138 (73%); 19150 (27%)
42101007900,Philadelphia County PA,Census Tract 79,F,778,2.43,656100.0,1342.0,0.41,-12.2,31.7,91.2,39.4,FAIL: not in positive-cash-flow set,6,,19143 (97%); 19104 (3%)
42101030100,Philadelphia County PA,Census Tract 301,F,773,2.42,207300.0,855.0,0.82,-0.2,47.7,72.3,54.1,FAIL: not in positive-cash-flow set,6,,19124 (100%)
42101035701,Philadelphia County PA,Census Tract 357.01,P,765,2.39,291500.0,1264.0,0.87,1.0,29.5,82.2,67.7,PASS,1,,19116 (94%); 19115 (6%)
42101008701,Philadelphia County PA,Census Tract 87.01,F,760,2.38,553600.0,1511.0,0.55,-8.2,30.3,88.7,49.3,FAIL: not in positive-cash-flow set,6,,19104 (100%)
42101034502,Philadelphia County PA,Census Tract 345.02,P,749,2.34,269400.0,1362.0,1.01,5.2,28.6,84.2,80.4,PASS,1,,19115 (100%)
36007000200,Broome County NY,Census Tract 2,P,746,10.85,79900.0,938.0,2.35,43.7,33.4,79.5,97.5,PASS,1,,13905 (100%)
42029300700,Chester County PA,Census Tract 3007,P,739,3.61,341500.0,1709.0,1.0,4.9,29.0,88.6,81.6,PASS,1,,19460 (100%)
42101020200,Philadelphia County PA,Census Tract 202,P,737,2.3,96800.0,1108.0,2.29,42.0,37.9,67.9,90.0,PASS,2,,19140 (97%); 19132 (3%)
42101008000,Philadelphia County PA,Census Tract 80,P,721,2.25,357200.0,1652.0,0.92,2.7,38.5,86.2,71.5,PASS,2,,19143 (100%)
34001000300,Atlantic County NJ,Census Tract 3,F,717,5.17,162500.0,1321.0,1.63,22.9,45.8,77.2,95.6,FAIL: tenant payment risk,4,,08401 (100%)
42101009100,Philadelphia County PA,Census Tract 91,F,708,2.21,,1232.0,,,,,,no data,,,19104 (100%)
42101030600,Philadelphia County PA,Census Tract 306,P,706,2.21,209300.0,1349.0,1.29,13.2,36.7,79.1,83.9,PASS,2,,19111 (100%)
36007000100,Broome County NY,Census Tract 1,P,695,10.11,114300.0,834.0,1.46,18.1,30.4,85.4,95.5,PASS,1,,13905 (99%); 13790 (1%)
42101007800,Philadelphia County PA,Census Tract 78,F,683,2.14,597800.0,1299.0,0.43,-11.4,39.9,84.6,41.6,FAIL: not in positive-cash-flow set,6,,19143 (99%); 19104 (1%)
36007001800,Broome County NY,Census Tract 18,P,680,9.89,99000.0,813.0,1.64,23.4,18.8,78.2,95.9,PASS,1,,13903 (100%)
42101015300,Philadelphia County PA,Census Tract 153,F,679,2.12,226200.0,861.0,0.76,-2.0,36.9,77.5,56.9,FAIL: not in positive-cash-flow set,6,,19121 (100%)
42079212100,Luzerne County PA,Census Tract 2121,P,678,17.34,173000.0,998.0,1.15,9.3,22.0,85.0,92.4,PASS,1,,18704 (100%)
42101009300,Philadelphia County PA,Census Tract 93,P,678,2.12,128800.0,1173.0,1.82,28.5,37.8,72.5,91.7,PASS,2,,19139 (100%)
42101011000,Philadelphia County PA,Census Tract 110,F,672,2.1,145500.0,1160.0,1.59,22.0,55.0,79.9,91.1,FAIL: tenant payment risk,5,,19104 (100%)
36101960700,Steuben County NY,Census Tract 9607,P,669,6.28,87900.0,733.0,1.67,24.1,17.5,76.8,99.7,PASS,1,,14843 (100%)
36007001401,Broome County NY,Census Tract 14.01,F,667,9.7,,1442.0,,,,,,no data,,,13905 (100%)
42101024300,Philadelphia County PA,Census Tract 243,P,666,2.08,222000.0,1289.0,1.16,9.5,34.0,81.3,88.6,PASS,2,,19144 (100%)
42101014700,Philadelphia County PA,Census Tract 147,F,659,2.06,,1186.0,,,,,,no data,,,19121 (100%)
36007000400,Broome County NY,Census Tract 4,F,659,9.59,102200.0,796.0,1.56,20.9,58.4,75.8,88.7,FAIL: tenant payment risk,6,,13901 (100%)
42101015200,Philadelphia County PA,Census Tract 152,P,652,2.04,158100.0,1246.0,1.58,21.4,39.6,72.2,92.5,PASS,2,,19121 (96%); 19132 (4%)
42091200308,Montgomery County PA,Census Tract 2003.08,P,649,5.45,358200.0,1753.0,0.98,4.2,26.0,90.1,84.5,PASS,1,,19090 (100%)
36007000300,Broome County NY,Census Tract 3,P,648,9.43,218300.0,1037.0,0.95,3.4,33.6,78.6,74.5,PASS,1,,13905 (100%)
36015000600,Chemung County NY,Census Tract 6,F,643,8.29,,1232.0,,,,,,no data,,,14901 (87%); 14905 (13%)
36007001700,Broome County NY,Census Tract 17,P,636,9.25,117200.0,830.0,1.42,16.8,35.8,78.1,90.8,PASS,2,,13903 (100%)
42091203803,Montgomery County PA,Census Tract 2038.03,F,633,5.32,184100.0,1331.0,1.45,17.7,48.4,83.2,93.8,FAIL: tenant payment risk,4,,19401 (100%)
34001010104,Atlantic County NJ,Census Tract 101.04,F,633,4.57,486500.0,1508.0,0.62,-6.1,31.6,74.5,42.9,FAIL: not in positive-cash-flow set,6,,08203 (100%)
42069100600,Lackawanna County PA,Census Tract 1006,P,629,13.69,170800.0,1101.0,1.29,13.2,34.6,80.9,91.3,PASS,2,,18510 (49%); 18509 (47%); 18508 (3%); 18503 (1%)
42101002701,Philadelphia County PA,Census Tract 27.01,P,629,1.97,377000.0,1573.0,0.83,0.1,33.6,87.1,67.4,PASS,1,,19148 (52%); 19147 (48%)
42101001400,Philadelphia County PA,Census Tract 14,F,626,1.96,751000.0,1995.0,0.53,-8.6,25.8,89.3,46.4,FAIL: not in positive-cash-flow set,6,,19146 (100%)
42017100306,Bucks County PA,Census Tract 1003.06,F,622,2.83,297500.0,1074.0,0.72,-3.2,15.1,87.2,56.3,FAIL: not in positive-cash-flow set,6,,19007 (100%)
36007013700,Broome County NY,Census Tract 137,P,621,9.03,127300.0,848.0,1.33,14.4,16.4,81.2,99.9,PASS,1,,13760 (100%)
42101027300,Philadelphia County PA,Census Tract 273,P,614,1.92,139600.0,1360.0,1.95,32.2,33.0,81.7,95.9,PASS,1,,19120 (100%)
34005700407,Burlington County NJ,Census Tract 7004.07,P,612,3.95,161000.0,1656.0,2.06,35.3,43.0,81.5,100,PASS,3,,08052 (100%)
42011000100,Berks County PA,Census Tract 1,F,606,6.53,68800.0,911.0,2.65,52.3,46.4,73.2,93.6,FAIL: tenant payment risk,4,,19602 (50%); 19601 (50%)
36107020500,Tioga County NY,Census Tract 205,P,606,6.14,147300.0,901.0,1.22,11.3,37.1,80.5,87.7,PASS,2,,13827 (100%)
34005700603,Burlington County NJ,Census Tract 7006.03,P,600,3.88,300900.0,1397.0,0.93,2.8,28.9,86.9,77.3,PASS,1,,08075 (100%)
36015000100,Chemung County NY,Census Tract 1,P,600,7.74,61900.0,987.0,3.19,67.9,41.4,77.9,97.3,PASS,3,,14901 (100%)
42029302600,Chester County PA,Census Tract 3026,F,599,2.93,436700.0,1755.0,0.8,-0.8,34.3,87.1,65.9,FAIL: not in positive-cash-flow set,6,,19382 (93%); 19380 (6%); 19383 (1%)
34007601300,Camden County NJ,Census Tract 6013,P,599,3.42,111600.0,1383.0,2.48,47.4,43.6,83.4,99.7,PASS,3,,08105 (81%); 08109 (19%)
42079200500,Luzerne County PA,Census Tract 2005,P,592,15.14,114800.0,782.0,1.36,15.3,29.4,75.4,91.8,PASS,1,,18702 (55%); 18701 (45%)
42079212700,Luzerne County PA,Census Tract 2127,P,585,14.96,149800.0,1047.0,1.4,16.3,30.2,81.0,95.4,PASS,1,,18704 (100%)
34015500400,Gloucester County NJ,Census Tract 5004,P,584,3.93,202700.0,976.0,0.96,3.8,39.8,77.6,71.6,PASS,2,,08066 (100%)
42069112300,Lackawanna County PA,Census Tract 1123,P,581,12.65,182300.0,921.0,1.01,5.1,36.7,83.3,80.0,PASS,2,,18510 (46%); 18509 (31%); 18512 (22%)
42101034200,Philadelphia County PA,Census Tract 342,F,581,1.82,355000.0,1427.0,0.8,-0.8,28.9,77.3,63.3,FAIL: not in positive-cash-flow set,6,,19111 (82%); 19115 (18%)
34007607801,Camden County NJ,Census Tract 6078.01,P,581,3.32,200200.0,1291.0,1.29,13.2,32.8,90.0,94.8,PASS,1,,08021 (100%)
42091200301,Montgomery County PA,Census Tract 2003.01,F,579,4.87,389700.0,1544.0,0.79,-1.1,25.1,89.9,63.3,FAIL: not in positive-cash-flow set,6,,19040 (53%); 19090 (39%); 19044 (8%)
42101005500,Philadelphia County PA,Census Tract 55,P,579,1.81,196600.0,1627.0,1.66,23.7,37.1,79.8,97.5,PASS,2,,19153 (96%); 19142 (4%)
42045410500,Delaware County PA,Census Tract 4105,P,578,5.76,184600.0,1268.0,1.37,15.6,39.9,80.9,90.8,PASS,2,,19082 (100%)
42101006300,Philadelphia County PA,Census Tract 63,F,577,1.8,101700.0,1249.0,2.46,46.8,47.2,73.2,92.0,FAIL: tenant payment risk,4,,19142 (100%)
36007014000,Broome County NY,Census Tract 140,F,577,8.39,100000.0,889.0,1.78,27.3,50.0,76.4,91.1,FAIL: tenant payment risk,5,,13790 (100%)
42037050600,Columbia County PA,Census Tract 506,P,573,9.44,157200.0,758.0,0.96,3.8,32.2,80.9,75.9,PASS,1,,18603 (100%)
42101032900,Philadelphia County PA,Census Tract 329,P,568,1.78,210300.0,1125.0,1.07,6.9,27.5,75.3,75.3,PASS,1,,19136 (100%)
42101013900,Philadelphia County PA,Census Tract 139,F,566,1.77,395500.0,1335.0,0.68,-4.5,33.4,81.2,50.1,FAIL: not in positive-cash-flow set,6,,19121 (83%); 19130 (17%)
42101014400,Philadelphia County PA,Census Tract 144,P,557,1.74,444900.0,2095.0,0.94,3.2,23.6,94.0,84.7,PASS,1,,19122 (90%); 19125 (6%); 19123 (4%)
42011001300,Berks County PA,Census Tract 13,P,554,5.97,66100.0,1034.0,3.13,66.2,36.2,75.8,96.6,PASS,2,,19601 (100%)
42101002400,Philadelphia County PA,Census Tract 24,F,554,1.73,502900.0,1724.0,0.69,-4.2,40.9,86.7,52.2,FAIL: not in positive-cash-flow set,6,,19147 (100%)
36007013100,Broome County NY,Census Tract 131,P,552,8.03,116600.0,895.0,1.54,20.3,41.5,82.9,98.2,PASS,3,,13760 (100%)
42069110800,Lackawanna County PA,Census Tract 1108,P,546,11.89,114800.0,699.0,1.22,11.1,37.0,74.6,83.7,PASS,2,,18407 (100%)
42079213200,Luzerne County PA,Census Tract 2132,P,546,13.97,123200.0,1069.0,1.74,26.0,43.0,79.2,93.5,PASS,3,,18704 (100%)
42101004101,Philadelphia County PA,Census Tract 41.01,P,546,1.71,283300.0,1676.0,1.18,10.1,31.3,83.1,80.4,PASS,1,,19148 (100%)
42101037700,Philadelphia County PA,Census Tract 377,F,546,1.71,241500.0,1170.0,0.97,4.0,54.0,71.2,68.4,FAIL: tenant payment risk,5,,19122 (100%)
42091200502,Montgomery County PA,Census Tract 2005.02,F,545,4.58,382100.0,1373.0,0.72,-3.3,19.2,91.9,60.0,FAIL: not in positive-cash-flow set,6,,19044 (98%); 19040 (2%)
42045403800,Delaware County PA,Census Tract 4038,P,543,5.41,244600.0,1183.0,0.97,3.9,41.0,84.6,71.5,PASS,3,,19076 (100%)
42101000200,Philadelphia County PA,Census Tract 2,F,543,1.7,,1803.0,,,,,,no data,,,19107 (86%); 19106 (14%)
42101001900,Philadelphia County PA,Census Tract 19,F,543,1.7,546400.0,2200.0,0.81,-0.8,23.9,93.3,68.6,FAIL: not in positive-cash-flow set,6,,19146 (100%)
42101009200,Philadelphia County PA,Census Tract 92,P,542,1.69,308700.0,1344.0,0.87,1.1,28.3,83.9,65.3,PASS,1,,19104 (96%); 19139 (4%)
34015500100,Gloucester County NJ,Census Tract 5001,F,539,3.63,196000.0,1171.0,1.19,10.5,51.3,84.1,87.9,FAIL: tenant payment risk,5,,08093 (100%)
42069100800,Lackawanna County PA,Census Tract 1008,P,536,11.67,164400.0,1137.0,1.38,15.9,32.3,76.9,92.5,PASS,1,,18509 (100%)
42101001302,Philadelphia County PA,Census Tract 13.02,P,535,1.67,533800.0,2425.0,0.91,2.2,19.0,89.7,76.4,PASS,1,,19146 (100%)
42101004001,Philadelphia County PA,Census Tract 40.01,P,530,1.66,331500.0,1445.0,0.87,1.2,44.9,86.6,64.2,PASS,3,,19148 (100%)
42101034100,Philadelphia County PA,Census Tract 341,F,529,1.65,298600.0,1165.0,0.78,-1.5,29.1,81.3,63.9,FAIL: not in positive-cash-flow set,6,,19111 (100%)
36015001000,Chemung County NY,Census Tract 10,F,529,6.82,67400.0,954.0,2.83,57.6,54.6,69.5,92.7,FAIL: tenant payment risk,5,,14904 (100%)
42069101700,Lackawanna County PA,Census Tract 1017,P,527,11.47,166400.0,1128.0,1.36,15.1,32.2,84.1,96.2,PASS,1,,18504 (100%)
42069111400,Lackawanna County PA,Census Tract 1114,P,526,11.45,160900.0,963.0,1.2,10.5,26.0,85.0,90.4,PASS,1,,18447 (71%); 18512 (27%); 18434 (2%)
42101028902,Philadelphia County PA,Census Tract 289.02,P,525,1.64,104000.0,992.0,1.91,31.0,40.2,81.3,86.4,PASS,2,,19120 (62%); 19124 (38%)
36007013500,Broome County NY,Census Tract 135,P,524,7.62,83600.0,847.0,2.03,34.4,44.8,69.8,94.5,PASS,3,,13760 (100%)
42101013402,Philadelphia County PA,Census Tract 134.02,F,523,1.64,741700.0,1753.0,0.47,-10.3,20.3,86.4,49.4,FAIL: not in positive-cash-flow set,6,,19130 (100%)
36007001300,Broome County NY,Census Tract 13,F,523,7.61,163900.0,1068.0,1.3,13.6,53.8,70.9,86.2,FAIL: tenant payment risk,5,,13905 (100%)
42101010000,Philadelphia County PA,Census Tract 100,F,519,1.62,167100.0,1276.0,1.53,20.0,50.1,80.9,90.5,FAIL: tenant payment risk,5,,19151 (77%); 19139 (23%)
42101017800,Philadelphia County PA,Census Tract 178,P,518,1.62,108500.0,1037.0,1.91,31.1,39.7,76.6,93.5,PASS,2,,19134 (95%); 19125 (5%)
42011001800,Berks County PA,Census Tract 18,P,517,5.57,150000.0,1015.0,1.35,15.0,26.3,77.1,96.8,PASS,1,,19606 (42%); 19602 (35%); 19604 (17%); 19601 (6%)
42101010100,Philadelphia County PA,Census Tract 101,P,516,1.61,125000.0,990.0,1.58,21.7,26.4,79.2,98.0,PASS,1,,19151 (100%)
36007000700,Broome County NY,Census Tract 7,P,516,7.51,98700.0,1155.0,2.34,43.5,34.5,72.8,91.3,PASS,2,,13904 (100%)
34001013302,Atlantic County NJ,Census Tract 133.02,P,513,3.7,278100.0,1619.0,1.16,9.6,32.8,79.4,86.2,PASS,1,,08406 (100%)
42097080301,Northumberland County PA,Census Tract 803.01,F,512,6.09,259300.0,905.0,0.7,-3.8,19.2,89.4,61.1,FAIL: not in positive-cash-flow set,6,,17847 (100%)
42101002900,Philadelphia County PA,Census Tract 29,F,511,1.6,442000.0,1456.0,0.66,-5.0,10.2,90.3,58.4,FAIL: not in positive-cash-flow set,6,,19147 (62%); 19148 (38%)
34001010105,Atlantic County NJ,Census Tract 101.05,F,508,3.67,488300.0,1443.0,0.59,-6.9,44.3,77.7,42.2,FAIL: not in positive-cash-flow set,6,,08203 (100%)
36101962700,Steuben County NY,Census Tract 9627,P,506,4.75,212300.0,1050.0,0.99,4.5,27.1,82.7,80.0,PASS,1,,14830 (100%)
42101013602,Philadelphia County PA,Census Tract 136.02,F,505,1.58,468300.0,1861.0,0.79,-1.1,14.7,94.0,72.6,FAIL: not in positive-cash-flow set,6,,19130 (100%)
36007001402,Broome County NY,Census Tract 14.02,P,504,7.33,164700.0,787.0,0.96,3.6,44.7,76.4,72.8,PASS,3,,13905 (100%)
36015000500,Chemung County NY,Census Tract 5,P,504,6.5,109300.0,973.0,1.78,27.3,32.5,80.0,99.2,PASS,1,,14905 (77%); 14901 (23%)
42101008200,Philadelphia County PA,Census Tract 82,F,503,1.57,199300.0,1759.0,1.77,26.9,68.0,78.9,83.4,FAIL: tenant payment risk,6,,19143 (100%)
42069101000,Lackawanna County PA,Census Tract 1010,P,500,10.88,210700.0,972.0,0.92,2.6,25.1,79.7,71.0,PASS,1,,18509 (100%)
42101036502,Philadelphia County PA,Census Tract 365.02,F,496,1.55,370600.0,1161.0,0.63,-5.9,8.7,85.3,48.8,FAIL: not in positive-cash-flow set,6,,19116 (100%)
36007000900,Broome County NY,Census Tract 9,P,496,7.22,105100.0,805.0,1.53,20.2,35.5,67.1,90.7,PASS,2,,13903 (100%)
42101016100,Philadelphia County PA,Census Tract 161,P,495,1.55,388900.0,1666.0,0.86,0.7,27.2,91.8,69.8,PASS,1,,19125 (97%); 19133 (2%); 19122 (1%)
42069102100,Lackawanna County PA,Census Tract 1021,P,492,10.71,124400.0,1089.0,1.75,26.5,40.2,79.8,98.9,PASS,2,,18504 (100%)
42101031200,Philadelphia County PA,Census Tract 312,P,492,1.54,189000.0,1286.0,1.36,15.2,24.6,75.0,92.1,PASS,1,,19149 (100%)
34007603700,Camden County NJ,Census Tract 6037,P,491,2.81,287400.0,1385.0,0.96,3.8,33.0,85.1,79.0,PASS,1,,08002 (64%); 08034 (36%)
42101020701,Philadelphia County PA,Census Tract 207.01,P,490,1.53,357200.0,1712.0,0.96,3.7,17.4,81.8,78.2,PASS,1,,19129 (100%)
42091208904,Montgomery County PA,Census Tract 2089.04,F,488,4.1,127000.0,1128.0,1.78,27.2,49.3,83.8,92.5,FAIL: tenant payment risk,4,,19464 (100%)
42101023800,Philadelphia County PA,Census Tract 238,F,488,1.53,360000.0,1221.0,0.68,-4.4,37.6,83.7,53.1,FAIL: not in positive-cash-flow set,6,,19144 (100%)
34001002300,Atlantic County NJ,Census Tract 23,F,487,3.51,161300.0,1224.0,1.52,19.8,50.7,78.8,88.9,FAIL: tenant payment risk,5,,08401 (100%)
36107020703,Tioga County NY,Census Tract 207.03,P,485,4.91,136700.0,958.0,1.4,16.4,32.6,78.3,90.7,PASS,1,,14892 (100%)
42011013200,Berks County PA,Census Tract 132,P,483,5.2,212600.0,1131.0,1.06,6.7,34.4,77.9,82.1,PASS,2,,19512 (100%)
42101008602,Philadelphia County PA,Census Tract 86.02,F,482,1.51,647500.0,1393.0,0.43,-11.6,45.6,87.8,41.4,FAIL: not in positive-cash-flow set,6,,19139 (99%); 19104 (1%)
34015501102,Gloucester County NJ,Census Tract 5011.02,P,481,3.24,320700.0,1880.0,1.17,9.8,36.3,83.4,86.0,PASS,2,,08096 (67%); 08093 (33%)
42101021000,Philadelphia County PA,Census Tract 210,P,479,1.5,325200.0,1696.0,1.04,6.1,27.5,89.0,81.3,PASS,1,,19128 (63%); 19127 (37%)
42101005600,Philadelphia County PA,Census Tract 56,P,476,1.49,116500.0,1177.0,2.02,34.2,40.5,84.5,98.7,PASS,3,,19153 (100%)
34001013102,Atlantic County NJ,Census Tract 131.02,F,474,3.42,499200.0,1419.0,0.57,-7.6,23.8,79.1,38.2,FAIL: not in positive-cash-flow set,6,,08402 (100%)
34007601400,Camden County NJ,Census Tract 6014,F,472,2.7,157100.0,1247.0,1.59,21.8,47.3,69.1,90.5,FAIL: tenant payment risk,4,,08103 (100%)
42069100400,Lackawanna County PA,Census Tract 1004,P,471,10.25,192800.0,1197.0,1.24,11.8,35.4,81.1,90.7,PASS,2,,18510 (100%)
34001000500,Atlantic County NJ,Census Tract 5,P,471,3.4,163800.0,1403.0,1.71,25.4,36.2,82.3,97.7,PASS,2,,08401 (100%)
42069112600,Lackawanna County PA,Census Tract 1126,P,469,10.21,170000.0,775.0,0.91,2.3,13.3,80.7,72.2,PASS,1,,18518 (100%)
42101028200,Philadelphia County PA,Census Tract 282,F,469,1.47,182700.0,1320.0,1.44,17.7,51.2,68.8,90.7,FAIL: tenant payment risk,5,,19141 (80%); 19120 (20%)
10003011800,New Castle County DE,Census Tract 118,F,468,2.7,954100.0,1579.0,0.33,-14.4,14.7,79.6,42.8,FAIL: not in positive-cash-flow set,6,,19807 (78%); 19707 (9%); 19732 (6%); 19710 (3%); 19735 (3%)
42045405300,Delaware County PA,Census Tract 4053,F,466,4.64,59300.0,1120.0,3.78,84.8,50.0,84.3,98.3,FAIL: tenant payment risk,5,,19013 (100%)
42045401303,Delaware County PA,Census Tract 4013.03,F,465,4.63,,1455.0,,,,,,no data,,,19026 (100%)
42101009000,Philadelphia County PA,Census Tract 90,F,464,1.45,430000.0,1580.0,0.73,-2.8,52.7,70.8,55.9,FAIL: not in positive-cash-flow set,6,,19104 (100%)
42101033900,Philadelphia County PA,Census Tract 339,F,462,1.44,271800.0,984.0,0.72,-3.1,34.3,78.1,55.7,FAIL: not in positive-cash-flow set,6,,19111 (100%)
42101001500,Philadelphia County PA,Census Tract 15,F,460,1.44,506200.0,1762.0,0.7,-3.9,20.0,90.3,56.4,FAIL: not in positive-cash-flow set,6,,19147 (100%)
42045402100,Delaware County PA,Census Tract 4021,P,457,4.55,192000.0,1151.0,1.2,10.6,35.6,78.9,88.4,PASS,2,,19050 (100%)
42069102500,Lackawanna County PA,Census Tract 1025,F,457,9.95,120400.0,985.0,1.64,23.2,52.5,74.2,90.8,FAIL: tenant payment risk,5,,18505 (82%); 18503 (18%)
42079217700,Luzerne County PA,Census Tract 2177,P,454,11.61,110800.0,1295.0,2.34,43.4,28.0,82.4,97.1,PASS,1,,18201 (99%); 18202 (1%)
36015000900,Chemung County NY,Census Tract 9,F,454,5.85,91700.0,918.0,2.0,33.7,52.0,77.6,91.0,FAIL: tenant payment risk,5,,14904 (100%)
42017100211,Bucks County PA,Census Tract 1002.11,P,452,2.06,348000.0,1765.0,1.01,5.3,29.3,86.4,76.1,PASS,1,,19020 (100%)
42101013800,Philadelphia County PA,Census Tract 138,P,451,1.41,326800.0,1816.0,1.11,8.1,32.6,86.5,86.5,PASS,1,,19121 (87%); 19130 (13%)
42101013500,Philadelphia County PA,Census Tract 135,F,450,1.41,549900.0,2094.0,0.76,-2.0,19.6,91.0,64.5,FAIL: not in positive-cash-flow set,6,,19130 (100%)
10003012900,New Castle County DE,Census Tract 129,F,450,2.6,264400.0,1059.0,0.8,-0.9,20.5,86.6,63.5,FAIL: not in positive-cash-flow set,6,,19804 (64%); 19801 (27%); 19805 (10%)
42093050300,Montour County PA,Census Tract 503,P,449,7.55,186400.0,1105.0,1.19,10.2,24.7,80.1,95.7,PASS,1,,17821 (100%)
36007001500,Broome County NY,Census Tract 15,P,447,6.5,162400.0,1284.0,1.58,21.6,35.5,85.2,96.4,PASS,2,,13905 (100%)
42101025900,Philadelphia County PA,Census Tract 259,F,446,1.39,225700.0,1263.0,1.12,8.3,47.3,80.8,80.4,FAIL: tenant payment risk,4,,19150 (100%)
36007012800,Broome County NY,Census Tract 128,P,446,6.49,147400.0,941.0,1.28,12.8,17.4,79.0,86.6,PASS,1,,13905 (62%); 13901 (27%); 13904 (11%)
36101962600,Steuben County NY,Census Tract 9626,P,445,4.18,179800.0,1044.0,1.16,9.5,27.2,80.3,88.8,PASS,1,,14830 (100%)
42101021400,Philadelphia County PA,Census Tract 214,P,444,1.39,347700.0,1717.0,0.99,4.5,18.7,92.5,81.0,PASS,1,,19127 (61%); 19128 (39%)
42109070701,Snyder County PA,Census Tract 707.01,P,443,3.32,198500.0,1061.0,1.07,6.8,27.1,83.3,83.4,PASS,1,,17870 (100%)
42045400401,Delaware County PA,Census Tract 4004.01,P,441,4.39,169100.0,1295.0,1.53,20.2,44.7,84.5,93.5,PASS,3,,19082 (100%)
34001011803,Atlantic County NJ,Census Tract 118.03,P,441,3.18,246800.0,1394.0,1.13,8.6,35.5,84.1,87.9,PASS,2,,08234 (100%)
42011000900,Berks County PA,Census Tract 9,P,435,4.69,162600.0,1070.0,1.32,14.0,38.9,71.5,86.1,PASS,2,,19601 (100%)
42045400600,Delaware County PA,Census Tract 4006,P,434,4.32,209400.0,1424.0,1.36,15.2,37.6,86.5,89.2,PASS,2,,19082 (100%)
34011040500,Cumberland County NJ,Census Tract 405,P,434,5.07,182200.0,1042.0,1.14,9.0,31.8,77.7,83.8,PASS,1,,08360 (100%)
42079217800,Luzerne County PA,Census Tract 2178,F,433,11.08,157100.0,983.0,1.25,12.1,50.9,83.7,81.0,FAIL: tenant payment risk,5,,18201 (99%); 18202 (1%)
42101021300,Philadelphia County PA,Census Tract 213,F,433,1.35,336200.0,1233.0,0.73,-2.8,20.9,88.0,59.1,FAIL: not in positive-cash-flow set,6,,19128 (100%)
42101031101,Philadelphia County PA,Census Tract 311.01,P,432,1.35,180900.0,1234.0,1.36,15.3,29.5,79.0,88.5,PASS,1,,19111 (90%); 19149 (10%)
42101035200,Philadelphia County PA,Census Tract 352,P,430,1.34,314800.0,1340.0,0.85,0.6,17.7,78.3,65.0,PASS,1,,19114 (100%)
42119090700,Union County PA,Census Tract 907,P,430,3.18,234000.0,997.0,0.85,0.6,33.1,81.6,66.9,PASS,1,,17837 (100%)
10003002800,New Castle County DE,Census Tract 28,P,430,2.48,322800.0,1395.0,0.86,0.9,25.8,88.0,73.5,PASS,1,,19801 (95%); 19806 (5%)
42101010900,Philadelphia County PA,Census Tract 109,F,429,1.34,265800.0,1326.0,1.0,4.8,46.7,75.0,75.7,FAIL: tenant payment risk,4,,19104 (100%)
42079217900,Luzerne County PA,Census Tract 2179,P,428,10.95,151800.0,1186.0,1.56,21.1,42.2,76.4,88.7,PASS,3,,18202 (100%)
36015011102,Chemung County NY,Census Tract 111.02,P,428,5.52,126600.0,1295.0,2.05,35.0,35.3,81.7,98.2,PASS,2,,14904 (56%); 14871 (44%)
42101029300,Philadelphia County PA,Census Tract 293,F,426,1.33,80000.0,1215.0,3.04,63.5,48.1,63.4,88.0,FAIL: tenant payment risk,4,,19124 (100%)
42101011200,Philadelphia County PA,Census Tract 112,F,425,1.33,146600.0,1466.0,2.0,33.6,61.7,77.3,90.8,FAIL: tenant payment risk,6,,19131 (98%); 19151 (2%)
42069112500,Lackawanna County PA,Census Tract 1125,P,424,9.23,182500.0,1085.0,1.19,10.3,23.9,82.5,85.6,PASS,1,,18517 (80%); 18518 (12%); 18504 (8%)
34001010900,Atlantic County NJ,Census Tract 109,P,421,3.04,367200.0,1670.0,0.91,2.2,38.8,81.5,65.9,PASS,2,,08037 (100%)
34007602902,Camden County NJ,Census Tract 6029.02,F,418,2.39,244000.0,713.0,0.58,-7.1,43.8,80.1,37.2,FAIL: not in positive-cash-flow set,6,,08109 (94%); 08110 (6%)
42101030501,Philadelphia County PA,Census Tract 305.01,P,417,1.3,157200.0,1327.0,1.69,24.7,35.1,79.2,89.2,PASS,2,,19120 (62%); 19111 (38%)
42045403101,Delaware County PA,Census Tract 4031.01,P,416,4.14,167100.0,1179.0,1.41,16.7,30.2,75.4,88.5,PASS,1,,19023 (96%); 19036 (4%)
42101026100,Philadelphia County PA,Census Tract 261,F,416,1.3,324400.0,1200.0,0.74,-2.6,29.4,80.1,59.2,FAIL: not in positive-cash-flow set,6,,19150 (100%)
42037050700,Columbia County PA,Census Tract 507,P,415,6.84,155100.0,799.0,1.03,5.7,20.4,79.3,83.6,PASS,1,,18603 (100%)
42017105510,Bucks County PA,Census Tract 1055.10,P,413,1.88,441000.0,2243.0,1.02,5.3,16.3,85.3,84.2,PASS,1,,19067 (100%)
34001013201,Atlantic County NJ,Census Tract 132.01,F,412,2.97,358600.0,1269.0,0.71,-3.6,27.7,73.9,57.2,FAIL: not in positive-cash-flow set,6,,08406 (100%)
34001013301,Atlantic County NJ,Census Tract 133.01,F,412,2.97,443200.0,,,,,,,no data,,,08406 (100%)
42045401700,Delaware County PA,Census Tract 4017,F,411,4.09,200400.0,1626.0,1.62,22.8,56.3,88.6,90.4,FAIL: tenant payment risk,6,,19050 (100%)
42045410700,Delaware County PA,Census Tract 4107,F,411,4.09,63300.0,945.0,2.99,62.0,54.2,63.2,95.2,FAIL: tenant payment risk,5,,19013 (100%)
42079201000,Luzerne County PA,Census Tract 2010,P,411,10.51,62600.0,970.0,3.1,65.3,36.3,81.5,96.2,PASS,2,,18702 (100%)
42017100214,Bucks County PA,Census Tract 1002.14,F,410,1.86,523100.0,1736.0,0.66,-4.8,28.3,89.8,52.0,FAIL: not in positive-cash-flow set,6,,19020 (100%)
42069111300,Lackawanna County PA,Census Tract 1113,P,410,8.93,169300.0,959.0,1.13,8.7,35.0,82.2,78.4,PASS,2,,18434 (89%); 18403 (11%)
42101013702,Philadelphia County PA,Census Tract 137.02,P,410,1.28,314500.0,1678.0,1.07,6.8,29.4,81.9,82.9,PASS,1,,19121 (76%); 19130 (24%)
42091207202,Montgomery County PA,Census Tract 2072.02,F,409,3.44,316900.0,1317.0,0.83,-0.0,32.0,87.0,64.7,FAIL: not in positive-cash-flow set,6,,18964 (100%)
42079214100,Luzerne County PA,Census Tract 2141,P,408,10.44,93900.0,780.0,1.66,23.9,31.5,76.3,93.6,PASS,1,,18634 (100%)
42091203902,Montgomery County PA,Census Tract 2039.02,P,408,3.43,224100.0,1599.0,1.43,17.1,39.1,83.8,94.0,PASS,2,,19401 (100%)
34007604200,Camden County NJ,Census Tract 6042,P,408,2.33,310600.0,1617.0,1.04,6.0,36.9,81.7,80.3,PASS,2,,08108 (100%)
42101001204,Philadelphia County PA,Census Tract 12.04,F,407,1.27,800000.0,1647.0,0.41,-12.1,28.4,86.4,41.9,FAIL: not in positive-cash-flow set,6,,19146 (47%); 19102 (28%); 19103 (25%)
42101025400,Philadelphia County PA,Census Tract 254,F,407,1.27,322500.0,1181.0,0.73,-2.9,28.0,85.1,56.1,FAIL: not in positive-cash-flow set,6,,19119 (100%)
42017100600,Bucks County PA,Census Tract 1006,P,406,1.85,270600.0,1459.0,1.08,7.1,31.4,87.4,81.9,PASS,1,,19007 (100%)
42069102600,Lackawanna County PA,Census Tract 1026,P,406,8.84,91400.0,944.0,2.07,35.5,28.9,81.8,94.5,PASS,1,,18505 (100%)
42045402500,Delaware County PA,Census Tract 4025,P,403,4.01,85700.0,1052.0,2.46,46.8,43.0,71.4,90.8,PASS,3,,19023 (98%); 19050 (2%)
34007601200,Camden County NJ,Census Tract 6012,P,403,2.3,100100.0,1437.0,2.87,58.7,37.1,81.2,96.9,PASS,2,,08105 (98%); 08109 (2%)
42079211000,Luzerne County PA,Census Tract 2110,P,402,10.28,179100.0,968.0,1.08,7.2,24.2,85.1,87.6,PASS,1,,18643 (100%)
42101032100,Philadelphia County PA,Census Tract 321,P,401,1.25,181900.0,1359.0,1.49,19.1,36.0,85.3,93.0,PASS,2,,19135 (99%); 19124 (1%)
42101035302,Philadelphia County PA,Census Tract 353.02,F,401,1.25,330700.0,1262.0,0.76,-2.0,34.0,84.0,58.1,FAIL: not in positive-cash-flow set,6,,19114 (100%)
34007610500,Camden County NJ,Census Tract 6105,P,401,2.29,219200.0,1122.0,1.02,5.5,20.7,83.7,73.0,PASS,1,,08110 (100%)
36015010500,Chemung County NY,Census Tract 105,P,401,5.17,123400.0,1075.0,1.74,26.2,26.6,86.6,99.3,PASS,1,,14845 (100%)
42069112000,Lackawanna County PA,Census Tract 1120,P,398,8.66,194900.0,975.0,1.0,4.9,20.9,80.8,81.9,PASS,1,,18512 (83%); 18509 (17%)
36101960900,Steuben County NY,Census Tract 9609,P,396,3.72,101700.0,915.0,1.8,27.9,33.4,77.4,99.2,PASS,1,,14843 (100%)
42101008302,Philadelphia County PA,Census Tract 83.02,P,395,1.24,127600.0,1291.0,2.02,34.3,44.6,73.1,88.4,PASS,3,,19139 (52%); 19143 (48%)
42101010700,Philadelphia County PA,Census Tract 107,P,393,1.23,211500.0,1201.0,1.14,8.8,27.3,76.8,82.7,PASS,1,,19104 (100%)
42101001101,Philadelphia County PA,Census Tract 11.01,F,392,1.23,595800.0,1428.0,0.48,-10.1,27.2,85.4,50.1,FAIL: not in positive-cash-flow set,6,,19147 (50%); 19107 (50%)
42101011500,Philadelphia County PA,Census Tract 115,P,392,1.23,184800.0,1118.0,1.21,10.9,34.2,84.2,79.5,PASS,2,,19151 (100%)
36007013800,Broome County NY,Census Tract 138,P,392,5.7,107400.0,904.0,1.68,24.5,41.2,80.7,97.7,PASS,3,,13790 (100%)
42101024200,Philadelphia County PA,Census Tract 242,F,390,1.22,228900.0,936.0,0.82,-0.4,40.1,79.6,59.9,FAIL: not in positive-cash-flow set,6,,19144 (100%)
34033022000,Salem County NJ,Census Tract 220,P,390,5.95,64600.0,1029.0,3.19,67.8,44.5,69.7,93.3,PASS,3,,08079 (100%)
42045409602,Delaware County PA,Census Tract 4096.02,F,389,3.87,450800.0,1798.0,0.8,-1.0,37.7,79.2,65.9,FAIL: not in positive-cash-flow set,6,,19010 (93%); 19085 (7%)
34033021900,Salem County NJ,Census Tract 219,P,389,5.93,130800.0,1039.0,1.59,21.8,37.0,80.3,92.4,PASS,2,,08079 (100%)
42101020102,Philadelphia County PA,Census Tract 201.02,F,386,1.21,150100.0,1190.0,1.59,21.7,48.5,70.8,87.1,FAIL: tenant payment risk,4,,19140 (100%)
42069102300,Lackawanna County PA,Census Tract 1023,P,385,8.38,134200.0,795.0,1.18,10.2,43.0,69.6,79.8,PASS,3,,18504 (71%); 18505 (21%); 18503 (7%)
42079211900,Luzerne County PA,Census Tract 2119,P,385,9.85,201700.0,1022.0,1.01,5.2,19.0,82.6,81.8,PASS,1,,18702 (51%); 18705 (49%)
42101001700,Philadelphia County PA,Census Tract 17,F,385,1.2,668700.0,1864.0,0.56,-7.9,12.5,90.1,51.2,FAIL: not in positive-cash-flow set,6,,19147 (100%)
42101013200,Philadelphia County PA,Census Tract 132,F,385,1.2,415700.0,1210.0,0.58,-7.2,26.1,79.7,46.7,FAIL: not in positive-cash-flow set,6,,19123 (100%)
42101014900,Philadelphia County PA,Census Tract 149,F,385,1.2,344500.0,1027.0,0.6,-6.8,53.2,84.5,39.9,FAIL: not in positive-cash-flow set,6,,19121 (100%)
42101024000,Philadelphia County PA,Census Tract 240,F,385,1.2,285800.0,1181.0,0.83,-0.1,30.7,80.7,66.3,FAIL: not in positive-cash-flow set,6,,19144 (100%)
42101001800,Philadelphia County PA,Census Tract 18,F,381,1.19,656300.0,1829.0,0.56,-7.9,17.3,90.6,50.2,FAIL: not in positive-cash-flow set,6,,19147 (100%)
42101035100,Philadelphia County PA,Census Tract 351,P,381,1.19,242700.0,1649.0,1.36,15.2,43.4,78.4,85.9,PASS,3,,19114 (100%)
34007608209,Camden County NJ,Census Tract 6082.09,P,381,2.18,311100.0,1410.0,0.91,2.2,27.7,81.1,69.5,PASS,1,,08021 (98%); 08012 (2%)
42045401402,Delaware County PA,Census Tract 4014.02,P,380,3.78,218000.0,1193.0,1.09,7.6,26.7,87.0,82.4,PASS,1,,19026 (100%)
42101029900,Philadelphia County PA,Census Tract 299,F,380,1.19,120900.0,1209.0,2.0,33.6,49.6,68.9,92.7,FAIL: tenant payment risk,5,,19124 (100%)
10003001200,New Castle County DE,Census Tract 12,F,378,2.18,361800.0,1466.0,0.81,-0.6,11.2,91.9,75.5,FAIL: not in positive-cash-flow set,6,,19806 (100%)
42101032600,Philadelphia County PA,Census Tract 326,P,377,1.18,196500.0,1352.0,1.38,15.7,22.1,85.6,90.9,PASS,1,,19135 (100%)
42101027700,Philadelphia County PA,Census Tract 277,F,376,1.18,109300.0,1124.0,2.06,35.3,53.1,67.0,82.9,FAIL: tenant payment risk,5,,19141 (56%); 19138 (44%)
42101000300,Philadelphia County PA,Census Tract 3,F,375,1.17,727400.0,2053.0,0.56,-7.7,19.1,89.3,54.4,FAIL: not in positive-cash-flow set,6,,19103 (71%); 19102 (29%)
42017100206,Bucks County PA,Census Tract 1002.06,F,374,1.7,462500.0,1838.0,0.79,-1.1,19.1,85.4,64.9,FAIL: not in positive-cash-flow set,6,,19020 (100%)
34011030200,Cumberland County NJ,Census Tract 302,P,374,4.37,165500.0,1295.0,1.56,21.1,36.6,80.4,91.6,PASS,2,,08332 (100%)
42045402300,Delaware County PA,Census Tract 4023,P,372,3.71,169900.0,1193.0,1.4,16.5,31.7,84.2,93.3,PASS,1,,19050 (95%); 19023 (5%)
42045409803,Delaware County PA,Census Tract 4098.03,F,372,3.71,726200.0,2022.0,0.56,-7.9,31.4,83.2,43.2,FAIL: not in positive-cash-flow set,6,,19087 (100%)
10003015200,New Castle County DE,Census Tract 152,P,372,2.15,218300.0,1147.0,1.05,6.3,28.9,81.4,80.0,PASS,1,,19720 (98%); 19801 (2%)
42045403601,Delaware County PA,Census Tract 4036.01,P,371,3.7,239600.0,1248.0,1.04,6.1,37.0,82.4,74.1,PASS,2,,19074 (100%)
42069102000,Lackawanna County PA,Census Tract 1020,P,371,8.08,124400.0,978.0,1.57,21.3,25.4,83.1,97.9,PASS,1,,18504 (100%)
42101010800,Philadelphia County PA,Census Tract 108,F,371,1.16,223400.0,907.0,0.81,-0.6,34.3,75.3,58.1,FAIL: not in positive-cash-flow set,6,,19104 (100%)
42101031900,Philadelphia County PA,Census Tract 319,F,369,1.15,162700.0,1510.0,1.86,29.5,52.9,83.0,86.3,FAIL: tenant payment risk,5,,19135 (98%); 19124 (2%)
34001010102,Atlantic County NJ,Census Tract 101.02,F,369,2.66,883100.0,1445.0,0.33,-14.5,44.0,77.0,29.9,FAIL: not in positive-cash-flow set,6,,08203 (100%)
42029308000,Chester County PA,Census Tract 3080,P,368,1.8,313800.0,1308.0,0.83,0.1,43.9,81.0,62.4,PASS,3,,19363 (100%)
10003012200,New Castle County DE,Census Tract 122,P,368,2.13,262600.0,1185.0,0.9,2.0,35.0,86.8,70.5,PASS,2,,19805 (100%)
42069110700,Lackawanna County PA,Census Tract 1107,F,367,7.99,146500.0,569.0,0.78,-1.6,30.0,73.3,60.7,FAIL: not in positive-cash-flow set,6,,18407 (100%)
42011010803,Berks County PA,Census Tract 108.03,P,366,3.94,308400.0,1425.0,0.92,2.7,22.9,86.8,79.4,PASS,1,,19608 (90%); 19607 (10%)
42069101600,Lackawanna County PA,Census Tract 1016,F,365,7.95,121700.0,1286.0,2.11,36.9,47.3,80.4,99.4,FAIL: tenant payment risk,4,,18504 (100%)
42037051200,Columbia County PA,Census Tract 512,P,364,6.0,198800.0,919.0,0.92,2.7,31.7,83.1,72.7,PASS,1,,17815 (100%)
34007608211,Camden County NJ,Census Tract 6082.11,P,364,2.08,256100.0,1691.0,1.32,14.1,39.7,82.0,93.4,PASS,2,,08012 (61%); 08021 (39%)
42011001400,Berks County PA,Census Tract 14,F,363,3.91,150900.0,991.0,1.31,13.9,48.6,73.3,85.0,FAIL: tenant payment risk,4,,19604 (93%); 19601 (7%)
34005701700,Burlington County NJ,Census Tract 7017,P,362,2.34,345500.0,1501.0,0.87,1.1,27.3,82.5,67.0,PASS,1,,08505 (100%)
42029302500,Chester County PA,Census Tract 3025,F,361,1.76,592000.0,1598.0,0.54,-8.4,37.0,85.1,46.7,FAIL: not in positive-cash-flow set,6,,19382 (94%); 19380 (6%)
42101024400,Philadelphia County PA,Census Tract 244,P,361,1.13,196100.0,986.0,1.01,5.0,34.7,80.8,76.7,PASS,2,,19144 (100%)
42101006000,Philadelphia County PA,Census Tract 60,P,360,1.13,194600.0,1157.0,1.19,10.3,33.9,73.6,78.5,PASS,2,,19153 (66%); 19142 (34%)
42101016600,Philadelphia County PA,Census Tract 166,F,360,1.13,,1271.0,,,,,,no data,,,19132 (57%); 19133 (43%)
36101961200,Steuben County NY,Census Tract 9612,P,360,3.38,108200.0,754.0,1.39,16.2,28.5,74.8,89.9,PASS,1,,14810 (100%)
42011001700,Berks County PA,Census Tract 17,P,357,3.85,94000.0,1069.0,2.27,41.6,40.4,74.6,92.4,PASS,2,,19601 (70%); 19604 (30%)
34011020302,Cumberland County NJ,Census Tract 203.02,F,357,4.17,120500.0,1507.0,2.5,48.1,47.4,80.7,97.3,FAIL: tenant payment risk,4,,08302 (100%)
42011014000,Berks County PA,Census Tract 140,P,356,3.84,263100.0,1106.0,0.84,0.3,37.0,81.0,64.0,PASS,2,,19530 (100%)
42101015102,Philadelphia County PA,Census Tract 151.02,P,356,1.11,141800.0,709.0,1.0,4.8,44.6,66.1,73.3,PASS,3,,19121 (100%)
42101007300,Philadelphia County PA,Census Tract 73,P,355,1.11,329000.0,1488.0,0.9,2.1,26.8,83.3,68.2,PASS,1,,19143 (100%)
42045407502,Delaware County PA,Census Tract 4075.02,F,354,3.53,537900.0,1322.0,0.49,-9.8,17.2,88.0,48.6,FAIL: not in positive-cash-flow set,6,,19063 (100%)
42069101400,Lackawanna County PA,Census Tract 1014,P,354,7.71,161700.0,1087.0,1.34,14.8,39.1,83.8,93.4,PASS,2,,18508 (93%); 18503 (7%)
42079217500,Luzerne County PA,Census Tract 2175,F,354,9.06,123200.0,1015.0,1.65,23.5,52.7,84.7,91.2,FAIL: tenant payment risk,5,,18201 (100%)
36007013304,Broome County NY,Census Tract 133.04,P,354,5.15,218800.0,1238.0,1.13,8.6,36.5,82.3,83.3,PASS,2,,13760 (100%)
42101011100,Philadelphia County PA,Census Tract 111,P,353,1.1,90100.0,984.0,2.18,39.0,29.9,72.0,92.6,PASS,1,,19131 (100%)
42101036700,Philadelphia County PA,Census Tract 367,F,352,1.1,774000.0,1956.0,0.51,-9.4,16.6,93.3,46.2,FAIL: not in positive-cash-flow set,6,,19123 (100%)
42101038800,Philadelphia County PA,Census Tract 388,F,352,1.1,409800.0,1507.0,0.74,-2.8,10.7,87.1,63.1,FAIL: not in positive-cash-flow set,6,,19119 (97%); 19118 (3%)
42079210800,Luzerne County PA,Census Tract 2108,P,351,8.98,144800.0,807.0,1.11,8.2,24.6,80.2,84.2,PASS,1,,18640 (100%)
42101024500,Philadelphia County PA,Census Tract 245,P,351,1.1,107300.0,831.0,1.55,20.7,38.7,74.2,88.9,PASS,2,,19144 (100%)
42101009600,Philadelphia County PA,Census Tract 96,P,350,1.09,135800.0,1509.0,2.22,40.1,41.7,75.4,93.1,PASS,3,,19139 (100%)
42101031501,Philadelphia County PA,Census Tract 315.01,P,348,1.09,266800.0,1595.0,1.2,10.5,35.8,81.2,87.5,PASS,2,,19149 (95%); 19135 (5%)
42101034900,Philadelphia County PA,Census Tract 349,P,348,1.09,228300.0,1118.0,0.98,4.3,38.4,76.3,70.2,PASS,2,,19136 (89%); 19114 (11%)
34007608700,Camden County NJ,Census Tract 6087,P,348,1.99,336300.0,1439.0,0.86,0.7,29.5,86.0,62.8,PASS,1,,08009 (100%)
34015501002,Gloucester County NJ,Census Tract 5010.02,F,348,2.34,241200.0,658.0,0.55,-8.2,26.3,78.5,39.1,FAIL: not in positive-cash-flow set,6,,08096 (96%); 08097 (4%)
34015501209,Gloucester County NJ,Census Tract 5012.09,F,348,2.34,396600.0,1590.0,0.8,-0.9,39.1,86.9,63.8,FAIL: not in positive-cash-flow set,6,,08080 (86%); 08012 (14%)
42045402400,Delaware County PA,Census Tract 4024,F,346,3.45,132100.0,1197.0,1.81,28.2,48.3,74.0,88.0,FAIL: tenant payment risk,4,,19023 (100%)
42101009400,Philadelphia County PA,Census Tract 94,P,345,1.08,95700.0,935.0,1.95,32.3,29.4,79.5,95.1,PASS,1,,19139 (100%)
42101020900,Philadelphia County PA,Census Tract 209,F,345,1.08,422000.0,1743.0,0.83,-0.2,24.1,86.5,65.1,FAIL: not in positive-cash-flow set,6,,19128 (75%); 19127 (25%)
42097080600,Northumberland County PA,Census Tract 806,P,344,4.09,162600.0,897.0,1.1,7.8,33.0,86.4,77.6,PASS,1,,17857 (100%)
42069103000,Lackawanna County PA,Census Tract 1030,P,343,7.47,150300.0,1158.0,1.54,20.4,33.2,85.4,93.9,PASS,1,,18505 (100%)
34007603901,Camden County NJ,Census Tract 6039.01,F,343,1.96,422500.0,1368.0,0.65,-5.3,30.9,80.8,44.4,FAIL: not in positive-cash-flow set,6,,08033 (51%); 08108 (49%)
42045403104,Delaware County PA,Census Tract 4031.04,P,342,3.41,140100.0,1050.0,1.5,19.2,29.3,88.7,95.1,PASS,1,,19023 (100%)
42101027600,Philadelphia County PA,Census Tract 276,P,342,1.07,187300.0,1132.0,1.21,10.9,25.4,82.7,91.4,PASS,1,,19141 (100%)
34007607507,Camden County NJ,Census Tract 6075.07,P,342,1.95,336700.0,1668.0,0.99,4.6,36.0,86.2,84.2,PASS,2,,08043 (100%)
42101033300,Philadelphia County PA,Census Tract 333,F,341,1.07,317000.0,1287.0,0.81,-0.6,27.9,76.6,58.5,FAIL: not in positive-cash-flow set,6,,19152 (100%)
34007605700,Camden County NJ,Census Tract 6057,P,341,1.95,291300.0,1301.0,0.89,1.8,22.4,88.0,69.0,PASS,1,,08106 (100%)
10003010502,New Castle County DE,Census Tract 105.02,P,341,1.97,289800.0,1572.0,1.08,7.3,38.5,85.6,77.2,PASS,2,,19809 (100%)
42101031502,Philadelphia County PA,Census Tract 315.02,P,340,1.06,238800.0,1591.0,1.33,14.4,38.5,77.4,91.9,PASS,2,,19149 (100%)
42101038200,Philadelphia County PA,Census Tract 382,P,340,1.06,119100.0,1346.0,2.26,41.1,18.7,78.3,90.5,PASS,1,,19134 (48%); 19124 (28%); 19137 (24%)
42101003902,Philadelphia County PA,Census Tract 39.02,P,338,1.06,333800.0,1469.0,0.88,1.4,28.3,81.0,62.8,PASS,1,,19145 (100%)
42079210600,Luzerne County PA,Census Tract 2106,P,337,8.62,120100.0,1011.0,1.68,24.5,30.2,80.9,97.0,PASS,1,,18640 (100%)
42101030900,Philadelphia County PA,Census Tract 309,P,337,1.05,217000.0,1489.0,1.37,15.6,36.1,84.0,88.7,PASS,2,,19111 (82%); 19149 (18%)
34001010600,Atlantic County NJ,Census Tract 106,P,337,2.43,197100.0,1451.0,1.47,18.5,32.8,81.5,93.0,PASS,1,,08215 (100%)
36007000500,Broome County NY,Census Tract 5,P,337,4.9,86600.0,837.0,1.93,31.7,43.3,71.4,93.3,PASS,3,,13901 (100%)
42079215200,Luzerne County PA,Census Tract 2152,P,336,8.59,115700.0,1155.0,2.0,33.5,28.1,83.9,99.0,PASS,1,,18702 (98%); 18706 (2%)
24015030507,Cecil County MD,Census Tract 305.07,F,336,0.93,361200.0,1586.0,0.88,1.3,45.0,82.7,70.4,FAIL: tenant payment risk,4,,21921 (100%)
36007000600,Broome County NY,Census Tract 6,P,336,4.89,107100.0,785.0,1.47,18.3,35.6,74.1,88.9,PASS,2,,13904 (100%)
10003001600,New Castle County DE,Census Tract 16,F,334,1.93,233200.0,1049.0,0.9,2.0,51.0,79.0,64.7,FAIL: tenant payment risk,5,,19801 (100%)
42091208906,Montgomery County PA,Census Tract 2089.06,P,333,2.8,183800.0,1320.0,1.44,17.4,30.1,83.1,93.2,PASS,1,,19464 (100%)
42101033500,Philadelphia County PA,Census Tract 335,P,333,1.04,283400.0,1212.0,0.86,0.7,41.1,82.0,66.0,PASS,3,,19111 (57%); 19152 (31%); 19149 (12%)
42101033800,Philadelphia County PA,Census Tract 338,P,330,1.03,247800.0,1096.0,0.88,1.5,34.5,82.3,67.8,PASS,2,,19111 (100%)
34007607701,Camden County NJ,Census Tract 6077.01,F,330,1.89,169500.0,1250.0,1.47,18.5,51.1,79.7,91.5,FAIL: tenant payment risk,5,,08021 (100%)
42091202100,Montgomery County PA,Census Tract 2021,F,329,2.76,398000.0,1418.0,0.71,-3.4,28.9,82.2,57.2,FAIL: not in positive-cash-flow set,6,,19046 (100%)
34007600400,Camden County NJ,Census Tract 6004,F,329,1.88,102600.0,848.0,1.65,23.7,52.3,68.9,88.0,FAIL: tenant payment risk,5,,08103 (85%); 08104 (15%)
42079211600,Luzerne County PA,Census Tract 2116,P,328,8.39,166200.0,899.0,1.08,7.2,21.6,84.6,82.8,PASS,1,,18644 (100%)
42045406600,Delaware County PA,Census Tract 4066,P,327,3.26,134200.0,1075.0,1.6,22.2,32.8,82.7,95.3,PASS,1,,19061 (100%)
42101006500,Philadelphia County PA,Census Tract 65,P,327,1.02,133300.0,1045.0,1.57,21.2,38.8,80.8,90.0,PASS,2,,19143 (60%); 19142 (40%)
42101033702,Philadelphia County PA,Census Tract 337.02,P,326,1.02,291000.0,1259.0,0.87,1.0,23.0,81.0,68.0,PASS,1,,19152 (74%); 19111 (26%)
42011000500,Berks County PA,Census Tract 5,P,325,3.5,130900.0,1182.0,1.81,28.1,15.9,83.4,100,PASS,1,,19604 (70%); 19605 (30%)
42011000800,Berks County PA,Census Tract 8,P,325,3.5,102700.0,1293.0,2.52,48.6,41.9,83.2,93.6,PASS,3,,19604 (100%)
42045407700,Delaware County PA,Census Tract 4077,P,325,3.24,267400.0,1257.0,0.94,3.1,33.5,83.1,76.1,PASS,1,,19070 (100%)
42091205700,Montgomery County PA,Census Tract 2057,F,325,2.73,341100.0,1242.0,0.73,-3.0,33.0,91.2,58.8,FAIL: not in positive-cash-flow set,6,,19405 (88%); 19406 (12%)
34007606600,Camden County NJ,Census Tract 6066,P,325,1.86,291600.0,1408.0,0.97,3.9,19.1,86.4,83.6,PASS,1,,08007 (52%); 08033 (45%); 08035 (2%)
34001001400,Atlantic County NJ,Census Tract 14,F,323,2.33,292300.0,823.0,0.56,-7.7,42.7,70.3,41.5,FAIL: not in positive-cash-flow set,6,,08401 (100%)
10003001100,New Castle County DE,Census Tract 11,F,323,1.87,336500.0,1292.0,0.77,-1.8,34.0,83.0,60.6,FAIL: not in positive-cash-flow set,6,,19806 (100%)
42101036202,Philadelphia County PA,Census Tract 362.02,P,322,1.01,280500.0,1275.0,0.91,2.2,26.7,82.2,61.7,PASS,2,,19154 (99%); 19114 (1%)
42029301100,Chester County PA,Census Tract 3011,F,321,1.57,269100.0,1070.0,0.8,-1.0,16.9,88.4,66.8,FAIL: not in positive-cash-flow set,6,,19475 (100%)
42091205600,Montgomery County PA,Census Tract 2056,F,321,2.7,749500.0,1823.0,0.49,-9.9,22.9,88.4,45.8,FAIL: not in positive-cash-flow set,6,,19072 (99%); 19096 (1%)
42101014500,Philadelphia County PA,Census Tract 145,F,321,1.0,314600.0,692.0,0.44,-11.3,34.9,71.5,35.2,FAIL: not in positive-cash-flow set,6,,19122 (100%)
42101025300,Philadelphia County PA,Census Tract 253,P,320,1.0,248800.0,1322.0,1.06,6.7,15.3,84.3,79.5,PASS,1,,19119 (100%)
42045403200,Delaware County PA,Census Tract 4032,P,319,3.18,234800.0,1342.0,1.14,9.0,32.2,84.9,80.7,PASS,1,,19018 (100%)
42091202000,Montgomery County PA,Census Tract 2020,F,319,2.68,324300.0,1111.0,0.69,-4.2,23.4,80.8,48.0,FAIL: not in positive-cash-flow set,6,,19046 (100%)
42101001600,Philadelphia County PA,Census Tract 16,F,319,1.0,770000.0,1987.0,0.52,-9.1,21.6,91.5,45.0,FAIL: not in positive-cash-flow set,6,,19147 (100%)
42101006700,Philadelphia County PA,Census Tract 67,F,319,1.0,121100.0,1491.0,2.46,47.0,48.2,75.4,94.6,FAIL: tenant payment risk,4,,19142 (91%); 19143 (9%)
42101030800,Philadelphia County PA,Census Tract 308,P,319,1.0,245400.0,1508.0,1.23,11.4,17.7,80.4,80.3,PASS,1,,19111 (100%)
42011011400,Berks County PA,Census Tract 114,P,318,3.43,203500.0,1387.0,1.36,15.3,25.5,85.8,91.7,PASS,1,,19607 (98%); 19610 (2%)
42045401800,Delaware County PA,Census Tract 4018,P,318,3.17,200900.0,1295.0,1.29,13.2,39.9,84.0,85.3,PASS,2,,19050 (100%)
42101004002,Philadelphia County PA,Census Tract 40.02,P,318,0.99,290300.0,1546.0,1.07,6.7,14.5,88.5,80.0,PASS,1,,19148 (100%)
42017104702,Bucks County PA,Census Tract 1047.02,F,317,1.44,607800.0,1681.0,0.55,-8.0,15.3,86.2,53.8,FAIL: not in positive-cash-flow set,6,,18901 (100%)
42045404102,Delaware County PA,Census Tract 4041.02,P,317,3.16,213100.0,1214.0,1.14,8.9,39.9,78.2,80.7,PASS,2,,19094 (52%); 19022 (31%); 19033 (16%)
42069100500,Lackawanna County PA,Census Tract 1005,P,317,6.9,172200.0,1310.0,1.52,19.9,26.9,85.8,94.0,PASS,1,,18510 (100%)
42091202201,Montgomery County PA,Census Tract 2022.01,P,317,2.66,324900.0,1747.0,1.08,7.0,18.1,86.7,80.5,PASS,1,,19012 (80%); 19027 (20%)
10001041400,Kent County DE,Census Tract 414,P,317,1.74,272000.0,1295.0,0.95,3.5,44.2,82.2,75.5,PASS,3,,19904 (100%)
42101007400,Philadelphia County PA,Census Tract 74,F,316,0.99,156800.0,1477.0,1.88,30.3,47.7,74.5,92.2,FAIL: tenant payment risk,4,,19143 (100%)
24015030400,Cecil County MD,Census Tract 304,P,316,0.88,237400.0,1109.0,0.93,3.0,40.3,66.1,66.4,PASS,2,,21921 (100%)
42011001000,Berks County PA,Census Tract 10,F,315,3.39,112900.0,1085.0,1.92,31.4,51.5,80.2,92.0,FAIL: tenant payment risk,5,,19601 (100%)
42011013800,Berks County PA,Census Tract 138,P,315,3.39,205100.0,1148.0,1.12,8.3,27.0,87.4,83.4,PASS,1,,19526 (100%)
42101020600,Philadelphia County PA,Census Tract 206,F,315,0.98,659900.0,1675.0,0.51,-9.3,24.8,85.8,45.5,FAIL: not in positive-cash-flow set,6,,19129 (81%); 19144 (19%)
10003014705,New Castle County DE,Census Tract 147.05,P,315,1.82,297700.0,1491.0,1.0,4.9,26.0,85.3,80.4,PASS,1,,19713 (100%)
42079217200,Luzerne County PA,Census Tract 2172,P,314,8.03,148500.0,931.0,1.25,12.2,39.6,80.8,83.6,PASS,2,,18201 (100%)
42091200901,Montgomery County PA,Census Tract 2009.01,P,314,2.64,326600.0,1456.0,0.89,1.7,27.7,84.3,66.6,PASS,1,,19446 (100%)
42101007200,Philadelphia County PA,Census Tract 72,F,314,0.98,147000.0,1493.0,2.03,34.6,49.3,75.9,95.5,FAIL: tenant payment risk,4,,19143 (100%)
34001012200,Atlantic County NJ,Census Tract 122,P,314,2.27,184200.0,1142.0,1.24,11.8,41.0,80.5,87.0,PASS,3,,08232 (100%)
42069111500,Lackawanna County PA,Census Tract 1115,P,313,6.81,201000.0,1083.0,1.08,7.1,32.8,78.8,75.6,PASS,1,,18519 (81%); 18447 (12%); 18508 (6%)
42101003001,Philadelphia County PA,Census Tract 30.01,P,312,0.98,249600.0,1416.0,1.13,8.7,41.1,80.6,80.3,PASS,3,,19145 (100%)
42107002000,Schuylkill County PA,Census Tract 20,P,312,6.14,86800.0,871.0,2.01,33.8,40.7,76.7,89.9,PASS,3,,17901 (100%)
34007608901,Camden County NJ,Census Tract 6089.01,P,312,1.78,264800.0,1526.0,1.15,9.2,38.6,80.8,83.2,PASS,2,,08004 (89%); 08009 (11%)
42101010200,Philadelphia County PA,Census Tract 102,P,311,0.97,86100.0,1033.0,2.4,45.2,40.0,73.9,92.5,PASS,2,,19131 (69%); 19139 (31%)
42037051102,Columbia County PA,Census Tract 511.02,P,310,5.11,163600.0,949.0,1.16,9.5,39.2,70.8,90.7,PASS,2,,17815 (100%)
34007608302,Camden County NJ,Census Tract 6083.02,P,310,1.77,254000.0,1625.0,1.28,12.9,30.8,80.9,90.6,PASS,1,,08012 (56%); 08029 (44%)
10003000400,New Castle County DE,Census Tract 4,F,310,1.79,326400.0,973.0,0.6,-6.8,46.6,80.4,45.1,FAIL: not in positive-cash-flow set,6,,19802 (85%); 19806 (14%); 19803 (2%)
42011002500,Berks County PA,Census Tract 25,F,309,3.33,142500.0,913.0,1.28,13.0,54.9,58.3,82.4,FAIL: tenant payment risk,5,,19602 (64%); 19601 (36%)
34001010501,Atlantic County NJ,Census Tract 105.01,F,309,2.23,317700.0,1474.0,0.93,2.8,45.3,82.3,65.9,FAIL: tenant payment risk,4,,08205 (60%); 08241 (19%)
34005700408,Burlington County NJ,Census Tract 7004.08,P,308,1.99,99100.0,1690.0,3.41,74.3,28.8,89.0,100,PASS,1,,08052 (100%)
36101961100,Steuben County NY,Census Tract 9611,P,308,2.89,110900.0,706.0,1.27,12.7,32.6,80.8,83.4,PASS,1,,14810 (100%)
42037051000,Columbia County PA,Census Tract 510,P,306,5.04,169000.0,1189.0,1.41,16.6,19.4,83.7,99.1,PASS,1,,17815 (100%)
34007601500,Camden County NJ,Census Tract 6015,P,306,1.75,95100.0,1144.0,2.41,45.3,36.1,78.2,96.3,PASS,2,,08104 (85%); 08103 (15%)
34011040300,Cumberland County NJ,Census Tract 403,P,306,3.58,215500.0,1195.0,1.11,8.0,26.3,80.6,80.1,PASS,1,,08360 (100%)
42079210500,Luzerne County PA,Census Tract 2105,P,305,7.8,157900.0,1130.0,1.43,17.3,30.8,84.3,89.0,PASS,1,,18642 (97%); 18641 (3%)
42101036501,Philadelphia County PA,Census Tract 365.01,F,305,0.95,350500.0,1412.0,0.81,-0.7,47.6,79.8,54.0,FAIL: not in positive-cash-flow set,6,,19116 (100%)
36015000200,Chemung County NY,Census Tract 2,P,305,3.93,96300.0,884.0,1.84,28.9,25.0,83.8,94.3,PASS,1,,14901 (100%)
42079212800,Luzerne County PA,Census Tract 2128,P,303,7.75,228200.0,1065.0,0.93,2.9,27.2,84.5,75.1,PASS,1,,18704 (100%)
42101024600,Philadelphia County PA,Census Tract 246,P,302,0.94,207100.0,916.0,0.88,1.5,21.1,77.7,70.1,PASS,1,,19144 (100%)
42101031800,Philadelphia County PA,Census Tract 318,P,302,0.94,162000.0,1178.0,1.45,17.9,16.8,84.8,95.9,PASS,1,,19149 (95%); 19124 (5%)
34015501603,Gloucester County NJ,Census Tract 5016.03,P,301,2.03,284700.0,1309.0,0.92,2.5,36.6,83.5,63.0,PASS,2,,08094 (100%)
42069102200,Lackawanna County PA,Census Tract 1022,P,299,6.51,152900.0,876.0,1.15,9.0,22.4,78.5,82.2,PASS,1,,18504 (100%)
42011002600,Berks County PA,Census Tract 26,P,296,3.19,172900.0,1012.0,1.17,9.8,43.0,71.6,81.8,PASS,3,,19611 (99%); 19607 (1%)
42101002801,Philadelphia County PA,Census Tract 28.01,P,296,0.93,339900.0,1685.0,0.99,4.6,36.6,87.4,80.1,PASS,2,,19148 (52%); 19147 (48%)
42069101300,Lackawanna County PA,Census Tract 1013,P,295,6.42,140700.0,1088.0,1.55,20.6,30.7,83.6,89.8,PASS,1,,18508 (100%)
42101002300,Philadelphia County PA,Census Tract 23,F,295,0.92,478400.0,1852.0,0.77,-1.7,15.3,88.2,67.8,FAIL: not in positive-cash-flow set,6,,19147 (100%)
42101014100,Philadelphia County PA,Census Tract 141,F,295,0.92,383900.0,1313.0,0.68,-4.3,47.1,73.3,46.7,FAIL: not in positive-cash-flow set,6,,19123 (56%); 19122 (44%)
36015001100,Chemung County NY,Census Tract 11,P,294,3.79,95400.0,1091.0,2.29,41.9,32.3,79.7,94.2,PASS,1,,14904 (100%)
42069101100,Lackawanna County PA,Census Tract 1011,P,293,6.38,117200.0,1127.0,1.92,31.4,32.0,81.5,98.4,PASS,1,,18508 (68%); 18509 (32%)
42079217100,Luzerne County PA,Census Tract 2171,P,293,7.49,156900.0,1228.0,1.57,21.1,24.0,79.1,92.3,PASS,1,,18201 (100%)
34007603100,Camden County NJ,Census Tract 6031,F,293,1.67,331000.0,1212.0,0.73,-2.9,32.8,87.2,59.1,FAIL: not in positive-cash-flow set,6,,08109 (100%)
34007604600,Camden County NJ,Census Tract 6046,P,293,1.67,267600.0,1193.0,0.89,1.7,26.0,88.3,75.6,PASS,1,,08107 (100%)
42017100406,Bucks County PA,Census Tract 1004.06,F,292,1.33,407800.0,1572.0,0.77,-1.7,10.6,84.9,64.3,FAIL: not in positive-cash-flow set,6,,19030 (66%); 19055 (34%)
42091203901,Montgomery County PA,Census Tract 2039.01,P,292,2.45,156300.0,1262.0,1.61,22.6,30.3,83.5,99.7,PASS,1,,19401 (100%)
42101033400,Philadelphia County PA,Census Tract 334,P,292,0.91,276700.0,1380.0,1.0,4.8,38.5,79.9,71.6,PASS,2,,19152 (85%); 19149 (15%)
42017105704,Bucks County PA,Census Tract 1057.04,P,291,1.32,294700.0,1230.0,0.83,0.1,21.0,87.7,67.7,PASS,1,,19067 (100%)
42011001900,Berks County PA,Census Tract 19,P,290,3.12,110800.0,826.0,1.49,19.0,44.9,78.2,88.8,PASS,3,,19602 (68%); 19601 (32%)
42011010902,Berks County PA,Census Tract 109.02,P,290,3.12,283200.0,1342.0,0.95,3.3,30.9,88.3,78.3,PASS,1,,19608 (100%)
42107000200,Schuylkill County PA,Census Tract 2,P,290,5.7,90000.0,986.0,2.19,39.2,28.6,81.6,93.9,PASS,1,,18237 (100%)
42045408103,Delaware County PA,Census Tract 4081.03,F,287,2.86,473400.0,1734.0,0.73,-2.9,29.3,85.1,60.0,FAIL: not in positive-cash-flow set,6,,19008 (68%); 19064 (32%)
34001000200,Atlantic County NJ,Census Tract 2,F,287,2.07,290200.0,1375.0,0.95,3.3,53.7,83.7,68.0,FAIL: tenant payment risk,5,,08401 (90%); 08406 (10%)
42045403501,Delaware County PA,Census Tract 4035.01,P,286,2.85,216400.0,1186.0,1.1,7.6,36.4,82.8,77.0,PASS,2,,19036 (100%)
42101029400,Philadelphia County PA,Census Tract 294,F,286,0.89,98700.0,1124.0,2.28,41.6,46.1,79.4,92.4,FAIL: tenant payment risk,4,,19124 (100%)
42101033000,Philadelphia County PA,Census Tract 330,P,286,0.89,210000.0,1622.0,1.54,20.5,34.2,74.9,94.1,PASS,2,,19136 (95%); 19135 (5%)
34007600200,Camden County NJ,Census Tract 6002,P,286,1.63,100900.0,1163.0,2.31,42.4,38.4,70.1,93.8,PASS,2,,08103 (81%); 08104 (19%)
42101020101,Philadelphia County PA,Census Tract 201.01,F,285,0.89,187200.0,986.0,1.05,6.4,47.3,75.7,74.9,FAIL: tenant payment risk,4,,19140 (67%); 19132 (33%)
42101006600,Philadelphia County PA,Census Tract 66,F,284,0.89,99600.0,954.0,1.92,31.2,54.5,70.3,90.0,FAIL: tenant payment risk,5,,19142 (79%); 19143 (21%)
42101034801,Philadelphia County PA,Census Tract 348.01,F,284,0.89,218600.0,633.0,0.58,-7.3,17.0,78.1,46.2,FAIL: not in positive-cash-flow set,6,,19136 (87%); 19114 (13%)
42091201004,Montgomery County PA,Census Tract 2010.04,P,283,2.38,407700.0,2793.0,1.37,15.5,44.7,79.5,96.8,PASS,3,,19446 (100%)
42101014202,Philadelphia County PA,Census Tract 142.02,F,283,0.88,570700.0,2099.0,0.74,-2.8,21.7,92.6,61.8,FAIL: not in positive-cash-flow set,6,,19123 (100%)
34007604400,Camden County NJ,Census Tract 6044,F,283,1.62,446200.0,1286.0,0.58,-7.3,18.8,86.3,45.6,FAIL: not in positive-cash-flow set,6,,08108 (68%); 08107 (32%)
36007001200,Broome County NY,Census Tract 12,F,283,4.12,132800.0,715.0,1.08,7.1,50.5,68.8,75.1,FAIL: tenant payment risk,5,,13901 (100%)
36007013000,Broome County NY,Census Tract 130,P,283,4.12,222100.0,1065.0,0.96,3.7,20.1,83.8,76.4,PASS,1,,13760 (61%); 13790 (39%)
42101023700,Philadelphia County PA,Census Tract 237,F,282,0.88,529700.0,1279.0,0.48,-10.0,15.7,78.6,42.7,FAIL: not in positive-cash-flow set,6,,19119 (95%); 19144 (5%)
34005704012,Burlington County NJ,Census Tract 7040.12,P,281,1.82,368900.0,2113.0,1.15,9.0,20.7,90.0,80.6,PASS,1,,08053 (100%)
42069100300,Lackawanna County PA,Census Tract 1003,F,280,6.1,136700.0,1234.0,1.81,28.0,53.8,68.0,92.8,FAIL: tenant payment risk,5,,18510 (88%); 18505 (8%); 18503 (3%)
42101026800,Philadelphia County PA,Census Tract 268,P,279,0.87,228900.0,1146.0,1.0,4.9,39.3,73.9,75.4,PASS,2,,19126 (86%); 19141 (14%)
34001011403,Atlantic County NJ,Census Tract 114.03,P,279,2.01,240400.0,1811.0,1.51,19.4,37.1,82.5,99.8,PASS,2,,08330 (100%)
34007608504,Camden County NJ,Census Tract 6085.04,P,278,1.59,169500.0,1415.0,1.67,24.1,32.7,84.1,96.1,PASS,1,,08021 (100%)
34007611600,Camden County NJ,Census Tract 6116,P,278,1.59,333000.0,1427.0,0.86,0.7,35.4,84.8,66.6,PASS,2,,08107 (99%); 08104 (1%)
42091200902,Montgomery County PA,Census Tract 2009.02,P,277,2.33,262100.0,1399.0,1.07,6.8,34.3,79.7,78.7,PASS,2,,19446 (100%)
42091205905,Montgomery County PA,Census Tract 2059.05,P,277,2.33,432800.0,1821.0,0.84,0.3,25.1,88.8,68.1,PASS,1,,19406 (100%)
42101008802,Philadelphia County PA,Census Tract 88.02,F,277,0.87,860800.0,1562.0,0.36,-13.5,55.5,79.7,38.9,FAIL: not in positive-cash-flow set,6,,19104 (100%)
24015030903,Cecil County MD,Census Tract 309.03,P,277,0.77,308700.0,1356.0,0.88,1.4,31.9,82.5,61.4,PASS,2,,21921 (56%); 21901 (44%)
42079211201,Luzerne County PA,Census Tract 2112.01,P,276,7.06,257800.0,1097.0,0.85,0.6,28.3,83.4,67.8,PASS,1,,18612 (100%)
42101008601,Philadelphia County PA,Census Tract 86.01,F,276,0.86,476500.0,1778.0,0.75,-2.5,33.6,89.3,62.8,FAIL: not in positive-cash-flow set,6,,19139 (67%); 19143 (27%); 19104 (7%)
42101014201,Philadelphia County PA,Census Tract 142.01,P,276,0.86,484600.0,2037.0,0.84,0.3,7.8,94.9,73.3,PASS,1,,19123 (100%)
34007611000,Camden County NJ,Census Tract 6110,P,274,1.57,158200.0,1490.0,1.88,30.3,33.6,80.7,100,PASS,1,,08030 (100%)
42069112800,Lackawanna County PA,Census Tract 1128,P,273,5.94,250900.0,1329.0,1.06,6.6,25.7,84.9,80.2,PASS,1,,18507 (85%); 18641 (14%); 18505 (2%)
42101011900,Philadelphia County PA,Census Tract 119,P,273,0.85,173100.0,1283.0,1.48,18.7,22.7,80.3,91.6,PASS,1,,19131 (100%)
36015010800,Chemung County NY,Census Tract 108,P,273,3.52,97200.0,891.0,1.83,28.8,19.8,79.8,99.3,PASS,1,,14903 (56%); 14845 (38%); 14901 (6%)
42091206004,Montgomery County PA,Census Tract 2060.04,F,272,2.29,462300.0,1487.0,0.64,-5.4,33.5,76.8,44.6,FAIL: not in positive-cash-flow set,6,,19403 (81%); 19426 (19%)
34005702603,Burlington County NJ,Census Tract 7026.03,P,272,1.76,238600.0,1427.0,1.2,10.5,34.7,77.8,85.9,PASS,2,,08060 (100%)
10003002300,New Castle County DE,Census Tract 23,P,272,1.57,147200.0,1192.0,1.62,22.7,36.7,82.2,93.2,PASS,2,,19805 (100%)
42045403901,Delaware County PA,Census Tract 4039.01,P,271,2.7,301600.0,1398.0,0.93,2.7,25.6,84.1,73.1,PASS,1,,19078 (100%)
36101960800,Steuben County NY,Census Tract 9608,P,271,2.54,106700.0,794.0,1.49,18.9,36.3,72.8,92.3,PASS,2,,14843 (100%)
42101008101,Philadelphia County PA,Census Tract 81.01,F,269,0.84,123900.0,1545.0,2.49,47.9,62.3,73.7,93.1,FAIL: tenant payment risk,6,,19143 (100%)
36101962500,Steuben County NY,Census Tract 9625,P,269,2.52,147000.0,735.0,1.0,4.8,22.9,78.2,79.3,PASS,1,,14830 (100%)
42101002500,Philadelphia County PA,Census Tract 25,F,268,0.84,588400.0,1195.0,0.41,-12.3,26.2,82.8,37.9,FAIL: not in positive-cash-flow set,6,,19147 (100%)
42101028600,Philadelphia County PA,Census Tract 286,P,268,0.84,132000.0,1393.0,2.11,36.8,41.5,81.1,94.9,PASS,3,,19120 (100%)
34011041102,Cumberland County NJ,Census Tract 411.02,P,268,3.13,152500.0,1344.0,1.76,26.8,37.0,83.7,99.3,PASS,2,,08360 (100%)
36007013301,Broome County NY,Census Tract 133.01,P,268,3.9,127100.0,1050.0,1.65,23.6,15.8,85.9,100,PASS,1,,13760 (100%)
42069100900,Lackawanna County PA,Census Tract 1009,P,267,5.81,134300.0,1229.0,1.83,28.8,39.7,71.9,100,PASS,2,,18509 (100%)
42097080200,Northumberland County PA,Census Tract 802,F,267,3.18,212800.0,830.0,0.78,-1.5,15.6,82.9,56.0,FAIL: not in positive-cash-flow set,6,,17777 (87%); 17756 (10%); 17749 (1%); 17772 (1%); 17730 (1%)
42101036201,Philadelphia County PA,Census Tract 362.01,P,267,0.83,264600.0,1505.0,1.14,8.8,26.3,81.3,81.1,PASS,1,,19154 (93%); 19114 (7%)
42069112200,Lackawanna County PA,Census Tract 1122,P,266,5.79,224900.0,969.0,0.86,0.9,17.8,82.5,69.7,PASS,1,,18509 (66%); 18512 (28%); 18510 (7%)
42101002802,Philadelphia County PA,Census Tract 28.02,P,266,0.83,382200.0,1857.0,0.97,4.0,31.7,83.7,76.5,PASS,1,,19148 (67%); 19147 (33%)
42101015101,Philadelphia County PA,Census Tract 151.01,F,266,0.83,116000.0,1574.0,2.71,54.2,48.7,68.4,92.8,FAIL: tenant payment risk,4,,19121 (100%)
34005702601,Burlington County NJ,Census Tract 7026.01,P,266,1.72,290700.0,1774.0,1.22,11.2,32.6,84.7,81.7,PASS,1,,08060 (100%)
42011012004,Berks County PA,Census Tract 120.04,P,264,2.84,275700.0,1730.0,1.25,12.2,33.4,87.6,84.0,PASS,1,,19606 (100%)
42017102500,Bucks County PA,Census Tract 1025,P,264,1.2,328200.0,1378.0,0.84,0.2,20.0,88.0,68.8,PASS,1,,18960 (100%)
42101011300,Philadelphia County PA,Census Tract 113,P,264,0.83,136900.0,1562.0,2.28,41.8,32.3,76.9,91.6,PASS,1,,19131 (100%)
42101016300,Philadelphia County PA,Census Tract 163,P,264,0.83,183100.0,938.0,1.02,5.6,35.9,77.5,75.5,PASS,2,,19133 (79%); 19125 (21%)
42101018002,Philadelphia County PA,Census Tract 180.02,P,264,0.83,221900.0,1297.0,1.17,9.7,18.0,80.5,83.7,PASS,1,,19134 (100%)
42017100811,Bucks County PA,Census Tract 1008.11,P,263,1.2,374100.0,1586.0,0.85,0.5,34.6,84.5,67.2,PASS,2,,19047 (53%); 19056 (47%)
10003000500,New Castle County DE,Census Tract 5,P,263,1.52,178700.0,1266.0,1.42,16.9,23.3,83.8,92.3,PASS,1,,19802 (100%)
42069102900,Lackawanna County PA,Census Tract 1029,P,262,5.7,152100.0,785.0,1.03,5.8,38.5,76.6,73.0,PASS,2,,18505 (100%)
42079200900,Luzerne County PA,Census Tract 2009,P,262,6.7,91300.0,698.0,1.53,20.1,43.3,69.5,89.8,PASS,3,,18702 (100%)
42101034600,Philadelphia County PA,Census Tract 346,P,262,0.82,246200.0,1383.0,1.12,8.4,28.9,82.4,86.0,PASS,1,,19114 (100%)
42101035301,Philadelphia County PA,Census Tract 353.01,P,262,0.82,290200.0,1495.0,1.03,5.7,19.0,85.9,77.9,PASS,1,,19114 (100%)
34001010101,Atlantic County NJ,Census Tract 101.01,F,262,1.89,481500.0,1783.0,0.74,-2.6,20.1,84.4,47.3,FAIL: not in positive-cash-flow set,6,,08203 (100%)
36015000400,Chemung County NY,Census Tract 4,P,262,3.38,105700.0,578.0,1.09,7.5,38.6,81.3,75.2,PASS,2,,14905 (60%); 14901 (40%)
42091204101,Montgomery County PA,Census Tract 2041.01,F,260,2.18,488900.0,2006.0,0.82,-0.3,21.5,90.9,61.7,FAIL: not in positive-cash-flow set,6,,19428 (100%)
36007013900,Broome County NY,Census Tract 139,P,260,3.78,124300.0,955.0,1.54,20.3,44.6,59.4,92.0,PASS,3,,13790 (100%)
42101001102,Philadelphia County PA,Census Tract 11.02,F,257,0.8,724500.0,1767.0,0.49,-9.9,13.2,92.7,48.1,FAIL: not in positive-cash-flow set,6,,19147 (46%); 19107 (40%); 19106 (14%)
42101008702,Philadelphia County PA,Census Tract 87.02,F,257,0.8,604600.0,1370.0,0.45,-10.9,39.5,84.8,43.4,FAIL: not in positive-cash-flow set,6,,19104 (100%)
42101034501,Philadelphia County PA,Census Tract 345.01,F,257,0.8,409700.0,1279.0,0.62,-6.0,35.5,80.6,47.3,FAIL: not in positive-cash-flow set,6,,19115 (100%)
42101037800,Philadelphia County PA,Census Tract 378,P,257,0.8,319600.0,1824.0,1.14,8.9,32.6,85.4,87.6,PASS,1,,19134 (49%); 19137 (37%); 19125 (14%)
42107001902,Schuylkill County PA,Census Tract 19.02,P,257,5.05,78300.0,740.0,1.89,30.5,40.2,77.0,94.7,PASS,2,,17901 (100%)
36007001100,Broome County NY,Census Tract 11,F,257,3.74,,579.0,,,,,,no data,,,13901 (92%); 13904 (8%)
42079200400,Luzerne County PA,Census Tract 2004,P,256,6.55,111700.0,1119.0,2.0,33.8,32.1,81.8,98.2,PASS,1,,18702 (100%)
42101020000,Philadelphia County PA,Census Tract 200,F,256,0.8,152400.0,897.0,1.18,10.0,51.7,72.0,77.5,FAIL: tenant payment risk,5,,19140 (57%); 19132 (27%); 19133 (17%)
42011002300,Berks County PA,Census Tract 23,F,255,2.75,81000.0,1003.0,2.48,47.4,46.4,81.1,94.9,FAIL: tenant payment risk,4,,19602 (100%)
10003010704,New Castle County DE,Census Tract 107.04,P,253,1.46,235400.0,1479.0,1.26,12.2,30.0,83.9,89.6,PASS,1,,19802 (53%); 19809 (47%)
42029305500,Chester County PA,Census Tract 3055,P,251,1.23,121000.0,1125.0,1.86,29.6,35.5,82.0,93.8,PASS,2,,19320 (100%)
42069111700,Lackawanna County PA,Census Tract 1117,P,251,5.46,165400.0,983.0,1.19,10.3,20.1,79.4,86.1,PASS,1,,18512 (82%); 18447 (18%)
36007013202,Broome County NY,Census Tract 132.02,F,251,3.65,219700.0,879.0,0.8,-0.9,23.0,83.6,58.5,FAIL: not in positive-cash-flow set,6,,13760 (100%)
42017100500,Bucks County PA,Census Tract 1005,P,250,1.14,303800.0,1373.0,0.9,2.1,23.6,83.6,68.7,PASS,1,,19007 (100%)
42079211400,Luzerne County PA,Census Tract 2114,P,250,6.39,249300.0,1103.0,0.88,1.5,23.3,83.7,70.3,PASS,1,,18644 (56%); 18708 (44%)
42101013401,Philadelphia County PA,Census Tract 134.01,F,250,0.78,675800.0,2241.0,0.66,-4.9,14.9,83.8,55.0,FAIL: not in positive-cash-flow set,6,,19130 (100%)
42069112700,Lackawanna County PA,Census Tract 1127,P,248,5.4,202200.0,974.0,0.96,3.8,32.0,85.3,78.2,PASS,1,,18518 (100%)
42079212300,Luzerne County PA,Census Tract 2123,P,248,6.34,113900.0,797.0,1.4,16.4,27.8,81.1,94.6,PASS,1,,18709 (100%)
42091201100,Montgomery County PA,Census Tract 2011,F,248,2.08,410500.0,1506.0,0.73,-2.8,19.6,87.4,58.0,FAIL: not in positive-cash-flow set,6,,19454 (100%)
42091201608,Montgomery County PA,Census Tract 2016.08,F,248,2.08,496700.0,1386.0,0.56,-7.9,44.0,85.0,33.4,FAIL: not in positive-cash-flow set,6,,19001 (45%); 19046 (45%); 19006 (9%)
42091203403,Montgomery County PA,Census Tract 2034.03,P,248,2.08,300400.0,1769.0,1.18,10.0,31.0,78.7,85.8,PASS,1,,19403 (100%)
42011001100,Berks County PA,Census Tract 11,P,247,2.66,108100.0,1200.0,2.22,40.0,43.8,73.9,96.4,PASS,3,,19601 (100%)
42069102700,Lackawanna County PA,Census Tract 1027,P,247,5.38,118500.0,984.0,1.66,23.9,37.4,84.2,98.3,PASS,2,,18505 (100%)
42101016002,Philadelphia County PA,Census Tract 160.02,F,247,0.77,373800.0,1533.0,0.82,-0.3,21.1,91.1,69.5,FAIL: not in positive-cash-flow set,6,,19125 (100%)
42029300201,Chester County PA,Census Tract 3002.01,F,245,1.2,684200.0,2022.0,0.59,-6.9,32.7,82.4,46.2,FAIL: not in positive-cash-flow set,6,,19312 (51%); 19333 (41%); 19301 (8%)
42045401502,Delaware County PA,Census Tract 4015.02,P,245,2.44,297900.0,1392.0,0.93,3.0,27.3,82.1,73.1,PASS,1,,19018 (100%)
34015500204,Gloucester County NJ,Census Tract 5002.04,F,245,1.65,361400.0,1388.0,0.77,-1.8,21.5,85.5,64.7,FAIL: not in positive-cash-flow set,6,,08066 (54%); 08086 (27%); 08096 (19%)
10003012500,New Castle County DE,Census Tract 125,P,245,1.41,242900.0,1181.0,0.97,4.1,5.7,83.7,77.8,PASS,1,,19804 (85%); 19805 (15%)
42045401200,Delaware County PA,Census Tract 4012,P,244,2.43,264000.0,1357.0,1.03,5.7,26.0,80.4,71.8,PASS,1,,19026 (100%)
42091203500,Montgomery County PA,Census Tract 2035,P,244,2.05,231600.0,1700.0,1.47,18.3,22.3,86.0,99.6,PASS,1,,19401 (100%)
42097082200,Northumberland County PA,Census Tract 822,P,244,2.9,108600.0,675.0,1.24,11.9,25.7,76.4,85.3,PASS,1,,17801 (100%)
42069110900,Lackawanna County PA,Census Tract 1109,P,243,5.29,145500.0,813.0,1.12,8.2,34.8,79.4,75.3,PASS,2,,18407 (100%)
42097082100,Northumberland County PA,Census Tract 821,P,243,2.89,107200.0,736.0,1.37,15.6,24.4,81.5,95.8,PASS,1,,17801 (100%)
42079201300,Luzerne County PA,Census Tract 2013,P,242,6.19,106400.0,1145.0,2.15,38.0,31.4,87.1,96.6,PASS,1,,18705 (92%); 18702 (8%)
42091203804,Montgomery County PA,Census Tract 2038.04,P,242,2.03,167000.0,1395.0,1.67,24.2,30.9,81.0,91.8,PASS,1,,19401 (100%)
42101016702,Philadelphia County PA,Census Tract 167.02,P,242,0.76,181700.0,1127.0,1.24,11.8,35.2,70.3,84.2,PASS,2,,19132 (100%)
42101025700,Philadelphia County PA,Census Tract 257,F,242,0.76,526200.0,1791.0,0.68,-4.3,36.0,85.3,53.3,FAIL: not in positive-cash-flow set,6,,19118 (100%)
42101010600,Philadelphia County PA,Census Tract 106,F,241,0.75,201200.0,919.0,0.91,2.4,54.0,77.7,65.7,FAIL: tenant payment risk,5,,19104 (100%)
42091210500,Montgomery County PA,Census Tract 2105,F,240,2.02,517000.0,1464.0,0.57,-7.6,27.7,82.5,37.0,FAIL: not in positive-cash-flow set,6,,19038 (100%)
42101034802,Philadelphia County PA,Census Tract 348.02,P,240,0.75,317500.0,1370.0,0.86,0.9,28.4,84.5,64.9,PASS,1,,19114 (100%)
42017100213,Bucks County PA,Census Tract 1002.13,P,239,1.09,349300.0,1736.0,0.99,4.7,17.9,88.3,84.3,PASS,1,,19020 (100%)
42069101200,Lackawanna County PA,Census Tract 1012,P,239,5.2,127500.0,874.0,1.37,15.5,36.1,86.2,93.9,PASS,2,,18508 (90%); 18519 (8%); 18411 (3%)
42079216200,Luzerne County PA,Census Tract 2162,P,238,6.09,168000.0,908.0,1.08,7.2,20.5,80.8,80.7,PASS,1,,18660 (47%); 18635 (45%); 18655 (8%)
42101015800,Philadelphia County PA,Census Tract 158,P,238,0.74,412600.0,1947.0,0.94,3.2,20.3,92.7,77.3,PASS,1,,19125 (100%)
34005701301,Burlington County NJ,Census Tract 7013.01,P,238,1.54,309900.0,1354.0,0.87,1.2,28.1,85.6,68.6,PASS,1,,08518 (99%); 08016 (1%)
42091200908,Montgomery County PA,Census Tract 2009.08,P,237,1.99,329200.0,1546.0,0.94,3.1,29.3,86.8,79.0,PASS,1,,19446 (100%)
42107002300,Schuylkill County PA,Census Tract 23,P,237,4.66,71800.0,1064.0,2.96,61.4,29.0,85.9,100,PASS,1,,17970 (88%); 17901 (12%)
10003001500,New Castle County DE,Census Tract 15,P,237,1.37,296900.0,1278.0,0.86,0.8,44.2,85.9,62.4,PASS,3,,19806 (75%); 19805 (25%)
10003010104,New Castle County DE,Census Tract 101.04,F,237,1.37,319700.0,1201.0,0.75,-2.3,32.9,87.6,62.8,FAIL: not in positive-cash-flow set,6,,19703 (100%)
42011011101,Berks County PA,Census Tract 111.01,P,236,2.54,174100.0,1852.0,2.13,37.3,33.3,81.6,100,PASS,1,,19610 (100%)
42101002000,Philadelphia County PA,Census Tract 20,P,236,0.74,347200.0,1817.0,1.05,6.2,32.4,83.4,80.1,PASS,1,,19146 (100%)
42109070300,Snyder County PA,Census Tract 703,P,236,1.77,188900.0,895.0,0.95,3.3,18.5,83.7,71.1,PASS,1,,17842 (98%); 17861 (1%); 17862 (1%)
42101000102,Philadelphia County PA,Census Tract 1.02,P,235,0.73,523400.0,2316.0,0.88,1.5,19.5,93.3,75.6,PASS,1,,19106 (100%)
42101033102,Philadelphia County PA,Census Tract 331.02,P,235,0.73,230300.0,1197.0,1.04,6.0,42.2,84.0,80.8,PASS,3,,19136 (100%)
34001011300,Atlantic County NJ,Census Tract 113,P,235,1.7,256800.0,1156.0,0.9,2.0,36.5,80.0,68.3,PASS,2,,08326 (32%); 08360 (29%); 08310 (19%); 08341 (13%); 08344 (7%)
42079200700,Luzerne County PA,Census Tract 2007,P,234,5.99,104100.0,743.0,1.43,17.2,18.1,76.5,95.8,PASS,1,,18702 (100%)
42091205300,Montgomery County PA,Census Tract 2053,P,234,1.97,388400.0,2073.0,1.07,6.8,24.9,82.2,85.2,PASS,1,,19003 (69%); 19041 (31%)
42101034803,Philadelphia County PA,Census Tract 348.03,P,234,0.73,308400.0,1616.0,1.05,6.2,33.6,79.0,69.1,PASS,1,,19114 (100%)
42107001500,Schuylkill County PA,Census Tract 15,P,234,4.6,82300.0,782.0,1.9,30.8,25.5,80.1,99.6,PASS,1,,17954 (100%)
42029302400,Chester County PA,Census Tract 3024,F,233,1.14,487500.0,1658.0,0.68,-4.4,41.9,87.6,58.0,FAIL: not in positive-cash-flow set,6,,19380 (98%); 19382 (2%)
42045405100,Delaware County PA,Census Tract 4051,P,233,2.32,78000.0,1174.0,3.01,62.7,29.9,72.5,99.5,PASS,1,,19013 (100%)
42101006400,Philadelphia County PA,Census Tract 64,F,233,0.73,112700.0,1552.0,2.75,55.4,47.0,81.4,89.7,FAIL: tenant payment risk,4,,19142 (100%)
36007012600,Broome County NY,Census Tract 126,P,233,3.39,157000.0,883.0,1.12,8.4,34.9,80.4,82.3,PASS,2,,13795 (57%); 13904 (42%); 13865 (1%)
42079217600,Luzerne County PA,Census Tract 2176,F,232,5.93,175800.0,1310.0,1.49,19.0,54.2,74.6,87.9,FAIL: tenant payment risk,5,,18201 (100%)
42101001002,Philadelphia County PA,Census Tract 10.02,F,232,0.73,523000.0,1929.0,0.74,-2.7,29.0,83.4,55.2,FAIL: not in positive-cash-flow set,6,,19106 (77%); 19147 (23%)
36007014100,Broome County NY,Census Tract 141,P,232,3.38,114300.0,1156.0,2.02,34.3,25.0,79.7,100,PASS,1,,13790 (100%)
42091208802,Montgomery County PA,Census Tract 2088.02,F,231,1.94,174800.0,1358.0,1.55,20.8,45.5,81.8,91.1,FAIL: tenant payment risk,4,,19464 (100%)
34005701001,Burlington County NJ,Census Tract 7010.01,P,231,1.49,229900.0,1461.0,1.27,12.7,33.5,85.2,87.5,PASS,1,,08010 (100%)
10003014502,New Castle County DE,Census Tract 145.02,F,231,1.33,389100.0,1693.0,0.87,1.1,69.9,71.7,64.0,FAIL: tenant payment risk,6,,19711 (38%); 19716 (35%); 19713 (18%); 19717 (10%)
42029301401,Chester County PA,Census Tract 3014.01,P,230,1.12,286100.0,1307.0,0.91,2.4,20.2,87.1,72.8,PASS,1,,19465 (100%)
34007604300,Camden County NJ,Census Tract 6043,F,230,1.31,391300.0,1536.0,0.79,-1.3,18.8,87.9,66.6,FAIL: not in positive-cash-flow set,6,,08108 (100%)
34011030300,Cumberland County NJ,Census Tract 303,P,230,2.69,129900.0,1271.0,1.96,32.4,34.9,82.7,99.2,PASS,2,,08332 (100%)
36015010302,Chemung County NY,Census Tract 103.02,P,230,2.97,191500.0,1104.0,1.15,9.3,33.3,78.4,87.3,PASS,1,,14903 (57%); 14830 (19%); 14871 (15%); 14814 (7%); 14905 (1%); 14845 (1%)
42079210300,Luzerne County PA,Census Tract 2103,P,228,5.83,185300.0,986.0,1.06,6.7,8.6,83.7,83.5,PASS,1,,18641 (100%)
42101000101,Philadelphia County PA,Census Tract 1.01,P,227,0.71,399000.0,2058.0,1.03,5.8,19.2,93.0,88.0,PASS,1,,19106 (100%)
42107002600,Schuylkill County PA,Census Tract 26,P,227,4.46,69900.0,1040.0,2.98,61.7,37.4,82.6,100,PASS,2,,18252 (100%)
10003014909,New Castle County DE,Census Tract 149.09,P,227,1.31,220600.0,1406.0,1.27,12.8,30.4,89.3,88.5,PASS,1,,19720 (100%)
42017106100,Bucks County PA,Census Tract 1061,F,226,1.03,476200.0,1456.0,0.61,-6.3,21.3,78.8,46.5,FAIL: not in positive-cash-flow set,6,,19047 (100%)
42101000901,Philadelphia County PA,Census Tract 9.01,P,226,0.71,344200.0,1434.0,0.83,0.0,43.5,88.3,68.3,PASS,3,,19107 (100%)
34005702500,Burlington County NJ,Census Tract 7025,P,226,1.46,392400.0,2183.0,1.11,8.1,37.4,84.6,78.5,PASS,2,,08060 (100%)
36007014301,Broome County NY,Census Tract 143.01,F,226,3.29,291000.0,1194.0,0.82,-0.3,29.5,80.7,62.7,FAIL: not in positive-cash-flow set,6,,13850 (100%)
42069110500,Lackawanna County PA,Census Tract 1105,P,225,4.9,234900.0,1326.0,1.13,8.6,14.6,85.1,89.4,PASS,1,,18411 (100%)
42079200200,Luzerne County PA,Census Tract 2002,P,225,5.76,142600.0,1115.0,1.56,21.1,35.6,82.9,90.4,PASS,2,,18702 (100%)
42079214600,Luzerne County PA,Census Tract 2146,P,225,5.76,161200.0,679.0,0.84,0.3,23.8,82.0,62.6,PASS,1,,18706 (100%)
42101031300,Philadelphia County PA,Census Tract 313,P,225,0.7,188500.0,1576.0,1.67,24.2,31.0,79.5,90.6,PASS,1,,19149 (100%)
42119090300,Union County PA,Census Tract 903,P,225,1.66,214500.0,924.0,0.86,0.9,20.0,83.3,64.0,PASS,1,,17844 (100%)
34015501402,Gloucester County NJ,Census Tract 5014.02,P,225,1.52,196400.0,1794.0,1.83,28.7,27.1,82.1,96.8,PASS,1,,08028 (94%); 08094 (6%)
42011011200,Berks County PA,Census Tract 112,P,224,2.41,173100.0,1365.0,1.58,21.5,30.7,81.4,99.7,PASS,1,,19611 (100%)
42091201706,Montgomery County PA,Census Tract 2017.06,F,223,1.87,396500.0,1642.0,0.83,-0.1,31.8,85.8,64.1,FAIL: not in positive-cash-flow set,6,,19038 (68%); 19001 (32%)
34001012100,Atlantic County NJ,Census Tract 121,P,223,1.61,206600.0,1199.0,1.16,9.5,39.2,84.9,85.8,PASS,2,,08232 (100%)
34011020200,Cumberland County NJ,Census Tract 202,F,223,2.61,,1471.0,,,,,,no data,,,08302 (100%)
42069111600,Lackawanna County PA,Census Tract 1116,P,222,4.83,170500.0,970.0,1.14,8.8,25.8,81.1,82.6,PASS,1,,18508 (67%); 18519 (33%)
42101031401,Philadelphia County PA,Census Tract 314.01,P,222,0.69,217700.0,1745.0,1.6,22.2,44.9,82.7,91.2,PASS,3,,19149 (100%)
42091208604,Montgomery County PA,Census Tract 2086.04,P,221,1.86,413500.0,1841.0,0.89,1.7,34.1,87.4,64.2,PASS,2,,19468 (100%)
34007607702,Camden County NJ,Census Tract 6077.02,P,221,1.26,150400.0,1533.0,2.04,34.8,28.2,84.1,100,PASS,1,,08021 (100%)
36015010600,Chemung County NY,Census Tract 106,P,221,2.85,121600.0,1148.0,1.89,30.4,33.0,81.0,98.9,PASS,1,,14903 (83%); 14901 (8%); 14845 (8%)
42101021100,Philadelphia County PA,Census Tract 211,P,220,0.69,352700.0,1692.0,0.96,3.7,17.5,89.1,74.6,PASS,1,,19128 (100%)
10001040201,Kent County DE,Census Tract 402.01,P,220,1.21,298800.0,1477.0,0.99,4.5,22.1,84.7,70.0,PASS,1,,19938 (65%); 19977 (35%)
42101015700,Philadelphia County PA,Census Tract 157,P,219,0.68,352400.0,1788.0,1.01,5.3,18.7,92.2,82.3,PASS,1,,19122 (87%); 19125 (13%)
42101020300,Philadelphia County PA,Census Tract 203,P,219,0.68,119400.0,946.0,1.58,21.7,32.4,73.3,87.3,PASS,1,,19140 (100%)
34001000100,Atlantic County NJ,Census Tract 1,P,219,1.58,212100.0,1345.0,1.27,12.6,37.8,82.2,86.7,PASS,2,,08401 (100%)
34033020300,Salem County NJ,Census Tract 203,F,219,3.34,170100.0,,,,,,,no data,,,08069 (100%)
42079212200,Luzerne County PA,Census Tract 2122,P,218,5.58,148300.0,744.0,1.0,4.9,17.3,81.4,77.7,PASS,1,,18704 (100%)
42091200907,Montgomery County PA,Census Tract 2009.07,F,218,1.83,367800.0,1445.0,0.79,-1.3,21.4,88.6,64.4,FAIL: not in positive-cash-flow set,6,,19446 (100%)
42107002900,Schuylkill County PA,Census Tract 29,F,218,4.29,238800.0,847.0,0.71,-3.5,5.2,77.3,44.8,FAIL: not in positive-cash-flow set,6,,17960 (55%); 18211 (25%); 18252 (19%)
42107003300,Schuylkill County PA,Census Tract 33,P,218,4.29,132400.0,904.0,1.37,15.4,7.3,82.6,97.3,PASS,1,,17972 (100%)
42101008102,Philadelphia County PA,Census Tract 81.02,P,217,0.68,137900.0,1328.0,1.93,31.5,36.7,84.4,92.3,PASS,2,,19143 (100%)
42011002002,Berks County PA,Census Tract 20.02,F,216,2.33,100600.0,1377.0,2.74,54.9,47.4,70.4,91.6,FAIL: tenant payment risk,4,,19602 (58%); 19606 (42%)
42101001203,Philadelphia County PA,Census Tract 12.03,F,216,0.68,1421900.0,1999.0,0.28,-15.9,18.4,88.7,48.0,FAIL: not in positive-cash-flow set,6,,19103 (52%); 19146 (48%)
42101003002,Philadelphia County PA,Census Tract 30.02,P,216,0.68,390700.0,1867.0,0.96,3.6,27.4,87.2,76.3,PASS,1,,19146 (96%); 19145 (4%)
10001041701,Kent County DE,Census Tract 417.01,P,216,1.18,297000.0,1614.0,1.09,7.4,32.6,83.9,79.5,PASS,1,,19934 (90%); 19904 (10%)
10003000200,New Castle County DE,Census Tract 2,F,216,1.25,220600.0,1229.0,1.11,8.1,47.5,84.4,85.7,FAIL: tenant payment risk,4,,19802 (100%)
42045400301,Delaware County PA,Census Tract 4003.01,P,215,2.14,87600.0,1198.0,2.74,54.8,29.7,85.9,95.8,PASS,1,,19082 (100%)
42079201200,Luzerne County PA,Census Tract 2012,P,215,5.5,99600.0,1270.0,2.55,49.5,36.5,68.4,93.9,PASS,2,,18702 (87%); 18705 (13%)
42101026000,Philadelphia County PA,Census Tract 260,F,215,0.67,225500.0,1371.0,1.22,11.1,50.8,80.3,82.9,FAIL: tenant payment risk,5,,19150 (100%)
42101030200,Philadelphia County PA,Census Tract 302,P,215,0.67,170700.0,1127.0,1.32,14.1,35.8,74.6,82.2,PASS,2,,19124 (100%)
34005700703,Burlington County NJ,Census Tract 7007.03,F,215,1.39,237100.0,1392.0,1.17,9.9,49.1,78.3,80.0,FAIL: tenant payment risk,4,,08075 (100%)
42091201604,Montgomery County PA,Census Tract 2016.04,F,214,1.8,322500.0,847.0,0.53,-8.8,4.2,77.4,40.7,FAIL: not in positive-cash-flow set,6,,19001 (98%); 19090 (2%)
42101026200,Philadelphia County PA,Census Tract 262,P,214,0.67,237400.0,1222.0,1.03,5.7,22.1,79.2,74.1,PASS,1,,19150 (100%)
42101027500,Philadelphia County PA,Census Tract 275,P,213,0.67,136700.0,999.0,1.46,18.1,25.3,83.5,86.9,PASS,1,,19120 (100%)
42101037500,Philadelphia County PA,Census Tract 375,P,213,0.67,286800.0,1777.0,1.24,11.7,30.3,78.8,93.2,PASS,1,,19151 (90%); 19131 (10%)
34005702203,Burlington County NJ,Census Tract 7022.03,P,213,1.38,243000.0,1080.0,0.89,1.6,13.6,84.5,73.3,PASS,1,,08068 (89%); 08064 (11%)
34005702905,Burlington County NJ,Census Tract 7029.05,P,213,1.38,409800.0,2277.0,1.11,8.1,26.0,85.0,84.2,PASS,1,,08054 (100%)
36101961900,Steuben County NY,Census Tract 9619,P,212,1.99,116800.0,975.0,1.67,24.1,30.6,78.9,89.8,PASS,1,,14823 (82%); 14819 (17%); 14843 (1%)
36107020200,Tioga County NY,Census Tract 202,P,212,2.15,135100.0,837.0,1.24,11.7,27.7,79.8,87.1,PASS,1,,13743 (62%); 13864 (21%); 13811 (12%); 13827 (3%); 13736 (2%)
42045403702,Delaware County PA,Census Tract 4037.02,P,211,2.1,192700.0,1325.0,1.38,15.7,28.8,79.2,88.4,PASS,1,,19029 (100%)
34005700702,Burlington County NJ,Census Tract 7007.02,F,211,1.36,222500.0,1643.0,1.48,18.6,49.8,86.0,96.2,FAIL: tenant payment risk,5,,08075 (100%)
42017101807,Bucks County PA,Census Tract 1018.07,F,210,0.95,503700.0,1736.0,0.69,-4.1,21.1,90.1,56.5,FAIL: not in positive-cash-flow set,6,,18976 (100%)
42079211101,Luzerne County PA,Census Tract 2111.01,P,210,5.37,146800.0,981.0,1.34,14.5,16.5,76.3,85.9,PASS,1,,18643 (100%)
42091201800,Montgomery County PA,Census Tract 2018,F,210,1.76,536200.0,1361.0,0.51,-9.3,20.2,78.4,43.0,FAIL: not in positive-cash-flow set,6,,19046 (82%); 19001 (18%)
42091203402,Montgomery County PA,Census Tract 2034.02,P,210,1.76,346500.0,2024.0,1.17,9.7,22.4,86.6,89.2,PASS,1,,19403 (100%)
42119090502,Union County PA,Census Tract 905.02,F,210,1.55,230000.0,926.0,0.81,-0.8,25.9,78.3,60.1,FAIL: not in positive-cash-flow set,6,,17837 (75%); 17844 (24%); 17886 (1%)
42045410601,Delaware County PA,Census Tract 4106.01,P,209,2.08,264000.0,1222.0,0.93,2.7,18.7,88.4,65.1,PASS,1,,19033 (84%); 19078 (16%)
42091200306,Montgomery County PA,Census Tract 2003.06,F,209,1.76,412200.0,1401.0,0.68,-4.4,26.6,80.9,53.0,FAIL: not in positive-cash-flow set,6,,19040 (76%); 19006 (24%)
42101019900,Philadelphia County PA,Census Tract 199,F,209,0.65,69700.0,1526.0,4.38,102.2,48.1,74.7,94.2,FAIL: tenant payment risk,4,,19140 (100%)
42017100102,Bucks County PA,Census Tract 1001.02,P,208,0.95,400900.0,1717.0,0.86,0.7,27.6,81.8,72.0,PASS,1,,19020 (100%)
42045407600,Delaware County PA,Census Tract 4076,F,208,2.07,633800.0,1532.0,0.48,-10.0,16.4,78.9,43.7,FAIL: not in positive-cash-flow set,6,,19081 (100%)
42045405000,Delaware County PA,Census Tract 4050,P,207,2.06,78200.0,473.0,1.21,10.9,24.1,67.3,82.5,PASS,2,,19013 (100%)
34001011404,Atlantic County NJ,Census Tract 114.04,P,207,1.49,239200.0,1321.0,1.1,7.9,29.0,78.9,73.6,PASS,1,,08330 (100%)
34007601600,Camden County NJ,Census Tract 6016,F,207,1.18,113500.0,1028.0,1.81,28.2,47.5,76.9,92.0,FAIL: tenant payment risk,4,,08104 (100%)
34007603001,Camden County NJ,Census Tract 6030.01,F,207,1.18,262500.0,,,,,,,no data,,,08109 (99%); 08110 (1%)
10003002900,New Castle County DE,Census Tract 29,P,207,1.2,97600.0,492.0,1.01,5.1,33.4,73.6,76.4,PASS,1,,19801 (100%)
36015000700,Chemung County NY,Census Tract 7,F,207,2.67,112900.0,658.0,1.17,9.6,52.5,71.8,78.5,FAIL: tenant payment risk,5,,14901 (100%)
42029304404,Chester County PA,Census Tract 3044.04,F,206,1.01,451400.0,1864.0,0.83,-0.2,27.6,87.0,72.0,FAIL: not in positive-cash-flow set,6,,19341 (84%); 19335 (16%)
42101008400,Philadelphia County PA,Census Tract 84,P,206,0.64,177100.0,1404.0,1.59,21.7,40.7,82.9,93.6,PASS,3,,19139 (90%); 19143 (10%)
10003012300,New Castle County DE,Census Tract 123,P,206,1.19,237900.0,1270.0,1.07,6.8,41.7,84.8,82.9,PASS,3,,19805 (100%)
42011012400,Berks County PA,Census Tract 124,P,205,2.21,210200.0,1541.0,1.47,18.3,24.5,84.0,89.8,PASS,1,,19560 (76%); 19605 (16%); 19604 (8%)
42091201301,Montgomery County PA,Census Tract 2013.01,F,205,1.72,431800.0,1465.0,0.68,-4.4,24.4,84.2,53.0,FAIL: not in positive-cash-flow set,6,,19002 (100%)
42091206005,Montgomery County PA,Census Tract 2060.05,F,205,1.72,414600.0,1298.0,0.63,-5.9,30.5,86.9,41.8,FAIL: not in positive-cash-flow set,6,,19403 (100%)
42101007000,Philadelphia County PA,Census Tract 70,P,205,0.64,132500.0,1409.0,2.13,37.3,43.6,78.9,97.1,PASS,3,,19143 (100%)
42101026301,Philadelphia County PA,Census Tract 263.01,P,205,0.64,218900.0,1268.0,1.16,9.4,39.8,84.4,76.1,PASS,2,,19150 (100%)
42101029100,Philadelphia County PA,Census Tract 291,F,205,0.64,175100.0,,,,,,,no data,,,19120 (65%); 19124 (35%)
42029302206,Chester County PA,Census Tract 3022.06,F,204,1.0,532100.0,2100.0,0.79,-1.2,10.8,84.1,71.0,FAIL: not in positive-cash-flow set,6,,19341 (95%); 19335 (5%)
42091206904,Montgomery County PA,Census Tract 2069.04,P,204,1.71,389500.0,2171.0,1.11,8.2,31.7,79.5,84.3,PASS,1,,19446 (63%); 19438 (18%); 19440 (10%); 18964 (8%)
34007602000,Camden County NJ,Census Tract 6020,F,204,1.17,90900.0,1422.0,3.13,66.2,49.5,65.8,94.2,FAIL: tenant payment risk,5,,08104 (100%)
36007012400,Broome County NY,Census Tract 124,P,203,2.95,140900.0,792.0,1.12,8.4,32.8,80.3,79.8,PASS,1,,13754 (57%); 13865 (24%); 13813 (11%); 13730 (7%); 13783 (1%)
42079210200,Luzerne County PA,Census Tract 2102,P,202,5.17,142200.0,973.0,1.37,15.5,17.6,81.3,95.0,PASS,1,,18641 (88%); 18640 (12%)
34015501302,Gloucester County NJ,Census Tract 5013.02,P,202,1.36,215200.0,1513.0,1.41,16.5,26.9,87.2,96.7,PASS,1,,08071 (100%)
34015501604,Gloucester County NJ,Census Tract 5016.04,F,202,1.36,265400.0,957.0,0.72,-3.2,24.3,84.3,51.3,FAIL: not in positive-cash-flow set,6,,08094 (100%)
42079214200,Luzerne County PA,Census Tract 2142,P,201,5.14,128800.0,727.0,1.13,8.6,29.0,82.0,85.1,PASS,1,,18634 (100%)
42029302300,Chester County PA,Census Tract 3023,F,200,0.98,554900.0,1923.0,0.69,-4.0,30.5,84.6,56.5,FAIL: not in positive-cash-flow set,6,,19380 (100%)
42045406903,Delaware County PA,Census Tract 4069.03,F,200,1.99,355300.0,1358.0,0.76,-1.9,11.2,85.8,55.5,FAIL: not in positive-cash-flow set,6,,19014 (100%)
42091201302,Montgomery County PA,Census Tract 2013.02,F,200,1.68,344700.0,1418.0,0.82,-0.3,21.6,87.5,69.8,FAIL: not in positive-cash-flow set,6,,19002 (100%)
42101012502,Philadelphia County PA,Census Tract 125.02,F,200,0.63,513300.0,2064.0,0.8,-0.8,20.9,87.9,68.3,FAIL: not in positive-cash-flow set,6,,19130 (91%); 19103 (9%)
42101031402,Philadelphia County PA,Census Tract 314.02,P,200,0.63,209000.0,1550.0,1.48,18.8,38.2,81.0,91.7,PASS,2,,19149 (100%)
42017104400,Bucks County PA,Census Tract 1044,F,199,0.9,716200.0,2000.0,0.56,-7.9,36.7,84.6,45.1,FAIL: not in positive-cash-flow set,6,,18938 (100%)
42045406700,Delaware County PA,Census Tract 4067,P,199,1.98,141700.0,1270.0,1.79,27.7,20.1,85.9,100,PASS,1,,19061 (100%)
42101017201,Philadelphia County PA,Census Tract 172.01,F,199,0.62,65800.0,1393.0,4.23,98.0,52.0,68.6,86.0,FAIL: tenant payment risk,5,,19132 (100%)
42011002900,Berks County PA,Census Tract 29,P,198,2.13,170000.0,1329.0,1.56,21.1,32.9,79.9,91.5,PASS,1,,19607 (52%); 19611 (48%)
42079201500,Luzerne County PA,Census Tract 2015,P,198,5.06,123400.0,1091.0,1.77,27.0,40.8,80.0,96.9,PASS,3,,18705 (56%); 18702 (44%)
34005700800,Burlington County NJ,Census Tract 7008,F,198,1.28,288500.0,985.0,0.68,-4.3,23.1,80.9,50.5,FAIL: not in positive-cash-flow set,6,,08075 (100%)
24015031202,Cecil County MD,Census Tract 312.02,F,198,0.55,279000.0,869.0,0.62,-6.0,16.4,80.8,47.4,FAIL: not in positive-cash-flow set,6,,21903 (90%); 21902 (10%)
42029304102,Chester County PA,Census Tract 3041.02,P,197,0.96,310300.0,1471.0,0.95,3.4,27.1,88.9,73.3,PASS,1,,19335 (100%)
42079213600,Luzerne County PA,Census Tract 2136,P,197,5.04,94200.0,926.0,1.97,32.7,33.2,77.1,94.7,PASS,1,,18651 (100%)
42091207001,Montgomery County PA,Census Tract 2070.01,F,197,1.66,617900.0,1672.0,0.54,-8.4,22.8,85.6,42.9,FAIL: not in positive-cash-flow set,6,,19438 (73%); 19473 (21%); 18964 (6%)
42101028100,Philadelphia County PA,Census Tract 281,P,197,0.62,158200.0,1071.0,1.35,15.0,41.4,78.0,81.4,PASS,3,,19141 (97%); 19140 (3%)
34005704009,Burlington County NJ,Census Tract 7040.09,P,197,1.27,360000.0,2155.0,1.2,10.5,25.0,87.1,89.6,PASS,1,,08053 (100%)
42079213100,Luzerne County PA,Census Tract 2131,P,196,5.01,150500.0,918.0,1.22,11.2,24.5,80.0,91.7,PASS,1,,18704 (100%)
42091200800,Montgomery County PA,Census Tract 2008,F,196,1.65,364400.0,1244.0,0.68,-4.3,24.0,89.1,58.8,FAIL: not in positive-cash-flow set,6,,19440 (100%)
42101001201,Philadelphia County PA,Census Tract 12.01,F,196,0.61,980200.0,1972.0,0.4,-12.4,22.5,92.3,41.6,FAIL: not in positive-cash-flow set,6,,19146 (62%); 19103 (38%)
34005701102,Burlington County NJ,Census Tract 7011.02,F,196,1.27,374200.0,1309.0,0.7,-3.8,22.7,82.7,55.9,FAIL: not in positive-cash-flow set,6,,08016 (100%)
42029306501,Chester County PA,Census Tract 3065.01,F,195,0.95,558400.0,1699.0,0.61,-6.4,36.7,83.3,44.5,FAIL: not in positive-cash-flow set,6,,19350 (96%); 19311 (4%)
42029311401,Chester County PA,Census Tract 3114.01,P,195,0.95,297000.0,1632.0,1.1,7.7,26.5,84.9,84.1,PASS,1,,19320 (82%); 19335 (10%); 19372 (8%)
34001012000,Atlantic County NJ,Census Tract 120,P,195,1.41,189400.0,1050.0,1.11,8.0,33.4,76.8,75.8,PASS,1,,08232 (100%)
42091205501,Montgomery County PA,Census Tract 2055.01,F,194,1.63,450700.0,1754.0,0.78,-1.5,28.0,85.0,61.3,FAIL: not in positive-cash-flow set,6,,19003 (92%); 19096 (8%)
42029300400,Chester County PA,Census Tract 3004,F,193,0.94,521800.0,2169.0,0.83,-0.0,21.5,85.7,68.2,FAIL: not in positive-cash-flow set,6,,19355 (100%)
42069110100,Lackawanna County PA,Census Tract 1101,P,193,4.2,175100.0,877.0,1.0,4.9,31.7,84.2,69.9,PASS,1,,18407 (82%); 18421 (18%)
42091203401,Montgomery County PA,Census Tract 2034.01,P,193,1.62,245900.0,1418.0,1.15,9.3,18.3,83.6,84.1,PASS,1,,19403 (100%)
42101013100,Philadelphia County PA,Census Tract 131,F,193,0.6,365600.0,1090.0,0.6,-6.8,45.0,82.5,43.1,FAIL: not in positive-cash-flow set,6,,19123 (100%)
42101026600,Philadelphia County PA,Census Tract 266,P,193,0.6,194500.0,1629.0,1.68,24.3,33.9,83.8,90.0,PASS,2,,19126 (55%); 19138 (45%)
42017100208,Bucks County PA,Census Tract 1002.08,P,192,0.87,325300.0,1392.0,0.86,0.7,36.0,81.7,61.9,PASS,2,,19020 (98%); 19053 (2%)
42045408800,Delaware County PA,Census Tract 4088,F,192,1.91,426300.0,1664.0,0.78,-1.5,13.4,86.1,55.9,FAIL: not in positive-cash-flow set,6,,19003 (79%); 19083 (21%)
42079213400,Luzerne County PA,Census Tract 2134,P,192,4.91,146300.0,1091.0,1.49,19.0,33.2,80.4,92.9,PASS,1,,18651 (65%); 18704 (35%)
34007601000,Camden County NJ,Census Tract 6010,P,192,1.1,142600.0,1275.0,1.79,27.5,40.9,78.1,95.5,PASS,3,,08105 (100%)
42011012200,Berks County PA,Census Tract 122,P,191,2.06,185900.0,953.0,1.03,5.6,37.4,88.3,78.3,PASS,2,,19606 (100%)
42045401101,Delaware County PA,Census Tract 4011.01,P,191,1.9,214200.0,1696.0,1.58,21.7,16.9,84.8,94.2,PASS,1,,19026 (100%)
42091208000,Montgomery County PA,Census Tract 2080,P,191,1.6,275900.0,1361.0,0.99,4.5,11.2,90.2,74.8,PASS,1,,18073 (100%)
34007601900,Camden County NJ,Census Tract 6019,P,191,1.09,122800.0,866.0,1.41,16.7,39.9,73.6,86.4,PASS,2,,08104 (100%)
36015010701,Chemung County NY,Census Tract 107.01,F,191,2.46,326700.0,1303.0,0.8,-1.0,43.7,80.8,61.8,FAIL: not in positive-cash-flow set,6,,14845 (100%)
42017100700,Bucks County PA,Census Tract 1007,P,190,0.86,242800.0,1350.0,1.11,8.1,35.6,79.5,82.6,PASS,2,,19007 (100%)
42101014800,Philadelphia County PA,Census Tract 148,F,190,0.59,360000.0,890.0,0.49,-9.7,38.7,80.3,37.6,FAIL: not in positive-cash-flow set,6,,19121 (100%)
42101021500,Philadelphia County PA,Census Tract 215,F,190,0.59,395700.0,1511.0,0.76,-2.0,14.6,94.1,65.7,FAIL: not in positive-cash-flow set,6,,19128 (63%); 19127 (37%)
34005701502,Burlington County NJ,Census Tract 7015.02,P,190,1.23,338000.0,1571.0,0.93,2.8,19.9,81.1,76.6,PASS,1,,08505 (47%); 08620 (35%); 08610 (16%); 08515 (2%)
36107020600,Tioga County NY,Census Tract 206,P,190,1.92,134200.0,920.0,1.37,15.5,18.0,79.6,88.9,PASS,1,,13812 (34%); 13734 (33%); 13827 (31%); 14883 (2%)
42079215600,Luzerne County PA,Census Tract 2156,P,188,4.81,96700.0,844.0,1.75,26.3,36.2,83.6,92.5,PASS,2,,18634 (62%); 18617 (36%); 18621 (2%)
42101027402,Philadelphia County PA,Census Tract 274.02,F,188,0.59,151500.0,,,,,,,no data,,,19120 (100%)
34005702915,Burlington County NJ,Census Tract 7029.15,P,188,1.21,313600.0,1683.0,1.07,7.0,34.8,86.1,81.8,PASS,2,,08054 (100%)
34015502202,Gloucester County NJ,Census Tract 5022.02,P,188,1.27,421300.0,2128.0,1.01,5.1,34.5,78.4,80.6,PASS,2,,08085 (100%)
42079213000,Luzerne County PA,Census Tract 2130,P,186,4.76,166600.0,1279.0,1.54,20.3,24.1,85.1,99.0,PASS,1,,18704 (100%)
42097082000,Northumberland County PA,Census Tract 820,P,186,2.21,103300.0,827.0,1.6,22.2,38.6,85.7,91.4,PASS,2,,17801 (100%)
42101035601,Philadelphia County PA,Census Tract 356.01,F,186,0.58,343400.0,1369.0,0.8,-1.0,51.7,78.8,58.1,FAIL: not in positive-cash-flow set,6,,19115 (100%)
34033020400,Salem County NJ,Census Tract 204,P,186,2.84,190800.0,1356.0,1.42,17.0,25.7,82.3,91.6,PASS,1,,08069 (100%)
42091206400,Montgomery County PA,Census Tract 2064,P,185,1.55,415400.0,1865.0,0.9,1.9,33.2,90.0,70.6,PASS,1,,19426 (100%)
34001013202,Atlantic County NJ,Census Tract 132.02,P,185,1.33,340400.0,1464.0,0.86,0.8,31.2,76.8,62.9,PASS,1,,08406 (100%)
42101030502,Philadelphia County PA,Census Tract 305.02,F,184,0.58,194800.0,1296.0,1.33,14.4,66.5,82.5,74.0,FAIL: tenant payment risk,6,,19120 (66%); 19111 (34%)
42069110600,Lackawanna County PA,Census Tract 1106,P,183,3.98,176400.0,964.0,1.09,7.5,24.0,81.0,76.4,PASS,1,,18407 (57%); 18433 (43%)
42091210400,Montgomery County PA,Census Tract 2104,F,183,1.54,490000.0,1084.0,0.44,-11.2,36.5,80.1,30.9,FAIL: not in positive-cash-flow set,6,,19038 (92%); 19031 (8%)
42101021200,Philadelphia County PA,Census Tract 212,P,183,0.57,324900.0,1453.0,0.89,1.8,23.9,88.3,71.6,PASS,1,,19128 (100%)
42101033101,Philadelphia County PA,Census Tract 331.01,F,183,0.57,239600.0,1541.0,1.29,13.1,49.1,80.2,77.1,FAIL: tenant payment risk,4,,19136 (94%); 19149 (6%)
36015010702,Chemung County NY,Census Tract 107.02,P,183,2.36,211200.0,1247.0,1.18,10.1,17.9,83.4,86.4,PASS,1,,14845 (73%); 14861 (10%); 14816 (8%); 14901 (6%); 14838 (2%)
42101031000,Philadelphia County PA,Census Tract 310,P,182,0.57,271400.0,1832.0,1.35,14.9,24.9,85.2,86.7,PASS,1,,19111 (96%); 19149 (4%)
10001041300,Kent County DE,Census Tract 413,F,182,1.0,258300.0,980.0,0.76,-2.1,39.0,83.3,55.9,FAIL: not in positive-cash-flow set,6,,19901 (86%); 19904 (14%)
42097080302,Northumberland County PA,Census Tract 803.02,P,181,2.15,166700.0,964.0,1.16,9.4,28.2,81.3,82.4,PASS,1,,17847 (100%)
42029305400,Chester County PA,Census Tract 3054,P,180,0.88,218500.0,1666.0,1.52,20.0,36.4,87.1,96.0,PASS,2,,19320 (100%)
42079201400,Luzerne County PA,Census Tract 2014,P,180,4.6,94000.0,1009.0,2.15,37.9,28.5,82.5,92.2,PASS,1,,18702 (100%)
42091201607,Montgomery County PA,Census Tract 2016.07,P,180,1.51,371600.0,2153.0,1.16,9.4,36.2,86.5,74.1,PASS,2,,19001 (98%); 19090 (2%)
42101007101,Philadelphia County PA,Census Tract 71.01,F,180,0.56,125000.0,1452.0,2.32,43.0,51.9,81.3,89.8,FAIL: tenant payment risk,5,,19143 (100%)
42101028000,Philadelphia County PA,Census Tract 280,F,180,0.56,134900.0,898.0,1.33,14.4,61.4,72.0,76.3,FAIL: tenant payment risk,6,,19140 (39%); 19144 (35%); 19141 (26%)
42045400801,Delaware County PA,Census Tract 4008.01,F,179,1.78,343400.0,1068.0,0.62,-6.0,31.9,87.4,47.2,FAIL: not in positive-cash-flow set,6,,19082 (65%); 19050 (35%)
42101007102,Philadelphia County PA,Census Tract 71.02,F,179,0.56,120100.0,1532.0,2.55,49.5,46.7,77.7,91.2,FAIL: tenant payment risk,4,,19143 (100%)
42101017000,Philadelphia County PA,Census Tract 170,P,179,0.56,213800.0,1514.0,1.42,16.8,25.9,71.8,95.6,PASS,1,,19129 (82%); 19132 (18%)
42107000800,Schuylkill County PA,Census Tract 8,P,179,3.52,103400.0,815.0,1.58,21.4,30.9,78.0,91.9,PASS,1,,17931 (100%)
10001042203,Kent County DE,Census Tract 422.03,P,179,0.98,401800.0,1690.0,0.84,0.3,33.0,83.7,58.4,PASS,2,,19962 (67%); 19934 (23%); 19901 (11%)
24015031302,Cecil County MD,Census Tract 313.02,F,179,0.5,358000.0,1159.0,0.65,-5.3,30.7,82.0,40.9,FAIL: not in positive-cash-flow set,6,,21911 (72%); 21917 (24%); 21918 (4%)
42101021600,Philadelphia County PA,Census Tract 216,P,178,0.56,415600.0,1817.0,0.87,1.2,16.5,91.0,75.1,PASS,1,,19128 (85%); 19127 (15%)
42107001901,Schuylkill County PA,Census Tract 19.01,P,178,3.5,95900.0,920.0,1.92,31.3,40.5,79.7,99.9,PASS,3,,17901 (100%)
34001012801,Atlantic County NJ,Census Tract 128.01,P,178,1.28,276500.0,1182.0,0.85,0.7,36.6,80.3,67.1,PASS,2,,08244 (100%)
34011041101,Cumberland County NJ,Census Tract 411.01,P,178,2.08,142400.0,1300.0,1.83,28.6,43.1,80.3,97.8,PASS,3,,08360 (100%)
42011011800,Berks County PA,Census Tract 118,P,177,1.91,224000.0,1146.0,1.02,5.5,37.3,87.4,77.8,PASS,2,,19508 (100%)
42079200800,Luzerne County PA,Census Tract 2008,P,177,4.53,111100.0,978.0,1.76,26.8,39.4,78.3,98.7,PASS,2,,18702 (100%)
42101025500,Philadelphia County PA,Census Tract 255,F,177,0.55,414800.0,1418.0,0.68,-4.3,30.3,83.9,51.8,FAIL: not in positive-cash-flow set,6,,19119 (99%); 19150 (1%)
42101024700,Philadelphia County PA,Census Tract 247,F,176,0.55,187500.0,1072.0,1.14,9.0,49.6,72.5,79.3,FAIL: tenant payment risk,5,,19144 (71%); 19138 (29%)
42131400600,Wyoming County PA,Census Tract 4006,F,176,0.8,205300.0,781.0,0.76,-2.0,24.3,79.3,58.3,FAIL: not in positive-cash-flow set,6,,18657 (100%)
42045410200,Delaware County PA,Census Tract 4102,F,175,1.74,753100.0,2226.0,0.59,-6.9,45.7,79.6,38.4,FAIL: not in positive-cash-flow set,6,,19317 (93%); 19342 (4%); 19382 (3%)
42101012100,Philadelphia County PA,Census Tract 121,P,175,0.55,326000.0,1380.0,0.85,0.4,30.7,81.7,66.8,PASS,1,,19131 (100%)
34011020503,Cumberland County NJ,Census Tract 205.03,P,175,2.05,95100.0,935.0,1.97,32.7,39.7,82.3,93.7,PASS,2,,08302 (100%)
34015501609,Gloucester County NJ,Census Tract 5016.09,F,175,1.18,464000.0,850.0,0.37,-13.4,11.7,85.7,31.0,FAIL: not in positive-cash-flow set,6,,08094 (100%)
42017101100,Bucks County PA,Census Tract 1011,P,173,0.79,336200.0,1440.0,0.86,0.7,37.5,87.7,69.2,PASS,2,,19047 (100%)
42101036600,Philadelphia County PA,Census Tract 366,P,173,0.54,520500.0,2441.0,0.94,3.1,15.7,88.6,79.8,PASS,1,,19106 (58%); 19147 (31%); 19123 (11%)
34001011500,Atlantic County NJ,Census Tract 115,P,173,1.25,229000.0,1800.0,1.57,21.3,29.8,72.2,92.4,PASS,1,,08330 (98%); 08037 (2%)
42091204002,Montgomery County PA,Census Tract 2040.02,F,172,1.45,440200.0,1603.0,0.73,-3.0,29.1,90.0,55.6,FAIL: not in positive-cash-flow set,6,,19462 (65%); 19428 (35%)
42091206202,Montgomery County PA,Census Tract 2062.02,P,172,1.45,285100.0,1547.0,1.09,7.3,23.6,86.2,85.6,PASS,1,,19468 (100%)
42091207201,Montgomery County PA,Census Tract 2072.01,F,172,1.45,327600.0,1230.0,0.75,-2.3,38.2,87.1,54.5,FAIL: not in positive-cash-flow set,6,,18964 (100%)
42101016901,Philadelphia County PA,Census Tract 169.01,P,172,0.54,64400.0,859.0,2.67,52.9,42.1,70.6,93.2,PASS,3,,19132 (99%); 19121 (1%)
42101025600,Philadelphia County PA,Census Tract 256,F,172,0.54,445900.0,1637.0,0.73,-2.8,9.4,84.5,60.3,FAIL: not in positive-cash-flow set,6,,19119 (99%); 19150 (1%)
34015501303,Gloucester County NJ,Census Tract 5013.03,P,172,1.16,315300.0,1570.0,1.0,4.7,39.2,80.8,75.5,PASS,2,,08071 (100%)
34001000400,Atlantic County NJ,Census Tract 4,P,171,1.23,226900.0,1219.0,1.07,7.0,43.4,79.5,83.5,PASS,3,,08401 (100%)
34001012802,Atlantic County NJ,Census Tract 128.02,P,171,1.23,383300.0,1726.0,0.9,2.0,39.8,80.1,61.3,PASS,2,,08244 (100%)
42079212900,Luzerne County PA,Census Tract 2129,P,170,4.35,190200.0,989.0,1.04,6.0,31.5,82.4,82.2,PASS,1,,18704 (100%)
42091204007,Montgomery County PA,Census Tract 2040.07,F,170,1.43,456800.0,1721.0,0.75,-2.3,12.7,82.8,61.5,FAIL: not in positive-cash-flow set,6,,19462 (57%); 19428 (43%)
42107000901,Schuylkill County PA,Census Tract 9.01,P,170,3.34,130900.0,831.0,1.27,12.6,20.0,78.8,82.0,PASS,1,,17921 (63%); 17935 (33%); 17931 (3%)
42091200903,Montgomery County PA,Census Tract 2009.03,P,169,1.42,345300.0,1670.0,0.97,3.9,28.7,87.3,77.4,PASS,1,,19446 (100%)
42091204104,Montgomery County PA,Census Tract 2041.04,F,169,1.42,440000.0,1433.0,0.65,-5.2,19.9,88.8,52.9,FAIL: not in positive-cash-flow set,6,,19428 (100%)
42101000902,Philadelphia County PA,Census Tract 9.02,F,169,0.53,687500.0,1689.0,0.49,-9.8,24.8,79.9,40.4,FAIL: not in positive-cash-flow set,6,,19107 (82%); 19106 (18%)
42107001700,Schuylkill County PA,Census Tract 17,P,169,3.32,174600.0,792.0,0.91,2.2,22.8,80.4,70.7,PASS,1,,17901 (100%)
34005700701,Burlington County NJ,Census Tract 7007.01,P,169,1.09,214500.0,1523.0,1.42,16.9,42.8,85.9,87.2,PASS,3,,08075 (100%)
34007600900,Camden County NJ,Census Tract 6009,P,169,0.97,195000.0,1024.0,1.05,6.3,39.6,76.1,74.5,PASS,2,,08105 (100%)
34007609205,Camden County NJ,Census Tract 6092.05,F,169,0.97,318000.0,1216.0,0.76,-1.9,42.2,85.4,52.5,FAIL: not in positive-cash-flow set,6,,08037 (58%); 08081 (28%); 08009 (8%); 08095 (6%)
34033020200,Salem County NJ,Census Tract 202,F,169,2.58,183300.0,1532.0,1.67,24.2,45.7,74.5,91.1,FAIL: tenant payment risk,4,,08069 (100%)
42045403701,Delaware County PA,Census Tract 4037.01,F,168,1.67,228500.0,1392.0,1.22,11.1,52.9,75.7,76.5,FAIL: tenant payment risk,5,,19029 (64%); 19113 (30%); 19153 (7%)
42045404500,Delaware County PA,Census Tract 4045,F,168,1.67,101400.0,1143.0,2.25,41.0,52.4,75.6,90.6,FAIL: tenant payment risk,5,,19013 (87%); 19086 (10%); 19015 (2%)
42069111100,Lackawanna County PA,Census Tract 1111,P,168,3.66,217000.0,966.0,0.89,1.7,28.2,84.3,69.1,PASS,1,,18403 (87%); 18433 (12%); 18447 (1%)
42101016001,Philadelphia County PA,Census Tract 160.01,P,168,0.53,315900.0,1868.0,1.18,10.1,11.8,91.7,80.6,PASS,1,,19125 (100%)
42017105600,Bucks County PA,Census Tract 1056,F,167,0.76,480300.0,1404.0,0.58,-7.1,21.2,82.8,47.4,FAIL: not in positive-cash-flow set,6,,19067 (100%)
36101962200,Steuben County NY,Census Tract 9622,P,167,1.57,99300.0,785.0,1.58,21.6,25.7,80.3,90.3,PASS,1,,14801 (93%); 14821 (7%)
42017103103,Bucks County PA,Census Tract 1031.03,P,166,0.75,275900.0,1258.0,0.91,2.3,19.9,80.4,69.0,PASS,1,,18951 (100%)
42017104701,Bucks County PA,Census Tract 1047.01,F,166,0.75,466100.0,1906.0,0.82,-0.4,40.0,83.9,65.2,FAIL: not in positive-cash-flow set,6,,18901 (100%)
42109070100,Snyder County PA,Census Tract 701,F,166,1.24,265900.0,908.0,0.68,-4.3,14.7,83.4,45.0,FAIL: not in positive-cash-flow set,6,,17870 (59%); 17889 (31%); 17876 (11%)
42017102402,Bucks County PA,Census Tract 1024.02,F,165,0.75,356700.0,1275.0,0.71,-3.4,16.9,91.4,50.9,FAIL: not in positive-cash-flow set,6,,18944 (98%); 18960 (2%)
42045402700,Delaware County PA,Census Tract 4027,F,165,1.64,128100.0,1277.0,1.99,33.5,47.6,75.8,92.6,FAIL: tenant payment risk,4,,19023 (100%)
42101003701,Philadelphia County PA,Census Tract 37.01,P,165,0.52,287600.0,1607.0,1.12,8.2,44.6,80.0,75.5,PASS,3,,19145 (100%)
42017102401,Bucks County PA,Census Tract 1024.01,F,164,0.75,403200.0,1158.0,0.57,-7.4,34.8,85.2,45.6,FAIL: not in positive-cash-flow set,6,,18944 (100%)
42079214400,Luzerne County PA,Census Tract 2144,P,164,4.2,89200.0,897.0,2.01,34.0,24.8,79.0,97.9,PASS,1,,18634 (100%)
10001040700,Kent County DE,Census Tract 407,F,164,0.9,325600.0,1149.0,0.71,-3.6,36.9,73.0,46.7,FAIL: not in positive-cash-flow set,6,,19904 (100%)
42101002100,Philadelphia County PA,Census Tract 21,P,163,0.51,467100.0,2026.0,0.87,1.0,16.2,89.9,69.3,PASS,1,,19146 (100%)
42101016500,Philadelphia County PA,Census Tract 165,F,163,0.51,105200.0,1432.0,2.72,54.5,46.7,65.6,94.7,FAIL: tenant payment risk,4,,19133 (99%); 19122 (1%)
42101032500,Philadelphia County PA,Census Tract 325,P,163,0.51,197400.0,1121.0,1.14,8.8,42.9,77.1,79.4,PASS,3,,19135 (100%)
34001010800,Atlantic County NJ,Census Tract 108,P,163,1.18,330100.0,1882.0,1.14,8.9,33.0,75.7,76.2,PASS,1,,08037 (100%)
34001011901,Atlantic County NJ,Census Tract 119.01,P,163,1.18,200900.0,1648.0,1.64,23.3,44.8,71.9,88.3,PASS,3,,08232 (100%)
34015502300,Gloucester County NJ,Census Tract 5023,P,163,1.1,255900.0,1606.0,1.26,12.2,26.3,89.5,92.7,PASS,1,,08085 (100%)
42101002702,Philadelphia County PA,Census Tract 27.02,P,162,0.51,380400.0,2207.0,1.16,9.5,22.1,86.0,84.5,PASS,1,,19148 (52%); 19147 (48%)
36101962400,Steuben County NY,Census Tract 9624,P,162,1.52,139200.0,1061.0,1.52,20.0,24.3,84.2,96.9,PASS,1,,14830 (100%)
42017101900,Bucks County PA,Census Tract 1019,F,161,0.73,445900.0,1913.0,0.86,0.8,45.5,85.2,62.7,FAIL: tenant payment risk,4,,18914 (100%)
42101004201,Philadelphia County PA,Census Tract 42.01,P,161,0.5,306100.0,1591.0,1.04,6.0,22.9,83.2,77.5,PASS,1,,19148 (100%)
42069111000,Lackawanna County PA,Census Tract 1110,P,160,3.48,193400.0,982.0,1.02,5.3,21.1,81.1,72.0,PASS,1,,18433 (100%)
42079215100,Luzerne County PA,Census Tract 2151,P,159,4.07,97200.0,1071.0,2.2,39.5,33.0,83.6,97.7,PASS,1,,18706 (100%)
42091208100,Montgomery County PA,Census Tract 2081,P,159,1.34,253400.0,1338.0,1.06,6.5,15.1,90.1,85.8,PASS,1,,18041 (100%)
36007012101,Broome County NY,Census Tract 121.01,P,159,2.31,157400.0,950.0,1.21,10.8,5.7,79.7,78.1,PASS,1,,13901 (88%); 13746 (9%); 13744 (2%)
36007014400,Broome County NY,Census Tract 144,P,159,2.31,173400.0,1096.0,1.26,12.5,38.6,81.8,78.2,PASS,2,,13850 (100%)
42011000700,Berks County PA,Census Tract 7,F,158,1.7,120700.0,,,,,,,no data,,,19604 (100%)
42069100200,Lackawanna County PA,Census Tract 1002,F,158,3.44,,682.0,,,,,,no data,,,18503 (68%); 18510 (24%); 18509 (8%)
42091208903,Montgomery County PA,Census Tract 2089.03,F,158,1.33,286300.0,1122.0,0.78,-1.4,32.1,75.2,50.2,FAIL: not in positive-cash-flow set,6,,19464 (100%)
42101027901,Philadelphia County PA,Census Tract 279.01,P,158,0.49,133700.0,987.0,1.48,18.6,43.7,73.0,88.5,PASS,3,,19138 (63%); 19141 (37%)
36107020300,Tioga County NY,Census Tract 203,P,157,1.59,190700.0,970.0,1.02,5.3,28.1,77.3,74.7,PASS,1,,13827 (74%); 13760 (26%)
42017105801,Bucks County PA,Census Tract 1058.01,F,156,0.71,456800.0,1433.0,0.63,-5.9,34.3,85.7,49.5,FAIL: not in positive-cash-flow set,6,,19067 (56%); 19030 (28%); 19047 (16%)
42101001001,Philadelphia County PA,Census Tract 10.01,P,156,0.49,490100.0,2182.0,0.89,1.7,24.4,81.7,70.7,PASS,1,,19106 (78%); 19147 (22%)
42017102104,Bucks County PA,Census Tract 1021.04,F,155,0.7,415800.0,1404.0,0.68,-4.5,21.2,88.4,44.4,FAIL: not in positive-cash-flow set,6,,19440 (32%); 18960 (30%); 18964 (13%); 18969 (13%); 18932 (7%); 18914 (4%)
42029306504,Chester County PA,Census Tract 3065.04,F,155,0.76,570300.0,998.0,0.35,-13.9,21.1,88.8,30.4,FAIL: not in positive-cash-flow set,6,,19311 (67%); 19374 (14%); 19350 (13%); 19348 (6%)
42069101900,Lackawanna County PA,Census Tract 1019,P,155,3.37,123200.0,1286.0,2.09,36.2,35.2,77.5,91.9,PASS,2,,18504 (100%)
42079216700,Luzerne County PA,Census Tract 2167,P,155,3.96,118000.0,939.0,1.59,21.9,26.3,79.8,93.7,PASS,1,,18224 (100%)
42011010903,Berks County PA,Census Tract 109.03,P,154,1.66,299900.0,1367.0,0.91,2.3,22.7,84.3,72.3,PASS,1,,19610 (61%); 19608 (20%); 19609 (19%)
42045404300,Delaware County PA,Census Tract 4043,P,154,1.53,127200.0,1329.0,2.09,36.2,31.9,79.9,92.1,PASS,1,,19022 (100%)
42091203602,Montgomery County PA,Census Tract 2036.02,P,154,1.29,238400.0,1336.0,1.12,8.3,39.4,81.1,71.4,PASS,2,,19401 (100%)
42101024100,Philadelphia County PA,Census Tract 241,F,154,0.48,437900.0,888.0,0.41,-12.3,42.7,78.6,32.6,FAIL: not in positive-cash-flow set,6,,19144 (100%)
42101027000,Philadelphia County PA,Census Tract 270,F,154,0.48,338300.0,1296.0,0.77,-1.9,22.3,81.7,55.0,FAIL: not in positive-cash-flow set,6,,19126 (82%); 19141 (17%); 19120 (1%)
42101039002,Philadelphia County PA,Census Tract 390.02,F,154,0.48,218400.0,1154.0,1.06,6.5,61.5,89.1,63.8,FAIL: tenant payment risk,6,,19124 (100%)
42101027902,Philadelphia County PA,Census Tract 279.02,P,153,0.48,128200.0,1044.0,1.63,23.0,34.7,76.9,94.8,PASS,2,,19141 (56%); 19144 (35%); 19138 (9%)
34001001300,Atlantic County NJ,Census Tract 13,P,153,1.1,197600.0,1106.0,1.12,8.3,32.0,70.8,83.9,PASS,1,,08401 (99%); 08203 (1%)
34007601101,Camden County NJ,Census Tract 6011.01,P,153,0.87,113900.0,1469.0,2.58,50.3,26.0,84.6,100,PASS,1,,08105 (100%)
42029300800,Chester County PA,Census Tract 3008,P,151,0.74,343100.0,1621.0,0.94,3.3,27.8,88.4,78.6,PASS,1,,19460 (100%)
42101004104,Philadelphia County PA,Census Tract 41.04,P,151,0.47,215700.0,1394.0,1.29,13.3,24.7,77.6,91.5,PASS,1,,19148 (100%)
34001002400,Atlantic County NJ,Census Tract 24,F,151,1.09,217200.0,690.0,0.64,-5.7,43.3,70.5,38.8,FAIL: not in positive-cash-flow set,6,,08401 (100%)
42045400402,Delaware County PA,Census Tract 4004.02,P,150,1.49,160500.0,1283.0,1.6,22.1,31.3,80.4,96.3,PASS,1,,19082 (100%)
42091205401,Montgomery County PA,Census Tract 2054.01,F,150,1.26,881900.0,2038.0,0.46,-10.6,21.4,85.5,46.6,FAIL: not in positive-cash-flow set,6,,19096 (100%)
42101016400,Philadelphia County PA,Census Tract 164,P,150,0.47,183600.0,1031.0,1.12,8.4,34.1,74.3,78.7,PASS,2,,19133 (100%)
42101036301,Philadelphia County PA,Census Tract 363.01,P,150,0.47,300900.0,1422.0,0.95,3.3,15.8,81.4,71.0,PASS,1,,19154 (100%)
34001011100,Atlantic County NJ,Census Tract 111,F,150,1.08,366100.0,1241.0,0.68,-4.4,44.7,85.6,48.1,FAIL: not in positive-cash-flow set,6,,08037 (100%)
34005700200,Burlington County NJ,Census Tract 7002,F,150,0.97,363000.0,1431.0,0.79,-1.2,22.6,85.5,61.0,FAIL: not in positive-cash-flow set,6,,08077 (100%)
34007604100,Camden County NJ,Census Tract 6041,P,150,0.86,142000.0,1587.0,2.24,40.4,36.9,82.3,98.2,PASS,2,,08107 (93%); 08104 (7%)
42017103102,Bucks County PA,Census Tract 1031.02,P,149,0.68,319900.0,1382.0,0.86,0.9,31.4,86.1,68.8,PASS,1,,18951 (100%)
42091201003,Montgomery County PA,Census Tract 2010.03,P,149,1.25,438500.0,1887.0,0.86,0.8,24.0,85.2,69.3,PASS,1,,19454 (91%); 19446 (8%); 19002 (1%)
42101034701,Philadelphia County PA,Census Tract 347.01,P,148,0.46,278900.0,1704.0,1.22,11.2,33.4,83.2,84.9,PASS,1,,19152 (100%)
42107000300,Schuylkill County PA,Census Tract 3,P,148,2.91,163600.0,867.0,1.06,6.6,27.9,80.3,69.5,PASS,1,,18252 (32%); 18237 (28%); 18214 (23%); 18240 (7%); 18245 (5%); 18220 (3%); 17948 (1%)
42045402800,Delaware County PA,Census Tract 4028,P,147,1.46,173300.0,1552.0,1.79,27.6,30.4,78.4,96.7,PASS,1,,19079 (100%)
42091202402,Montgomery County PA,Census Tract 2024.02,F,147,1.24,413600.0,1416.0,0.68,-4.2,26.7,81.8,49.3,FAIL: not in positive-cash-flow set,6,,19027 (100%)
42091208801,Montgomery County PA,Census Tract 2088.01,P,147,1.24,170800.0,1141.0,1.34,14.5,36.5,80.3,86.6,PASS,2,,19464 (100%)
42097081700,Northumberland County PA,Census Tract 817,F,147,1.75,32400.0,947.0,5.85,144.4,52.2,71.5,89.4,FAIL: tenant payment risk,5,,17872 (100%)
34033020800,Salem County NJ,Census Tract 208,P,147,2.24,239200.0,1359.0,1.14,8.8,17.6,82.5,85.1,PASS,1,,08098 (100%)
42017103700,Bucks County PA,Census Tract 1037,F,146,0.66,464100.0,1382.0,0.6,-6.8,13.8,81.3,43.8,FAIL: not in positive-cash-flow set,6,,18972 (35%); 18930 (34%); 18942 (30%); 18921 (2%)
42079215501,Luzerne County PA,Census Tract 2155.01,F,146,3.73,293400.0,849.0,0.58,-7.3,7.8,86.9,45.3,FAIL: not in positive-cash-flow set,6,,18707 (100%)
42091207300,Montgomery County PA,Census Tract 2073,F,146,1.23,323400.0,1185.0,0.73,-2.8,17.0,85.1,51.4,FAIL: not in positive-cash-flow set,6,,18969 (100%)
34001011702,Atlantic County NJ,Census Tract 117.02,P,146,1.05,196800.0,1251.0,1.27,12.7,41.4,74.5,80.3,PASS,3,,08234 (100%)
42045400700,Delaware County PA,Census Tract 4007,P,145,1.44,257700.0,1367.0,1.06,6.6,37.5,83.2,74.3,PASS,2,,19082 (75%); 19026 (25%)
42045401302,Delaware County PA,Census Tract 4013.02,P,145,1.44,248900.0,1087.0,0.87,1.2,31.6,81.9,66.5,PASS,1,,19026 (100%)
42045403103,Delaware County PA,Census Tract 4031.03,P,145,1.44,178100.0,958.0,1.08,7.0,37.9,81.1,76.8,PASS,2,,19023 (100%)
42079212000,Luzerne County PA,Census Tract 2120,P,145,3.71,137700.0,967.0,1.4,16.5,23.0,78.3,94.8,PASS,1,,18705 (100%)
42091201201,Montgomery County PA,Census Tract 2012.01,F,145,1.22,710400.0,2230.0,0.63,-5.9,33.0,77.8,41.4,FAIL: not in positive-cash-flow set,6,,19002 (56%); 19437 (22%); 19454 (17%); 19436 (4%); 19477 (1%)
42131400100,Wyoming County PA,Census Tract 4001,P,145,0.66,205600.0,968.0,0.94,3.2,21.7,80.7,72.3,PASS,1,,18623 (43%); 18630 (34%); 18629 (24%)
34005702913,Burlington County NJ,Census Tract 7029.13,P,145,0.94,210800.0,1975.0,1.87,30.0,21.2,85.5,100,PASS,1,,08054 (100%)
42045400802,Delaware County PA,Census Tract 4008.02,P,144,1.43,261700.0,1238.0,0.95,3.3,34.9,77.9,66.2,PASS,2,,19026 (66%); 19050 (34%)
34001010503,Atlantic County NJ,Census Tract 105.03,P,144,1.04,192200.0,1612.0,1.68,24.4,31.2,85.2,99.2,PASS,1,,08205 (100%)
34001012701,Atlantic County NJ,Census Tract 127.01,P,144,1.04,293400.0,1687.0,1.15,9.2,22.1,85.4,86.1,PASS,1,,08244 (100%)
34005700303,Burlington County NJ,Census Tract 7003.03,P,144,0.93,374300.0,1894.0,1.01,5.2,16.3,83.9,81.8,PASS,1,,08077 (100%)
10003002200,New Castle County DE,Census Tract 22,F,144,0.83,,1319.0,,,,,,no data,,,19805 (100%)
42079201600,Luzerne County PA,Census Tract 2016,P,143,3.66,163300.0,931.0,1.14,8.9,28.2,84.6,85.9,PASS,1,,18705 (100%)
42101010400,Philadelphia County PA,Census Tract 104,P,143,0.45,90300.0,1142.0,2.53,48.9,35.1,75.2,95.5,PASS,2,,19139 (81%); 19131 (19%)
42101017100,Philadelphia County PA,Census Tract 171,F,143,0.45,101900.0,1150.0,2.26,41.1,49.0,72.3,91.9,FAIL: tenant payment risk,4,,19132 (73%); 19129 (22%); 19140 (5%)
42101027401,Philadelphia County PA,Census Tract 274.01,P,142,0.44,163800.0,1055.0,1.29,13.1,33.9,78.3,85.1,PASS,2,,19120 (100%)
34015501502,Gloucester County NJ,Census Tract 5015.02,P,142,0.96,223700.0,1441.0,1.29,13.2,36.6,79.4,80.3,PASS,2,,08312 (100%)
24015030907,Cecil County MD,Census Tract 309.07,F,142,0.39,372300.0,1525.0,0.82,-0.4,14.5,78.5,61.1,FAIL: not in positive-cash-flow set,6,,21903 (54%); 21901 (38%); 21914 (9%)
42011013600,Berks County PA,Census Tract 136,P,141,1.52,220200.0,1500.0,1.36,15.3,17.8,86.7,93.6,PASS,1,,19522 (100%)
42029311600,Chester County PA,Census Tract 3116,P,141,0.69,269500.0,1265.0,0.94,3.1,30.5,85.6,69.3,PASS,1,,19320 (93%); 19358 (7%)
42131400300,Wyoming County PA,Census Tract 4003,P,141,0.64,206500.0,908.0,0.88,1.4,31.3,80.6,59.4,PASS,2,,18446 (53%); 18419 (40%); 18657 (7%)
34015501608,Gloucester County NJ,Census Tract 5016.08,P,141,0.95,224900.0,2283.0,2.03,34.5,12.6,81.7,87.6,PASS,1,,08094 (100%)
36007014200,Broome County NY,Census Tract 142,P,141,2.05,166300.0,1261.0,1.52,19.7,27.5,79.1,100,PASS,1,,13790 (100%)
42101000803,Philadelphia County PA,Census Tract 8.03,F,140,0.44,659000.0,1884.0,0.57,-7.5,27.3,84.7,46.7,FAIL: not in positive-cash-flow set,6,,19103 (100%)
42101018001,Philadelphia County PA,Census Tract 180.01,F,140,0.44,267000.0,975.0,0.73,-2.9,20.5,82.1,50.0,FAIL: not in positive-cash-flow set,6,,19134 (91%); 19125 (9%)
42101018801,Philadelphia County PA,Census Tract 188.01,F,140,0.44,108500.0,1358.0,2.5,48.1,54.8,71.5,87.4,FAIL: tenant payment risk,5,,19134 (100%)
42101026302,Philadelphia County PA,Census Tract 263.02,P,140,0.44,228700.0,1048.0,0.92,2.4,5.9,87.4,67.1,PASS,1,,19138 (56%); 19150 (44%)
34033021600,Salem County NJ,Census Tract 216,F,140,2.13,207900.0,1158.0,1.11,8.1,49.2,75.6,75.7,FAIL: tenant payment risk,4,,08070 (100%)
42017104603,Bucks County PA,Census Tract 1046.03,F,138,0.63,714200.0,1767.0,0.49,-9.7,33.8,77.8,36.4,FAIL: not in positive-cash-flow set,6,,18901 (84%); 18976 (16%)
42091201705,Montgomery County PA,Census Tract 2017.05,F,138,1.16,420900.0,1480.0,0.7,-3.7,42.9,83.6,50.8,FAIL: not in positive-cash-flow set,6,,19038 (86%); 19046 (14%)
42101029200,Philadelphia County PA,Census Tract 292,P,138,0.43,180200.0,882.0,0.98,4.2,38.6,84.6,59.7,PASS,2,,19124 (100%)
34001013000,Atlantic County NJ,Census Tract 130,F,138,1.0,731800.0,385.0,0.11,-20.9,10.2,81.5,32.5,FAIL: not in positive-cash-flow set,6,,08402 (100%)
34015501003,Gloucester County NJ,Census Tract 5010.03,F,138,0.93,217400.0,1179.0,1.08,7.3,46.5,81.9,75.5,FAIL: tenant payment risk,4,,08096 (100%)
42045400302,Delaware County PA,Census Tract 4003.02,P,137,1.36,151800.0,1391.0,1.83,28.8,37.7,79.8,91.1,PASS,2,,19050 (82%); 19082 (18%)
42101014600,Philadelphia County PA,Census Tract 146,F,137,0.43,243800.0,1162.0,0.95,3.5,56.7,71.0,67.1,FAIL: tenant payment risk,6,,19122 (100%)
42101021700,Philadelphia County PA,Census Tract 217,P,137,0.43,356300.0,1695.0,0.95,3.5,12.5,85.0,77.9,PASS,1,,19128 (100%)
42101030700,Philadelphia County PA,Census Tract 307,P,137,0.43,249100.0,1214.0,0.97,4.1,25.5,86.1,74.9,PASS,1,,19111 (100%)
42107001000,Schuylkill County PA,Census Tract 10,P,137,2.69,58800.0,764.0,2.6,50.9,33.4,78.1,95.5,PASS,1,,17921 (100%)
34015501001,Gloucester County NJ,Census Tract 5010.01,F,137,0.92,205400.0,1309.0,1.27,12.8,50.1,85.7,82.1,FAIL: tenant payment risk,5,,08096 (100%)
42017106402,Bucks County PA,Census Tract 1064.02,F,136,0.62,414300.0,1648.0,0.8,-1.0,25.2,87.5,56.5,FAIL: not in positive-cash-flow set,6,,18951 (91%); 18054 (5%); 18970 (2%); 18935 (1%)
42091202603,Montgomery County PA,Census Tract 2026.03,F,136,1.14,365700.0,1283.0,0.7,-3.7,31.5,86.5,51.7,FAIL: not in positive-cash-flow set,6,,19038 (70%); 19095 (30%)
42101007700,Philadelphia County PA,Census Tract 77,P,136,0.43,294000.0,1252.0,0.85,0.6,43.7,84.5,71.6,PASS,3,,19104 (70%); 19143 (30%)
42101009500,Philadelphia County PA,Census Tract 95,P,136,0.43,93300.0,1222.0,2.62,51.5,44.6,78.3,90.8,PASS,3,,19139 (74%); 19151 (13%); 19131 (13%)
34015501213,Gloucester County NJ,Census Tract 5012.13,P,136,0.92,385900.0,1836.0,0.95,3.5,23.8,84.5,68.6,PASS,1,,08080 (89%); 08028 (11%)
10003012100,New Castle County DE,Census Tract 121,P,136,0.79,337200.0,1700.0,1.01,5.1,19.4,89.0,80.3,PASS,1,,19805 (74%); 19807 (20%); 19808 (6%)
42029303401,Chester County PA,Census Tract 3034.01,F,135,0.66,373400.0,1300.0,0.7,-3.9,23.3,88.7,54.3,FAIL: not in positive-cash-flow set,6,,19348 (100%)
42091201411,Montgomery County PA,Census Tract 2014.11,F,135,1.13,432100.0,1717.0,0.79,-1.1,19.5,90.1,63.5,FAIL: not in positive-cash-flow set,6,,19034 (60%); 19002 (40%)
42107000500,Schuylkill County PA,Census Tract 5,P,135,2.65,52400.0,910.0,3.47,76.1,36.5,72.4,91.6,PASS,2,,17948 (100%)
34005701205,Burlington County NJ,Census Tract 7012.05,P,135,0.87,204700.0,1292.0,1.26,12.4,26.8,83.7,84.9,PASS,1,,08016 (100%)
42107003800,Schuylkill County PA,Census Tract 38,P,134,2.63,138600.0,793.0,1.14,9.0,36.7,81.0,82.2,PASS,2,,17963 (100%)
34007605900,Camden County NJ,Census Tract 6059,F,134,0.77,378800.0,1117.0,0.59,-7.0,21.0,86.2,45.2,FAIL: not in positive-cash-flow set,6,,08035 (100%)
42029307400,Chester County PA,Census Tract 3074,F,133,0.65,305900.0,1201.0,0.79,-1.3,42.8,83.8,59.3,FAIL: not in positive-cash-flow set,6,,19365 (100%)
42045407501,Delaware County PA,Census Tract 4075.01,F,133,1.32,420200.0,1726.0,0.82,-0.3,18.5,85.2,68.2,FAIL: not in positive-cash-flow set,6,,19063 (100%)
34007601700,Camden County NJ,Census Tract 6017,F,133,0.76,,967.0,,,,,,no data,,,08104 (100%)
42045408101,Delaware County PA,Census Tract 4081.01,F,132,1.31,555900.0,1332.0,0.48,-10.1,9.7,82.9,38.1,FAIL: not in positive-cash-flow set,6,,19008 (100%)
42045410305,Delaware County PA,Census Tract 4103.05,P,132,1.31,483700.0,2433.0,1.01,5.0,44.4,78.2,77.1,PASS,3,,19342 (100%)
42107000601,Schuylkill County PA,Census Tract 6.01,P,132,2.6,50000.0,981.0,3.92,89.1,35.5,76.7,94.8,PASS,2,,17976 (100%)
34005700104,Burlington County NJ,Census Tract 7001.04,P,132,0.85,233700.0,1757.0,1.5,19.4,36.6,81.9,95.5,PASS,2,,08065 (100%)
24015031201,Cecil County MD,Census Tract 312.01,P,132,0.37,325600.0,1464.0,0.9,1.9,26.5,80.1,55.8,PASS,2,,21904 (83%); 21918 (14%); 21917 (3%)
36101960400,Steuben County NY,Census Tract 9604,P,132,1.24,105400.0,955.0,1.81,28.2,27.6,80.0,87.9,PASS,1,,14572 (79%); 14826 (10%); 14437 (8%); 14529 (3%)
42091207003,Montgomery County PA,Census Tract 2070.03,F,131,1.1,561500.0,1790.0,0.64,-5.6,26.9,83.0,48.2,FAIL: not in positive-cash-flow set,6,,19438 (100%)
10001040204,Kent County DE,Census Tract 402.04,F,131,0.72,381100.0,,,,,,,no data,,,19977 (84%); 19938 (16%)
10001043400,Kent County DE,Census Tract 434,F,131,0.72,371600.0,807.0,0.43,-11.4,26.4,82.4,33.8,FAIL: not in positive-cash-flow set,6,,19963 (57%); 19946 (21%); 19943 (17%); 19954 (4%); 19952 (2%)
10003002100,New Castle County DE,Census Tract 21,F,131,0.76,194700.0,611.0,0.63,-5.9,25.1,78.9,43.0,FAIL: not in positive-cash-flow set,6,,19801 (100%)
10003013800,New Castle County DE,Census Tract 138,P,131,0.76,263400.0,1686.0,1.28,12.9,24.6,81.3,89.0,PASS,1,,19713 (53%); 19702 (40%); 19711 (7%)
42011001600,Berks County PA,Census Tract 16,P,130,1.4,92800.0,1221.0,2.63,51.8,41.2,82.0,90.1,PASS,3,,19604 (98%); 19601 (2%)
42017105807,Bucks County PA,Census Tract 1058.07,F,130,0.59,355800.0,1273.0,0.72,-3.3,39.5,84.3,53.9,FAIL: not in positive-cash-flow set,6,,19030 (87%); 19047 (13%)
42101016902,Philadelphia County PA,Census Tract 169.02,P,130,0.41,84500.0,848.0,2.01,33.9,41.9,69.3,85.7,PASS,3,,19132 (93%); 19121 (7%)
42101024800,Philadelphia County PA,Census Tract 248,F,130,0.41,173000.0,1308.0,1.51,19.6,53.8,77.2,85.2,FAIL: tenant payment risk,5,,19138 (53%); 19144 (47%)
42101036100,Philadelphia County PA,Census Tract 361,P,130,0.41,330800.0,1737.0,1.05,6.3,25.7,84.9,73.1,PASS,1,,19154 (100%)
34005702908,Burlington County NJ,Census Tract 7029.08,F,130,0.84,404100.0,,,,,,,no data,,,08054 (100%)
34015501406,Gloucester County NJ,Census Tract 5014.06,P,130,0.88,331500.0,1429.0,0.86,0.9,33.3,79.4,62.6,PASS,1,,08028 (89%); 08071 (11%)
10003014100,New Castle County DE,Census Tract 141,P,130,0.75,272100.0,1317.0,0.97,3.9,35.9,82.1,68.2,PASS,2,,19713 (100%)
42017101603,Bucks County PA,Census Tract 1016.03,P,129,0.59,303300.0,1444.0,0.95,3.5,6.3,90.4,73.2,PASS,1,,18974 (99%); 19040 (1%)
42037050200,Columbia County PA,Census Tract 502,F,129,2.13,238100.0,766.0,0.64,-5.4,23.2,79.9,45.5,FAIL: not in positive-cash-flow set,6,,17846 (46%); 17815 (26%); 17814 (11%); 17859 (10%); 17821 (4%); 17756 (2%)
42045405400,Delaware County PA,Census Tract 4054,P,129,1.28,76800.0,1093.0,2.85,58.0,42.6,77.3,95.2,PASS,3,,19013 (100%)
42091200704,Montgomery County PA,Census Tract 2007.04,F,129,1.08,453200.0,1880.0,0.83,-0.1,40.3,82.1,59.3,FAIL: not in positive-cash-flow set,6,,19440 (65%); 19446 (35%)
42091206107,Montgomery County PA,Census Tract 2061.07,P,129,1.08,569200.0,2590.0,0.91,2.3,34.4,82.7,69.5,PASS,2,,19460 (68%); 19453 (21%); 19426 (12%)
42091210100,Montgomery County PA,Census Tract 2101,F,129,1.08,420100.0,1415.0,0.67,-4.5,17.5,85.2,47.6,FAIL: not in positive-cash-flow set,6,,19075 (92%); 19034 (8%)
42101008301,Philadelphia County PA,Census Tract 83.01,F,129,0.4,127900.0,796.0,1.24,11.9,45.7,71.7,80.4,FAIL: tenant payment risk,4,,19139 (61%); 19143 (39%)
34007610400,Camden County NJ,Census Tract 6104,P,129,0.74,151000.0,1420.0,1.88,30.2,31.6,77.1,93.4,PASS,1,,08103 (82%); 08102 (18%)
42029304101,Chester County PA,Census Tract 3041.01,F,128,0.63,374200.0,1537.0,0.82,-0.3,20.0,87.5,66.6,FAIL: not in positive-cash-flow set,6,,19335 (100%)
42037051300,Columbia County PA,Census Tract 513,F,128,2.11,207900.0,825.0,0.79,-1.1,19.0,82.7,57.4,FAIL: not in positive-cash-flow set,6,,17820 (53%); 17815 (47%)
42091201410,Montgomery County PA,Census Tract 2014.10,F,128,1.08,512400.0,1694.0,0.66,-4.9,19.6,90.6,51.0,FAIL: not in positive-cash-flow set,6,,19002 (100%)
42101028800,Philadelphia County PA,Census Tract 288,P,128,0.4,147500.0,1040.0,1.41,16.7,19.6,80.7,84.7,PASS,1,,19120 (71%); 19140 (29%)
42101032000,Philadelphia County PA,Census Tract 320,F,128,0.4,202900.0,1596.0,1.57,21.4,61.9,73.1,85.0,FAIL: tenant payment risk,6,,19135 (100%)
34005700504,Burlington County NJ,Census Tract 7005.04,F,128,0.83,613600.0,1295.0,0.42,-11.8,13.1,79.5,37.6,FAIL: not in positive-cash-flow set,6,,08057 (100%)
34007607200,Camden County NJ,Census Tract 6072,P,128,0.73,263800.0,1402.0,1.06,6.7,26.1,85.8,83.4,PASS,1,,08078 (89%); 08007 (10%); 08029 (1%)
42029302702,Chester County PA,Census Tract 3027.02,F,127,0.62,458200.0,1895.0,0.83,-0.1,34.6,84.2,64.4,FAIL: not in positive-cash-flow set,6,,19380 (90%); 19382 (10%)
42037051101,Columbia County PA,Census Tract 511.01,P,127,2.09,224600.0,1016.0,0.9,2.1,19.5,76.0,71.4,PASS,1,,17815 (100%)
42045401104,Delaware County PA,Census Tract 4011.04,P,127,1.26,264100.0,1583.0,1.2,10.6,25.7,84.4,87.9,PASS,1,,19026 (70%); 19082 (16%); 19083 (14%)
42091200402,Montgomery County PA,Census Tract 2004.02,P,127,1.07,321000.0,1836.0,1.14,9.0,16.1,90.4,84.6,PASS,1,,19040 (100%)
42101002200,Philadelphia County PA,Census Tract 22,F,127,0.4,443400.0,1681.0,0.76,-2.1,41.8,90.0,53.1,FAIL: not in positive-cash-flow set,6,,19146 (100%)
42101014300,Philadelphia County PA,Census Tract 143,F,127,0.4,586500.0,2288.0,0.78,-1.5,18.3,93.3,61.8,FAIL: not in positive-cash-flow set,6,,19125 (100%)
42101015600,Philadelphia County PA,Census Tract 156,F,127,0.4,387300.0,1311.0,0.68,-4.5,41.7,81.6,49.6,FAIL: not in positive-cash-flow set,6,,19122 (100%)
42101017400,Philadelphia County PA,Census Tract 174,F,127,0.4,67500.0,814.0,2.41,45.5,48.9,70.4,89.6,FAIL: tenant payment risk,4,,19133 (73%); 19132 (27%)
42101031600,Philadelphia County PA,Census Tract 316,P,127,0.4,230900.0,1697.0,1.47,18.4,20.8,78.3,87.9,PASS,1,,19149 (91%); 19135 (9%)
10003011203,New Castle County DE,Census Tract 112.03,F,127,0.73,400100.0,1415.0,0.71,-3.6,42.2,86.5,53.6,FAIL: not in positive-cash-flow set,6,,19810 (100%)
42011014102,Berks County PA,Census Tract 141.02,P,126,1.36,271200.0,1297.0,0.96,3.6,34.2,82.7,69.4,PASS,2,,19530 (88%); 19539 (6%); 19538 (2%); 19522 (2%); 19536 (1%); 19511 (1%)
42045406804,Delaware County PA,Census Tract 4068.04,F,126,1.26,338100.0,1253.0,0.74,-2.6,13.7,76.3,58.0,FAIL: not in positive-cash-flow set,6,,19061 (96%); 19060 (4%)
42045408600,Delaware County PA,Census Tract 4086,F,126,1.26,539300.0,1297.0,0.48,-10.1,38.6,81.0,33.8,FAIL: not in positive-cash-flow set,6,,19083 (98%); 19003 (2%)
42079217300,Luzerne County PA,Census Tract 2173,F,126,3.22,240200.0,1168.0,0.97,4.1,47.8,79.8,67.3,FAIL: tenant payment risk,4,,18201 (100%)
42091203601,Montgomery County PA,Census Tract 2036.01,F,126,1.06,177200.0,1101.0,1.24,11.8,45.1,79.5,87.1,FAIL: tenant payment risk,4,,19401 (100%)
42097081100,Northumberland County PA,Census Tract 811,P,126,1.5,76400.0,739.0,1.93,31.8,14.3,76.9,95.6,PASS,1,,17851 (100%)
42101029000,Philadelphia County PA,Census Tract 290,P,126,0.39,158700.0,1730.0,2.18,38.8,42.6,80.3,79.9,PASS,3,,19120 (100%)
42107003700,Schuylkill County PA,Census Tract 37,P,126,2.48,148700.0,843.0,1.13,8.7,16.1,81.8,81.2,PASS,1,,17963 (37%); 17981 (36%); 17980 (27%); 17957 (1%)
34011010701,Cumberland County NJ,Census Tract 107.01,P,126,1.47,196500.0,1121.0,1.14,8.9,35.5,82.4,80.9,PASS,2,,08302 (80%); 08318 (20%)
34011030402,Cumberland County NJ,Census Tract 304.02,P,126,1.47,300300.0,1431.0,0.95,3.5,27.5,80.0,75.5,PASS,1,,08332 (100%)
10001040900,Kent County DE,Census Tract 409,F,126,0.69,363000.0,1085.0,0.6,-6.7,31.5,77.3,48.5,FAIL: not in positive-cash-flow set,6,,19901 (89%); 19904 (11%)
42011010500,Berks County PA,Census Tract 105,P,125,1.35,233000.0,1188.0,1.02,5.4,12.5,85.2,76.6,PASS,1,,19551 (61%); 19567 (25%); 19565 (13%)
42017102300,Bucks County PA,Census Tract 1023,F,125,0.57,484700.0,1188.0,0.49,-9.8,10.3,86.9,38.6,FAIL: not in positive-cash-flow set,6,,18944 (58%); 18951 (22%); 18960 (20%)
42029302205,Chester County PA,Census Tract 3022.05,F,125,0.61,599100.0,2323.0,0.78,-1.6,26.7,85.0,58.2,FAIL: not in positive-cash-flow set,6,,19341 (100%)
42045409903,Delaware County PA,Census Tract 4099.03,F,125,1.25,473800.0,1585.0,0.67,-4.7,29.8,85.8,43.3,FAIL: not in positive-cash-flow set,6,,19073 (100%)
34005702701,Burlington County NJ,Census Tract 7027.01,P,125,0.81,290800.0,1319.0,0.91,2.2,6.4,89.7,73.5,PASS,1,,08060 (97%); 08073 (3%)
36107020401,Tioga County NY,Census Tract 204.01,P,125,1.27,172100.0,1030.0,1.2,10.5,36.9,84.1,82.7,PASS,2,,13732 (61%); 13827 (39%)
34001001200,Atlantic County NJ,Census Tract 12,P,124,0.89,131800.0,1190.0,1.81,28.1,43.7,81.4,93.3,PASS,3,,08401 (100%)
34011020100,Cumberland County NJ,Census Tract 201,F,124,1.45,,1018.0,,,,,,no data,,,08302 (100%)
34015501212,Gloucester County NJ,Census Tract 5012.12,F,124,0.84,254400.0,1569.0,1.23,11.6,59.4,85.9,81.4,FAIL: tenant payment risk,6,,08080 (83%); 08012 (17%)
42011000200,Berks County PA,Census Tract 2,F,123,1.33,180700.0,445.0,0.49,-9.8,48.8,72.3,35.6,FAIL: not in positive-cash-flow set,6,,19601 (100%)
42011011500,Berks County PA,Census Tract 115,P,123,1.33,237500.0,999.0,0.84,0.3,21.5,82.9,67.0,PASS,1,,19540 (100%)
42011013702,Berks County PA,Census Tract 137.02,P,123,1.33,236700.0,1120.0,0.95,3.3,14.8,81.8,70.5,PASS,1,,19555 (58%); 19526 (42%)
42079211500,Luzerne County PA,Census Tract 2115,P,123,3.15,172300.0,1051.0,1.22,11.2,26.7,78.7,80.9,PASS,1,,18644 (100%)
42097081500,Northumberland County PA,Census Tract 815,P,123,1.46,63000.0,632.0,2.01,33.8,29.7,78.2,91.4,PASS,1,,17872 (100%)
34007603002,Camden County NJ,Census Tract 6030.02,P,123,0.7,224700.0,1534.0,1.37,15.4,25.8,82.3,83.7,PASS,1,,08110 (100%)
42029300103,Chester County PA,Census Tract 3001.03,F,122,0.6,490100.0,1930.0,0.79,-1.3,26.5,82.6,65.1,FAIL: not in positive-cash-flow set,6,,19301 (100%)
42107002700,Schuylkill County PA,Census Tract 27,P,122,2.4,104200.0,867.0,1.66,24.0,16.6,80.6,91.9,PASS,1,,18252 (64%); 18250 (36%)
34007608304,Camden County NJ,Census Tract 6083.04,P,122,0.7,254400.0,1815.0,1.43,17.1,28.4,84.0,92.4,PASS,1,,08012 (99%); 08029 (1%)
42017106500,Bucks County PA,Census Tract 1065,P,121,0.55,289600.0,1685.0,1.16,9.6,35.0,81.7,75.8,PASS,2,,18951 (86%); 18955 (14%)
42045402000,Delaware County PA,Census Tract 4020,P,121,1.21,163800.0,1293.0,1.58,21.5,31.0,80.5,92.7,PASS,1,,19050 (100%)
42091200708,Montgomery County PA,Census Tract 2007.08,F,121,1.02,413400.0,1623.0,0.79,-1.3,35.3,83.4,58.6,FAIL: not in positive-cash-flow set,6,,19440 (80%); 18964 (11%); 19446 (9%)
42101006200,Philadelphia County PA,Census Tract 62,P,121,0.38,98700.0,1562.0,3.17,67.2,40.8,81.5,94.6,PASS,3,,19142 (100%)
34005700602,Burlington County NJ,Census Tract 7006.02,P,121,0.78,339600.0,2071.0,1.22,11.2,41.1,87.0,84.1,PASS,3,,08075 (81%); 08057 (19%)
34007603201,Camden County NJ,Census Tract 6032.01,P,121,0.69,296200.0,2187.0,1.48,18.6,29.1,82.7,87.9,PASS,1,,08002 (100%)
42011013000,Berks County PA,Census Tract 130,P,120,1.29,277200.0,1731.0,1.25,12.0,27.9,83.0,83.7,PASS,1,,19512 (84%); 19518 (14%); 19547 (1%); 19464 (1%)
42079200300,Luzerne County PA,Census Tract 2003,P,120,3.07,172200.0,1093.0,1.27,12.6,29.7,84.0,88.7,PASS,1,,18702 (100%)
10003012400,New Castle County DE,Census Tract 124,P,120,0.69,231700.0,1365.0,1.18,10.0,40.4,81.9,72.0,PASS,2,,19805 (81%); 19804 (19%)
36007012701,Broome County NY,Census Tract 127.01,P,120,1.75,131500.0,866.0,1.32,14.0,26.1,82.4,88.9,PASS,1,,13748 (55%); 13903 (45%)
36101962302,Steuben County NY,Census Tract 9623.02,P,120,1.13,157200.0,706.0,0.9,1.9,38.3,82.3,65.2,PASS,2,,14870 (98%); 14827 (2%)
42091201606,Montgomery County PA,Census Tract 2016.06,P,119,1.0,292100.0,1413.0,0.97,3.9,34.3,83.4,64.4,PASS,2,,19001 (71%); 19090 (29%)
42091203106,Montgomery County PA,Census Tract 2031.06,P,119,1.0,471000.0,2418.0,1.03,5.6,10.1,92.2,87.1,PASS,1,,19428 (100%)
34007603902,Camden County NJ,Census Tract 6039.02,P,119,0.68,429800.0,1815.0,0.84,0.4,21.3,82.2,69.2,PASS,1,,08107 (50%); 08108 (36%); 08033 (13%)
34011020400,Cumberland County NJ,Census Tract 204,P,119,1.39,164300.0,902.0,1.1,7.7,28.1,81.4,79.2,PASS,1,,08302 (100%)
10001043000,Kent County DE,Census Tract 430,P,119,0.65,249500.0,1270.0,1.02,5.4,25.9,86.7,78.2,PASS,1,,19952 (98%); 19954 (2%)
42011000400,Berks County PA,Census Tract 4,P,118,1.27,118000.0,1190.0,2.02,34.1,36.8,82.7,94.3,PASS,2,,19601 (72%); 19605 (28%)
42011011703,Berks County PA,Census Tract 117.03,P,118,1.27,338800.0,1482.0,0.87,1.2,27.6,86.6,64.4,PASS,1,,19543 (79%); 19520 (21%)
42017102102,Bucks County PA,Census Tract 1021.02,F,118,0.54,493400.0,1202.0,0.49,-9.9,22.3,81.2,34.7,FAIL: not in positive-cash-flow set,6,,18944 (95%); 18914 (3%); 18917 (2%)
42069101800,Lackawanna County PA,Census Tract 1018,P,118,2.57,203300.0,1051.0,1.03,5.8,30.8,74.7,76.4,PASS,1,,18504 (79%); 18508 (21%)
42079211303,Luzerne County PA,Census Tract 2113.03,P,118,3.02,238600.0,1375.0,1.15,9.2,12.7,81.7,84.3,PASS,1,,18618 (82%); 18612 (18%)
34005700501,Burlington County NJ,Census Tract 7005.01,F,118,0.76,595100.0,2100.0,0.71,-3.6,34.2,80.8,53.6,FAIL: not in positive-cash-flow set,6,,08057 (99%); 08054 (1%)
34005702101,Burlington County NJ,Census Tract 7021.01,F,118,0.76,,2510.0,,,,,,no data,,,08641 (95%); 08562 (5%)
36007013303,Broome County NY,Census Tract 133.03,P,118,1.72,159000.0,1056.0,1.33,14.3,21.3,82.7,89.3,PASS,1,,13760 (100%)
42045404003,Delaware County PA,Census Tract 4040.03,P,117,1.17,253900.0,1463.0,1.15,9.2,26.5,82.6,90.7,PASS,1,,19018 (100%)
42097081000,Northumberland County PA,Census Tract 810,P,117,1.39,93600.0,773.0,1.65,23.6,21.9,75.4,84.3,PASS,1,,17851 (100%)
42101000600,Philadelphia County PA,Census Tract 6,F,117,0.37,,2334.0,,,,,,no data,,,19107 (81%); 19106 (14%); 19109 (5%)
42101038900,Philadelphia County PA,Census Tract 389,F,117,0.37,336900.0,1034.0,0.61,-6.3,9.4,76.6,46.1,FAIL: not in positive-cash-flow set,6,,19138 (85%); 19119 (14%)
36107020102,Tioga County NY,Census Tract 201.02,P,117,1.18,138600.0,821.0,1.18,10.2,27.1,79.7,76.3,PASS,1,,13811 (89%); 13736 (7%); 13827 (2%); 13760 (2%)
42011011000,Berks County PA,Census Tract 110,F,116,1.25,270000.0,1079.0,0.8,-0.9,24.0,84.2,58.3,FAIL: not in positive-cash-flow set,6,,19610 (59%); 19609 (41%)
42017104000,Bucks County PA,Census Tract 1040,F,116,0.53,575000.0,2015.0,0.7,-3.8,17.7,80.9,52.4,FAIL: not in positive-cash-flow set,6,,18944 (66%); 18942 (21%); 18947 (12%); 18923 (1%)
42017105702,Bucks County PA,Census Tract 1057.02,F,116,0.53,277700.0,294.0,0.21,-17.9,5.5,75.7,38.2,FAIL: not in positive-cash-flow set,6,,19067 (100%)
42029304900,Chester County PA,Census Tract 3049,P,116,0.57,358100.0,1585.0,0.89,1.5,36.7,79.9,64.8,PASS,2,,19344 (93%); 19520 (3%); 19543 (2%); 17555 (1%); 19316 (1%)
42091205000,Montgomery County PA,Census Tract 2050,F,116,0.97,600700.0,2124.0,0.71,-3.6,50.7,78.0,54.0,FAIL: not in positive-cash-flow set,6,,19010 (100%)
42101026900,Philadelphia County PA,Census Tract 269,F,116,0.36,328700.0,743.0,0.45,-10.9,34.0,80.7,35.4,FAIL: not in positive-cash-flow set,6,,19126 (100%)
42101037200,Philadelphia County PA,Census Tract 372,P,116,0.36,293100.0,1661.0,1.13,8.7,34.5,80.7,75.3,PASS,2,,19148 (100%)
42045406500,Delaware County PA,Census Tract 4065,P,115,1.15,119800.0,1309.0,2.19,39.0,37.2,85.6,89.2,PASS,2,,19061 (100%)
42045407803,Delaware County PA,Census Tract 4078.03,F,115,1.15,388500.0,1329.0,0.68,-4.2,24.7,84.5,38.6,FAIL: not in positive-cash-flow set,6,,19064 (100%)
42091207104,Montgomery County PA,Census Tract 2071.04,F,115,0.97,397900.0,1794.0,0.9,2.0,53.1,74.3,59.3,FAIL: tenant payment risk,5,,18964 (100%)
42101000801,Philadelphia County PA,Census Tract 8.01,F,115,0.36,989600.0,2276.0,0.46,-10.7,30.6,92.4,43.9,FAIL: not in positive-cash-flow set,6,,19103 (100%)
42101003100,Philadelphia County PA,Census Tract 31,P,115,0.36,336100.0,1463.0,0.87,1.1,28.7,86.8,65.7,PASS,1,,19146 (59%); 19145 (41%)
34005700503,Burlington County NJ,Census Tract 7005.03,F,115,0.74,592600.0,939.0,0.32,-14.8,25.0,80.8,34.1,FAIL: not in positive-cash-flow set,6,,08057 (100%)
34007601102,Camden County NJ,Census Tract 6011.02,P,115,0.66,134600.0,1156.0,1.72,25.5,33.0,74.6,90.1,PASS,1,,08105 (74%); 08110 (26%)
34007606700,Camden County NJ,Census Tract 6067,F,115,0.66,269000.0,934.0,0.69,-4.0,25.8,85.2,55.5,FAIL: not in positive-cash-flow set,6,,08007 (100%)
42011000300,Berks County PA,Census Tract 3,P,114,1.23,138600.0,1143.0,1.65,23.6,38.2,78.6,91.9,PASS,2,,19601 (52%); 19605 (48%)
42101019800,Philadelphia County PA,Census Tract 198,P,114,0.36,104500.0,986.0,1.89,30.4,43.6,73.0,83.3,PASS,3,,19140 (100%)
42101026700,Philadelphia County PA,Census Tract 267,P,114,0.36,183000.0,1114.0,1.22,11.1,17.3,76.6,78.4,PASS,1,,19126 (73%); 19138 (27%)
34005701204,Burlington County NJ,Census Tract 7012.04,P,114,0.74,218800.0,1662.0,1.52,19.8,34.3,75.0,95.4,PASS,2,,08016 (100%)
10003000900,New Castle County DE,Census Tract 9,P,114,0.66,111900.0,1110.0,1.98,33.2,27.0,81.2,95.9,PASS,1,,19801 (100%)
36007011901,Broome County NY,Census Tract 119.01,P,114,1.66,124400.0,864.0,1.39,16.1,22.0,77.3,85.7,PASS,1,,13862 (75%); 13778 (17%); 13746 (4%); 13803 (3%); 13841 (1%); 13797 (1%)
36015011101,Chemung County NY,Census Tract 111.01,P,114,1.47,87900.0,1080.0,2.46,46.8,32.7,80.9,93.6,PASS,1,,14904 (98%); 14901 (2%)
42011011903,Berks County PA,Census Tract 119.03,F,113,1.22,410400.0,1154.0,0.56,-7.8,10.1,87.1,33.7,FAIL: not in positive-cash-flow set,6,,19518 (96%); 19508 (3%); 19512 (1%)
42091206201,Montgomery County PA,Census Tract 2062.01,P,113,0.95,308100.0,1486.0,0.96,3.8,26.6,90.2,73.4,PASS,1,,19468 (100%)
42101019000,Philadelphia County PA,Census Tract 190,F,113,0.35,132700.0,1339.0,2.02,34.2,49.6,73.6,90.0,FAIL: tenant payment risk,5,,19124 (99%); 19134 (1%)
34011040601,Cumberland County NJ,Census Tract 406.01,P,113,1.32,266200.0,1173.0,0.88,1.4,28.6,80.5,68.3,PASS,1,,08361 (56%); 08360 (44%)
42069103100,Lackawanna County PA,Census Tract 1031,P,112,2.44,163400.0,1032.0,1.26,12.4,23.5,82.7,90.3,PASS,1,,18505 (100%)
42093050100,Montour County PA,Census Tract 501,F,112,1.88,244100.0,909.0,0.74,-2.5,17.5,83.0,51.2,FAIL: not in positive-cash-flow set,6,,17821 (52%); 17772 (29%); 17847 (11%); 17756 (6%); 17777 (2%); 17815 (1%)
42101010500,Philadelphia County PA,Census Tract 105,P,112,0.35,183300.0,850.0,0.93,2.8,42.9,73.2,65.9,PASS,3,,19139 (51%); 19104 (25%); 19131 (24%)
42101036902,Philadelphia County PA,Census Tract 369.02,F,112,0.35,,3056.0,,,,,,no data,,,19104 (100%)
34007610800,Camden County NJ,Census Tract 6108,P,112,0.64,194600.0,1183.0,1.22,11.1,29.2,78.9,80.1,PASS,1,,08110 (100%)
34011030401,Cumberland County NJ,Census Tract 304.01,F,112,1.31,206500.0,1264.0,1.22,11.3,50.9,80.0,85.4,FAIL: tenant payment risk,5,,08332 (100%)
36101961300,Steuben County NY,Census Tract 9613,P,112,1.05,102100.0,820.0,1.61,22.3,21.7,76.1,88.3,PASS,1,,14810 (48%); 14879 (45%); 14821 (7%)
42017103101,Bucks County PA,Census Tract 1031.01,P,111,0.5,254700.0,1438.0,1.13,8.6,31.1,86.6,82.5,PASS,1,,18951 (100%)
42091207101,Montgomery County PA,Census Tract 2071.01,P,111,0.93,475700.0,2182.0,0.92,2.5,42.4,80.1,68.1,PASS,3,,18964 (43%); 18969 (41%); 19438 (16%)
34005702909,Burlington County NJ,Census Tract 7029.09,P,111,0.72,352600.0,2269.0,1.29,13.1,15.0,85.4,93.0,PASS,1,,08054 (100%)
34007603400,Camden County NJ,Census Tract 6034,P,111,0.63,356300.0,1896.0,1.06,6.7,20.4,82.9,84.5,PASS,1,,08034 (100%)
10001042500,Kent County DE,Census Tract 425,P,111,0.61,261400.0,1161.0,0.89,1.6,28.6,81.5,71.9,PASS,1,,19963 (100%)
42011012800,Berks County PA,Census Tract 128,P,110,1.19,179500.0,1516.0,1.69,24.7,42.4,84.9,89.7,PASS,3,,19605 (100%)
42017104703,Bucks County PA,Census Tract 1047.03,F,110,0.5,576300.0,1741.0,0.6,-6.5,36.7,82.0,43.8,FAIL: not in positive-cash-flow set,6,,18901 (100%)
42029302806,Chester County PA,Census Tract 3028.06,P,110,0.54,225900.0,1392.0,1.23,11.5,19.7,86.2,86.7,PASS,1,,19382 (100%)
42029303402,Chester County PA,Census Tract 3034.02,F,110,0.54,463300.0,1636.0,0.71,-3.6,27.5,82.5,49.3,FAIL: not in positive-cash-flow set,6,,19348 (100%)
42045404400,Delaware County PA,Census Tract 4044,P,110,1.1,142600.0,927.0,1.3,13.5,30.7,68.1,89.6,PASS,2,,19013 (100%)
42101036303,Philadelphia County PA,Census Tract 363.03,P,110,0.34,306500.0,1386.0,0.9,2.1,39.3,86.4,61.2,PASS,2,,19154 (100%)
34007603800,Camden County NJ,Census Tract 6038,P,110,0.63,420200.0,2149.0,1.02,5.5,32.0,88.7,77.3,PASS,1,,08108 (98%); 08033 (2%)
34007608303,Camden County NJ,Census Tract 6083.03,P,110,0.63,252900.0,1485.0,1.17,9.9,25.9,86.1,80.2,PASS,1,,08012 (100%)
36007001600,Broome County NY,Census Tract 16,P,110,1.6,204100.0,885.0,0.87,1.0,19.4,80.0,57.7,PASS,2,,13903 (100%)
42045406100,Delaware County PA,Census Tract 4061,P,109,1.09,212600.0,1158.0,1.09,7.4,30.3,88.4,80.5,PASS,1,,19015 (100%)
42079213700,Luzerne County PA,Census Tract 2137,P,109,2.79,81700.0,853.0,2.09,36.2,34.4,80.9,97.2,PASS,2,,18651 (100%)
42101013601,Philadelphia County PA,Census Tract 136.01,P,109,0.34,461600.0,2033.0,0.88,1.4,21.2,89.1,73.8,PASS,1,,19130 (100%)
34005704201,Burlington County NJ,Census Tract 7042.01,P,109,0.7,342500.0,2280.0,1.33,14.4,31.7,86.3,90.7,PASS,1,,08505 (100%)
42101021800,Philadelphia County PA,Census Tract 218,P,108,0.34,326900.0,1674.0,1.02,5.5,26.7,87.2,82.9,PASS,1,,19128 (100%)
42101037900,Philadelphia County PA,Census Tract 379,P,108,0.34,236200.0,1334.0,1.13,8.6,18.1,84.3,77.5,PASS,1,,19134 (60%); 19137 (40%)
42109070500,Snyder County PA,Census Tract 705,P,108,0.81,167900.0,821.0,0.98,4.2,23.4,84.1,72.7,PASS,1,,17841 (50%); 17812 (38%); 17063 (8%); 17813 (5%)
34007608210,Camden County NJ,Census Tract 6082.10,P,108,0.62,320800.0,1431.0,0.89,1.7,43.1,84.3,71.4,PASS,3,,08012 (61%); 08081 (39%)
34007610900,Camden County NJ,Census Tract 6109,F,108,0.62,289500.0,1009.0,0.7,-3.9,17.1,82.9,57.9,FAIL: not in positive-cash-flow set,6,,08106 (99%); 08059 (1%)
34011020301,Cumberland County NJ,Census Tract 203.01,P,108,1.26,55800.0,1725.0,6.18,154.1,24.7,85.6,96.6,PASS,1,,08302 (100%)
42045401401,Delaware County PA,Census Tract 4014.01,F,107,1.07,220900.0,1458.0,1.32,14.1,48.9,92.3,82.8,FAIL: tenant payment risk,4,,19026 (100%)
34005701002,Burlington County NJ,Census Tract 7010.02,P,107,0.69,315800.0,1550.0,0.98,4.3,39.7,82.6,60.7,PASS,2,,08010 (100%)
42029305700,Chester County PA,Census Tract 3057,F,106,0.52,203700.0,1375.0,1.35,14.9,48.0,80.7,82.5,FAIL: tenant payment risk,4,,19320 (100%)
42101029800,Philadelphia County PA,Census Tract 298,F,106,0.33,113500.0,1223.0,2.16,38.1,50.5,73.7,88.7,FAIL: tenant payment risk,5,,19124 (100%)
42109070400,Snyder County PA,Census Tract 704,P,106,0.79,206300.0,887.0,0.86,0.8,17.7,83.4,63.0,PASS,1,,17813 (37%); 17853 (31%); 17086 (25%); 17842 (6%); 17045 (1%)
34007607401,Camden County NJ,Census Tract 6074.01,P,106,0.61,227500.0,1088.0,0.96,3.6,30.5,82.0,74.0,PASS,1,,08083 (100%)
34015501101,Gloucester County NJ,Census Tract 5011.01,F,106,0.71,223800.0,1269.0,1.13,8.7,47.1,77.8,78.0,FAIL: tenant payment risk,4,,08093 (52%); 08096 (48%)
36101961400,Steuben County NY,Census Tract 9614,F,106,0.99,224800.0,797.0,0.71,-3.5,19.3,78.4,43.5,FAIL: not in positive-cash-flow set,6,,14840 (65%); 14810 (30%); 14879 (6%)
42101003800,Philadelphia County PA,Census Tract 38,P,105,0.33,320600.0,1466.0,0.91,2.4,27.2,82.9,57.8,PASS,2,,19145 (100%)
42101038700,Philadelphia County PA,Census Tract 387,F,105,0.33,667100.0,1840.0,0.55,-8.1,23.5,78.0,38.2,FAIL: not in positive-cash-flow set,6,,19118 (100%)
34011020600,Cumberland County NJ,Census Tract 206,P,105,1.23,152700.0,1232.0,1.61,22.5,28.7,83.0,91.1,PASS,1,,08302 (100%)
34007607000,Camden County NJ,Census Tract 6070,F,104,0.59,215900.0,859.0,0.8,-1.0,20.9,81.2,62.1,FAIL: not in positive-cash-flow set,6,,08031 (100%)
34007609201,Camden County NJ,Census Tract 6092.01,P,104,0.59,257100.0,1181.0,0.92,2.5,34.2,84.6,67.2,PASS,2,,08081 (100%)
42011013302,Berks County PA,Census Tract 133.02,F,103,1.11,315000.0,1173.0,0.74,-2.5,15.6,84.1,54.0,FAIL: not in positive-cash-flow set,6,,19504 (52%); 19505 (33%); 19503 (9%); 19512 (7%)
42079214300,Luzerne County PA,Census Tract 2143,P,103,2.63,114600.0,1089.0,1.9,30.8,35.4,81.3,96.6,PASS,2,,18634 (100%)
42101016200,Philadelphia County PA,Census Tract 162,F,103,0.32,380000.0,1008.0,0.53,-8.7,33.6,68.7,37.6,FAIL: not in positive-cash-flow set,6,,19122 (51%); 19133 (49%)
10001040100,Kent County DE,Census Tract 401,F,103,0.56,335900.0,1215.0,0.72,-3.1,18.2,80.3,48.9,FAIL: not in positive-cash-flow set,6,,19938 (78%); 19904 (12%); 19977 (5%); 19953 (5%)
10003016200,New Castle County DE,Census Tract 162,P,103,0.59,320000.0,1849.0,1.16,9.3,15.8,88.5,91.6,PASS,1,,19720 (100%)
36007012900,Broome County NY,Census Tract 129,P,103,1.5,194400.0,2329.0,2.4,45.1,41.2,70.9,100,PASS,3,,13790 (59%); 13760 (26%); 13905 (14%)
42011012104,Berks County PA,Census Tract 121.04,F,102,1.1,241400.0,,,,,,,no data,,,19606 (100%)
42017104203,Bucks County PA,Census Tract 1042.03,P,102,0.46,600100.0,2964.0,0.99,4.5,21.1,87.2,73.4,PASS,1,,18902 (59%); 18947 (41%)
42045403002,Delaware County PA,Census Tract 4030.02,P,102,1.02,205500.0,1566.0,1.52,19.9,40.4,83.4,85.7,PASS,2,,19036 (100%)
34007605100,Camden County NJ,Census Tract 6051,P,102,0.58,193300.0,1919.0,1.99,33.2,28.7,81.4,90.7,PASS,1,,08030 (100%)
36007012201,Broome County NY,Census Tract 122.01,P,102,1.48,160500.0,1219.0,1.52,19.8,23.8,84.2,92.8,PASS,1,,13904 (65%); 13901 (35%)
42017100900,Bucks County PA,Census Tract 1009,F,101,0.46,408700.0,1604.0,0.78,-1.3,21.4,88.0,55.0,FAIL: not in positive-cash-flow set,6,,19047 (100%)
42029300106,Chester County PA,Census Tract 3001.06,P,101,0.49,453400.0,2452.0,1.08,7.2,19.7,86.8,87.9,PASS,1,,19087 (100%)
42097080500,Northumberland County PA,Census Tract 805,P,101,1.2,232600.0,1074.0,0.92,2.6,35.0,79.0,65.7,PASS,2,,17857 (100%)
42101036000,Philadelphia County PA,Census Tract 360,F,101,0.32,376000.0,1077.0,0.57,-7.5,44.3,73.5,40.1,FAIL: not in positive-cash-flow set,6,,19116 (99%); 19115 (1%)
34007610300,Camden County NJ,Census Tract 6103,P,101,0.58,219900.0,1752.0,1.59,21.9,39.0,73.5,96.9,PASS,2,,08103 (64%); 08102 (33%); 08104 (3%)
34015500203,Gloucester County NJ,Census Tract 5002.03,P,101,0.68,306100.0,2111.0,1.38,15.8,22.7,87.8,92.4,PASS,1,,08096 (37%); 08086 (33%); 08051 (29%)
34015501301,Gloucester County NJ,Census Tract 5013.01,P,101,0.68,294900.0,1485.0,1.01,5.1,17.5,83.5,76.8,PASS,1,,08071 (100%)
42011012600,Berks County PA,Census Tract 126,P,100,1.08,172700.0,1232.0,1.43,17.1,34.6,83.2,91.6,PASS,2,,19605 (100%)
42079201100,Luzerne County PA,Census Tract 2011,P,100,2.56,100400.0,1202.0,2.39,45.0,31.3,80.7,92.7,PASS,1,,18702 (87%); 18705 (13%)
42079211204,Luzerne County PA,Census Tract 2112.04,P,100,2.56,265700.0,1319.0,0.99,4.6,21.3,79.1,69.9,PASS,1,,18612 (100%)
42091205100,Montgomery County PA,Census Tract 2051,F,100,0.84,959400.0,2177.0,0.45,-10.9,33.9,81.7,42.3,FAIL: not in positive-cash-flow set,6,,19010 (100%)
42107003100,Schuylkill County PA,Census Tract 31,F,100,1.97,213200.0,685.0,0.64,-5.4,26.4,82.2,47.0,FAIL: not in positive-cash-flow set,6,,17961 (100%)
36007012202,Broome County NY,Census Tract 122.02,P,100,1.45,125900.0,812.0,1.29,13.2,24.7,79.6,87.3,PASS,1,,13833 (76%); 13746 (23%)
42017105900,Bucks County PA,Census Tract 1059,F,99,0.45,346700.0,1325.0,0.76,-1.9,28.3,84.8,55.2,FAIL: not in positive-cash-flow set,6,,19007 (62%); 19054 (22%); 19055 (14%); 19057 (2%)
42091208905,Montgomery County PA,Census Tract 2089.05,P,99,0.83,211500.0,1398.0,1.32,14.1,35.2,87.4,88.8,PASS,2,,19464 (100%)
42101032300,Philadelphia County PA,Census Tract 323,F,99,0.31,168100.0,899.0,1.07,6.9,47.4,78.3,73.1,FAIL: tenant payment risk,4,,19135 (100%)
34011030100,Cumberland County NJ,Census Tract 301,F,99,1.16,,617.0,,,,,,no data,,,08332 (100%)
42017105202,Bucks County PA,Census Tract 1052.02,P,98,0.45,455500.0,2074.0,0.91,2.3,19.0,78.9,70.7,PASS,1,,18940 (100%)
42091201704,Montgomery County PA,Census Tract 2017.04,P,98,0.82,367600.0,1607.0,0.87,1.2,30.0,89.8,55.3,PASS,2,,19038 (100%)
42091206901,Montgomery County PA,Census Tract 2069.01,F,98,0.82,478000.0,1060.0,0.44,-11.2,24.8,82.8,41.2,FAIL: not in positive-cash-flow set,6,,19446 (100%)
34001010200,Atlantic County NJ,Census Tract 102,F,98,0.71,295300.0,2045.0,1.39,15.9,48.3,80.6,86.9,FAIL: tenant payment risk,4,,08201 (100%)
10003014501,New Castle County DE,Census Tract 145.01,F,98,0.57,,1457.0,,,,,,no data,,,19711 (100%)
10003015000,New Castle County DE,Census Tract 150,F,98,0.57,295900.0,1228.0,0.83,-0.0,39.3,81.6,58.5,FAIL: not in positive-cash-flow set,6,,19720 (100%)
42011011102,Berks County PA,Census Tract 111.02,F,97,1.05,441400.0,1590.0,0.72,-3.2,25.5,82.1,50.2,FAIL: not in positive-cash-flow set,6,,19610 (100%)
42017101808,Bucks County PA,Census Tract 1018.08,F,97,0.44,426100.0,1687.0,0.79,-1.1,25.9,80.7,64.5,FAIL: not in positive-cash-flow set,6,,18976 (100%)
42045403902,Delaware County PA,Census Tract 4039.02,P,97,0.97,274000.0,1149.0,0.84,0.2,14.7,84.8,61.1,PASS,2,,19078 (93%); 19022 (4%); 19076 (3%)
42091207600,Montgomery County PA,Census Tract 2076,P,97,0.82,366100.0,1689.0,0.92,2.6,20.6,83.9,68.4,PASS,1,,18054 (58%); 18073 (36%); 18074 (5%); 19438 (1%)
42091208203,Montgomery County PA,Census Tract 2082.03,F,97,0.82,362100.0,1175.0,0.65,-5.3,15.1,86.0,43.3,FAIL: not in positive-cash-flow set,6,,19525 (96%); 19512 (4%)
42101028700,Philadelphia County PA,Census Tract 287,F,97,0.3,110600.0,1281.0,2.32,42.8,60.9,78.3,89.1,FAIL: tenant payment risk,6,,19140 (61%); 19120 (39%)
42101037600,Philadelphia County PA,Census Tract 376,P,97,0.3,441800.0,2041.0,0.92,2.7,25.0,85.9,77.0,PASS,1,,19123 (74%); 19107 (23%); 19108 (2%)
10003014404,New Castle County DE,Census Tract 144.04,P,97,0.56,357400.0,2087.0,1.17,9.7,36.1,78.7,82.0,PASS,2,,19711 (100%)
42017104100,Bucks County PA,Census Tract 1041,F,96,0.44,395800.0,1440.0,0.73,-3.0,31.8,87.5,49.9,FAIL: not in positive-cash-flow set,6,,18917 (100%)
42091200401,Montgomery County PA,Census Tract 2004.01,P,96,0.81,370400.0,2052.0,1.11,8.0,27.4,84.2,80.4,PASS,1,,19040 (100%)
42091200707,Montgomery County PA,Census Tract 2007.07,F,96,0.81,470300.0,1470.0,0.63,-5.9,25.2,88.5,52.1,FAIL: not in positive-cash-flow set,6,,19440 (100%)
42101027200,Philadelphia County PA,Census Tract 272,P,96,0.3,188700.0,1424.0,1.51,19.5,34.5,79.1,83.1,PASS,2,,19120 (97%); 19126 (3%)
42101028400,Philadelphia County PA,Census Tract 284,F,96,0.3,150800.0,1193.0,1.58,21.6,53.7,73.7,83.3,FAIL: tenant payment risk,5,,19120 (34%); 19140 (33%); 19141 (33%)
34005700103,Burlington County NJ,Census Tract 7001.03,P,96,0.62,199500.0,1682.0,1.69,24.6,27.2,87.0,98.1,PASS,1,,08065 (100%)
34007606200,Camden County NJ,Census Tract 6062,F,96,0.55,644700.0,2236.0,0.69,-4.0,30.7,86.5,44.6,FAIL: not in positive-cash-flow set,6,,08033 (100%)
42011014201,Berks County PA,Census Tract 142.01,P,95,1.02,217300.0,1165.0,1.07,6.9,31.6,81.0,75.8,PASS,1,,19539 (64%); 19562 (36%); 19530 (1%)
42045409804,Delaware County PA,Census Tract 4098.04,F,95,0.95,1060700.0,2082.0,0.39,-12.6,34.1,80.2,40.2,FAIL: not in positive-cash-flow set,6,,19087 (100%)
42079215000,Luzerne County PA,Census Tract 2150,P,95,2.43,123800.0,935.0,1.51,19.6,27.9,79.3,89.2,PASS,1,,18706 (100%)
42101019501,Philadelphia County PA,Census Tract 195.01,F,95,0.3,103500.0,1203.0,2.32,43.0,49.5,63.0,85.6,FAIL: tenant payment risk,4,,19140 (62%); 19134 (27%); 19133 (11%)
42107001800,Schuylkill County PA,Census Tract 18,P,95,1.87,95400.0,770.0,1.61,22.5,10.7,85.9,95.3,PASS,1,,17901 (100%)
34011010600,Cumberland County NJ,Census Tract 106,F,95,1.11,250900.0,964.0,0.77,-1.8,28.8,81.2,54.7,FAIL: not in positive-cash-flow set,6,,08302 (96%); 08353 (4%)
34033021400,Salem County NJ,Census Tract 214,F,95,1.45,208400.0,804.0,0.77,-1.7,33.0,79.4,46.7,FAIL: not in positive-cash-flow set,6,,08070 (100%)
10003001400,New Castle County DE,Census Tract 14,F,95,0.55,218400.0,719.0,0.66,-5.0,31.9,78.6,48.6,FAIL: not in positive-cash-flow set,6,,19805 (71%); 19806 (29%)
10003013100,New Castle County DE,Census Tract 131,P,95,0.55,277400.0,1419.0,1.02,5.5,37.5,80.0,68.2,PASS,2,,19808 (100%)
42101034400,Philadelphia County PA,Census Tract 344,P,94,0.29,376200.0,1568.0,0.83,0.1,37.5,84.1,54.8,PASS,3,,19115 (100%)
34007609202,Camden County NJ,Census Tract 6092.02,P,94,0.54,208900.0,1647.0,1.58,21.5,43.6,80.8,84.6,PASS,3,,08081 (100%)
42017100805,Bucks County PA,Census Tract 1008.05,F,93,0.42,371900.0,1490.0,0.8,-0.9,28.6,85.7,54.6,FAIL: not in positive-cash-flow set,6,,19057 (68%); 19056 (32%)
42045404004,Delaware County PA,Census Tract 4040.04,F,93,0.93,302100.0,1184.0,0.78,-1.4,31.9,83.5,53.7,FAIL: not in positive-cash-flow set,6,,19043 (44%); 19070 (39%); 19018 (16%); 19033 (1%)
42091202301,Montgomery County PA,Census Tract 2023.01,P,93,0.78,422700.0,1968.0,0.93,2.9,38.3,86.4,69.9,PASS,2,,19027 (100%)
42101035800,Philadelphia County PA,Census Tract 358,F,93,0.29,334400.0,1365.0,0.82,-0.4,31.0,80.9,58.8,FAIL: not in positive-cash-flow set,6,,19116 (100%)
34015500202,Gloucester County NJ,Census Tract 5002.02,P,93,0.63,278900.0,1356.0,0.97,4.1,31.2,85.8,74.1,PASS,1,,08096 (88%); 08093 (12%)
10003002500,New Castle County DE,Census Tract 25,P,93,0.54,251200.0,1460.0,1.16,9.5,8.7,88.0,82.4,PASS,1,,19805 (100%)
10003012700,New Castle County DE,Census Tract 127,P,93,0.54,251900.0,1104.0,0.88,1.3,22.3,78.7,60.5,PASS,2,,19804 (100%)
42011013403,Berks County PA,Census Tract 134.03,F,92,0.99,346200.0,880.0,0.51,-9.3,12.1,78.4,35.4,FAIL: not in positive-cash-flow set,6,,19522 (93%); 19547 (5%); 19510 (2%)
42017102600,Bucks County PA,Census Tract 1026,P,92,0.42,315800.0,1475.0,0.93,3.0,31.2,85.0,73.2,PASS,1,,18969 (100%)
42017105206,Bucks County PA,Census Tract 1052.06,F,92,0.42,610600.0,1853.0,0.61,-6.5,30.8,86.9,41.7,FAIL: not in positive-cash-flow set,6,,18940 (99%); 19067 (1%)
42045400500,Delaware County PA,Census Tract 4005,F,92,0.92,141700.0,1219.0,1.72,25.6,46.3,77.9,92.9,FAIL: tenant payment risk,4,,19082 (100%)
42045403300,Delaware County PA,Census Tract 4033,P,92,0.92,192900.0,1430.0,1.48,18.7,24.7,76.7,89.4,PASS,1,,19018 (100%)
42045406201,Delaware County PA,Census Tract 4062.01,F,91,0.91,269700.0,1102.0,0.82,-0.4,23.5,82.5,56.9,FAIL: not in positive-cash-flow set,6,,19015 (100%)
42079210700,Luzerne County PA,Census Tract 2107,P,91,2.33,127400.0,824.0,1.29,13.3,34.7,77.8,80.4,PASS,2,,18640 (100%)
42091208603,Montgomery County PA,Census Tract 2086.03,P,91,0.76,421400.0,1976.0,0.94,3.1,34.5,89.3,68.9,PASS,2,,19468 (67%); 19464 (33%)
42101000702,Philadelphia County PA,Census Tract 7.02,F,91,0.28,,2400.0,,,,,,no data,,,19103 (100%)
34005700402,Burlington County NJ,Census Tract 7004.02,P,91,0.59,274000.0,1228.0,0.9,1.9,25.3,82.8,63.0,PASS,1,,08052 (100%)
34005700900,Burlington County NJ,Census Tract 7009,P,91,0.59,205800.0,1226.0,1.19,10.4,30.7,81.6,83.1,PASS,1,,08010 (100%)
34005704004,Burlington County NJ,Census Tract 7040.04,P,91,0.59,327800.0,1494.0,0.91,2.3,28.2,84.5,75.7,PASS,1,,08053 (100%)
10003000300,New Castle County DE,Census Tract 3,F,91,0.53,194100.0,1520.0,1.57,21.2,52.6,87.0,89.3,FAIL: tenant payment risk,5,,19802 (100%)
10003015100,New Castle County DE,Census Tract 151,P,91,0.53,283100.0,1197.0,0.85,0.4,31.4,83.8,57.9,PASS,2,,19720 (100%)
10003016100,New Castle County DE,Census Tract 161,P,91,0.53,272900.0,1242.0,0.91,2.3,25.5,84.1,70.4,PASS,1,,19720 (100%)
42017100207,Bucks County PA,Census Tract 1002.07,F,90,0.41,407300.0,625.0,0.31,-15.1,28.3,77.2,31.2,FAIL: not in positive-cash-flow set,6,,19020 (97%); 19053 (3%)
42029301300,Chester County PA,Census Tract 3013,P,90,0.44,410200.0,1949.0,0.95,3.4,31.4,80.6,67.1,PASS,1,,19465 (77%); 19475 (21%); 19457 (2%)
42079210400,Luzerne County PA,Census Tract 2104,P,90,2.3,167800.0,1014.0,1.21,10.9,10.5,83.5,88.8,PASS,1,,18640 (100%)
42091204300,Montgomery County PA,Census Tract 2043,P,90,0.76,458100.0,1917.0,0.84,0.2,25.9,84.1,64.1,PASS,1,,19004 (100%)
42091205503,Montgomery County PA,Census Tract 2055.03,F,90,0.76,543200.0,1857.0,0.68,-4.3,5.4,81.4,50.5,FAIL: not in positive-cash-flow set,6,,19096 (100%)
42101023600,Philadelphia County PA,Census Tract 236,F,90,0.28,636100.0,1459.0,0.46,-10.7,34.6,84.1,41.6,FAIL: not in positive-cash-flow set,6,,19119 (94%); 19144 (6%)
10003002400,New Castle County DE,Census Tract 24,P,90,0.52,248500.0,1158.0,0.93,2.9,27.8,83.1,70.6,PASS,1,,19805 (97%); 19807 (3%)
24015030503,Cecil County MD,Census Tract 305.03,P,90,0.25,334800.0,1601.0,0.96,3.6,37.8,79.3,72.8,PASS,2,,21921 (100%)
36015010900,Chemung County NY,Census Tract 109,P,90,1.16,199000.0,1202.0,1.21,10.8,16.4,85.4,86.1,PASS,1,,14905 (53%); 14903 (47%)
42017105004,Bucks County PA,Census Tract 1050.04,F,89,0.4,640900.0,,,,,,,no data,,,18966 (69%); 18954 (31%)
42101033200,Philadelphia County PA,Census Tract 332,F,89,0.28,325800.0,1871.0,1.15,9.1,48.0,82.8,66.8,FAIL: tenant payment risk,4,,19136 (56%); 19152 (40%); 19149 (4%)
34005703103,Burlington County NJ,Census Tract 7031.03,P,89,0.57,333100.0,1698.0,1.02,5.4,37.3,84.7,80.6,PASS,2,,08048 (80%); 08088 (20%)
34007605602,Camden County NJ,Census Tract 6056.02,F,89,0.51,335800.0,1330.0,0.79,-1.1,22.1,88.0,58.3,FAIL: not in positive-cash-flow set,6,,08106 (100%)
10001041101,Kent County DE,Census Tract 411.01,F,89,0.49,,2139.0,,,,,,no data,,,19901 (100%)
42029300108,Chester County PA,Census Tract 3001.08,F,88,0.43,684600.0,1994.0,0.58,-7.2,20.7,86.5,50.8,FAIL: not in positive-cash-flow set,6,,19087 (71%); 19333 (29%)
42029311000,Chester County PA,Census Tract 3110,F,88,0.43,486100.0,715.0,0.29,-15.5,38.0,84.1,24.5,FAIL: not in positive-cash-flow set,6,,19475 (76%); 19460 (22%); 19465 (2%)
42079213800,Luzerne County PA,Census Tract 2138,P,88,2.25,97500.0,1080.0,2.22,39.9,40.6,77.7,90.2,PASS,3,,18651 (100%)
42093050200,Montour County PA,Census Tract 502,F,88,1.48,400900.0,1507.0,0.75,-2.3,20.1,78.6,55.3,FAIL: not in positive-cash-flow set,6,,17821 (99%); 17822 (1%)
42101009802,Philadelphia County PA,Census Tract 98.02,P,88,0.28,213800.0,1527.0,1.43,17.2,23.8,89.8,85.4,PASS,1,,19151 (100%)
34005702210,Burlington County NJ,Census Tract 7022.10,P,88,0.57,228700.0,1257.0,1.1,7.7,33.4,78.6,76.0,PASS,1,,08015 (100%)
34007608800,Camden County NJ,Census Tract 6088,P,88,0.5,302600.0,1372.0,0.91,2.2,33.3,82.3,68.4,PASS,1,,08091 (100%)
10003001300,New Castle County DE,Census Tract 13,F,88,0.51,511500.0,1839.0,0.72,-3.2,5.7,86.1,54.6,FAIL: not in positive-cash-flow set,6,,19806 (86%); 19805 (14%)
42045401900,Delaware County PA,Census Tract 4019,P,87,0.87,222800.0,1326.0,1.19,10.3,35.8,82.9,79.1,PASS,2,,19050 (100%)
34001010505,Atlantic County NJ,Census Tract 105.05,P,87,0.63,332000.0,1729.0,1.04,6.0,37.3,82.7,72.5,PASS,2,,08205 (100%)
10003012600,New Castle County DE,Census Tract 126,F,87,0.5,286200.0,1087.0,0.76,-2.1,33.0,88.3,54.1,FAIL: not in positive-cash-flow set,6,,19804 (100%)
42091200307,Montgomery County PA,Census Tract 2003.07,P,86,0.72,319800.0,1729.0,1.08,7.2,27.3,82.5,77.6,PASS,1,,19090 (100%)
42101000401,Philadelphia County PA,Census Tract 4.01,F,86,0.27,532600.0,1293.0,0.49,-10.0,20.8,86.2,42.2,FAIL: not in positive-cash-flow set,6,,19103 (100%)
42101001301,Philadelphia County PA,Census Tract 13.01,F,86,0.27,538600.0,2190.0,0.81,-0.5,15.5,86.5,60.0,FAIL: not in positive-cash-flow set,6,,19146 (100%)
42101005400,Philadelphia County PA,Census Tract 54,P,86,0.27,263200.0,1403.0,1.07,6.8,43.4,75.9,81.6,PASS,3,,19153 (100%)
34007608001,Camden County NJ,Census Tract 6080.01,P,86,0.49,242700.0,1153.0,0.95,3.4,35.2,85.0,71.0,PASS,2,,08084 (100%)
42045403401,Delaware County PA,Census Tract 4034.01,P,85,0.85,182400.0,1098.0,1.2,10.7,31.1,83.6,85.8,PASS,1,,19032 (100%)
42091204103,Montgomery County PA,Census Tract 2041.03,P,85,0.71,293000.0,2262.0,1.54,20.5,18.1,94.8,100,PASS,1,,19428 (100%)
42091205805,Montgomery County PA,Census Tract 2058.05,P,85,0.71,390700.0,2011.0,1.03,5.7,13.7,85.4,79.9,PASS,1,,19406 (100%)
34005701203,Burlington County NJ,Census Tract 7012.03,P,85,0.55,249500.0,1744.0,1.4,16.3,41.9,84.4,88.9,PASS,3,,08016 (100%)
36015010200,Chemung County NY,Census Tract 102,P,85,1.1,171800.0,827.0,0.96,3.8,22.4,80.3,69.7,PASS,1,,14845 (52%); 14812 (18%); 14864 (11%); 14872 (8%); 14824 (7%); 14805 (2%); 14830 (1%); 14816 (1%)
42011012300,Berks County PA,Census Tract 123,P,84,0.91,211500.0,1289.0,1.22,11.2,18.9,86.0,82.3,PASS,1,,19606 (100%)
42045404600,Delaware County PA,Census Tract 4046,P,84,0.84,136900.0,1369.0,2.0,33.6,27.4,78.0,95.2,PASS,1,,19013 (100%)
42045406202,Delaware County PA,Census Tract 4062.02,P,84,0.84,306400.0,1528.0,1.0,4.8,22.0,88.5,74.5,PASS,1,,19015 (100%)
42079218000,Luzerne County PA,Census Tract 2180,P,84,2.15,159500.0,992.0,1.24,11.9,44.9,77.6,81.3,PASS,3,,18706 (95%); 18634 (5%)
42091206007,Montgomery County PA,Census Tract 2060.07,F,84,0.71,467400.0,1470.0,0.63,-5.8,12.7,83.3,44.3,FAIL: not in positive-cash-flow set,6,,19403 (57%); 19460 (42%); 19426 (1%)
42091208901,Montgomery County PA,Census Tract 2089.01,P,84,0.71,209700.0,1338.0,1.28,12.8,34.4,83.5,87.9,PASS,2,,19464 (100%)
42101016800,Philadelphia County PA,Census Tract 168,P,84,0.26,77900.0,973.0,2.5,48.0,33.2,72.6,91.7,PASS,1,,19132 (100%)
34001011000,Atlantic County NJ,Census Tract 110,P,84,0.61,316900.0,1458.0,0.92,2.5,25.8,85.6,67.7,PASS,1,,08037 (100%)
36015010400,Chemung County NY,Census Tract 104,P,84,1.08,149600.0,1396.0,1.87,29.8,43.5,78.3,95.7,PASS,3,,14845 (100%)
42091206502,Montgomery County PA,Census Tract 2065.02,F,83,0.7,404100.0,1601.0,0.79,-1.1,21.5,88.7,57.0,FAIL: not in positive-cash-flow set,6,,19473 (75%); 19426 (25%)
42101004103,Philadelphia County PA,Census Tract 41.03,P,83,0.26,219300.0,1512.0,1.38,15.8,28.4,79.9,89.1,PASS,1,,19148 (100%)
42101011800,Philadelphia County PA,Census Tract 118,P,83,0.26,191500.0,1221.0,1.28,12.8,27.3,71.6,72.9,PASS,1,,19131 (100%)
42107002200,Schuylkill County PA,Census Tract 22,P,83,1.63,115100.0,872.0,1.52,19.7,17.3,79.7,86.6,PASS,1,,17901 (76%); 17965 (22%); 17970 (2%)
42017100104,Bucks County PA,Census Tract 1001.04,F,82,0.37,466400.0,1455.0,0.62,-6.0,48.2,83.2,42.5,FAIL: not in positive-cash-flow set,6,,19020 (100%)
42017100807,Bucks County PA,Census Tract 1008.07,F,82,0.37,477900.0,2333.0,0.98,4.2,50.7,74.0,67.4,FAIL: tenant payment risk,5,,19047 (99%); 19030 (1%)
42091204702,Montgomery County PA,Census Tract 2047.02,F,82,0.69,691300.0,1418.0,0.41,-12.1,38.6,85.1,31.8,FAIL: not in positive-cash-flow set,6,,19004 (78%); 19072 (22%)
42091209202,Montgomery County PA,Census Tract 2092.02,P,82,0.69,197600.0,1223.0,1.24,11.7,18.7,89.0,85.9,PASS,1,,19464 (100%)
42101010300,Philadelphia County PA,Census Tract 103,F,82,0.26,113600.0,886.0,1.56,21.0,54.8,74.8,81.7,FAIL: tenant payment risk,5,,19139 (50%); 19131 (50%)
34005704500,Burlington County NJ,Census Tract 7045,F,82,0.53,326200.0,1182.0,0.72,-3.1,27.6,82.8,50.6,FAIL: not in positive-cash-flow set,6,,08562 (83%); 08501 (16%)
34007611100,Camden County NJ,Census Tract 6111,P,82,0.47,258200.0,1391.0,1.08,7.1,21.7,85.1,85.0,PASS,1,,08031 (100%)
36107020702,Tioga County NY,Census Tract 207.02,F,82,0.83,143700.0,895.0,1.25,11.9,52.4,79.4,78.4,FAIL: tenant payment risk,5,,14892 (46%); 14859 (32%); 13734 (17%); 14889 (3%); 14883 (2%)
42017100103,Bucks County PA,Census Tract 1001.03,P,81,0.37,334700.0,1459.0,0.87,1.2,43.4,81.6,57.1,PASS,3,,19020 (100%)
42029305600,Chester County PA,Census Tract 3056,F,81,0.4,202200.0,1427.0,1.41,16.7,49.3,79.6,87.4,FAIL: tenant payment risk,4,,19320 (100%)
42045407805,Delaware County PA,Census Tract 4078.05,F,81,0.81,391800.0,1423.0,0.73,-3.0,14.9,82.1,50.9,FAIL: not in positive-cash-flow set,6,,19064 (100%)
42079214500,Luzerne County PA,Census Tract 2145,P,81,2.07,129200.0,875.0,1.35,15.1,27.0,80.5,88.8,PASS,1,,18706 (100%)
42091203105,Montgomery County PA,Census Tract 2031.05,P,81,0.68,577700.0,2852.0,0.99,4.5,20.3,87.1,67.7,PASS,1,,19444 (63%); 19428 (37%)
42097081800,Northumberland County PA,Census Tract 818,F,81,0.96,171500.0,698.0,0.81,-0.5,11.3,82.9,53.6,FAIL: not in positive-cash-flow set,6,,17872 (74%); 17823 (20%); 17881 (6%)
42101004202,Philadelphia County PA,Census Tract 42.02,P,81,0.25,265400.0,1761.0,1.33,14.3,30.1,78.6,87.1,PASS,1,,19148 (100%)
42107002400,Schuylkill County PA,Census Tract 24,P,81,1.59,99000.0,802.0,1.62,22.7,30.7,79.5,87.3,PASS,1,,17959 (47%); 17953 (30%); 18252 (11%); 17930 (10%); 17960 (1%)
42107003200,Schuylkill County PA,Census Tract 32,F,81,1.59,219700.0,797.0,0.73,-3.1,18.8,80.1,50.7,FAIL: not in positive-cash-flow set,6,,17901 (51%); 17972 (41%); 17929 (5%); 17961 (4%)
42119090600,Union County PA,Census Tract 906,F,81,0.6,350600.0,1457.0,0.83,-0.0,30.4,82.3,61.0,FAIL: not in positive-cash-flow set,6,,17837 (99%); 17889 (1%)
34011040602,Cumberland County NJ,Census Tract 406.02,F,81,0.95,208600.0,786.0,0.75,-2.2,31.2,70.8,50.6,FAIL: not in positive-cash-flow set,6,,08360 (100%)
24015030505,Cecil County MD,Census Tract 305.05,F,81,0.22,290400.0,1556.0,1.07,6.9,51.5,85.0,73.5,FAIL: tenant payment risk,5,,21921 (100%)
36101960300,Steuben County NY,Census Tract 9603,P,81,0.76,101600.0,713.0,1.4,16.5,19.3,79.3,86.2,PASS,1,,14826 (81%); 14572 (11%); 14808 (5%); 14512 (2%); 14809 (2%)
42011011601,Berks County PA,Census Tract 116.01,F,80,0.86,319500.0,1162.0,0.73,-3.0,26.8,84.6,56.1,FAIL: not in positive-cash-flow set,6,,19607 (94%); 19540 (6%)
42045408102,Delaware County PA,Census Tract 4081.02,P,80,0.8,510600.0,2225.0,0.87,1.1,30.5,83.4,61.1,PASS,2,,19008 (100%)
42091202602,Montgomery County PA,Census Tract 2026.02,F,80,0.67,455000.0,1434.0,0.63,-5.8,29.0,81.8,42.9,FAIL: not in positive-cash-flow set,6,,19095 (100%)
34007603601,Camden County NJ,Census Tract 6036.01,P,80,0.46,348200.0,2538.0,1.46,18.0,12.2,81.1,94.1,PASS,1,,08034 (100%)
34007606500,Camden County NJ,Census Tract 6065,P,80,0.46,240700.0,1073.0,0.89,1.7,36.4,78.1,64.9,PASS,2,,08045 (98%); 08003 (2%)
36007010200,Broome County NY,Census Tract 102,P,80,1.16,156100.0,939.0,1.2,10.7,13.8,75.3,84.7,PASS,1,,13790 (39%); 13760 (22%); 13802 (15%); 13905 (13%); 13811 (7%); 13777 (3%)
42017105809,Bucks County PA,Census Tract 1058.09,P,79,0.36,371400.0,2033.0,1.09,7.6,26.5,86.4,66.9,PASS,1,,19030 (54%); 19054 (46%)
42079210100,Luzerne County PA,Census Tract 2101,P,79,2.02,186500.0,983.0,1.05,6.4,32.4,84.1,75.1,PASS,1,,18640 (92%); 18641 (8%)
42101017601,Philadelphia County PA,Census Tract 176.01,P,79,0.25,75400.0,1032.0,2.74,54.9,43.2,66.4,87.3,PASS,3,,19133 (86%); 19134 (13%); 19125 (1%)
34007600800,Camden County NJ,Census Tract 6008,P,79,0.45,75900.0,629.0,1.66,23.8,43.6,64.6,90.3,PASS,3,,08102 (100%)
34007605300,Camden County NJ,Census Tract 6053,P,79,0.45,159200.0,1392.0,1.75,26.4,39.5,82.3,86.0,PASS,2,,08030 (100%)
10001040203,Kent County DE,Census Tract 402.03,F,79,0.43,314900.0,1307.0,0.83,-0.0,35.6,77.5,57.7,FAIL: not in positive-cash-flow set,6,,19977 (100%)
42017104503,Bucks County PA,Census Tract 1045.03,F,78,0.35,726700.0,1427.0,0.39,-12.6,44.1,83.6,29.4,FAIL: not in positive-cash-flow set,6,,18902 (92%); 18925 (5%); 18912 (4%)
42037050100,Columbia County PA,Census Tract 501,F,78,1.29,224500.0,907.0,0.81,-0.7,23.8,80.3,57.2,FAIL: not in positive-cash-flow set,6,,17814 (63%); 17859 (18%); 17878 (16%); 18655 (3%)
42069111801,Lackawanna County PA,Census Tract 1118.01,F,78,1.7,274000.0,740.0,0.54,-8.4,11.5,78.8,36.2,FAIL: not in positive-cash-flow set,6,,18436 (81%); 18403 (11%); 18444 (9%)
42091210300,Montgomery County PA,Census Tract 2103,F,78,0.66,524000.0,1780.0,0.68,-4.4,19.9,82.4,53.0,FAIL: not in positive-cash-flow set,6,,19031 (68%); 19444 (20%); 19128 (9%); 19118 (3%)
42101021900,Philadelphia County PA,Census Tract 219,P,78,0.24,321900.0,1967.0,1.22,11.2,11.5,83.3,82.9,PASS,1,,19128 (100%)
42109070200,Snyder County PA,Census Tract 702,F,78,0.58,242000.0,885.0,0.73,-2.9,32.8,81.3,43.5,FAIL: not in positive-cash-flow set,6,,17870 (47%); 17842 (34%); 17889 (20%)
34005703802,Burlington County NJ,Census Tract 7038.02,F,78,0.5,491200.0,1493.0,0.61,-6.4,38.2,83.7,44.6,FAIL: not in positive-cash-flow set,6,,08055 (100%)
34005704302,Burlington County NJ,Census Tract 7043.02,P,78,0.5,560700.0,2500.0,0.89,1.7,11.2,87.9,58.1,PASS,2,,08515 (100%)
36007014500,Broome County NY,Census Tract 145,F,78,1.13,158900.0,,,,,,,no data,,,13850 (100%)
42017101503,Bucks County PA,Census Tract 1015.03,P,77,0.35,430300.0,2125.0,0.99,4.5,7.1,87.5,67.6,PASS,1,,18966 (61%); 19006 (39%)
42091210600,Montgomery County PA,Census Tract 2106,P,77,0.65,437800.0,1938.0,0.89,1.5,34.8,82.5,66.7,PASS,2,,19462 (100%)
42101019200,Philadelphia County PA,Census Tract 192,F,77,0.24,95700.0,1207.0,2.52,48.7,53.6,71.8,85.6,FAIL: tenant payment risk,5,,19134 (100%)
42107001300,Schuylkill County PA,Census Tract 13,P,77,1.51,86300.0,858.0,1.99,33.3,20.6,79.9,94.1,PASS,1,,17981 (59%); 17901 (34%); 17923 (7%)
34007602503,Camden County NJ,Census Tract 6025.03,P,77,0.44,185200.0,1455.0,1.57,21.3,30.4,80.7,88.9,PASS,1,,08110 (56%); 08109 (44%)
10003011204,New Castle County DE,Census Tract 112.04,F,77,0.44,431400.0,1172.0,0.54,-8.3,21.8,80.0,38.2,FAIL: not in positive-cash-flow set,6,,19810 (100%)
10003013611,New Castle County DE,Census Tract 136.11,P,77,0.44,375800.0,1766.0,0.94,3.1,16.5,87.6,78.7,PASS,1,,19711 (100%)
42011010303,Berks County PA,Census Tract 103.03,P,76,0.82,224700.0,978.0,0.87,1.1,15.8,85.3,65.7,PASS,1,,19533 (100%)
42045407000,Delaware County PA,Census Tract 4070,P,76,0.76,343200.0,2454.0,1.43,17.2,36.2,82.1,87.5,PASS,2,,19063 (40%); 19342 (26%); 19017 (22%); 19014 (10%); 19060 (2%)
42097082300,Northumberland County PA,Census Tract 823,F,76,0.9,213700.0,785.0,0.73,-2.8,15.4,83.3,47.2,FAIL: not in positive-cash-flow set,6,,17830 (33%); 17823 (27%); 17017 (21%); 17941 (10%); 17836 (4%); 17867 (3%); 17964 (3%)
42101023100,Philadelphia County PA,Census Tract 231,F,76,0.24,756000.0,1977.0,0.52,-8.9,3.1,89.8,45.1,FAIL: not in positive-cash-flow set,6,,19118 (100%)
42107002800,Schuylkill County PA,Census Tract 28,P,76,1.49,83100.0,843.0,2.03,34.5,27.0,78.3,87.9,PASS,1,,18218 (100%)
42131400500,Wyoming County PA,Census Tract 4005,F,76,0.34,228600.0,930.0,0.81,-0.5,19.4,82.0,53.4,FAIL: not in positive-cash-flow set,6,,18615 (46%); 18414 (36%); 18419 (13%); 18657 (4%); 18625 (1%)
24015030100,Cecil County MD,Census Tract 301,F,76,0.21,361800.0,1500.0,0.83,-0.1,18.7,81.2,54.4,FAIL: not in positive-cash-flow set,6,,21919 (63%); 21912 (34%); 21913 (2%); 21930 (1%)
42029303301,Chester County PA,Census Tract 3033.01,F,75,0.37,497500.0,1721.0,0.69,-4.0,12.8,87.6,55.3,FAIL: not in positive-cash-flow set,6,,19348 (86%); 19311 (14%)
42045404900,Delaware County PA,Census Tract 4049,P,75,0.75,66800.0,1125.0,3.37,73.1,30.5,69.9,95.0,PASS,1,,19013 (100%)
34001012501,Atlantic County NJ,Census Tract 125.01,P,75,0.54,419300.0,2088.0,1.0,4.7,37.4,82.8,70.4,PASS,2,,08221 (100%)
34005704801,Burlington County NJ,Census Tract 7048.01,P,75,0.48,358500.0,2369.0,1.32,14.1,31.6,78.7,91.7,PASS,1,,08640 (63%); 08015 (26%); 08511 (11%)
34007611200,Camden County NJ,Census Tract 6112,P,75,0.43,286700.0,1666.0,1.16,9.5,33.3,84.9,78.4,PASS,1,,08084 (80%); 08083 (20%)
34011010401,Cumberland County NJ,Census Tract 104.01,P,75,0.88,185200.0,1338.0,1.44,17.7,28.5,79.3,82.6,PASS,1,,08302 (95%); 08332 (4%); 08311 (2%)
34015501704,Gloucester County NJ,Census Tract 5017.04,P,75,0.51,282100.0,1680.0,1.19,10.4,38.8,78.8,79.4,PASS,2,,08322 (67%); 08343 (31%); 08344 (2%)
36101960600,Steuben County NY,Census Tract 9606,P,75,0.7,134800.0,679.0,1.01,5.1,22.4,79.5,71.0,PASS,1,,14843 (89%); 14807 (9%); 14823 (2%)
42091205806,Montgomery County PA,Census Tract 2058.06,P,74,0.62,368800.0,2207.0,1.2,10.5,21.2,86.8,86.0,PASS,1,,19406 (80%); 19405 (20%)
34007602901,Camden County NJ,Census Tract 6029.01,P,74,0.42,269500.0,1833.0,1.36,15.2,13.9,86.2,89.7,PASS,1,,08109 (63%); 08110 (37%)
34007611700,Camden County NJ,Census Tract 6117,P,74,0.42,276300.0,2072.0,1.5,19.2,30.5,88.2,92.5,PASS,1,,08059 (99%); 08030 (1%)
34015500300,Gloucester County NJ,Census Tract 5003,F,74,0.5,219500.0,1355.0,1.23,11.6,52.0,82.7,78.8,FAIL: tenant payment risk,5,,08063 (100%)
36015011200,Chemung County NY,Census Tract 112,P,74,0.95,150300.0,955.0,1.27,12.6,28.5,77.4,77.2,PASS,1,,14871 (69%); 14894 (22%); 14901 (6%); 14861 (2%)
42091206906,Montgomery County PA,Census Tract 2069.06,F,73,0.61,438500.0,1664.0,0.76,-2.1,6.5,87.9,60.1,FAIL: not in positive-cash-flow set,6,,19446 (100%)
42101038301,Philadelphia County PA,Census Tract 383.01,P,73,0.23,130600.0,1116.0,1.71,25.3,44.2,75.3,82.3,PASS,3,,19140 (100%)
34005701105,Burlington County NJ,Census Tract 7011.05,F,73,0.47,355700.0,,,,,,,no data,,,08016 (100%)
34007602601,Camden County NJ,Census Tract 6026.01,P,73,0.42,237700.0,1083.0,0.91,2.3,39.3,81.3,54.7,PASS,3,,08109 (100%)
10003014810,New Castle County DE,Census Tract 148.10,P,73,0.42,408000.0,2051.0,1.01,5.0,26.9,83.0,72.1,PASS,1,,19701 (93%); 19702 (7%)
10003016613,New Castle County DE,Census Tract 166.13,F,73,0.42,325800.0,1282.0,0.79,-1.3,13.9,82.9,57.7,FAIL: not in positive-cash-flow set,6,,19709 (100%)
42037050800,Columbia County PA,Census Tract 508,P,72,1.19,178900.0,1108.0,1.24,11.7,24.5,83.6,85.6,PASS,1,,17815 (100%)
42045406904,Delaware County PA,Census Tract 4069.04,P,72,0.72,362800.0,1865.0,1.03,5.7,28.0,81.0,70.2,PASS,1,,19014 (94%); 19063 (6%)
42091201204,Montgomery County PA,Census Tract 2012.04,P,72,0.6,385400.0,1686.0,0.87,1.2,19.0,80.7,62.8,PASS,1,,19422 (67%); 19002 (33%)
42091201902,Montgomery County PA,Census Tract 2019.02,P,72,0.6,365300.0,1651.0,0.9,2.1,38.0,79.8,64.7,PASS,2,,19046 (56%); 19027 (44%)
42091203304,Montgomery County PA,Census Tract 2033.04,P,72,0.6,339600.0,1714.0,1.01,5.1,29.0,80.2,75.7,PASS,1,,19401 (94%); 19403 (6%)
42101018300,Philadelphia County PA,Census Tract 183,P,72,0.23,241200.0,1195.0,0.99,4.6,33.5,79.4,58.4,PASS,2,,19137 (89%); 19124 (11%)
42101038100,Philadelphia County PA,Census Tract 381,F,72,0.23,177200.0,1566.0,1.77,27.0,52.9,78.7,87.9,FAIL: tenant payment risk,5,,19135 (41%); 19136 (38%); 19137 (21%)
34005702809,Burlington County NJ,Census Tract 7028.09,P,72,0.47,166400.0,2197.0,2.64,52.1,18.0,82.9,100,PASS,1,,08046 (100%)
34005704008,Burlington County NJ,Census Tract 7040.08,P,72,0.47,425200.0,2200.0,1.03,5.9,41.4,80.9,77.1,PASS,3,,08053 (100%)
34007603507,Camden County NJ,Census Tract 6035.07,F,72,0.41,498800.0,835.0,0.33,-14.3,37.8,79.0,26.1,FAIL: not in positive-cash-flow set,6,,08003 (100%)
42011002100,Berks County PA,Census Tract 21,P,71,0.76,62100.0,1344.0,4.33,100.7,32.1,79.8,97.6,PASS,1,,19602 (100%)
42011013901,Berks County PA,Census Tract 139.01,F,71,0.76,310600.0,1118.0,0.72,-3.2,18.4,85.0,50.3,FAIL: not in positive-cash-flow set,6,,19529 (55%); 19526 (25%); 19534 (20%)
42017102004,Bucks County PA,Census Tract 1020.04,P,71,0.32,410000.0,1817.0,0.89,1.6,24.6,86.9,69.0,PASS,1,,18914 (88%); 18901 (12%)
34011040901,Cumberland County NJ,Census Tract 409.01,F,71,0.83,221200.0,1790.0,1.62,22.7,58.4,72.3,77.2,FAIL: tenant payment risk,6,,08360 (77%); 08344 (23%)
10003016309,New Castle County DE,Census Tract 163.09,P,71,0.41,350600.0,1559.0,0.89,1.7,38.0,80.8,66.7,PASS,2,,19720 (100%)
42029300600,Chester County PA,Census Tract 3006,P,70,0.34,421100.0,2154.0,1.02,5.5,14.3,89.9,83.8,PASS,1,,19460 (100%)
42029307300,Chester County PA,Census Tract 3073,F,70,0.34,355200.0,1357.0,0.76,-1.9,12.1,87.1,56.1,FAIL: not in positive-cash-flow set,6,,19365 (66%); 19320 (31%); 19367 (3%); 19369 (1%)
42029311100,Chester County PA,Census Tract 3111,P,70,0.34,671600.0,3501.0,1.04,6.1,24.8,80.9,71.9,PASS,1,,19317 (73%); 19382 (14%); 19348 (13%)
42091201703,Montgomery County PA,Census Tract 2017.03,F,70,0.59,346600.0,837.0,0.48,-10.0,0.6,87.3,29.8,FAIL: not in positive-cash-flow set,6,,19038 (95%); 19001 (5%)
42091205402,Montgomery County PA,Census Tract 2054.02,F,70,0.59,935300.0,1773.0,0.38,-13.0,24.5,81.1,40.8,FAIL: not in positive-cash-flow set,6,,19096 (70%); 19003 (28%); 19035 (2%)
42029304503,Chester County PA,Census Tract 3045.03,F,69,0.34,716300.0,1787.0,0.5,-9.6,12.2,87.7,38.1,FAIL: not in positive-cash-flow set,6,,19425 (66%); 19335 (30%); 19341 (4%)
42045404101,Delaware County PA,Census Tract 4041.01,P,69,0.69,277900.0,1524.0,1.1,7.6,39.7,86.7,73.6,PASS,2,,19081 (46%); 19094 (32%); 19033 (22%)
42091206600,Montgomery County PA,Census Tract 2066,P,69,0.58,252900.0,1173.0,0.93,2.8,27.7,85.1,66.4,PASS,1,,19473 (100%)
42101039100,Philadelphia County PA,Census Tract 391,F,69,0.22,107600.0,361.0,0.67,-4.6,39.7,79.3,39.8,FAIL: not in positive-cash-flow set,6,,19143 (100%)
34007608503,Camden County NJ,Census Tract 6085.03,P,69,0.39,205100.0,1253.0,1.22,11.2,41.6,84.1,88.0,PASS,3,,08021 (100%)
42017100803,Bucks County PA,Census Tract 1008.03,F,68,0.31,374600.0,1343.0,0.72,-3.3,32.1,88.8,47.7,FAIL: not in positive-cash-flow set,6,,19056 (97%); 19047 (3%)
42017104303,Bucks County PA,Census Tract 1043.03,F,68,0.31,728000.0,2274.0,0.62,-6.0,24.1,80.7,43.0,FAIL: not in positive-cash-flow set,6,,18938 (100%)
42029305000,Chester County PA,Census Tract 3050,P,68,0.33,272700.0,1185.0,0.87,1.1,21.3,87.5,58.2,PASS,2,,19344 (100%)
42029311200,Chester County PA,Census Tract 3112,F,68,0.33,643600.0,1621.0,0.5,-9.4,24.5,81.1,36.5,FAIL: not in positive-cash-flow set,6,,19320 (49%); 19348 (24%); 19390 (22%); 19382 (5%)
42091204701,Montgomery County PA,Census Tract 2047.01,F,68,0.57,487800.0,1935.0,0.79,-1.1,27.5,83.3,60.5,FAIL: not in positive-cash-flow set,6,,19072 (100%)
42101023500,Philadelphia County PA,Census Tract 235,F,68,0.21,395600.0,1593.0,0.81,-0.8,16.5,82.6,63.3,FAIL: not in positive-cash-flow set,6,,19119 (77%); 19144 (23%)
34001001100,Atlantic County NJ,Census Tract 11,P,68,0.49,95000.0,602.0,1.27,12.5,14.5,64.7,90.3,PASS,2,,08401 (100%)
34005702300,Burlington County NJ,Census Tract 7023,F,68,0.44,323200.0,1334.0,0.83,-0.2,27.9,81.6,62.0,FAIL: not in positive-cash-flow set,6,,08068 (100%)
34015500702,Gloucester County NJ,Census Tract 5007.02,F,68,0.46,349900.0,1341.0,0.77,-1.9,37.2,84.6,50.2,FAIL: not in positive-cash-flow set,6,,08080 (86%); 08051 (14%)
10003000602,New Castle County DE,Census Tract 6.02,P,68,0.39,150700.0,873.0,1.16,9.4,25.0,74.7,78.7,PASS,1,,19802 (100%)
10003014403,New Castle County DE,Census Tract 144.03,F,68,0.39,400400.0,1449.0,0.72,-3.1,43.7,81.2,51.0,FAIL: not in positive-cash-flow set,6,,19711 (96%); 19717 (4%)
42011001200,Berks County PA,Census Tract 12,P,67,0.72,61300.0,895.0,2.92,60.1,28.7,84.2,99.2,PASS,1,,19601 (100%)
42045409601,Delaware County PA,Census Tract 4096.01,F,67,0.67,923100.0,1876.0,0.41,-12.2,29.0,83.0,32.4,FAIL: not in positive-cash-flow set,6,,19010 (100%)
42045410000,Delaware County PA,Census Tract 4100,P,67,0.67,614200.0,2756.0,0.9,1.9,31.3,81.7,61.3,PASS,2,,19073 (55%); 19342 (24%); 19063 (21%)
42101026500,Philadelphia County PA,Census Tract 265,F,67,0.21,163200.0,1581.0,1.94,31.8,58.2,74.9,80.2,FAIL: tenant payment risk,6,,19138 (100%)
34005701103,Burlington County NJ,Census Tract 7011.03,F,67,0.43,354200.0,1344.0,0.76,-2.1,13.1,89.4,54.0,FAIL: not in positive-cash-flow set,6,,08016 (97%); 08518 (3%)
10003012000,New Castle County DE,Census Tract 120,P,67,0.39,305700.0,1290.0,0.84,0.4,16.2,85.7,59.5,PASS,2,,19808 (81%); 19804 (19%)
10003014908,New Castle County DE,Census Tract 149.08,P,67,0.39,163700.0,1183.0,1.45,17.7,35.6,85.7,90.4,PASS,2,,19720 (100%)
42017105300,Bucks County PA,Census Tract 1053,F,66,0.3,783400.0,1887.0,0.48,-10.1,23.0,84.9,41.3,FAIL: not in positive-cash-flow set,6,,18940 (100%)
42091208703,Montgomery County PA,Census Tract 2087.03,F,66,0.55,341400.0,1336.0,0.78,-1.4,10.3,83.8,51.7,FAIL: not in positive-cash-flow set,6,,19464 (100%)
34005704005,Burlington County NJ,Census Tract 7040.05,P,66,0.43,350600.0,1835.0,1.05,6.2,23.3,86.6,81.7,PASS,1,,08053 (100%)
42011010402,Berks County PA,Census Tract 104.02,F,65,0.7,334900.0,1316.0,0.79,-1.3,20.9,81.9,49.2,FAIL: not in positive-cash-flow set,6,,19506 (36%); 19567 (31%); 19551 (16%); 17087 (6%); 19507 (5%); 19565 (3%); 17067 (2%); 19550 (2%)
42045401000,Delaware County PA,Census Tract 4010,F,65,0.65,354100.0,998.0,0.56,-7.7,31.7,83.8,34.2,FAIL: not in positive-cash-flow set,6,,19026 (100%)
42069110401,Lackawanna County PA,Census Tract 1104.01,P,65,1.41,319300.0,1360.0,0.85,0.6,14.0,85.6,62.7,PASS,1,,18411 (92%); 18471 (8%)
42079214900,Luzerne County PA,Census Tract 2149,P,65,1.66,149800.0,1083.0,1.45,17.7,11.2,84.8,92.5,PASS,1,,18706 (100%)
42091204400,Montgomery County PA,Census Tract 2044,F,65,0.55,841700.0,1733.0,0.41,-12.1,24.5,79.9,31.4,FAIL: not in positive-cash-flow set,6,,19004 (100%)
34001011807,Atlantic County NJ,Census Tract 118.07,F,65,0.47,353100.0,,,,,,,no data,,,08234 (100%)
42011010304,Berks County PA,Census Tract 103.04,P,64,0.69,339500.0,1620.0,0.95,3.5,32.2,77.8,67.2,PASS,1,,19533 (57%); 19605 (30%); 19506 (9%); 19601 (4%)
42017106600,Bucks County PA,Census Tract 1066,F,64,0.29,458700.0,1175.0,0.51,-9.2,18.5,82.6,32.5,FAIL: not in positive-cash-flow set,6,,18077 (58%); 18930 (40%); 18042 (2%)
42045401600,Delaware County PA,Census Tract 4016,P,64,0.64,245100.0,1419.0,1.16,9.4,36.0,80.9,84.7,PASS,2,,19018 (53%); 19050 (47%)
42045408002,Delaware County PA,Census Tract 4080.02,F,64,0.64,604500.0,2077.0,0.69,-4.2,58.2,81.0,42.0,FAIL: not in positive-cash-flow set,6,,19063 (58%); 19008 (25%); 19064 (17%)
42069110300,Lackawanna County PA,Census Tract 1103,P,64,1.39,296900.0,1257.0,0.85,0.4,17.5,81.4,59.7,PASS,2,,18414 (75%); 18411 (14%); 18419 (9%); 18440 (2%)
42091203203,Montgomery County PA,Census Tract 2032.03,P,64,0.54,522500.0,2269.0,0.87,1.1,15.0,84.3,66.1,PASS,1,,19422 (100%)
42101003200,Philadelphia County PA,Census Tract 32,P,64,0.2,317000.0,1597.0,1.01,5.1,32.1,85.3,69.0,PASS,1,,19146 (58%); 19145 (42%)
36101961000,Steuben County NY,Census Tract 9610,P,64,0.6,108900.0,781.0,1.43,17.4,23.9,82.4,88.8,PASS,1,,14809 (41%); 14823 (22%); 14843 (19%); 14810 (15%); 14826 (3%)
42011011300,Berks County PA,Census Tract 113,P,63,0.68,195900.0,1419.0,1.45,17.8,8.3,89.3,93.3,PASS,1,,19607 (100%)
42029301001,Chester County PA,Census Tract 3010.01,P,63,0.31,391600.0,2480.0,1.27,12.5,25.7,86.6,78.5,PASS,1,,19460 (96%); 19425 (2%); 19442 (1%)
42029302804,Chester County PA,Census Tract 3028.04,F,63,0.31,783300.0,1884.0,0.48,-10.1,20.2,82.6,36.3,FAIL: not in positive-cash-flow set,6,,19380 (82%); 19355 (18%)
42029303502,Chester County PA,Census Tract 3035.02,F,63,0.31,596600.0,959.0,0.32,-14.7,24.9,84.1,32.2,FAIL: not in positive-cash-flow set,6,,19348 (95%); 19375 (5%)
42029306000,Chester County PA,Census Tract 3060,F,63,0.31,400100.0,1439.0,0.72,-3.2,30.4,85.9,46.7,FAIL: not in positive-cash-flow set,6,,19320 (100%)
42045408700,Delaware County PA,Census Tract 4087,F,63,0.63,582200.0,1303.0,0.45,-11.1,28.9,86.9,29.1,FAIL: not in positive-cash-flow set,6,,19083 (59%); 19003 (41%)
42069112400,Lackawanna County PA,Census Tract 1124,F,63,1.37,302900.0,934.0,0.62,-6.2,17.3,79.4,40.9,FAIL: not in positive-cash-flow set,6,,18411 (87%); 18504 (11%); 18414 (2%)
42079200100,Luzerne County PA,Census Tract 2001,F,63,1.61,,875.0,,,,,,no data,,,18701 (48%); 18704 (35%); 18702 (16%)
42079211205,Luzerne County PA,Census Tract 2112.05,F,63,1.61,279200.0,,,,,,,no data,,,18612 (70%); 18618 (30%)
42091206106,Montgomery County PA,Census Tract 2061.06,P,63,0.53,338400.0,1473.0,0.87,1.1,17.2,88.9,60.9,PASS,2,,19468 (100%)
34001011902,Atlantic County NJ,Census Tract 119.02,P,63,0.45,209900.0,1655.0,1.58,21.5,44.6,80.0,91.3,PASS,3,,08232 (79%); 08201 (21%)
34005704600,Burlington County NJ,Census Tract 7046,P,63,0.41,262200.0,1656.0,1.26,12.4,28.7,87.1,85.9,PASS,1,,08060 (100%)
34007605400,Camden County NJ,Census Tract 6054,P,63,0.36,223400.0,1228.0,1.1,7.7,12.3,85.6,79.0,PASS,1,,08059 (100%)
34011040400,Cumberland County NJ,Census Tract 404,P,63,0.74,247400.0,1386.0,1.12,8.3,35.9,78.7,79.3,PASS,2,,08360 (100%)
36101962800,Steuben County NY,Census Tract 9628,P,63,0.59,158200.0,1257.0,1.59,21.8,20.0,75.0,83.1,PASS,1,,14830 (96%); 14814 (3%); 14870 (1%)
42045402900,Delaware County PA,Census Tract 4029,P,62,0.62,163700.0,994.0,1.21,11.0,43.2,74.8,73.7,PASS,3,,19079 (100%)
42101017300,Philadelphia County PA,Census Tract 173,P,62,0.19,65600.0,1105.0,3.37,73.1,31.9,72.2,95.7,PASS,1,,19132 (96%); 19140 (4%)
42101019502,Philadelphia County PA,Census Tract 195.02,F,62,0.19,70900.0,1102.0,3.11,65.6,45.9,69.4,84.3,FAIL: tenant payment risk,4,,19140 (66%); 19134 (34%)
34007611300,Camden County NJ,Census Tract 6113,P,62,0.35,232500.0,1217.0,1.05,6.2,22.8,83.2,70.2,PASS,1,,08012 (100%)
34007611400,Camden County NJ,Census Tract 6114,P,62,0.35,216200.0,2118.0,1.96,32.5,34.3,82.6,83.0,PASS,2,,08021 (62%); 08009 (38%)
34015500500,Gloucester County NJ,Census Tract 5005,P,62,0.42,251100.0,1297.0,1.03,5.8,17.8,80.5,72.1,PASS,1,,08027 (83%); 08066 (16%)
34015501208,Gloucester County NJ,Census Tract 5012.08,P,62,0.42,319000.0,1915.0,1.2,10.6,28.8,81.1,80.5,PASS,1,,08080 (100%)
42011010100,Berks County PA,Census Tract 101,F,61,0.66,281200.0,1128.0,0.8,-0.8,7.2,85.8,54.3,FAIL: not in positive-cash-flow set,6,,19507 (57%); 19506 (27%); 17067 (11%); 17026 (3%); 19559 (1%)
42017101809,Bucks County PA,Census Tract 1018.09,F,61,0.28,555200.0,,,,,,,no data,,,18976 (100%)
42029311702,Chester County PA,Census Tract 3117.02,F,61,0.3,481400.0,1400.0,0.58,-7.2,28.9,88.0,38.0,FAIL: not in positive-cash-flow set,6,,19390 (55%); 19311 (45%)
42045403502,Delaware County PA,Census Tract 4035.02,P,61,0.61,212500.0,1356.0,1.28,12.8,40.5,80.2,72.7,PASS,2,,19036 (100%)
42045408300,Delaware County PA,Census Tract 4083,F,61,0.61,617500.0,2530.0,0.82,-0.4,4.8,80.1,57.9,FAIL: not in positive-cash-flow set,6,,19041 (62%); 19010 (22%); 19003 (15%)
42097081200,Northumberland County PA,Census Tract 812,P,61,0.73,95200.0,748.0,1.57,21.3,21.4,68.2,85.2,PASS,2,,17866 (92%); 17872 (8%)
34005703104,Burlington County NJ,Census Tract 7031.04,F,61,0.39,409100.0,970.0,0.47,-10.3,41.5,84.7,31.2,FAIL: not in positive-cash-flow set,6,,08048 (100%)
34007605200,Camden County NJ,Census Tract 6052,P,61,0.35,238200.0,1382.0,1.16,9.5,33.9,88.7,76.9,PASS,2,,08030 (98%); 08059 (2%)
34011010101,Cumberland County NJ,Census Tract 101.01,P,61,0.71,220500.0,1625.0,1.47,18.5,38.9,77.5,80.6,PASS,2,,08332 (32%); 08340 (25%); 08314 (13%); 08324 (10%); 08316 (9%); 08327 (9%); 08348 (2%)
34015500704,Gloucester County NJ,Census Tract 5007.04,P,61,0.41,213800.0,1711.0,1.6,22.1,22.3,87.7,92.5,PASS,1,,08051 (76%); 08080 (20%); 08061 (4%)
10003016611,New Castle County DE,Census Tract 166.11,P,61,0.35,468800.0,2010.0,0.86,0.7,20.4,85.9,60.6,PASS,2,,19709 (100%)
42011001500,Berks County PA,Census Tract 15,P,60,0.65,79600.0,1362.0,3.42,74.6,30.6,79.6,93.5,PASS,1,,19604 (100%)
42091202604,Montgomery County PA,Census Tract 2026.04,F,60,0.5,406500.0,1399.0,0.69,-4.1,22.6,84.9,52.6,FAIL: not in positive-cash-flow set,6,,19038 (100%)
42101019100,Philadelphia County PA,Census Tract 191,F,60,0.19,170800.0,1114.0,1.3,13.6,47.7,76.0,73.5,FAIL: tenant payment risk,4,,19124 (80%); 19134 (20%)
42131400200,Wyoming County PA,Census Tract 4002,P,60,0.27,221700.0,1038.0,0.94,3.0,16.1,80.4,68.3,PASS,1,,18629 (48%); 18614 (24%); 18657 (20%); 18630 (6%); 18419 (1%); 18623 (1%)
34001010401,Atlantic County NJ,Census Tract 104.01,P,60,0.43,316700.0,1801.0,1.14,8.8,17.4,75.3,81.0,PASS,1,,08215 (94%); 08330 (6%)
34007603501,Camden County NJ,Census Tract 6035.01,P,60,0.34,419700.0,2301.0,1.1,7.6,24.2,83.8,77.9,PASS,1,,08003 (100%)
34007608404,Camden County NJ,Census Tract 6084.04,P,60,0.34,245200.0,2125.0,1.73,26.0,30.5,85.2,89.2,PASS,1,,08081 (100%)
42017102700,Bucks County PA,Census Tract 1027,F,59,0.27,466500.0,1417.0,0.61,-6.5,37.4,85.5,37.2,FAIL: not in positive-cash-flow set,6,,18960 (70%); 18054 (11%); 18951 (9%); 18969 (9%)
42045405200,Delaware County PA,Census Tract 4052,F,59,0.59,64300.0,1044.0,3.25,69.6,45.3,76.8,96.0,FAIL: tenant payment risk,4,,19013 (100%)
42069110403,Lackawanna County PA,Census Tract 1104.03,P,59,1.28,331300.0,1422.0,0.86,0.8,43.8,77.6,59.8,PASS,3,,18411 (100%)
42079216501,Luzerne County PA,Census Tract 2165.01,F,59,1.51,251400.0,934.0,0.74,-2.6,14.5,84.0,55.7,FAIL: not in positive-cash-flow set,6,,18219 (77%); 18249 (23%)
42091201603,Montgomery County PA,Census Tract 2016.03,P,59,0.5,336900.0,1466.0,0.87,1.1,18.6,83.5,55.0,PASS,2,,19090 (97%); 19001 (3%)
42091203701,Montgomery County PA,Census Tract 2037.01,F,59,0.5,250000.0,1430.0,1.14,9.0,54.1,81.3,80.0,FAIL: tenant payment risk,5,,19401 (100%)
42101012501,Philadelphia County PA,Census Tract 125.01,F,59,0.18,,2475.0,,,,,,no data,,,19130 (64%); 19102 (19%); 19103 (16%)
42107001600,Schuylkill County PA,Census Tract 16,P,59,1.16,188200.0,906.0,0.96,3.8,20.2,83.8,68.4,PASS,1,,17901 (91%); 17944 (7%); 17951 (1%); 17923 (1%)
34001010300,Atlantic County NJ,Census Tract 103,P,59,0.43,244800.0,1589.0,1.3,13.4,23.4,81.4,89.1,PASS,1,,08201 (100%)
34005704006,Burlington County NJ,Census Tract 7040.06,P,59,0.38,332800.0,2058.0,1.24,11.7,17.3,84.9,90.1,PASS,1,,08053 (100%)
34007606800,Camden County NJ,Census Tract 6068,P,59,0.34,247200.0,1359.0,1.1,7.7,12.9,83.8,79.2,PASS,1,,08031 (100%)
34015502001,Gloucester County NJ,Census Tract 5020.01,F,59,0.4,515500.0,820.0,0.32,-14.8,17.7,87.1,31.4,FAIL: not in positive-cash-flow set,6,,08062 (100%)
42091200506,Montgomery County PA,Census Tract 2005.06,F,58,0.49,563600.0,2031.0,0.72,-3.2,9.8,86.4,43.5,FAIL: not in positive-cash-flow set,6,,19044 (82%); 19002 (18%)
42091201404,Montgomery County PA,Census Tract 2014.04,F,58,0.49,656100.0,1750.0,0.53,-8.6,28.6,84.1,40.9,FAIL: not in positive-cash-flow set,6,,19034 (65%); 19002 (19%); 19025 (16%)
42101031102,Philadelphia County PA,Census Tract 311.02,P,58,0.18,216900.0,1449.0,1.34,14.5,36.0,81.8,86.8,PASS,2,,19149 (66%); 19111 (34%)
42119090400,Union County PA,Census Tract 904,F,58,0.43,253000.0,890.0,0.7,-3.7,20.0,83.6,43.5,FAIL: not in positive-cash-flow set,6,,17844 (59%); 17889 (31%); 17855 (6%); 17870 (3%); 17837 (1%)
34005702917,Burlington County NJ,Census Tract 7029.17,P,58,0.37,404900.0,2205.0,1.09,7.4,11.3,88.4,85.8,PASS,1,,08054 (100%)
34007607300,Camden County NJ,Census Tract 6073,P,58,0.33,238800.0,1427.0,1.2,10.5,19.8,84.7,86.9,PASS,1,,08049 (100%)
34015501205,Gloucester County NJ,Census Tract 5012.05,P,58,0.39,327100.0,2056.0,1.26,12.3,39.9,81.5,88.3,PASS,2,,08080 (47%); 08081 (27%); 08012 (26%)
10003011600,New Castle County DE,Census Tract 116,P,58,0.33,395600.0,2027.0,1.02,5.6,27.6,85.7,74.0,PASS,1,,19803 (100%)
36007011902,Broome County NY,Census Tract 119.02,P,58,0.84,128600.0,831.0,1.29,13.3,15.3,78.3,75.2,PASS,1,,13862 (41%); 13746 (27%); 13744 (16%); 13905 (9%); 13777 (7%)
36101962900,Steuben County NY,Census Tract 9629,P,58,0.54,176000.0,1310.0,1.49,18.9,28.4,81.8,90.8,PASS,1,,14830 (100%)
42011010202,Berks County PA,Census Tract 102.02,P,57,0.61,222500.0,1094.0,0.98,4.4,21.9,80.3,70.5,PASS,1,,19526 (76%); 19506 (13%); 19541 (10%); 19554 (1%)
42045409000,Delaware County PA,Census Tract 4090,P,57,0.57,412300.0,2247.0,1.09,7.4,18.5,85.3,79.3,PASS,1,,19083 (100%)
42069111802,Lackawanna County PA,Census Tract 1118.02,F,57,1.24,287500.0,1176.0,0.82,-0.4,37.9,81.8,50.4,FAIL: not in positive-cash-flow set,6,,18444 (100%)
42079216601,Luzerne County PA,Census Tract 2166.01,P,57,1.46,257200.0,1667.0,1.3,13.4,35.9,79.9,78.3,PASS,2,,18222 (83%); 18224 (12%); 18202 (5%)
42091206300,Montgomery County PA,Census Tract 2063,F,57,0.48,443000.0,1437.0,0.65,-5.3,37.7,81.6,46.3,FAIL: not in positive-cash-flow set,6,,19426 (100%)
42101012201,Philadelphia County PA,Census Tract 122.01,F,57,0.18,,1488.0,,,,,,no data,,,19131 (100%)
42101017602,Philadelphia County PA,Census Tract 176.02,F,57,0.18,79100.0,1028.0,2.6,50.9,47.7,67.6,85.3,FAIL: tenant payment risk,4,,19133 (56%); 19134 (44%)
34011010800,Cumberland County NJ,Census Tract 108,P,57,0.67,244200.0,1542.0,1.26,12.4,23.9,79.6,83.7,PASS,1,,08302 (55%); 08332 (43%); 08352 (2%)
10003010400,New Castle County DE,Census Tract 104,P,57,0.33,312400.0,1616.0,1.03,5.8,24.0,84.8,77.1,PASS,1,,19809 (54%); 19703 (46%)
42011011603,Berks County PA,Census Tract 116.03,P,56,0.6,297300.0,1411.0,0.95,3.4,24.9,86.0,67.9,PASS,1,,19607 (55%); 19508 (22%); 19540 (17%); 19602 (5%)
42017100105,Bucks County PA,Census Tract 1001.05,F,56,0.25,341400.0,1144.0,0.67,-4.6,26.2,84.1,46.3,FAIL: not in positive-cash-flow set,6,,19020 (100%)
42091206704,Montgomery County PA,Census Tract 2067.04,F,56,0.47,561800.0,1125.0,0.4,-12.4,28.4,83.4,30.2,FAIL: not in positive-cash-flow set,6,,19426 (93%); 19438 (6%); 19473 (1%)
42109070600,Snyder County PA,Census Tract 706,P,56,0.42,202600.0,1011.0,1.0,4.8,14.1,82.3,70.0,PASS,1,,17864 (40%); 17870 (21%); 17842 (18%); 17853 (13%); 17045 (4%); 17827 (4%)
34033020100,Salem County NJ,Census Tract 201,P,56,0.85,326700.0,1806.0,1.11,7.9,12.5,81.0,71.6,PASS,1,,08067 (97%); 08085 (3%); 08069 (1%)
10003010106,New Castle County DE,Census Tract 101.06,F,56,0.32,,1566.0,,,,,,no data,,,19703 (100%)
10003013614,New Castle County DE,Census Tract 136.14,P,56,0.32,349300.0,1636.0,0.94,3.0,29.8,87.7,67.5,PASS,1,,19808 (59%); 19804 (41%)
24015030501,Cecil County MD,Census Tract 305.01,F,56,0.16,340400.0,1336.0,0.78,-1.3,10.6,83.3,48.2,FAIL: not in positive-cash-flow set,6,,21921 (92%); 21920 (8%)
36015011000,Chemung County NY,Census Tract 110,P,56,0.72,144500.0,1070.0,1.48,18.7,22.9,78.1,88.1,PASS,1,,14861 (30%); 14901 (26%); 14825 (18%); 14892 (15%); 14859 (11%)
42017100302,Bucks County PA,Census Tract 1003.02,F,55,0.25,313200.0,1752.0,1.12,8.3,62.8,77.7,69.6,FAIL: tenant payment risk,6,,19021 (84%); 19007 (16%)
42017105207,Bucks County PA,Census Tract 1052.07,P,55,0.25,507700.0,2606.0,1.03,5.6,27.5,82.1,75.6,PASS,1,,18940 (100%)
42045410602,Delaware County PA,Census Tract 4106.02,F,55,0.55,302200.0,1183.0,0.78,-1.4,3.7,84.7,55.3,FAIL: not in positive-cash-flow set,6,,19033 (52%); 19070 (36%); 19081 (12%)
42069102800,Lackawanna County PA,Census Tract 1028,P,55,1.2,217300.0,1137.0,1.05,6.2,14.9,82.6,77.5,PASS,1,,18507 (55%); 18505 (44%)
42091207900,Montgomery County PA,Census Tract 2079,P,55,0.46,233000.0,983.0,0.84,0.3,25.1,82.9,57.7,PASS,2,,18076 (100%)
42101003300,Philadelphia County PA,Census Tract 33,P,55,0.17,229100.0,1591.0,1.39,16.0,28.0,82.2,90.2,PASS,1,,19146 (93%); 19145 (7%)
42101035900,Philadelphia County PA,Census Tract 359,F,55,0.17,342000.0,568.0,0.33,-14.4,30.0,75.9,25.6,FAIL: not in positive-cash-flow set,6,,19116 (100%)
42101037300,Philadelphia County PA,Census Tract 373,F,55,0.17,494500.0,1841.0,0.74,-2.5,27.9,85.6,53.8,FAIL: not in positive-cash-flow set,6,,19145 (97%); 19148 (3%)
34015500800,Gloucester County NJ,Census Tract 5008,F,55,0.37,377800.0,,,,,,,no data,,,08090 (100%)
42011011906,Berks County PA,Census Tract 119.06,F,54,0.58,355300.0,1400.0,0.79,-1.3,22.1,84.8,52.8,FAIL: not in positive-cash-flow set,6,,19518 (100%)
42029302802,Chester County PA,Census Tract 3028.02,F,54,0.26,626800.0,1840.0,0.59,-7.0,30.4,80.9,38.5,FAIL: not in positive-cash-flow set,6,,19380 (79%); 19355 (21%)
42069110201,Lackawanna County PA,Census Tract 1102.01,P,54,1.18,259300.0,1194.0,0.92,2.6,17.2,84.8,62.4,PASS,2,,18407 (27%); 18419 (23%); 18433 (21%); 18414 (16%); 18446 (9%); 18420 (4%)
42091201501,Montgomery County PA,Census Tract 2015.01,F,54,0.45,562700.0,1691.0,0.6,-6.6,29.5,73.6,47.1,FAIL: not in positive-cash-flow set,6,,19006 (93%); 19046 (7%)
42091206105,Montgomery County PA,Census Tract 2061.05,F,54,0.45,598100.0,1939.0,0.65,-5.3,18.2,84.9,35.9,FAIL: not in positive-cash-flow set,6,,19426 (43%); 19468 (43%); 19460 (14%)
34005700403,Burlington County NJ,Census Tract 7004.03,F,54,0.35,275900.0,1009.0,0.73,-2.9,25.9,83.4,51.7,FAIL: not in positive-cash-flow set,6,,08052 (100%)
34005704202,Burlington County NJ,Census Tract 7042.02,F,54,0.35,479600.0,1425.0,0.59,-6.8,24.7,86.8,47.9,FAIL: not in positive-cash-flow set,6,,08505 (100%)
34007601800,Camden County NJ,Census Tract 6018,F,54,0.31,77600.0,1417.0,3.65,81.2,84.6,67.0,86.7,FAIL: tenant payment risk,6,,08104 (100%)
34015501206,Gloucester County NJ,Census Tract 5012.06,F,54,0.36,330200.0,1894.0,1.15,9.1,49.7,82.5,80.2,FAIL: tenant payment risk,5,,08012 (89%); 08080 (11%)
34033020700,Salem County NJ,Census Tract 207,F,54,0.82,383300.0,1450.0,0.76,-2.2,22.6,82.3,45.5,FAIL: not in positive-cash-flow set,6,,08098 (100%)
10003013905,New Castle County DE,Census Tract 139.05,P,54,0.31,296700.0,1907.0,1.29,13.1,17.2,90.2,95.2,PASS,1,,19702 (100%)
42011012902,Berks County PA,Census Tract 129.02,F,53,0.57,350100.0,1167.0,0.67,-4.8,6.1,86.0,44.0,FAIL: not in positive-cash-flow set,6,,19547 (82%); 19518 (7%); 19522 (3%); 19512 (3%); 19535 (3%); 19606 (2%)
42017101605,Bucks County PA,Census Tract 1016.05,F,53,0.24,375200.0,1041.0,0.55,-8.0,21.3,85.9,44.2,FAIL: not in positive-cash-flow set,6,,18974 (100%)
42029302807,Chester County PA,Census Tract 3028.07,F,53,0.26,634100.0,1830.0,0.58,-7.3,21.9,86.9,50.0,FAIL: not in positive-cash-flow set,6,,19380 (94%); 19382 (6%)
42029305300,Chester County PA,Census Tract 3053,P,53,0.26,259500.0,1230.0,0.95,3.4,39.5,84.9,64.8,PASS,2,,19320 (100%)
42045407802,Delaware County PA,Census Tract 4078.02,F,53,0.53,459400.0,1664.0,0.72,-3.1,14.8,87.2,48.8,FAIL: not in positive-cash-flow set,6,,19064 (100%)
42101016701,Philadelphia County PA,Census Tract 167.01,P,53,0.17,80500.0,1644.0,4.08,93.7,43.1,66.5,88.5,PASS,3,,19132 (100%)
42101017702,Philadelphia County PA,Census Tract 177.02,F,53,0.17,67800.0,1171.0,3.45,75.5,58.6,78.0,87.6,FAIL: tenant payment risk,6,,19134 (96%); 19125 (4%)
34001001500,Atlantic County NJ,Census Tract 15,F,53,0.38,,450.0,,,,,,no data,,,08401 (100%)
34005701104,Burlington County NJ,Census Tract 7011.04,F,53,0.34,360900.0,1464.0,0.81,-0.6,34.9,85.2,54.4,FAIL: not in positive-cash-flow set,6,,08016 (98%); 08010 (2%)
34015501800,Gloucester County NJ,Census Tract 5018,P,53,0.36,259400.0,1510.0,1.16,9.6,43.9,85.9,76.2,PASS,3,,08344 (100%)
36107020701,Tioga County NY,Census Tract 207.01,P,53,0.54,174000.0,1047.0,1.2,10.7,36.1,84.0,81.4,PASS,2,,14883 (97%); 13743 (2%); 14859 (1%)
42029302204,Chester County PA,Census Tract 3022.04,F,52,0.25,453700.0,1870.0,0.82,-0.2,13.2,91.5,65.5,FAIL: not in positive-cash-flow set,6,,19380 (100%)
42079211800,Luzerne County PA,Census Tract 2118,F,52,1.33,,1443.0,,,,,,no data,,,18702 (100%)
42079215900,Luzerne County PA,Census Tract 2159,P,52,1.33,233000.0,1079.0,0.93,2.7,12.2,76.7,57.3,PASS,2,,18655 (31%); 18656 (28%); 17814 (28%); 17878 (8%); 18622 (4%)
42017105805,Bucks County PA,Census Tract 1058.05,F,51,0.23,,1658.0,,,,,,no data,,,19067 (44%); 19054 (29%); 19030 (27%)
42045406300,Delaware County PA,Census Tract 4063,P,51,0.51,184700.0,1105.0,1.2,10.5,23.8,81.5,88.2,PASS,1,,19015 (67%); 19013 (33%)
42079216100,Luzerne County PA,Census Tract 2161,P,51,1.3,200600.0,1040.0,1.04,5.9,28.3,82.9,64.9,PASS,1,,18603 (78%); 18655 (22%)
42079217001,Luzerne County PA,Census Tract 2170.01,P,51,1.3,144400.0,1113.0,1.54,20.4,27.4,77.3,80.7,PASS,1,,18202 (85%); 18201 (11%); 18249 (4%)
42091200505,Montgomery County PA,Census Tract 2005.05,F,51,0.43,802900.0,1700.0,0.42,-11.8,21.6,86.6,40.0,FAIL: not in positive-cash-flow set,6,,19002 (78%); 19454 (11%); 19044 (8%); 18914 (3%)
34005700405,Burlington County NJ,Census Tract 7004.05,P,51,0.33,266300.0,1434.0,1.08,7.1,44.8,86.0,73.9,PASS,3,,08052 (100%)
34005702918,Burlington County NJ,Census Tract 7029.18,P,51,0.33,284700.0,2004.0,1.41,16.6,30.9,91.7,93.1,PASS,1,,08054 (100%)
10001041000,Kent County DE,Census Tract 410,P,51,0.28,248300.0,1372.0,1.11,7.9,24.8,78.7,81.5,PASS,1,,19901 (100%)
24015030508,Cecil County MD,Census Tract 305.08,P,51,0.14,283900.0,1388.0,0.98,4.2,40.0,82.6,63.9,PASS,2,,21921 (100%)
42011010302,Berks County PA,Census Tract 103.02,F,50,0.54,301100.0,1208.0,0.8,-0.8,6.6,84.4,51.5,FAIL: not in positive-cash-flow set,6,,19506 (96%); 19533 (2%); 19541 (2%)
42011010905,Berks County PA,Census Tract 109.05,P,50,0.54,226400.0,1517.0,1.34,14.6,40.1,84.4,86.8,PASS,2,,19609 (94%); 19608 (6%)
42029303902,Chester County PA,Census Tract 3039.02,P,50,0.24,566800.0,3066.0,1.08,7.2,7.9,88.4,81.3,PASS,1,,19382 (37%); 19380 (36%); 19335 (26%)
42029304201,Chester County PA,Census Tract 3042.01,P,50,0.24,339300.0,1938.0,1.14,8.9,33.2,85.4,82.5,PASS,1,,19335 (87%); 19372 (13%)
42029311800,Chester County PA,Census Tract 3118,P,50,0.24,324200.0,1425.0,0.88,1.4,30.5,86.2,60.5,PASS,2,,19365 (54%); 19310 (41%); 17527 (5%)
42079200600,Luzerne County PA,Census Tract 2006,P,50,1.28,116700.0,1117.0,1.91,31.2,22.3,79.8,95.0,PASS,1,,18702 (100%)
42079213900,Luzerne County PA,Census Tract 2139,P,50,1.28,131800.0,1026.0,1.56,20.9,18.2,79.4,89.6,PASS,1,,18621 (50%); 18651 (45%); 18634 (4%); 18708 (1%)
42101017500,Philadelphia County PA,Census Tract 175,P,50,0.16,66800.0,946.0,2.83,57.6,26.8,63.9,92.2,PASS,2,,19133 (85%); 19140 (15%)
34033021000,Salem County NJ,Census Tract 210,P,50,0.76,227300.0,1741.0,1.53,20.2,11.5,85.8,92.1,PASS,1,,08318 (100%)
10003011900,New Castle County DE,Census Tract 119,F,50,0.29,1025000.0,1413.0,0.28,-16.0,36.8,78.4,29.1,FAIL: not in positive-cash-flow set,6,,19807 (95%); 19805 (5%)
42017100808,Bucks County PA,Census Tract 1008.08,F,49,0.22,518900.0,1871.0,0.72,-3.2,35.0,82.7,52.6,FAIL: not in positive-cash-flow set,6,,19047 (96%); 18940 (4%)
42029311500,Chester County PA,Census Tract 3115,F,49,0.24,407400.0,891.0,0.44,-11.4,28.6,82.1,32.8,FAIL: not in positive-cash-flow set,6,,19520 (71%); 19344 (24%); 19343 (5%)
42029311701,Chester County PA,Census Tract 3117.01,F,49,0.24,372700.0,1393.0,0.75,-2.4,35.2,84.7,48.3,FAIL: not in positive-cash-flow set,6,,19390 (74%); 19311 (23%); 19330 (3%)
42079216800,Luzerne County PA,Census Tract 2168,P,49,1.25,167900.0,1279.0,1.52,19.9,35.3,76.3,83.0,PASS,2,,18661 (57%); 18224 (23%); 18255 (18%); 18201 (1%)
42091209000,Montgomery County PA,Census Tract 2090,P,49,0.41,209900.0,939.0,0.89,1.8,25.0,89.3,61.1,PASS,2,,19464 (100%)
42101012000,Philadelphia County PA,Census Tract 120,F,49,0.15,363300.0,1404.0,0.77,-1.7,35.2,76.4,55.8,FAIL: not in positive-cash-flow set,6,,19131 (100%)
10001041803,Kent County DE,Census Tract 418.03,F,49,0.27,318400.0,748.0,0.47,-10.4,45.2,80.2,27.7,FAIL: not in positive-cash-flow set,6,,19904 (90%); 19901 (7%); 19936 (3%)
24015030908,Cecil County MD,Census Tract 309.08,P,49,0.14,337900.0,1544.0,0.91,2.4,24.0,88.4,68.1,PASS,1,,21901 (83%); 21921 (15%); 21903 (2%)
42011010601,Berks County PA,Census Tract 106.01,P,48,0.52,234200.0,1389.0,1.19,10.2,38.0,81.4,83.8,PASS,2,,19565 (100%)
42011011705,Berks County PA,Census Tract 117.05,F,48,0.52,390700.0,985.0,0.5,-9.4,23.9,84.0,32.1,FAIL: not in positive-cash-flow set,6,,19508 (68%); 19543 (14%); 19520 (9%); 19523 (4%); 19540 (4%)
42091203801,Montgomery County PA,Census Tract 2038.01,P,48,0.4,213500.0,1589.0,1.49,18.9,41.7,85.3,82.3,PASS,3,,19401 (100%)
42101020702,Philadelphia County PA,Census Tract 207.02,F,48,0.15,425900.0,1115.0,0.52,-8.9,14.2,77.2,39.6,FAIL: not in positive-cash-flow set,6,,19129 (100%)
42101038500,Philadelphia County PA,Census Tract 385,F,48,0.15,892700.0,1918.0,0.43,-11.6,30.7,82.1,37.3,FAIL: not in positive-cash-flow set,6,,19118 (100%)
34005700102,Burlington County NJ,Census Tract 7001.02,P,48,0.31,268800.0,1648.0,1.23,11.4,34.5,83.9,83.5,PASS,2,,08065 (100%)
34005703203,Burlington County NJ,Census Tract 7032.03,P,48,0.31,252700.0,1689.0,1.34,14.5,36.1,64.2,78.3,PASS,2,,08088 (100%)
34007602602,Camden County NJ,Census Tract 6026.02,F,48,0.27,212600.0,1741.0,1.64,23.2,46.0,81.3,86.1,FAIL: tenant payment risk,4,,08109 (90%); 08110 (10%)
42011000600,Berks County PA,Census Tract 6,P,47,0.51,206800.0,1224.0,1.18,10.1,19.0,80.5,83.2,PASS,1,,19604 (100%)
42017101504,Bucks County PA,Census Tract 1015.04,P,47,0.21,449000.0,3203.0,1.43,17.1,42.1,80.7,83.4,PASS,3,,18966 (100%)
42045406902,Delaware County PA,Census Tract 4069.02,F,47,0.47,315400.0,1427.0,0.9,2.1,73.3,81.9,53.7,FAIL: tenant payment risk,6,,19014 (83%); 19063 (17%)
42045407804,Delaware County PA,Census Tract 4078.04,P,47,0.47,402600.0,1709.0,0.85,0.5,11.2,83.2,59.5,PASS,2,,19064 (100%)
42091204200,Montgomery County PA,Census Tract 2042,P,47,0.39,475500.0,2270.0,0.95,3.5,22.4,88.7,68.8,PASS,1,,19428 (100%)
42101034000,Philadelphia County PA,Census Tract 340,F,47,0.15,324500.0,1155.0,0.71,-3.4,43.8,84.6,43.4,FAIL: not in positive-cash-flow set,6,,19111 (100%)
34011040902,Cumberland County NJ,Census Tract 409.02,F,47,0.55,224600.0,1370.0,1.22,11.2,46.7,78.9,76.7,FAIL: tenant payment risk,4,,08360 (81%); 08344 (13%); 08361 (6%)
10001041200,Kent County DE,Census Tract 412,F,47,0.26,339300.0,1084.0,0.64,-5.5,35.2,82.3,34.2,FAIL: not in positive-cash-flow set,6,,19901 (100%)
36107020101,Tioga County NY,Census Tract 201.01,P,47,0.48,121100.0,1256.0,2.07,35.8,16.3,80.1,90.7,PASS,1,,13736 (59%); 13835 (38%); 14817 (3%)
42029305101,Chester County PA,Census Tract 3051.01,F,46,0.22,327600.0,1082.0,0.66,-4.9,18.3,83.9,43.6,FAIL: not in positive-cash-flow set,6,,19320 (100%)
42069110202,Lackawanna County PA,Census Tract 1102.02,F,46,1.0,246700.0,874.0,0.71,-3.5,5.7,82.7,46.8,FAIL: not in positive-cash-flow set,6,,18447 (47%); 18433 (35%); 18411 (13%); 18414 (5%)
42069112902,Lackawanna County PA,Census Tract 1129.02,F,46,1.0,246600.0,919.0,0.75,-2.5,29.7,82.7,41.1,FAIL: not in positive-cash-flow set,6,,18444 (60%); 18424 (40%)
42079215400,Luzerne County PA,Census Tract 2154,P,46,1.18,199100.0,1395.0,1.4,16.4,21.7,82.1,78.9,PASS,1,,18661 (89%); 18707 (11%)
42091207103,Montgomery County PA,Census Tract 2071.03,P,46,0.39,383700.0,1750.0,0.91,2.3,5.8,85.9,64.9,PASS,1,,18969 (94%); 18964 (6%)
42131400700,Wyoming County PA,Census Tract 4007,P,46,0.21,205600.0,988.0,0.96,3.7,26.7,79.2,63.0,PASS,1,,18636 (48%); 18657 (30%); 18618 (12%); 18612 (9%); 18615 (1%)
34007603303,Camden County NJ,Census Tract 6033.03,P,46,0.26,305400.0,1510.0,0.99,4.5,26.1,76.5,73.7,PASS,1,,08002 (94%); 08034 (6%)
34007606300,Camden County NJ,Census Tract 6063,F,46,0.26,585700.0,1659.0,0.57,-7.6,10.3,85.3,41.2,FAIL: not in positive-cash-flow set,6,,08033 (100%)
34007607802,Camden County NJ,Census Tract 6078.02,P,46,0.26,181400.0,1887.0,2.08,36.0,37.1,82.8,95.6,PASS,2,,08021 (100%)
34007611500,Camden County NJ,Census Tract 6115,F,46,0.26,261000.0,,,,,,,no data,,,08037 (80%); 08089 (16%); 08009 (4%)
34015500205,Gloucester County NJ,Census Tract 5002.05,P,46,0.31,282900.0,1901.0,1.34,14.8,35.1,81.6,82.4,PASS,2,,08086 (72%); 08066 (25%); 08096 (3%)
36007014302,Broome County NY,Census Tract 143.02,P,46,0.67,225100.0,1199.0,1.07,6.7,40.6,63.5,75.7,PASS,3,,13850 (74%); 13902 (26%)
42017105009,Bucks County PA,Census Tract 1050.09,F,45,0.2,512700.0,1962.0,0.77,-1.9,24.0,82.2,57.2,FAIL: not in positive-cash-flow set,6,,18966 (100%)
42029303302,Chester County PA,Census Tract 3033.02,P,45,0.22,595300.0,3501.0,1.18,9.9,36.0,78.7,81.6,PASS,2,,19348 (51%); 19317 (49%)
42029304300,Chester County PA,Census Tract 3043,F,45,0.22,564400.0,,,,,,,no data,,,19335 (100%)
42029311300,Chester County PA,Census Tract 3113,F,45,0.22,689800.0,,,,,,,no data,,,19382 (92%); 19348 (8%)
42045410303,Delaware County PA,Census Tract 4103.03,F,45,0.45,588000.0,1559.0,0.53,-8.7,26.4,82.1,34.3,FAIL: not in positive-cash-flow set,6,,19342 (77%); 19060 (23%)
42091200507,Montgomery County PA,Census Tract 2005.07,P,45,0.38,342000.0,2356.0,1.38,15.7,29.1,88.0,89.8,PASS,1,,19044 (100%)
42091203204,Montgomery County PA,Census Tract 2032.04,F,45,0.38,670000.0,2035.0,0.61,-6.5,42.3,81.6,37.6,FAIL: not in positive-cash-flow set,6,,19422 (100%)
42091208400,Montgomery County PA,Census Tract 2084,P,45,0.38,399200.0,2547.0,1.28,12.8,41.9,84.1,81.8,PASS,3,,18074 (58%); 18054 (19%); 19473 (15%); 19492 (7%)
42101008801,Philadelphia County PA,Census Tract 88.01,F,45,0.14,,2629.0,,,,,,no data,,,19104 (100%)
42101017701,Philadelphia County PA,Census Tract 177.01,F,45,0.14,57200.0,1119.0,3.91,88.7,61.1,69.1,86.5,FAIL: tenant payment risk,6,,19134 (100%)
34005702209,Burlington County NJ,Census Tract 7022.09,P,45,0.29,228300.0,1023.0,0.9,1.9,31.4,82.6,60.5,PASS,2,,08015 (100%)
10003010300,New Castle County DE,Census Tract 103,P,45,0.26,257400.0,1836.0,1.43,17.1,14.8,89.1,88.4,PASS,1,,19703 (100%)
10003014808,New Castle County DE,Census Tract 148.08,P,45,0.26,274100.0,1524.0,1.11,8.1,22.2,85.4,75.8,PASS,1,,19702 (93%); 19701 (7%)
42011014202,Berks County PA,Census Tract 142.02,F,44,0.47,261800.0,840.0,0.64,-5.5,28.4,83.8,38.4,FAIL: not in positive-cash-flow set,6,,19539 (51%); 18011 (31%); 18062 (17%); 18031 (1%)
42069110402,Lackawanna County PA,Census Tract 1104.02,F,44,0.96,451600.0,1470.0,0.65,-5.2,22.2,81.6,44.3,FAIL: not in positive-cash-flow set,6,,18411 (60%); 18471 (30%); 18414 (10%)
42079215502,Luzerne County PA,Census Tract 2155.02,F,44,1.13,295100.0,,,,,,,no data,,,18707 (100%)
42079215702,Luzerne County PA,Census Tract 2157.02,P,44,1.13,182900.0,767.0,0.84,0.2,26.8,77.6,55.4,PASS,2,,18655 (84%); 18621 (16%)
42091200605,Montgomery County PA,Census Tract 2006.05,F,44,0.37,549500.0,2213.0,0.81,-0.8,21.5,77.9,53.2,FAIL: not in positive-cash-flow set,6,,19454 (77%); 18936 (23%); 18914 (1%)
42101038000,Philadelphia County PA,Census Tract 380,P,44,0.14,171500.0,1303.0,1.52,19.8,38.5,76.8,80.8,PASS,2,,19124 (70%); 19137 (30%)
34007609103,Camden County NJ,Census Tract 6091.03,P,44,0.25,267200.0,1350.0,1.01,5.2,33.1,85.7,69.2,PASS,1,,08009 (69%); 08004 (31%)
34033020600,Salem County NJ,Census Tract 206,P,44,0.67,209100.0,1511.0,1.45,17.7,26.7,81.2,90.1,PASS,1,,08069 (86%); 08098 (11%); 08067 (1%); 08070 (1%); 08023 (1%)
42011012901,Berks County PA,Census Tract 129.01,P,43,0.46,227800.0,1755.0,1.54,20.4,27.8,82.7,88.3,PASS,1,,19560 (36%); 19606 (35%); 19547 (17%); 19522 (11%); 19604 (1%)
42017103800,Bucks County PA,Census Tract 1038,F,43,0.2,385700.0,1418.0,0.74,-2.8,33.7,81.0,46.0,FAIL: not in positive-cash-flow set,6,,18972 (100%)
42029306300,Chester County PA,Census Tract 3063,F,43,0.21,319900.0,1767.0,1.1,7.9,49.1,86.8,77.2,FAIL: tenant payment risk,4,,19390 (100%)
42079213300,Luzerne County PA,Census Tract 2133,P,43,1.1,148100.0,1074.0,1.45,17.8,25.5,84.6,89.5,PASS,1,,18704 (96%); 18709 (4%)
42101000805,Philadelphia County PA,Census Tract 8.05,P,43,0.13,389600.0,2006.0,1.03,5.7,28.4,89.0,80.9,PASS,1,,19103 (89%); 19102 (11%)
42101006100,Philadelphia County PA,Census Tract 61,P,43,0.13,168200.0,1454.0,1.73,25.8,44.9,80.1,78.6,PASS,3,,19142 (100%)
42101009801,Philadelphia County PA,Census Tract 98.01,P,43,0.13,190500.0,1433.0,1.5,19.4,21.2,84.7,90.9,PASS,1,,19151 (100%)
34015501403,Gloucester County NJ,Census Tract 5014.03,P,43,0.29,345900.0,2316.0,1.34,14.6,29.6,77.5,90.4,PASS,1,,08028 (100%)
10003016404,New Castle County DE,Census Tract 164.04,P,43,0.25,319600.0,1461.0,0.91,2.4,26.2,84.3,62.6,PASS,1,,19720 (75%); 19706 (21%); 19733 (1%)
42045402600,Delaware County PA,Census Tract 4026,P,42,0.42,168300.0,1651.0,1.96,32.6,40.9,71.5,87.6,PASS,3,,19023 (100%)
42101003702,Philadelphia County PA,Census Tract 37.02,F,42,0.13,223900.0,1643.0,1.47,18.3,45.2,80.1,88.7,FAIL: tenant payment risk,4,,19145 (100%)
42101020800,Philadelphia County PA,Census Tract 208,P,42,0.13,174600.0,1870.0,2.14,37.7,21.2,77.4,100,PASS,1,,19129 (50%); 19144 (50%)
34007604700,Camden County NJ,Census Tract 6047,P,42,0.24,287300.0,2066.0,1.44,17.5,31.5,83.5,88.1,PASS,1,,08107 (100%)
10003014906,New Castle County DE,Census Tract 149.06,P,42,0.24,251500.0,1411.0,1.12,8.4,36.6,86.9,79.9,PASS,2,,19701 (54%); 19702 (46%)
42011012103,Berks County PA,Census Tract 121.03,F,41,0.44,297300.0,1047.0,0.7,-3.7,26.9,85.0,46.5,FAIL: not in positive-cash-flow set,6,,19508 (45%); 19606 (42%); 19518 (12%); 19535 (1%)
42079216502,Luzerne County PA,Census Tract 2165.02,P,41,1.05,300500.0,1378.0,0.92,2.5,14.7,84.3,61.5,PASS,2,,18249 (67%); 18222 (30%); 18202 (2%)
42091206703,Montgomery County PA,Census Tract 2067.03,F,41,0.34,541800.0,1386.0,0.51,-9.2,47.0,82.5,23.4,FAIL: not in positive-cash-flow set,6,,19473 (88%); 19438 (5%); 19474 (5%); 19426 (2%)
42097081400,Northumberland County PA,Census Tract 814,P,41,0.49,89000.0,767.0,1.72,25.7,36.3,79.2,86.6,PASS,2,,17866 (100%)
42097081900,Northumberland County PA,Census Tract 819,F,41,0.49,210200.0,790.0,0.75,-2.3,9.8,83.6,51.6,FAIL: not in positive-cash-flow set,6,,17801 (93%); 17860 (7%)
34011040701,Cumberland County NJ,Census Tract 407.01,P,41,0.48,263300.0,1207.0,0.92,2.5,30.5,77.5,62.8,PASS,1,,08361 (70%); 08360 (30%)
34011040702,Cumberland County NJ,Census Tract 407.02,F,41,0.48,265700.0,1255.0,0.94,3.3,47.5,77.9,56.7,FAIL: tenant payment risk,4,,08361 (87%); 08360 (13%)
34033022100,Salem County NJ,Census Tract 221,F,41,0.63,100100.0,1120.0,2.24,40.5,50.0,80.3,92.5,FAIL: tenant payment risk,5,,08079 (100%)
36007012000,Broome County NY,Census Tract 120,P,41,0.6,157100.0,941.0,1.2,10.6,27.7,80.2,75.7,PASS,1,,13797 (41%); 13862 (17%); 13802 (15%); 13777 (13%); 13811 (9%); 13905 (4%)
36101962000,Steuben County NY,Census Tract 9620,P,41,0.38,124700.0,760.0,1.22,11.2,10.9,78.4,82.8,PASS,1,,14877 (20%); 14885 (18%); 14839 (16%); 14823 (12%); 14855 (12%); 14898 (9%); 14843 (7%); 14806 (4%); 14803 (1%); 14897 (1%); 14819 (1%)
42029307700,Chester County PA,Census Tract 3077,F,40,0.2,336700.0,1107.0,0.66,-5.0,20.3,84.2,45.0,FAIL: not in positive-cash-flow set,6,,19330 (61%); 19310 (39%)
42091201203,Montgomery County PA,Census Tract 2012.03,F,40,0.34,778800.0,3212.0,0.82,-0.2,44.3,80.1,55.1,FAIL: not in positive-cash-flow set,6,,19002 (100%)
42091209201,Montgomery County PA,Census Tract 2092.01,P,40,0.34,261700.0,1651.0,1.26,12.4,20.9,89.0,91.7,PASS,1,,19464 (100%)
42119090102,Union County PA,Census Tract 901.02,P,40,0.3,189200.0,825.0,0.87,1.2,23.0,83.2,55.8,PASS,2,,17856 (73%); 17810 (19%); 17837 (7%)
34001002500,Atlantic County NJ,Census Tract 25,P,40,0.29,221700.0,1145.0,1.03,5.8,44.0,70.3,73.2,PASS,3,,08401 (100%)
34001011401,Atlantic County NJ,Census Tract 114.01,F,40,0.29,288600.0,1087.0,0.75,-2.3,21.9,84.4,53.0,FAIL: not in positive-cash-flow set,6,,08330 (66%); 08037 (34%)
34015501203,Gloucester County NJ,Census Tract 5012.03,P,40,0.27,265900.0,2417.0,1.82,28.4,23.4,86.9,88.7,PASS,1,,08012 (71%); 08080 (29%)
34015501900,Gloucester County NJ,Census Tract 5019,F,40,0.27,350400.0,1206.0,0.69,-4.1,16.4,82.0,46.0,FAIL: not in positive-cash-flow set,6,,08343 (64%); 08028 (27%); 08062 (9%)
36007012103,Broome County NY,Census Tract 121.03,P,40,0.58,171000.0,1040.0,1.22,11.1,29.2,79.3,84.6,PASS,1,,13905 (59%); 13901 (22%); 13744 (18%); 13862 (1%)
42017102003,Bucks County PA,Census Tract 1020.03,P,39,0.18,478500.0,2172.0,0.91,2.2,15.2,85.6,61.0,PASS,2,,18914 (86%); 18932 (14%)
42045407902,Delaware County PA,Census Tract 4079.02,F,39,0.39,568800.0,1595.0,0.56,-7.8,19.0,88.3,41.6,FAIL: not in positive-cash-flow set,6,,19063 (100%)
42079211302,Luzerne County PA,Census Tract 2113.02,F,39,1.0,282800.0,767.0,0.54,-8.3,1.3,79.8,37.7,FAIL: not in positive-cash-flow set,6,,18612 (52%); 18621 (43%); 18708 (5%)
42079216400,Luzerne County PA,Census Tract 2164,P,39,1.0,195500.0,1175.0,1.2,10.7,12.1,79.8,73.8,PASS,1,,18249 (67%); 17815 (12%); 18246 (9%); 18202 (6%); 18241 (4%); 18256 (2%)
42091206801,Montgomery County PA,Census Tract 2068.01,P,39,0.33,650200.0,3501.0,1.08,7.1,31.1,83.8,77.4,PASS,1,,19446 (47%); 19403 (28%); 19426 (18%); 19490 (6%)
42107000100,Schuylkill County PA,Census Tract 1,P,39,0.77,182500.0,786.0,0.86,0.9,25.1,79.4,50.2,PASS,3,,17967 (50%); 17985 (31%); 18248 (6%); 18237 (6%); 18202 (6%)
34015501405,Gloucester County NJ,Census Tract 5014.05,P,39,0.26,313900.0,1910.0,1.22,11.1,18.7,86.0,85.5,PASS,1,,08028 (100%)
34015501606,Gloucester County NJ,Census Tract 5016.06,P,39,0.26,283400.0,2323.0,1.64,23.3,28.4,82.6,89.1,PASS,1,,08094 (100%)
10003002600,New Castle County DE,Census Tract 26,F,39,0.23,165400.0,1247.0,1.51,19.5,49.7,78.2,82.4,FAIL: tenant payment risk,5,,19805 (92%); 19801 (8%)
10003014000,New Castle County DE,Census Tract 140,F,39,0.23,285200.0,1171.0,0.82,-0.3,24.9,86.9,58.2,FAIL: not in positive-cash-flow set,6,,19713 (64%); 19711 (36%)
10003014813,New Castle County DE,Census Tract 148.13,F,39,0.23,420700.0,1472.0,0.7,-3.8,10.8,91.0,50.3,FAIL: not in positive-cash-flow set,6,,19702 (100%)
36101960200,Steuben County NY,Census Tract 9602,P,39,0.37,117900.0,1208.0,2.05,35.1,21.0,83.0,85.3,PASS,1,,14873 (60%); 14810 (19%); 14809 (16%); 14512 (5%); 14840 (1%)
42011010201,Berks County PA,Census Tract 102.01,F,38,0.41,288400.0,925.0,0.64,-5.5,17.0,83.1,40.6,FAIL: not in positive-cash-flow set,6,,19541 (82%); 19533 (10%); 19526 (4%); 19506 (3%)
42017100402,Bucks County PA,Census Tract 1004.02,P,38,0.17,316300.0,1818.0,1.15,9.2,24.1,80.6,70.1,PASS,1,,19057 (100%)
42017101805,Bucks County PA,Census Tract 1018.05,F,38,0.17,561700.0,2207.0,0.79,-1.3,42.5,85.0,51.6,FAIL: not in positive-cash-flow set,6,,18976 (100%)
42029304406,Chester County PA,Census Tract 3044.06,F,38,0.19,634100.0,2322.0,0.73,-2.9,30.0,85.0,55.4,FAIL: not in positive-cash-flow set,6,,19341 (50%); 19335 (34%); 19425 (16%)
42037050400,Columbia County PA,Census Tract 504,P,38,0.63,227800.0,1166.0,1.02,5.5,19.0,81.6,67.9,PASS,1,,17859 (42%); 18603 (35%); 17815 (21%); 17846 (2%)
42091205200,Montgomery County PA,Census Tract 2052,F,38,0.32,1180100.0,1770.0,0.3,-15.3,38.6,78.6,27.0,FAIL: not in positive-cash-flow set,6,,19041 (78%); 19010 (15%); 19035 (7%)
42091206802,Montgomery County PA,Census Tract 2068.02,P,38,0.32,446900.0,2346.0,1.05,6.3,30.2,85.2,73.2,PASS,1,,19426 (55%); 19403 (45%)
42101020400,Philadelphia County PA,Census Tract 204,F,38,0.12,125700.0,1433.0,2.28,41.7,51.4,60.2,82.0,FAIL: tenant payment risk,5,,19140 (100%)
34001011704,Atlantic County NJ,Census Tract 117.04,P,38,0.27,287300.0,1728.0,1.2,10.7,25.2,85.5,79.7,PASS,1,,08234 (100%)
34007606100,Camden County NJ,Census Tract 6061,F,38,0.22,801600.0,1465.0,0.37,-13.4,24.3,87.2,34.0,FAIL: not in positive-cash-flow set,6,,08033 (100%)
34007607503,Camden County NJ,Census Tract 6075.03,P,38,0.22,414100.0,2118.0,1.02,5.5,35.0,81.0,69.2,PASS,2,,08043 (100%)
34011030502,Cumberland County NJ,Census Tract 305.02,P,38,0.44,227200.0,1051.0,0.93,2.7,8.7,84.8,67.4,PASS,1,,08332 (100%)
34033020500,Salem County NJ,Census Tract 205,P,38,0.58,203800.0,1619.0,1.59,21.8,38.7,80.4,92.0,PASS,2,,08069 (100%)
36007014600,Broome County NY,Census Tract 146,P,38,0.55,199900.0,1696.0,1.7,24.9,15.6,83.2,91.8,PASS,1,,13850 (100%)
42011002200,Berks County PA,Census Tract 22,F,37,0.4,111100.0,1152.0,2.07,35.8,47.2,69.8,88.3,FAIL: tenant payment risk,4,,19602 (100%)
42017100201,Bucks County PA,Census Tract 1002.01,P,37,0.17,382800.0,1850.0,0.97,3.9,12.7,84.4,59.2,PASS,2,,19053 (100%)
42079217002,Luzerne County PA,Census Tract 2170.02,F,37,0.95,198600.0,,,,,,,no data,,,18202 (100%)
42091207400,Montgomery County PA,Census Tract 2074,F,37,0.31,462800.0,1536.0,0.66,-4.8,11.9,85.7,38.0,FAIL: not in positive-cash-flow set,6,,18969 (61%); 18054 (39%)
42097081600,Northumberland County PA,Census Tract 816,P,37,0.44,63400.0,831.0,2.62,51.5,22.3,81.7,87.7,PASS,1,,17872 (100%)
42101028901,Philadelphia County PA,Census Tract 289.01,P,37,0.12,137600.0,1349.0,1.96,32.5,32.3,72.6,80.8,PASS,1,,19120 (97%); 19124 (3%)
42101038600,Philadelphia County PA,Census Tract 386,F,37,0.12,953100.0,2043.0,0.43,-11.6,24.0,82.4,35.8,FAIL: not in positive-cash-flow set,6,,19118 (69%); 19119 (31%)
34001012702,Atlantic County NJ,Census Tract 127.02,F,37,0.27,326000.0,632.0,0.39,-12.8,25.6,76.0,34.6,FAIL: not in positive-cash-flow set,6,,08244 (100%)
34007607900,Camden County NJ,Census Tract 6079,P,37,0.21,279400.0,1181.0,0.85,0.4,27.4,84.4,60.3,PASS,2,,08021 (100%)
42011012101,Berks County PA,Census Tract 121.01,P,36,0.39,228100.0,1204.0,1.06,6.5,29.7,83.2,75.7,PASS,1,,19606 (100%)
42017105011,Bucks County PA,Census Tract 1050.11,F,36,0.16,593700.0,2426.0,0.82,-0.4,42.1,88.4,53.8,FAIL: not in positive-cash-flow set,6,,18966 (75%); 19053 (25%)
42017106000,Bucks County PA,Census Tract 1060,P,36,0.16,397800.0,1861.0,0.94,3.0,31.4,83.8,71.1,PASS,1,,19047 (99%); 19020 (1%)
42029302803,Chester County PA,Census Tract 3028.03,F,36,0.18,436800.0,1764.0,0.81,-0.7,53.7,66.0,50.2,FAIL: not in positive-cash-flow set,6,,19380 (100%)
42079215300,Luzerne County PA,Census Tract 2153,F,36,0.92,254300.0,834.0,0.66,-5.1,37.3,79.6,36.7,FAIL: not in positive-cash-flow set,6,,18702 (64%); 18661 (25%); 18706 (5%); 18602 (2%); 18610 (2%); 18424 (2%)
42091203205,Montgomery County PA,Census Tract 2032.05,F,36,0.3,683600.0,1989.0,0.58,-7.2,33.9,83.0,31.3,FAIL: not in positive-cash-flow set,6,,19002 (68%); 19422 (32%)
42097080400,Northumberland County PA,Census Tract 804,P,36,0.43,150500.0,735.0,0.98,4.2,10.0,79.0,67.4,PASS,1,,17847 (96%); 17850 (2%); 17865 (2%)
42101013701,Philadelphia County PA,Census Tract 137.01,P,36,0.11,347200.0,1855.0,1.07,6.8,14.9,90.9,89.6,PASS,1,,19121 (90%); 19130 (10%)
42107000700,Schuylkill County PA,Census Tract 7,F,36,0.71,82900.0,,,,,,,no data,,,17976 (48%); 17931 (27%); 17946 (15%); 17934 (6%); 17949 (3%); 17935 (2%)
34005703000,Burlington County NJ,Census Tract 7030,P,36,0.23,426100.0,2002.0,0.94,3.1,18.1,84.5,67.1,PASS,1,,08036 (100%)
34033021500,Salem County NJ,Census Tract 215,P,36,0.55,189200.0,1341.0,1.42,16.9,17.5,82.9,83.7,PASS,1,,08070 (62%); 08023 (38%)
10003016614,New Castle County DE,Census Tract 166.14,F,36,0.21,439200.0,890.0,0.41,-12.3,9.9,87.8,28.5,FAIL: not in positive-cash-flow set,6,,19709 (78%); 19730 (14%); 19734 (8%)
24015030905,Cecil County MD,Census Tract 309.05,P,36,0.1,329900.0,1573.0,0.95,3.5,17.6,82.6,64.6,PASS,1,,21911 (45%); 21904 (31%); 21901 (16%); 21921 (8%)
42017101401,Bucks County PA,Census Tract 1014.01,F,35,0.16,429500.0,1303.0,0.61,-6.5,47.0,86.2,35.4,FAIL: not in positive-cash-flow set,6,,19053 (82%); 19006 (18%)
42029306700,Chester County PA,Census Tract 3067,F,35,0.17,489100.0,1904.0,0.78,-1.5,7.8,85.6,53.9,FAIL: not in positive-cash-flow set,6,,19350 (79%); 19352 (19%); 19390 (3%)
42045409200,Delaware County PA,Census Tract 4092,P,35,0.35,406300.0,2164.0,1.07,6.7,2.5,90.4,76.9,PASS,1,,19083 (100%)
42091203104,Montgomery County PA,Census Tract 2031.04,F,35,0.29,522100.0,1943.0,0.74,-2.5,32.5,78.6,45.1,FAIL: not in positive-cash-flow set,6,,19444 (100%)
34007607600,Camden County NJ,Census Tract 6076,P,35,0.2,308400.0,1420.0,0.92,2.6,35.0,80.1,61.2,PASS,2,,08026 (100%)
36007012702,Broome County NY,Census Tract 127.02,P,35,0.51,222300.0,1632.0,1.47,18.3,26.2,81.9,87.5,PASS,1,,13903 (100%)
36007013201,Broome County NY,Census Tract 132.01,P,35,0.51,154400.0,985.0,1.28,12.8,18.6,85.9,87.7,PASS,1,,13760 (100%)
42045401503,Delaware County PA,Census Tract 4015.03,P,34,0.34,204600.0,1563.0,1.53,20.1,38.5,79.1,83.6,PASS,2,,19018 (100%)
42045407806,Delaware County PA,Census Tract 4078.06,F,34,0.34,357600.0,1246.0,0.7,-3.9,39.0,84.2,42.9,FAIL: not in positive-cash-flow set,6,,19064 (71%); 19070 (18%); 19081 (10%)
42045409100,Delaware County PA,Census Tract 4091,F,34,0.34,464300.0,1392.0,0.6,-6.7,30.8,80.0,37.4,FAIL: not in positive-cash-flow set,6,,19083 (100%)
34001001900,Atlantic County NJ,Census Tract 19,F,34,0.25,277000.0,1149.0,0.83,-0.1,47.4,84.5,61.2,FAIL: not in positive-cash-flow set,6,,08401 (100%)
10001043202,Kent County DE,Census Tract 432.02,P,34,0.19,272700.0,1285.0,0.94,3.2,37.4,81.7,54.8,PASS,3,,19901 (32%); 19963 (30%); 19977 (25%); 19946 (12%)
42011010701,Berks County PA,Census Tract 107.01,F,33,0.36,326000.0,750.0,0.46,-10.7,24.0,78.8,29.1,FAIL: not in positive-cash-flow set,6,,19565 (59%); 17569 (22%); 19551 (20%)
42011011702,Berks County PA,Census Tract 117.02,F,33,0.36,353300.0,1219.0,0.69,-4.1,9.7,83.8,46.5,FAIL: not in positive-cash-flow set,6,,19540 (93%); 19608 (4%); 17569 (3%)
42029301500,Chester County PA,Census Tract 3015,F,33,0.16,435300.0,1599.0,0.73,-2.8,10.7,86.5,42.5,FAIL: not in positive-cash-flow set,6,,19465 (93%); 19475 (7%)
42045406802,Delaware County PA,Census Tract 4068.02,P,33,0.33,249100.0,1771.0,1.42,17.0,36.5,82.1,79.3,PASS,2,,19061 (66%); 19014 (20%); 19013 (14%)
42091200310,Montgomery County PA,Census Tract 2003.10,F,33,0.28,492700.0,1755.0,0.71,-3.4,41.5,79.3,43.9,FAIL: not in positive-cash-flow set,6,,19006 (61%); 19090 (21%); 19040 (18%)
42097080900,Northumberland County PA,Census Tract 809,P,33,0.39,119600.0,960.0,1.61,22.3,27.3,77.3,82.5,PASS,1,,17851 (66%); 17834 (21%); 17840 (9%); 17832 (4%)
34005701401,Burlington County NJ,Census Tract 7014.01,P,33,0.21,483400.0,2183.0,0.9,2.1,22.9,84.8,54.2,PASS,3,,08022 (73%); 08505 (27%)
10003013615,New Castle County DE,Census Tract 136.15,P,33,0.19,233500.0,1427.0,1.22,11.3,18.3,84.0,80.5,PASS,1,,19804 (45%); 19808 (42%); 19711 (13%)
24015030200,Cecil County MD,Census Tract 302,F,33,0.09,381700.0,882.0,0.46,-10.6,14.3,80.7,27.2,FAIL: not in positive-cash-flow set,6,,21915 (54%); 21912 (25%); 21921 (22%)
42011013701,Berks County PA,Census Tract 137.01,P,32,0.34,288600.0,1303.0,0.9,2.1,22.7,83.7,64.4,PASS,1,,19522 (61%); 19530 (30%); 19526 (8%); 19564 (1%)
42017105511,Bucks County PA,Census Tract 1055.11,P,32,0.15,495100.0,3222.0,1.3,13.5,23.1,82.9,84.8,PASS,1,,19067 (100%)
42045402200,Delaware County PA,Census Tract 4022,P,32,0.32,173200.0,1402.0,1.62,22.7,37.9,71.5,87.1,PASS,2,,19050 (100%)
42045406402,Delaware County PA,Census Tract 4064.02,F,32,0.32,117500.0,1170.0,1.99,33.4,47.8,73.5,91.6,FAIL: tenant payment risk,4,,19014 (68%); 19013 (32%)
42091203302,Montgomery County PA,Census Tract 2033.02,F,32,0.27,393300.0,1569.0,0.8,-1.0,22.5,88.1,54.3,FAIL: not in positive-cash-flow set,6,,19403 (100%)
42091205811,Montgomery County PA,Census Tract 2058.11,F,32,0.27,645400.0,2435.0,0.75,-2.2,28.5,90.4,61.8,FAIL: not in positive-cash-flow set,6,,19406 (78%); 19087 (22%)
42097080100,Northumberland County PA,Census Tract 801,F,32,0.38,232700.0,900.0,0.77,-1.7,24.9,80.5,45.9,FAIL: not in positive-cash-flow set,6,,17847 (33%); 17756 (28%); 17777 (22%); 17772 (17%)
42101025800,Philadelphia County PA,Census Tract 258,P,32,0.1,310300.0,1632.0,1.05,6.3,26.3,76.2,73.2,PASS,1,,19150 (100%)
42107000602,Schuylkill County PA,Census Tract 6.02,P,32,0.63,48800.0,1000.0,4.1,94.1,14.1,80.6,89.3,PASS,1,,17976 (100%)
34005702204,Burlington County NJ,Census Tract 7022.04,P,32,0.21,305400.0,1473.0,0.96,3.8,38.9,72.7,67.8,PASS,2,,08068 (89%); 08060 (6%); 08042 (2%); 08011 (2%)
34007609207,Camden County NJ,Census Tract 6092.07,P,32,0.18,341600.0,2522.0,1.48,18.6,9.8,86.4,88.1,PASS,1,,08009 (61%); 08081 (39%)
10001041500,Kent County DE,Census Tract 415,P,32,0.18,240600.0,1187.0,0.99,4.5,32.9,84.6,64.3,PASS,1,,19904 (94%); 19934 (6%)
10003002700,New Castle County DE,Census Tract 27,P,32,0.18,219700.0,1901.0,1.73,25.9,17.6,91.6,98.5,PASS,1,,19801 (67%); 19805 (33%)
36007012501,Broome County NY,Census Tract 125.01,P,32,0.47,193900.0,1118.0,1.15,9.3,38.5,78.4,74.3,PASS,2,,13865 (88%); 13795 (10%); 13826 (3%)
42011010904,Berks County PA,Census Tract 109.04,P,31,0.33,323700.0,1497.0,0.92,2.7,24.3,84.8,65.9,PASS,1,,19610 (84%); 19609 (16%)
42011011602,Berks County PA,Census Tract 116.02,P,31,0.33,254500.0,1387.0,1.09,7.4,5.1,83.9,72.7,PASS,1,,19540 (65%); 19608 (19%); 19607 (16%)
42011013902,Berks County PA,Census Tract 139.02,P,31,0.33,295200.0,1284.0,0.87,1.1,39.7,85.1,57.3,PASS,2,,19530 (59%); 19534 (41%)
42017101610,Bucks County PA,Census Tract 1016.10,F,31,0.14,442100.0,1081.0,0.49,-9.9,19.5,81.6,30.7,FAIL: not in positive-cash-flow set,6,,18974 (100%)
42017104800,Bucks County PA,Census Tract 1048,P,31,0.14,407000.0,2145.0,1.05,6.4,21.4,83.6,71.8,PASS,1,,18901 (90%); 18914 (10%)
42017105010,Bucks County PA,Census Tract 1050.10,P,31,0.14,464600.0,2266.0,0.98,4.1,16.9,83.7,65.5,PASS,1,,18966 (100%)
42045407202,Delaware County PA,Census Tract 4072.02,F,31,0.31,464600.0,2445.0,1.05,6.4,52.6,79.0,65.0,FAIL: tenant payment risk,5,,19063 (89%); 19052 (11%)
42079211701,Luzerne County PA,Census Tract 2117.01,P,31,0.79,206600.0,1336.0,1.29,13.3,27.2,81.7,89.9,PASS,1,,18640 (91%); 18702 (9%)
42091200607,Montgomery County PA,Census Tract 2006.07,P,31,0.26,467800.0,2473.0,1.06,6.5,39.2,86.6,65.6,PASS,2,,19454 (58%); 19446 (42%)
42097080700,Northumberland County PA,Census Tract 807,F,31,0.37,260900.0,988.0,0.76,-2.1,20.4,85.6,51.6,FAIL: not in positive-cash-flow set,6,,17821 (94%); 17801 (5%); 17868 (1%)
42011013501,Berks County PA,Census Tract 135.01,F,30,0.32,331600.0,1237.0,0.75,-2.5,13.9,87.2,50.6,FAIL: not in positive-cash-flow set,6,,19555 (25%); 19605 (24%); 19522 (23%); 19533 (18%); 19526 (5%); 19510 (5%)
42017104505,Bucks County PA,Census Tract 1045.05,F,30,0.14,664900.0,,,,,,,no data,,,18902 (100%)
42091208704,Montgomery County PA,Census Tract 2087.04,F,30,0.25,268400.0,1691.0,1.26,12.3,52.5,81.7,79.5,FAIL: tenant payment risk,5,,19464 (100%)
42101017900,Philadelphia County PA,Census Tract 179,P,30,0.09,147800.0,1391.0,1.88,30.3,30.5,78.4,94.4,PASS,1,,19134 (86%); 19125 (14%)
42101018400,Philadelphia County PA,Census Tract 184,P,30,0.09,229000.0,1449.0,1.27,12.5,40.3,78.4,78.0,PASS,2,,19137 (100%)
34001011806,Atlantic County NJ,Census Tract 118.06,P,30,0.22,354400.0,2536.0,1.43,17.3,18.6,83.1,78.4,PASS,1,,08234 (100%)
34005700401,Burlington County NJ,Census Tract 7004.01,P,30,0.19,255400.0,1656.0,1.3,13.4,4.7,87.6,85.8,PASS,1,,08052 (100%)
34005701303,Burlington County NJ,Census Tract 7013.03,P,30,0.19,378100.0,2176.0,1.15,9.2,22.3,84.6,77.9,PASS,1,,08505 (47%); 08016 (40%); 08518 (7%); 08554 (6%)
34005703801,Burlington County NJ,Census Tract 7038.01,F,30,0.19,518500.0,,,,,,,no data,,,08055 (100%)
34007606000,Camden County NJ,Census Tract 6060,F,30,0.17,536500.0,1017.0,0.38,-13.0,21.0,79.5,38.2,FAIL: not in positive-cash-flow set,6,,08035 (98%); 08007 (1%); 08033 (1%)
36101963000,Steuben County NY,Census Tract 9630,P,30,0.28,174700.0,733.0,0.84,0.2,8.7,80.8,50.7,PASS,3,,14858 (42%); 14830 (34%); 14871 (13%); 14870 (11%)
42017100404,Bucks County PA,Census Tract 1004.04,P,29,0.13,301200.0,1387.0,0.92,2.6,31.3,80.6,61.6,PASS,2,,19055 (93%); 19057 (7%)
42079211301,Luzerne County PA,Census Tract 2113.01,F,29,0.74,322500.0,917.0,0.57,-7.6,53.3,72.5,28.5,FAIL: not in positive-cash-flow set,6,,18708 (66%); 18612 (20%); 18621 (8%); 18651 (6%)
42097080800,Northumberland County PA,Census Tract 808,F,29,0.34,246300.0,988.0,0.8,-0.8,23.9,82.5,53.4,FAIL: not in positive-cash-flow set,6,,17860 (45%); 17824 (23%); 17801 (15%); 17872 (13%); 17821 (4%)
34001012502,Atlantic County NJ,Census Tract 125.02,P,29,0.21,331500.0,2306.0,1.39,16.1,21.9,85.4,86.9,PASS,1,,08221 (100%)
34011010200,Cumberland County NJ,Census Tract 102,P,29,0.34,161600.0,1465.0,1.81,28.3,37.2,78.1,87.5,PASS,2,,08349 (73%); 08332 (26%); 08329 (2%)
34015501106,Gloucester County NJ,Census Tract 5011.06,P,29,0.2,283500.0,2532.0,1.79,27.5,9.7,85.4,91.1,PASS,1,,08080 (66%); 08090 (18%); 08096 (14%); 08097 (1%)
10003013612,New Castle County DE,Census Tract 136.12,P,29,0.17,460000.0,2402.0,1.04,6.1,8.8,81.1,70.5,PASS,1,,19707 (59%); 19808 (41%)
10003014907,New Castle County DE,Census Tract 149.07,P,29,0.17,245800.0,1458.0,1.19,10.2,24.8,89.2,81.2,PASS,1,,19701 (67%); 19702 (33%)
24015031400,Cecil County MD,Census Tract 314,F,29,0.08,312900.0,1064.0,0.68,-4.4,15.7,79.2,43.7,FAIL: not in positive-cash-flow set,6,,21918 (77%); 21911 (23%)
36007012102,Broome County NY,Census Tract 121.02,P,29,0.42,190400.0,1113.0,1.17,9.7,25.9,78.5,78.6,PASS,1,,13901 (100%)
36015010100,Chemung County NY,Census Tract 101,P,29,0.37,141000.0,1013.0,1.44,17.4,15.8,82.1,81.1,PASS,1,,14889 (43%); 14838 (43%); 14861 (5%); 14859 (3%); 14867 (2%); 14824 (2%); 14816 (2%)
42017101405,Bucks County PA,Census Tract 1014.05,F,28,0.13,375500.0,1419.0,0.76,-2.2,20.2,83.4,56.1,FAIL: not in positive-cash-flow set,6,,19053 (100%)
42017101505,Bucks County PA,Census Tract 1015.05,F,28,0.13,496400.0,,,,,,,no data,,,18966 (99%); 19053 (1%)
42017103900,Bucks County PA,Census Tract 1039,F,28,0.13,613600.0,1468.0,0.48,-10.2,20.5,79.3,31.4,FAIL: not in positive-cash-flow set,6,,18947 (32%); 18972 (30%); 18942 (24%); 18920 (13%); 18950 (1%)
42037050300,Columbia County PA,Census Tract 503,F,28,0.46,266200.0,1093.0,0.82,-0.3,22.8,82.0,56.2,FAIL: not in positive-cash-flow set,6,,17815 (84%); 17821 (10%); 17846 (6%)
42091208500,Montgomery County PA,Census Tract 2085,P,28,0.24,356000.0,1664.0,0.93,3.0,20.7,87.2,67.5,PASS,1,,19473 (48%); 18074 (39%); 19492 (12%); 19438 (1%)
42091209100,Montgomery County PA,Census Tract 2091,P,28,0.24,338300.0,2155.0,1.27,12.7,10.3,85.0,83.7,PASS,1,,19464 (100%)
42101036203,Philadelphia County PA,Census Tract 362.03,F,28,0.09,301100.0,1109.0,0.74,-2.7,31.5,83.6,45.2,FAIL: not in positive-cash-flow set,6,,19154 (96%); 19114 (4%)
34005702206,Burlington County NJ,Census Tract 7022.06,P,28,0.18,244200.0,1207.0,0.99,4.5,36.0,78.2,59.9,PASS,2,,08015 (100%)
34015501105,Gloucester County NJ,Census Tract 5011.05,P,28,0.19,263400.0,1716.0,1.3,13.6,30.3,84.7,91.6,PASS,1,,08096 (100%)
10003016610,New Castle County DE,Census Tract 166.10,P,28,0.16,356800.0,1784.0,1.0,4.8,17.4,75.2,71.6,PASS,1,,19709 (100%)
24015030700,Cecil County MD,Census Tract 307,F,28,0.08,430300.0,1104.0,0.51,-9.2,11.5,84.2,33.2,FAIL: not in positive-cash-flow set,6,,21911 (51%); 21901 (41%); 21921 (8%)
36007012300,Broome County NY,Census Tract 123,P,28,0.41,134800.0,1312.0,1.95,32.1,42.0,77.9,87.4,PASS,3,,13787 (52%); 13813 (20%); 13833 (19%); 13904 (7%); 13865 (2%)
42017104502,Bucks County PA,Census Tract 1045.02,F,27,0.12,677300.0,1314.0,0.39,-12.8,26.1,84.3,29.7,FAIL: not in positive-cash-flow set,6,,18938 (48%); 18925 (44%); 18912 (5%); 18946 (3%)
42029300501,Chester County PA,Census Tract 3005.01,F,27,0.13,694000.0,1708.0,0.49,-9.8,2.6,86.6,36.6,FAIL: not in positive-cash-flow set,6,,19460 (98%); 19355 (2%)
42029304403,Chester County PA,Census Tract 3044.03,P,27,0.13,392200.0,2253.0,1.15,9.1,14.1,87.9,83.7,PASS,1,,19341 (91%); 19425 (9%)
42045408500,Delaware County PA,Census Tract 4085,F,27,0.27,454000.0,1688.0,0.74,-2.5,20.9,85.3,51.4,FAIL: not in positive-cash-flow set,6,,19083 (100%)
42091201005,Montgomery County PA,Census Tract 2010.05,F,27,0.23,545600.0,,,,,,,no data,,,19446 (100%)
42101000701,Philadelphia County PA,Census Tract 7.01,F,27,0.08,803900.0,2213.0,0.55,-8.1,27.9,89.5,42.9,FAIL: not in positive-cash-flow set,6,,19103 (67%); 19102 (33%)
34005702207,Burlington County NJ,Census Tract 7022.07,P,27,0.17,178300.0,1134.0,1.27,12.7,31.9,73.9,76.2,PASS,1,,08015 (99%); 08064 (1%)
34005703600,Burlington County NJ,Census Tract 7036,P,27,0.17,396600.0,2014.0,1.02,5.3,15.8,83.5,69.9,PASS,1,,08088 (90%); 08019 (10%)
34007608402,Camden County NJ,Census Tract 6084.02,P,27,0.15,320600.0,3501.0,2.18,38.9,22.5,81.6,89.2,PASS,1,,08081 (100%)
34011040800,Cumberland County NJ,Census Tract 408,P,27,0.32,338500.0,1490.0,0.88,1.4,36.3,84.0,60.2,PASS,2,,08361 (100%)
34033021700,Salem County NJ,Census Tract 217,P,27,0.41,265100.0,1320.0,1.0,4.7,21.6,74.8,67.5,PASS,1,,08070 (100%)
36101961700,Steuben County NY,Census Tract 9617,P,27,0.25,141300.0,890.0,1.26,12.3,40.3,79.1,79.6,PASS,2,,14821 (60%); 14870 (39%)
42011010602,Berks County PA,Census Tract 106.02,F,26,0.28,422100.0,2685.0,1.27,12.7,47.0,87.1,80.1,FAIL: tenant payment risk,4,,19608 (57%); 19565 (43%)
42029300900,Chester County PA,Census Tract 3009,F,26,0.13,365200.0,1335.0,0.73,-2.9,22.8,87.1,47.4,FAIL: not in positive-cash-flow set,6,,19460 (100%)
42045401103,Delaware County PA,Census Tract 4011.03,F,26,0.26,361700.0,1343.0,0.74,-2.6,20.8,87.7,55.1,FAIL: not in positive-cash-flow set,6,,19026 (100%)
42045407102,Delaware County PA,Census Tract 4071.02,P,26,0.26,442600.0,2830.0,1.28,12.9,22.9,88.5,82.4,PASS,1,,19063 (100%)
42091200105,Montgomery County PA,Census Tract 2001.05,F,26,0.22,596200.0,1644.0,0.55,-8.1,36.3,87.2,28.9,FAIL: not in positive-cash-flow set,6,,19006 (100%)
42091201605,Montgomery County PA,Census Tract 2016.05,F,26,0.22,356600.0,,,,,,,no data,,,19001 (100%)
42091207004,Montgomery County PA,Census Tract 2070.04,P,26,0.22,383700.0,1663.0,0.87,1.0,23.5,85.2,58.5,PASS,2,,19438 (100%)
34007607100,Camden County NJ,Census Tract 6071,P,26,0.15,233200.0,2221.0,1.9,30.9,32.6,81.6,87.5,PASS,1,,08078 (100%)
34007608600,Camden County NJ,Census Tract 6086,P,26,0.15,223500.0,1169.0,1.05,6.2,32.8,83.0,73.9,PASS,1,,08021 (100%)
10003013000,New Castle County DE,Census Tract 130,P,26,0.15,268100.0,1935.0,1.44,17.6,41.7,84.4,82.4,PASS,3,,19804 (100%)
36015010301,Chemung County NY,Census Tract 103.01,P,26,0.34,225200.0,1504.0,1.34,14.5,10.3,82.1,89.4,PASS,1,,14845 (69%); 14814 (31%)
42011011704,Berks County PA,Census Tract 117.04,F,25,0.27,324700.0,876.0,0.54,-8.4,9.5,83.2,36.6,FAIL: not in positive-cash-flow set,6,,19540 (53%); 19508 (46%); 19543 (1%)
42011012701,Berks County PA,Census Tract 127.01,P,25,0.27,264100.0,1446.0,1.1,7.6,22.3,84.6,74.4,PASS,1,,19605 (100%)
42017100403,Bucks County PA,Census Tract 1004.03,F,25,0.11,261600.0,1007.0,0.77,-1.8,28.6,83.1,48.8,FAIL: not in positive-cash-flow set,6,,19057 (77%); 19007 (23%)
42029302103,Chester County PA,Census Tract 3021.03,F,25,0.12,607100.0,2163.0,0.71,-3.4,19.6,86.4,58.4,FAIL: not in positive-cash-flow set,6,,19355 (100%)
42079211102,Luzerne County PA,Census Tract 2111.02,F,25,0.64,223000.0,1333.0,1.2,10.5,53.3,78.8,71.8,FAIL: tenant payment risk,5,,18643 (89%); 18615 (10%); 18612 (1%)
42079211702,Luzerne County PA,Census Tract 2117.02,P,25,0.64,244900.0,1710.0,1.4,16.3,33.9,83.8,85.7,PASS,2,,18702 (94%); 18640 (6%)
42091200603,Montgomery County PA,Census Tract 2006.03,F,25,0.21,482100.0,3199.0,1.33,14.3,61.4,83.8,78.1,FAIL: tenant payment risk,6,,19446 (84%); 18936 (9%); 18915 (7%)
42091203207,Montgomery County PA,Census Tract 2032.07,P,25,0.21,673600.0,3501.0,1.04,6.0,16.1,84.0,70.8,PASS,1,,19422 (100%)
42119090201,Union County PA,Census Tract 902.01,P,25,0.18,182900.0,873.0,0.95,3.5,11.0,80.9,69.7,PASS,1,,17845 (66%); 17844 (17%); 17885 (16%); 17829 (1%)
34005704015,Burlington County NJ,Census Tract 7040.15,P,25,0.16,455400.0,2685.0,1.18,10.0,29.0,78.9,85.3,PASS,1,,08053 (100%)
10001042802,Kent County DE,Census Tract 428.02,F,25,0.14,297000.0,1062.0,0.72,-3.4,27.3,81.9,43.7,FAIL: not in positive-cash-flow set,6,,19943 (90%); 19952 (10%)
10003011201,New Castle County DE,Census Tract 112.01,P,25,0.14,437900.0,1829.0,0.84,0.1,23.5,82.8,63.1,PASS,1,,19810 (87%); 19803 (13%)
10003015502,New Castle County DE,Census Tract 155.02,P,25,0.14,209100.0,1394.0,1.33,14.4,31.9,82.7,76.2,PASS,1,,19720 (100%)
36101961800,Steuben County NY,Census Tract 9618,P,25,0.23,132600.0,868.0,1.31,13.8,26.2,80.5,78.0,PASS,1,,14801 (25%); 14820 (23%); 14819 (23%); 14821 (18%); 14810 (5%); 14879 (4%); 14855 (2%)
42029300104,Chester County PA,Census Tract 3001.04,F,24,0.12,752700.0,1975.0,0.52,-8.8,24.8,85.3,36.3,FAIL: not in positive-cash-flow set,6,,19312 (61%); 19301 (24%); 19333 (15%)
42029307800,Chester County PA,Census Tract 3078,F,24,0.12,375100.0,1284.0,0.68,-4.2,19.4,86.4,43.0,FAIL: not in positive-cash-flow set,6,,19363 (46%); 19330 (36%); 19352 (15%); 19390 (3%)
42045410401,Delaware County PA,Census Tract 4104.01,F,24,0.24,560200.0,,,,,,,no data,,,19060 (88%); 19014 (12%)
42079215800,Luzerne County PA,Census Tract 2158,P,24,0.61,218200.0,1338.0,1.23,11.4,6.4,80.5,80.8,PASS,1,,18656 (67%); 18655 (19%); 18621 (14%)
42091200703,Montgomery County PA,Census Tract 2007.03,F,24,0.2,464600.0,1763.0,0.76,-2.1,11.3,85.5,55.2,FAIL: not in positive-cash-flow set,6,,19440 (51%); 18915 (43%); 19446 (7%)
34007605800,Camden County NJ,Census Tract 6058,P,24,0.14,365500.0,2146.0,1.17,9.9,26.7,89.9,80.7,PASS,1,,08035 (100%)
34007607506,Camden County NJ,Census Tract 6075.06,P,24,0.14,187300.0,1907.0,2.04,34.7,28.9,84.1,100,PASS,1,,08043 (100%)
34015502002,Gloucester County NJ,Census Tract 5020.02,F,24,0.16,506900.0,1366.0,0.54,-8.4,12.5,83.9,35.9,FAIL: not in positive-cash-flow set,6,,08062 (95%); 08074 (5%)
10003013610,New Castle County DE,Census Tract 136.10,F,24,0.14,508200.0,1717.0,0.68,-4.5,20.3,82.6,44.2,FAIL: not in positive-cash-flow set,6,,19711 (100%)
10003014402,New Castle County DE,Census Tract 144.02,P,24,0.14,343400.0,1736.0,1.01,5.2,41.9,82.6,72.9,PASS,3,,19713 (49%); 19711 (48%); 19716 (3%)
42029300502,Chester County PA,Census Tract 3005.02,F,23,0.11,471300.0,1107.0,0.47,-10.4,1.4,85.0,29.3,FAIL: not in positive-cash-flow set,6,,19460 (100%)
42045408001,Delaware County PA,Census Tract 4080.01,F,23,0.23,467300.0,,,,,,,no data,,,19008 (78%); 19073 (15%); 19063 (7%)
42091203208,Montgomery County PA,Census Tract 2032.08,P,23,0.19,520300.0,2283.0,0.88,1.3,15.9,83.3,63.9,PASS,1,,19422 (100%)
34005982200,Burlington County NJ,Census Tract 9822,F,23,0.15,,2930.0,,,,,,no data,,,08640 (97%); 08562 (3%)
34015501605,Gloucester County NJ,Census Tract 5016.05,P,23,0.15,206400.0,1861.0,1.8,28.0,31.4,76.3,85.5,PASS,1,,08094 (100%)
34015501701,Gloucester County NJ,Census Tract 5017.01,P,23,0.15,361000.0,1653.0,0.92,2.4,1.5,84.8,63.5,PASS,1,,08322 (97%); 08094 (3%)
24015030602,Cecil County MD,Census Tract 306.02,P,23,0.06,343200.0,1558.0,0.91,2.2,19.9,85.2,70.1,PASS,1,,21921 (100%)
24015030904,Cecil County MD,Census Tract 309.04,P,23,0.06,444900.0,2016.0,0.91,2.1,19.5,85.1,60.7,PASS,2,,21901 (70%); 21921 (30%)
42017105008,Bucks County PA,Census Tract 1050.08,F,22,0.1,855100.0,1875.0,0.44,-11.3,54.2,85.7,26.1,FAIL: not in positive-cash-flow set,6,,18974 (100%)
42029306503,Chester County PA,Census Tract 3065.03,F,22,0.11,448700.0,1241.0,0.55,-8.0,38.4,84.1,40.2,FAIL: not in positive-cash-flow set,6,,19311 (42%); 19348 (40%); 19374 (18%)
42029307100,Chester County PA,Census Tract 3071,F,22,0.11,424600.0,,,,,,,no data,,,19330 (96%); 19320 (4%)
42037050900,Columbia County PA,Census Tract 509,P,22,0.36,300800.0,1688.0,1.12,8.4,15.2,79.3,77.7,PASS,1,,17815 (100%)
42079211304,Luzerne County PA,Census Tract 2113.04,P,22,0.56,212100.0,1071.0,1.01,5.1,28.7,83.8,69.9,PASS,1,,18656 (33%); 18612 (24%); 18618 (24%); 18636 (16%); 18621 (3%)
42091201407,Montgomery County PA,Census Tract 2014.07,F,22,0.18,428500.0,1135.0,0.53,-8.7,56.3,86.3,28.7,FAIL: not in positive-cash-flow set,6,,19038 (54%); 19075 (29%); 19025 (17%)
42091208201,Montgomery County PA,Census Tract 2082.01,F,22,0.18,355400.0,988.0,0.56,-7.9,31.5,81.1,31.8,FAIL: not in positive-cash-flow set,6,,19504 (65%); 19525 (22%); 19472 (7%); 19505 (6%)
42097082400,Northumberland County PA,Census Tract 824,P,22,0.26,84000.0,732.0,1.74,26.2,35.6,76.3,88.2,PASS,2,,17834 (100%)
42101022000,Philadelphia County PA,Census Tract 220,P,22,0.07,419200.0,2256.0,1.08,7.0,26.2,77.6,74.5,PASS,1,,19128 (100%)
34007600700,Camden County NJ,Census Tract 6007,F,22,0.13,86300.0,1598.0,3.7,82.7,46.6,74.4,83.5,FAIL: tenant payment risk,4,,08102 (100%)
34015502204,Gloucester County NJ,Census Tract 5022.04,F,22,0.15,526000.0,,,,,,,no data,,,08085 (100%)
10001041600,Kent County DE,Census Tract 416,P,22,0.12,245000.0,1519.0,1.24,11.8,30.3,76.1,83.6,PASS,1,,19901 (99%); 19934 (1%)
10001043300,Kent County DE,Census Tract 433,P,22,0.12,230900.0,1316.0,1.14,8.9,35.7,78.4,78.0,PASS,2,,19904 (75%); 19901 (25%)
10003011500,New Castle County DE,Census Tract 115,F,22,0.13,359900.0,1239.0,0.69,-4.1,5.4,85.4,48.4,FAIL: not in positive-cash-flow set,6,,19803 (97%); 19810 (3%)
36007011903,Broome County NY,Census Tract 119.03,P,22,0.32,116800.0,732.0,1.25,12.1,27.7,79.4,80.9,PASS,1,,13797 (50%); 13835 (24%); 13803 (17%); 13736 (6%); 13862 (3%)
36101962301,Steuben County NY,Census Tract 9623.01,P,22,0.21,309600.0,1436.0,0.93,2.8,29.4,84.2,68.2,PASS,1,,14870 (75%); 14801 (13%); 14830 (12%)
42011012500,Berks County PA,Census Tract 125,F,21,0.23,185500.0,,,,,,,no data,,,19560 (55%); 19605 (45%)
42011012702,Berks County PA,Census Tract 127.02,P,21,0.23,268500.0,1411.0,1.05,6.3,29.6,84.3,69.5,PASS,1,,19605 (100%)
42017106201,Bucks County PA,Census Tract 1062.01,F,21,0.1,443700.0,1772.0,0.8,-0.9,29.9,87.9,55.6,FAIL: not in positive-cash-flow set,6,,18974 (100%)
42029303801,Chester County PA,Census Tract 3038.01,P,21,0.1,463100.0,2030.0,0.88,1.3,19.2,85.5,59.7,PASS,2,,19382 (42%); 19380 (38%); 19320 (16%); 19335 (4%)
42091200305,Montgomery County PA,Census Tract 2003.05,F,21,0.18,381600.0,1859.0,0.97,4.1,46.1,89.0,67.4,FAIL: tenant payment risk,4,,19040 (100%)
42101027100,Philadelphia County PA,Census Tract 271,P,21,0.07,187300.0,1154.0,1.23,11.5,29.8,78.7,81.5,PASS,1,,19126 (78%); 19120 (22%)
42101031700,Philadelphia County PA,Census Tract 317,F,21,0.07,196600.0,1562.0,1.59,21.8,48.3,76.6,76.2,FAIL: tenant payment risk,4,,19149 (84%); 19135 (16%)
34005702208,Burlington County NJ,Census Tract 7022.08,P,21,0.14,242100.0,2019.0,1.67,24.1,10.5,86.5,90.4,PASS,1,,08015 (94%); 08064 (6%)
34015500705,Gloucester County NJ,Census Tract 5007.05,P,21,0.14,335300.0,1399.0,0.83,0.1,28.3,84.9,55.3,PASS,2,,08051 (61%); 08080 (28%); 08020 (12%)
10003014904,New Castle County DE,Census Tract 149.04,P,21,0.12,270600.0,1684.0,1.24,11.9,26.7,83.7,89.5,PASS,1,,19701 (60%); 19720 (40%)
42029304600,Chester County PA,Census Tract 3046,F,20,0.1,592900.0,1509.0,0.51,-9.3,19.1,85.6,26.2,FAIL: not in positive-cash-flow set,6,,19343 (98%); 19344 (2%)
42029308200,Chester County PA,Census Tract 3082,P,20,0.1,281900.0,1323.0,0.94,3.1,24.5,84.6,60.9,PASS,2,,19362 (100%)
42045400900,Delaware County PA,Census Tract 4009,F,20,0.2,379700.0,,,,,,,no data,,,19026 (100%)
42045404103,Delaware County PA,Census Tract 4041.03,P,20,0.2,228900.0,1122.0,0.98,4.3,33.1,84.9,69.8,PASS,1,,19078 (100%)
42045409300,Delaware County PA,Census Tract 4093,F,20,0.2,404000.0,1118.0,0.55,-8.0,36.9,83.8,34.8,FAIL: not in positive-cash-flow set,6,,19083 (100%)
42045410402,Delaware County PA,Census Tract 4104.02,F,20,0.2,482100.0,,,,,,,no data,,,19060 (100%)
42069112901,Lackawanna County PA,Census Tract 1129.01,P,20,0.44,222000.0,1074.0,0.97,3.9,20.2,81.0,66.5,PASS,1,,18424 (52%); 18444 (48%)
42101003600,Philadelphia County PA,Census Tract 36,F,20,0.06,233900.0,553.0,0.47,-10.3,39.7,79.3,27.8,FAIL: not in positive-cash-flow set,6,,19145 (100%)
42101017202,Philadelphia County PA,Census Tract 172.02,P,20,0.06,81100.0,1038.0,2.56,49.8,26.0,80.8,92.7,PASS,1,,19132 (100%)
42101036302,Philadelphia County PA,Census Tract 363.02,P,20,0.06,254600.0,1463.0,1.15,9.1,19.5,85.8,81.8,PASS,1,,19154 (100%)
34001013101,Atlantic County NJ,Census Tract 131.01,F,20,0.14,1050600.0,,,,,,,no data,,,08402 (100%)
34005704700,Burlington County NJ,Census Tract 7047,P,20,0.13,347700.0,1727.0,0.99,4.7,21.3,79.4,62.7,PASS,1,,08019 (40%); 08215 (21%); 08087 (12%); 08015 (8%); 08088 (6%); 08224 (1%); 08759 (1%)
10001040501,Kent County DE,Census Tract 405.01,P,20,0.11,257000.0,1355.0,1.05,6.4,34.6,81.8,75.9,PASS,2,,19901 (100%)
10003013700,New Castle County DE,Census Tract 137,F,20,0.12,351700.0,1414.0,0.8,-0.8,19.6,86.6,59.5,FAIL: not in positive-cash-flow set,6,,19711 (100%)
42011011902,Berks County PA,Census Tract 119.02,F,19,0.2,346100.0,1388.0,0.8,-0.9,15.2,85.0,55.1,FAIL: not in positive-cash-flow set,6,,19518 (60%); 19508 (25%); 19520 (15%)
42011013301,Berks County PA,Census Tract 133.01,F,19,0.2,392600.0,1590.0,0.81,-0.6,14.8,84.4,50.1,FAIL: not in positive-cash-flow set,6,,19504 (51%); 18062 (19%); 18070 (8%); 18056 (7%); 18092 (7%); 18011 (3%); 18041 (2%); 19503 (2%)
42017101607,Bucks County PA,Census Tract 1016.07,F,19,0.09,417500.0,1352.0,0.65,-5.3,23.2,81.8,42.9,FAIL: not in positive-cash-flow set,6,,18974 (98%); 19040 (2%)
42017104201,Bucks County PA,Census Tract 1042.01,F,19,0.09,760900.0,1468.0,0.39,-12.8,13.6,85.1,22.3,FAIL: not in positive-cash-flow set,6,,18947 (55%); 18938 (23%); 18902 (22%); 18950 (1%)
42017104604,Bucks County PA,Census Tract 1046.04,S,19,0.09,486600.0,2507.0,1.03,5.7,34.1,80.5,77.8,PASS,2,,18901 (99%); 18923 (1%)
42017104902,Bucks County PA,Census Tract 1049.02,F,19,0.09,506400.0,1947.0,0.77,-1.8,14.8,86.4,51.4,FAIL: not in positive-cash-flow set,6,,18929 (63%); 18974 (35%); 18925 (2%)
42079215504,Luzerne County PA,Census Tract 2155.04,F,19,0.49,270500.0,1049.0,0.78,-1.6,15.0,85.7,51.4,FAIL: not in positive-cash-flow set,6,,18660 (64%); 18707 (36%)
42091200606,Montgomery County PA,Census Tract 2006.06,F,19,0.16,451700.0,1831.0,0.81,-0.6,37.9,84.3,50.9,FAIL: not in positive-cash-flow set,6,,19446 (51%); 19454 (38%); 18936 (11%)
42107002100,Schuylkill County PA,Census Tract 21,S,19,0.37,96400.0,946.0,1.96,32.6,27.9,83.2,91.3,PASS,1,,17901 (96%); 17965 (4%)
42131400400,Wyoming County PA,Census Tract 4004,F,19,0.09,236100.0,898.0,0.76,-2.0,4.7,80.3,46.1,FAIL: not in positive-cash-flow set,6,,18657 (89%); 18419 (11%)
34001012402,Atlantic County NJ,Census Tract 124.02,F,19,0.14,303600.0,,,,,,,no data,,,08225 (100%)
34007603302,Camden County NJ,Census Tract 6033.02,S,19,0.11,339500.0,1898.0,1.12,8.3,16.4,81.1,78.8,PASS,1,,08002 (83%); 08034 (17%)
10003011400,New Castle County DE,Census Tract 114,F,19,0.11,514000.0,883.0,0.34,-14.1,37.4,79.6,26.2,FAIL: not in positive-cash-flow set,6,,19803 (96%); 19810 (4%)
42017106300,Bucks County PA,Census Tract 1063,S,18,0.08,417700.0,2451.0,1.17,9.8,13.2,87.4,83.8,PASS,1,,18944 (61%); 18960 (16%); 18914 (15%); 18927 (5%); 18962 (2%); 19440 (1%)
42029301600,Chester County PA,Census Tract 3016,S,18,0.09,414500.0,1770.0,0.85,0.6,8.7,83.1,59.9,PASS,2,,19520 (71%); 19465 (26%); 19343 (3%)
42107001100,Schuylkill County PA,Census Tract 11,F,18,0.35,223400.0,775.0,0.69,-4.0,11.7,81.0,45.8,FAIL: not in positive-cash-flow set,6,,17964 (39%); 17941 (30%); 17921 (19%); 17938 (13%)
42107003500,Schuylkill County PA,Census Tract 35,S,18,0.35,233200.0,1202.0,1.03,5.7,5.5,81.8,71.4,PASS,1,,17972 (65%); 17963 (18%); 17901 (12%); 17922 (4%); 17979 (1%)
34005700502,Burlington County NJ,Census Tract 7005.02,F,18,0.12,528900.0,1705.0,0.64,-5.4,28.7,82.2,41.3,FAIL: not in positive-cash-flow set,6,,08057 (100%)
34005702806,Burlington County NJ,Census Tract 7028.06,F,18,0.12,269800.0,2330.0,1.73,25.8,58.2,78.8,81.8,FAIL: tenant payment risk,6,,08046 (100%)
34005703804,Burlington County NJ,Census Tract 7038.04,F,18,0.12,599300.0,,,,,,,no data,,,08055 (100%)
34015500201,Gloucester County NJ,Census Tract 5002.01,S,18,0.12,230200.0,2308.0,2.01,33.8,32.4,85.2,88.9,PASS,1,,08086 (61%); 08093 (34%); 08096 (4%); 08063 (1%)
10003016306,New Castle County DE,Census Tract 163.06,S,18,0.1,337700.0,1807.0,1.07,6.9,21.1,85.8,74.9,PASS,1,,19720 (79%); 19701 (21%)
42017101810,Bucks County PA,Census Tract 1018.10,F,17,0.08,533900.0,2058.0,0.77,-1.7,36.0,80.4,44.7,FAIL: not in positive-cash-flow set,6,,18976 (85%); 18914 (15%)
42017103400,Bucks County PA,Census Tract 1034,F,17,0.08,430700.0,1152.0,0.53,-8.5,5.9,80.8,27.6,FAIL: not in positive-cash-flow set,6,,18036 (36%); 18951 (25%); 18077 (22%); 18930 (10%); 18055 (4%); 18955 (3%); 18081 (2%)
42017104204,Bucks County PA,Census Tract 1042.04,S,17,0.08,463500.0,2211.0,0.95,3.5,18.9,86.1,67.8,PASS,1,,18902 (62%); 18947 (21%); 18923 (16%); 18944 (2%)
42045406801,Delaware County PA,Census Tract 4068.01,S,17,0.17,298800.0,1295.0,0.87,1.0,28.9,86.5,58.2,PASS,2,,19014 (82%); 19061 (18%)
42045407201,Delaware County PA,Census Tract 4072.01,F,17,0.17,601900.0,2875.0,0.96,3.6,47.4,73.7,65.8,FAIL: tenant payment risk,4,,19063 (80%); 19342 (20%)
42045407801,Delaware County PA,Census Tract 4078.01,F,17,0.17,438100.0,,,,,,,no data,,,19064 (98%); 19081 (2%)
42091206108,Montgomery County PA,Census Tract 2061.08,F,17,0.14,547300.0,1806.0,0.66,-4.9,21.9,84.8,44.8,FAIL: not in positive-cash-flow set,6,,19426 (56%); 19460 (38%); 19456 (6%)
42091208204,Montgomery County PA,Census Tract 2082.04,F,17,0.14,416800.0,1318.0,0.63,-5.7,38.3,84.6,32.3,FAIL: not in positive-cash-flow set,6,,19525 (77%); 19512 (19%); 19464 (3%)
42101000500,Philadelphia County PA,Census Tract 5,S,17,0.05,435000.0,1884.0,0.87,1.0,29.1,78.2,65.2,PASS,1,,19107 (87%); 19106 (13%)
34001011202,Atlantic County NJ,Census Tract 112.02,F,17,0.12,227300.0,,,,,,,no data,,,08310 (26%); 08360 (23%); 08340 (13%); 08094 (11%); 08350 (8%); 08330 (8%); 08346 (6%); 08344 (4%); 08326 (2%)
42017105203,Bucks County PA,Census Tract 1052.03,F,16,0.07,613800.0,2150.0,0.7,-3.8,39.1,77.7,42.2,FAIL: not in positive-cash-flow set,6,,18940 (100%)
42017105505,Bucks County PA,Census Tract 1055.05,S,16,0.07,610900.0,2565.0,0.84,0.2,28.4,84.8,58.3,PASS,2,,19067 (100%)
42017106401,Bucks County PA,Census Tract 1064.01,S,16,0.07,417600.0,2097.0,1.0,5.0,21.1,85.1,67.5,PASS,1,,18951 (100%)
42029302901,Chester County PA,Census Tract 3029.01,F,16,0.08,582700.0,2090.0,0.72,-3.3,13.6,83.1,51.7,FAIL: not in positive-cash-flow set,6,,19382 (87%); 19342 (11%); 19380 (2%)
42091201901,Montgomery County PA,Census Tract 2019.01,F,16,0.13,461700.0,1174.0,0.51,-9.3,23.3,83.0,32.4,FAIL: not in positive-cash-flow set,6,,19046 (79%); 19006 (21%)
42091205809,Montgomery County PA,Census Tract 2058.09,F,16,0.13,472500.0,,,,,,,no data,,,19406 (100%)
42107001200,Schuylkill County PA,Census Tract 12,S,16,0.31,194800.0,822.0,0.84,0.4,16.5,87.2,58.0,PASS,2,,17938 (76%); 17968 (12%); 17983 (6%); 17978 (6%)
42107002500,Schuylkill County PA,Census Tract 25,S,16,0.31,158000.0,1205.0,1.53,20.0,16.2,82.4,87.5,PASS,1,,18252 (88%); 17952 (5%); 17925 (3%); 18214 (3%); 17982 (1%)
34005703102,Burlington County NJ,Census Tract 7031.02,F,16,0.1,642700.0,2256.0,0.7,-3.7,25.2,81.0,41.9,FAIL: not in positive-cash-flow set,6,,08048 (100%)
34005704007,Burlington County NJ,Census Tract 7040.07,S,16,0.1,357700.0,2316.0,1.29,13.3,38.0,83.0,87.4,PASS,2,,08053 (100%)
34007609204,Camden County NJ,Census Tract 6092.04,F,16,0.09,198300.0,1812.0,1.83,28.7,53.9,82.9,82.7,FAIL: tenant payment risk,5,,08081 (100%)
10001040205,Kent County DE,Census Tract 402.05,S,16,0.09,255100.0,1697.0,1.33,14.4,17.0,82.4,88.0,PASS,1,,19977 (100%)
10001041804,Kent County DE,Census Tract 418.04,S,16,0.09,311400.0,1586.0,1.02,5.4,41.8,84.5,72.3,PASS,3,,19904 (100%)
10001042207,Kent County DE,Census Tract 422.07,S,16,0.09,336200.0,2669.0,1.59,21.8,11.5,75.0,89.0,PASS,1,,19962 (100%)
10001043100,Kent County DE,Census Tract 431,S,16,0.09,313200.0,1588.0,1.01,5.3,9.8,84.4,70.8,PASS,1,,19952 (76%); 19950 (24%)
10003013607,New Castle County DE,Census Tract 136.07,S,16,0.09,279100.0,1658.0,1.19,10.3,20.1,84.2,86.2,PASS,1,,19808 (94%); 19711 (6%)
42011002001,Berks County PA,Census Tract 20.01,F,15,0.16,107700.0,1142.0,2.12,37.1,46.7,70.3,90.8,FAIL: tenant payment risk,4,,19606 (97%); 19602 (3%)
42017104601,Bucks County PA,Census Tract 1046.01,F,15,0.07,669700.0,,,,,,,no data,,,18901 (87%); 18925 (13%)
42017105808,Bucks County PA,Census Tract 1058.08,F,15,0.07,377800.0,1573.0,0.83,0.0,56.7,79.7,49.5,"FAIL: enhanced score, tenant payment risk",6,,19030 (100%)
42029302102,Chester County PA,Census Tract 3021.02,F,15,0.07,531800.0,1886.0,0.71,-3.5,30.2,82.0,49.3,FAIL: not in positive-cash-flow set,6,,19355 (86%); 19345 (14%)
42029307000,Chester County PA,Census Tract 3070,F,15,0.07,498600.0,1086.0,0.44,-11.4,20.5,80.5,27.2,FAIL: not in positive-cash-flow set,6,,19390 (77%); 19330 (21%); 19352 (2%)
42079217400,Luzerne County PA,Census Tract 2174,S,15,0.38,84500.0,808.0,1.91,31.1,25.9,82.2,93.9,PASS,1,,18201 (99%); 18202 (1%)
42091201406,Montgomery County PA,Census Tract 2014.06,F,15,0.13,559200.0,3351.0,1.2,10.6,52.7,84.9,77.7,FAIL: tenant payment risk,5,,19025 (39%); 19034 (32%); 19090 (27%); 19001 (2%)
42091204500,Montgomery County PA,Census Tract 2045,F,15,0.13,852800.0,2004.0,0.47,-10.4,34.1,84.9,33.1,FAIL: not in positive-cash-flow set,6,,19066 (94%); 19072 (6%)
42091204900,Montgomery County PA,Census Tract 2049,F,15,0.13,1065900.0,1728.0,0.32,-14.6,49.7,78.8,24.1,FAIL: not in positive-cash-flow set,6,,19085 (60%); 19010 (33%); 19428 (6%)
42101023900,Philadelphia County PA,Census Tract 239,S,15,0.05,285400.0,1522.0,1.07,6.8,31.4,82.9,75.3,PASS,1,,19144 (100%)
34005982111,Burlington County NJ,Census Tract 9821.11,F,15,0.1,,3167.0,,,,,,no data,,,08641 (98%); 08562 (2%)
34007607502,Camden County NJ,Census Tract 6075.02,F,15,0.09,449400.0,1201.0,0.53,-8.6,39.6,76.9,24.4,FAIL: not in positive-cash-flow set,6,,08043 (100%)
36101962100,Steuben County NY,Census Tract 9621,S,15,0.14,140400.0,827.0,1.18,10.0,18.0,79.4,77.9,PASS,1,,14801 (51%); 14898 (44%); 14858 (6%)
42011012107,Berks County PA,Census Tract 121.07,F,14,0.15,348100.0,,,,,,,no data,,,19606 (100%)
42017100304,Bucks County PA,Census Tract 1003.04,F,14,0.06,363800.0,1093.0,0.6,-6.6,31.8,86.2,45.4,FAIL: not in positive-cash-flow set,6,,19007 (74%); 19056 (26%)
42091204008,Montgomery County PA,Census Tract 2040.08,F,14,0.12,473200.0,1455.0,0.61,-6.2,9.1,85.4,43.8,FAIL: not in positive-cash-flow set,6,,19428 (100%)
42091208601,Montgomery County PA,Census Tract 2086.01,F,14,0.12,548200.0,1548.0,0.56,-7.7,16.6,85.2,33.5,FAIL: not in positive-cash-flow set,6,,19473 (64%); 19468 (22%); 19464 (14%)
42107000902,Schuylkill County PA,Census Tract 9.02,S,14,0.28,159800.0,759.0,0.95,3.4,5.4,75.8,59.7,PASS,2,,17921 (93%); 17936 (6%); 17943 (1%)
42107003600,Schuylkill County PA,Census Tract 36,S,14,0.28,238000.0,1050.0,0.88,1.5,13.9,83.7,59.8,PASS,2,,17963 (65%); 17972 (35%)
42119090202,Union County PA,Census Tract 902.02,S,14,0.1,253800.0,1057.0,0.83,0.0,19.5,81.9,57.8,PASS,2,,17844 (79%); 17845 (12%); 17856 (9%)
34005702400,Burlington County NJ,Census Tract 7024,F,14,0.09,471800.0,1646.0,0.7,-3.9,36.9,86.1,34.8,FAIL: not in positive-cash-flow set,6,,08041 (39%); 08022 (20%); 08505 (14%); 08016 (7%); 08562 (7%); 08060 (5%); 08068 (4%); 08042 (2%)
34005704016,Burlington County NJ,Census Tract 7040.16,F,14,0.09,449700.0,2365.0,1.05,6.3,45.5,87.1,69.0,FAIL: tenant payment risk,4,,08053 (100%)
34011041002,Cumberland County NJ,Census Tract 410.02,S,14,0.16,236000.0,1305.0,1.11,7.9,12.6,82.2,75.0,PASS,1,,08360 (82%); 08361 (17%); 08332 (2%)
10003011100,New Castle County DE,Census Tract 111,F,14,0.08,454300.0,1420.0,0.63,-5.9,36.0,78.2,33.1,FAIL: not in positive-cash-flow set,6,,19810 (100%)
42011013402,Berks County PA,Census Tract 134.02,F,13,0.14,361400.0,943.0,0.52,-8.9,22.6,85.6,25.6,FAIL: not in positive-cash-flow set,6,,19512 (42%); 18011 (25%); 19547 (23%); 19505 (5%); 19504 (4%); 19539 (1%)
42029301002,Chester County PA,Census Tract 3010.02,F,13,0.06,504700.0,1913.0,0.76,-2.1,25.3,85.7,53.9,FAIL: not in positive-cash-flow set,6,,19460 (85%); 19475 (15%)
42029301800,Chester County PA,Census Tract 3018,F,13,0.06,704500.0,1921.0,0.55,-8.2,25.5,88.2,33.8,FAIL: not in positive-cash-flow set,6,,19425 (71%); 19475 (12%); 19460 (12%); 19343 (4%)
42045403001,Delaware County PA,Census Tract 4030.01,S,13,0.13,206800.0,1834.0,1.77,27.1,9.8,89.5,90.5,PASS,1,,19036 (100%)
42091205810,Montgomery County PA,Census Tract 2058.10,S,13,0.11,293800.0,1836.0,1.25,12.0,12.5,79.8,92.7,PASS,1,,19406 (100%)
42101028500,Philadelphia County PA,Census Tract 285,S,13,0.04,135800.0,1113.0,1.64,23.3,38.4,72.2,79.3,PASS,2,,19120 (100%)
10001042000,Kent County DE,Census Tract 420,F,13,0.07,313500.0,968.0,0.62,-6.2,19.3,83.8,37.7,FAIL: not in positive-cash-flow set,6,,19934 (63%); 19943 (24%); 19964 (11%); 19953 (2%)
42017106202,Bucks County PA,Census Tract 1062.02,F,12,0.05,434900.0,3214.0,1.48,18.6,53.6,69.2,87.1,FAIL: tenant payment risk,5,,18974 (100%)
42029301402,Chester County PA,Census Tract 3014.02,F,12,0.06,442200.0,1315.0,0.59,-6.8,16.6,84.8,38.7,FAIL: not in positive-cash-flow set,6,,19465 (100%)
42029301900,Chester County PA,Census Tract 3019,F,12,0.06,652600.0,1814.0,0.56,-7.9,0.3,85.9,38.7,FAIL: not in positive-cash-flow set,6,,19425 (100%)
42029303000,Chester County PA,Census Tract 3030,F,12,0.06,669500.0,2287.0,0.68,-4.3,24.0,87.1,46.5,FAIL: not in positive-cash-flow set,6,,19382 (87%); 19342 (6%); 19319 (4%); 19373 (3%)
42029307200,Chester County PA,Census Tract 3072,F,12,0.06,350000.0,1344.0,0.77,-1.8,13.8,84.5,43.9,FAIL: not in positive-cash-flow set,6,,19320 (50%); 19365 (29%); 19330 (18%); 19310 (3%)
42045404800,Delaware County PA,Census Tract 4048,S,12,0.12,68500.0,1296.0,3.78,85.0,39.3,80.2,88.4,PASS,2,,19013 (100%)
42045407401,Delaware County PA,Census Tract 4074.01,F,12,0.12,642900.0,2813.0,0.88,1.3,59.1,85.1,52.0,FAIL: tenant payment risk,6,,19063 (61%); 19086 (39%)
42045409902,Delaware County PA,Census Tract 4099.02,F,12,0.12,571000.0,1853.0,0.65,-5.3,30.2,81.2,43.1,FAIL: not in positive-cash-flow set,6,,19073 (100%)
42101980200,Philadelphia County PA,Census Tract 9802,F,12,0.04,,,,,,,,no data,,,19115 (51%); 19136 (29%); 19152 (21%)
34001011808,Atlantic County NJ,Census Tract 118.08,S,12,0.09,296500.0,1614.0,1.09,7.4,14.7,79.1,71.8,PASS,1,,08234 (100%)
34007606400,Camden County NJ,Census Tract 6064,F,12,0.07,977900.0,1589.0,0.32,-14.6,18.8,84.7,28.5,FAIL: not in positive-cash-flow set,6,,08033 (100%)
34015500900,Gloucester County NJ,Census Tract 5009,S,12,0.08,283400.0,1325.0,0.94,3.0,30.3,85.5,61.3,PASS,2,,08097 (98%); 08096 (2%)
10003014706,New Castle County DE,Census Tract 147.06,F,12,0.07,391700.0,1226.0,0.63,-5.9,38.2,87.4,39.0,FAIL: not in positive-cash-flow set,6,,19702 (91%); 19713 (9%)
10003014903,New Castle County DE,Census Tract 149.03,S,12,0.07,342200.0,1726.0,1.01,5.1,29.3,85.2,76.9,PASS,1,,19702 (99%); 19701 (1%)
42011011905,Berks County PA,Census Tract 119.05,S,11,0.12,319800.0,1388.0,0.87,1.0,36.6,79.0,53.4,PASS,3,,19508 (52%); 19518 (48%)
42017100303,Bucks County PA,Census Tract 1003.03,F,11,0.05,306700.0,1101.0,0.72,-3.3,39.6,78.9,43.8,FAIL: not in positive-cash-flow set,6,,19007 (98%); 19057 (2%)
42017105013,Bucks County PA,Census Tract 1050.13,F,11,0.05,646500.0,2094.0,0.65,-5.3,10.4,87.8,42.0,FAIL: not in positive-cash-flow set,6,,18966 (54%); 18954 (46%)
42029300101,Chester County PA,Census Tract 3001.01,F,11,0.05,797500.0,1466.0,0.37,-13.4,22.4,84.6,34.0,FAIL: not in positive-cash-flow set,6,,19087 (100%)
42029303501,Chester County PA,Census Tract 3035.01,F,11,0.05,618700.0,1638.0,0.53,-8.7,17.3,83.6,33.7,FAIL: not in positive-cash-flow set,6,,19348 (98%); 19382 (2%)
42037050500,Columbia County PA,Census Tract 505,S,11,0.18,182000.0,810.0,0.89,1.7,27.4,76.0,60.2,PASS,2,,18603 (81%); 18655 (18%); 17815 (1%)
42045407101,Delaware County PA,Census Tract 4071.01,F,11,0.11,525700.0,1889.0,0.72,-3.3,33.9,88.0,49.8,FAIL: not in positive-cash-flow set,6,,19063 (88%); 19015 (12%)
42045407903,Delaware County PA,Census Tract 4079.03,F,11,0.11,517700.0,1497.0,0.58,-7.3,19.3,86.7,40.7,FAIL: not in positive-cash-flow set,6,,19063 (100%)
42079216602,Luzerne County PA,Census Tract 2166.02,S,11,0.28,251700.0,1508.0,1.2,10.6,1.7,86.0,81.9,PASS,1,,18222 (92%); 18224 (4%); 18249 (4%)
42091205808,Montgomery County PA,Census Tract 2058.08,S,11,0.09,493800.0,2129.0,0.86,0.9,28.6,88.8,63.8,PASS,1,,19406 (100%)
42091208702,Montgomery County PA,Census Tract 2087.02,S,11,0.09,332600.0,1698.0,1.02,5.5,17.8,86.2,69.1,PASS,1,,19464 (100%)
42101035602,Philadelphia County PA,Census Tract 356.02,S,11,0.03,374400.0,1622.0,0.87,1.0,44.0,84.7,55.7,PASS,3,,19115 (100%)
42101038400,Philadelphia County PA,Census Tract 384,S,11,0.03,369000.0,1748.0,0.95,3.3,24.3,82.2,66.3,PASS,1,,19128 (100%)
34001013500,Atlantic County NJ,Census Tract 135,F,11,0.08,798700.0,1189.0,0.3,-15.4,50.2,76.9,22.2,FAIL: not in positive-cash-flow set,6,,08225 (32%); 08221 (28%); 08403 (28%); 08244 (12%)
34007610600,Camden County NJ,Census Tract 6106,S,11,0.06,193800.0,1183.0,1.22,11.2,27.9,81.0,91.0,PASS,1,,08109 (100%)
34015501107,Gloucester County NJ,Census Tract 5011.07,F,11,0.07,258200.0,,,,,,,no data,,,08090 (94%); 08051 (6%)
10003011202,New Castle County DE,Census Tract 112.02,F,11,0.06,431500.0,,,,,,,no data,,,19810 (77%); 19803 (23%)
36101961500,Steuben County NY,Census Tract 9615,S,11,0.1,185000.0,783.0,0.85,0.4,16.8,77.0,51.5,PASS,3,,14840 (41%); 14879 (32%); 14815 (13%); 14821 (10%); 14837 (3%); 14870 (1%)
42029300301,Chester County PA,Census Tract 3003.01,S,10,0.05,601300.0,2679.0,0.89,1.7,22.7,84.1,60.8,PASS,2,,19355 (44%); 19073 (39%); 19312 (8%); 19380 (6%); 19382 (2%)
42029302703,Chester County PA,Census Tract 3027.03,F,10,0.05,678400.0,2221.0,0.65,-5.1,55.9,84.0,39.6,FAIL: not in positive-cash-flow set,6,,19380 (100%)
42029302705,Chester County PA,Census Tract 3027.05,F,10,0.05,547100.0,1867.0,0.68,-4.3,28.9,87.8,50.7,FAIL: not in positive-cash-flow set,6,,19382 (99%); 19380 (1%)
42045406805,Delaware County PA,Census Tract 4068.05,S,10,0.1,310800.0,1392.0,0.9,1.8,36.2,83.9,64.1,PASS,2,,19061 (76%); 19014 (24%)
42045980300,Delaware County PA,Census Tract 9803,F,10,0.1,,,,,,,,no data,,,19342 (100%)
42091203103,Montgomery County PA,Census Tract 2031.03,F,10,0.08,601900.0,2006.0,0.67,-4.8,30.9,87.6,42.0,FAIL: not in positive-cash-flow set,6,,19462 (43%); 19444 (32%); 19031 (23%); 19428 (1%)
42091207500,Montgomery County PA,Census Tract 2075,F,10,0.08,459800.0,1204.0,0.52,-8.9,23.0,87.7,32.4,FAIL: not in positive-cash-flow set,6,,19438 (52%); 19473 (39%); 18969 (8%); 18054 (1%)
42091208301,Montgomery County PA,Census Tract 2083.01,F,10,0.08,441300.0,1542.0,0.7,-3.8,2.2,84.3,46.1,FAIL: not in positive-cash-flow set,6,,18074 (64%); 19525 (24%); 19435 (9%); 18054 (2%); 19504 (1%)
42101000806,Philadelphia County PA,Census Tract 8.06,S,10,0.03,366100.0,2454.0,1.34,14.7,16.8,90.9,93.6,PASS,1,,19102 (100%)
42107001400,Schuylkill County PA,Census Tract 14,S,10,0.2,106900.0,895.0,1.67,24.3,14.5,83.9,83.9,PASS,1,,17901 (98%); 17931 (1%)
34001012302,Atlantic County NJ,Census Tract 123.02,S,10,0.07,345100.0,2223.0,1.29,13.2,9.9,84.1,86.5,PASS,1,,08225 (100%)
34001012401,Atlantic County NJ,Census Tract 124.01,S,10,0.07,289300.0,1697.0,1.17,9.8,35.1,83.1,79.2,PASS,2,,08225 (100%)
34011010301,Cumberland County NJ,Census Tract 103.01,S,10,0.12,229500.0,1300.0,1.13,8.7,10.5,83.4,74.7,PASS,1,,08311 (74%); 08332 (25%); 08345 (1%)
10003001902,New Castle County DE,Census Tract 19.02,S,10,0.06,226700.0,1592.0,1.4,16.5,34.8,89.2,91.2,PASS,2,,19801 (100%)
10003010800,New Castle County DE,Census Tract 108,F,10,0.06,447000.0,1642.0,0.73,-2.8,22.8,84.5,53.2,FAIL: not in positive-cash-flow set,6,,19803 (61%); 19809 (24%); 19802 (15%)
36007012502,Broome County NY,Census Tract 125.02,S,10,0.15,170700.0,812.0,0.95,3.4,17.3,81.2,59.7,PASS,2,,13865 (100%)
42029302000,Chester County PA,Census Tract 3020,F,9,0.04,781800.0,2054.0,0.53,-8.8,13.6,86.3,36.3,FAIL: not in positive-cash-flow set,6,,19355 (74%); 19460 (23%); 19425 (3%)
42045407901,Delaware County PA,Census Tract 4079.01,F,9,0.09,751300.0,2542.0,0.68,-4.5,30.1,80.4,33.8,FAIL: not in positive-cash-flow set,6,,19063 (100%)
42079211203,Luzerne County PA,Census Tract 2112.03,S,9,0.23,226600.0,1500.0,1.32,14.2,19.6,80.2,75.2,PASS,1,,18612 (65%); 18644 (25%); 18643 (10%)
42091200906,Montgomery County PA,Census Tract 2009.06,F,9,0.08,382500.0,1233.0,0.64,-5.4,34.1,85.4,45.6,FAIL: not in positive-cash-flow set,6,,19446 (100%)
42091202302,Montgomery County PA,Census Tract 2023.02,F,9,0.08,331700.0,777.0,0.47,-10.5,41.6,82.3,29.6,FAIL: not in positive-cash-flow set,6,,19027 (78%); 19095 (22%)
42109980705,Snyder County PA,Census Tract 9807.05,F,9,0.07,,,,,,,,no data,,,17870 (100%)
34005704011,Burlington County NJ,Census Tract 7040.11,F,9,0.06,563000.0,1900.0,0.67,-4.5,10.9,86.8,44.2,FAIL: not in positive-cash-flow set,6,,08053 (100%)
34007608206,Camden County NJ,Census Tract 6082.06,F,9,0.05,265600.0,,,,,,,no data,,,08029 (52%); 08012 (25%); 08049 (23%)
34011010302,Cumberland County NJ,Census Tract 103.02,S,9,0.11,191600.0,1273.0,1.33,14.3,4.8,76.7,78.4,PASS,1,,08345 (58%); 08349 (23%); 08321 (18%)
34011010500,Cumberland County NJ,Census Tract 105,S,9,0.11,268300.0,1300.0,0.97,4.0,27.6,78.6,56.9,PASS,2,,08302 (51%); 08323 (49%)
34011010702,Cumberland County NJ,Census Tract 107.02,S,9,0.11,297400.0,1693.0,1.14,8.8,30.6,86.0,76.3,PASS,1,,08302 (100%)
34011041001,Cumberland County NJ,Census Tract 410.01,S,9,0.11,264600.0,1542.0,1.17,9.6,30.8,82.7,75.9,PASS,1,,08361 (72%); 08332 (28%)
34015501404,Gloucester County NJ,Census Tract 5014.04,F,9,0.06,275000.0,1436.0,1.04,6.1,45.9,73.7,75.8,FAIL: tenant payment risk,4,,08028 (100%)
10003016308,New Castle County DE,Census Tract 163.08,F,9,0.05,385700.0,1437.0,0.75,-2.5,40.5,90.9,52.9,FAIL: not in positive-cash-flow set,6,,19720 (82%)
42017102801,Bucks County PA,Census Tract 1028.01,S,8,0.04,392200.0,1831.0,0.93,2.9,8.6,84.0,63.8,PASS,1,,18951 (63%); 18073 (25%); 18054 (6%); 18041 (6%)
42029304504,Chester County PA,Census Tract 3045.04,S,8,0.04,582200.0,3501.0,1.2,10.7,29.8,87.4,80.3,PASS,1,,19343 (46%); 19425 (27%); 19335 (27%)
42045409400,Delaware County PA,Census Tract 4094,F,8,0.08,452200.0,1636.0,0.72,-3.1,25.6,88.9,46.1,FAIL: not in positive-cash-flow set,6,,19083 (100%)
42045410304,Delaware County PA,Census Tract 4103.04,F,8,0.08,614600.0,1894.0,0.62,-6.2,34.4,86.2,36.8,FAIL: not in positive-cash-flow set,6,,19060 (44%); 19317 (29%); 19342 (27%)
42091208303,Montgomery County PA,Census Tract 2083.03,F,8,0.07,442300.0,,,,,,,no data,,,19525 (79%); 19464 (14%); 18074 (4%); 19473 (3%)
42091208304,Montgomery County PA,Census Tract 2083.04,F,8,0.07,422600.0,1135.0,0.54,-8.5,23.4,84.3,31.2,FAIL: not in positive-cash-flow set,6,,19525 (81%); 19464 (19%)
42107000400,Schuylkill County PA,Census Tract 4,F,8,0.16,174400.0,594.0,0.68,-4.3,24.8,64.3,35.7,FAIL: not in positive-cash-flow set,6,,18214 (50%); 17948 (47%); 17931 (2%); 17976 (1%)
34001011600,Atlantic County NJ,Census Tract 116,S,8,0.06,221900.0,1334.0,1.2,10.7,31.8,76.0,74.8,PASS,1,,08330 (38%); 08270 (31%); 08319 (21%); 08317 (10%)
34005700605,Burlington County NJ,Census Tract 7006.05,S,8,0.05,365600.0,1842.0,1.01,5.1,26.8,85.8,68.0,PASS,1,,08075 (100%)
34033022202,Salem County NJ,Census Tract 222.02,S,8,0.12,254900.0,1531.0,1.2,10.6,26.2,79.0,71.6,PASS,1,,08079 (100%)
10003013613,New Castle County DE,Census Tract 136.13,S,8,0.05,421600.0,1770.0,0.84,0.2,16.9,85.4,59.3,PASS,2,,19808 (87%); 19707 (13%)
42011010801,Berks County PA,Census Tract 108.01,S,7,0.08,306000.0,1847.0,1.21,10.8,23.5,87.5,80.9,PASS,1,,19608 (77%); 17569 (23%)
42029307900,Chester County PA,Census Tract 3079,F,7,0.03,372800.0,1284.0,0.69,-4.1,22.4,78.7,41.0,FAIL: not in positive-cash-flow set,6,,19363 (83%); 19352 (11%); 19362 (6%)
42045408900,Delaware County PA,Census Tract 4089,F,7,0.07,533400.0,,,,,,,no data,,,19083 (71%); 19096 (29%)
42091201408,Montgomery County PA,Census Tract 2014.08,S,7,0.06,655700.0,3076.0,0.94,3.1,24.4,88.8,69.7,PASS,1,,19025 (69%); 19002 (28%); 19090 (3%)
42091206905,Montgomery County PA,Census Tract 2069.05,S,7,0.06,403700.0,2094.0,1.04,5.9,26.4,85.1,70.6,PASS,1,,19438 (91%); 19446 (9%)
42107003400,Schuylkill County PA,Census Tract 34,F,7,0.14,254200.0,1045.0,0.82,-0.3,22.9,83.3,49.8,FAIL: not in positive-cash-flow set,6,,17922 (79%); 17972 (21%)
34015502203,Gloucester County NJ,Census Tract 5022.03,F,7,0.05,455000.0,1361.0,0.6,-6.7,28.0,86.8,37.1,FAIL: not in positive-cash-flow set,6,,08085 (100%)
34033022201,Salem County NJ,Census Tract 222.01,S,7,0.11,248500.0,1189.0,0.96,3.6,25.7,81.8,68.9,PASS,1,,08079 (62%); 08038 (38%)
10003014302,New Castle County DE,Census Tract 143.02,F,7,0.04,443000.0,1404.0,0.63,-5.7,29.6,73.0,42.2,FAIL: not in positive-cash-flow set,6,,19711 (93%); 19717 (5%); 19716 (2%)
10003015802,New Castle County DE,Census Tract 158.02,S,7,0.04,218600.0,1678.0,1.54,20.3,28.9,84.4,76.9,PASS,1,,19720 (100%)
10003016000,New Castle County DE,Census Tract 160,S,7,0.04,272600.0,1140.0,0.84,0.1,36.1,77.6,50.2,PASS,3,,19720 (100%)
10003016904,New Castle County DE,Census Tract 169.04,F,7,0.04,369000.0,1146.0,0.62,-6.1,7.6,63.8,37.4,FAIL: not in positive-cash-flow set,6,,19734 (77%); 19977 (23%)
24015030601,Cecil County MD,Census Tract 306.01,F,7,0.02,299600.0,,,,,,,no data,,,21921 (99%); 21920 (1%)
42011010702,Berks County PA,Census Tract 107.02,F,6,0.06,306300.0,1263.0,0.82,-0.2,13.2,85.5,56.9,FAIL: not in positive-cash-flow set,6,,19608 (66%); 19565 (34%)
42017101404,Bucks County PA,Census Tract 1014.04,S,6,0.03,400900.0,2571.0,1.28,13.0,31.5,75.1,71.5,PASS,1,,19053 (98%); 18966 (2%)
42017103300,Bucks County PA,Census Tract 1033,F,6,0.03,459000.0,1550.0,0.68,-4.5,27.0,79.4,35.8,FAIL: not in positive-cash-flow set,6,,18951 (79%); 18930 (21%)
42017104506,Bucks County PA,Census Tract 1045.06,F,6,0.03,914900.0,,,,,,,no data,,,18902 (100%)
42017105012,Bucks County PA,Census Tract 1050.12,F,6,0.03,557800.0,,,,,,,no data,,,18966 (88%); 18954 (12%)
42017105100,Bucks County PA,Census Tract 1051,F,6,0.03,717400.0,,,,,,,no data,,,18940 (79%); 18980 (9%); 18946 (7%); 18925 (4%); 18929 (1%)
42017105810,Bucks County PA,Census Tract 1058.10,F,6,0.03,349200.0,510.0,0.29,-15.5,25.3,77.8,24.4,FAIL: not in positive-cash-flow set,6,,19054 (100%)
42029302207,Chester County PA,Census Tract 3022.07,F,6,0.03,,2392.0,,,,,,no data,,,19341 (100%)
42045403402,Delaware County PA,Census Tract 4034.02,S,6,0.06,167000.0,1706.0,2.04,34.9,40.6,78.6,83.6,PASS,3,,19032 (100%)
42091205906,Montgomery County PA,Census Tract 2059.06,S,6,0.05,375100.0,2203.0,1.17,9.9,27.9,87.3,81.7,PASS,1,,19406 (65%); 19428 (23%); 19405 (12%)
10001041802,Kent County DE,Census Tract 418.02,S,6,0.03,398700.0,1668.0,0.84,0.1,34.5,83.9,59.4,PASS,2,,19904 (61%); 19934 (31%); 19953 (8%)
10003013608,New Castle County DE,Census Tract 136.08,F,6,0.03,340000.0,1216.0,0.72,-3.4,34.9,85.9,50.1,FAIL: not in positive-cash-flow set,6,,19711 (92%); 19808 (8%)
10003016806,New Castle County DE,Census Tract 168.06,F,6,0.03,507500.0,1352.0,0.53,-8.6,3.3,87.3,33.9,FAIL: not in positive-cash-flow set,6,,19734 (78%); 19709 (22%)
42011010401,Berks County PA,Census Tract 104.01,F,5,0.05,276200.0,835.0,0.6,-6.5,20.0,85.4,39.7,FAIL: not in positive-cash-flow set,6,,17087 (45%); 17067 (36%); 19567 (7%); 19550 (6%); 19507 (3%); 19544 (2%)
42011013404,Berks County PA,Census Tract 134.04,F,5,0.05,321800.0,,,,,,,no data,,,19522 (62%); 19539 (38%)
42029300107,Chester County PA,Census Tract 3001.07,F,5,0.02,841400.0,3501.0,0.83,0.0,49.6,81.2,45.9,"FAIL: enhanced score, tenant payment risk",5,,19355 (74%); 19312 (17%); 19301 (5%); 19460 (3%); 19333 (1%)
42029303100,Chester County PA,Census Tract 3031,F,5,0.02,757900.0,,,,,,,no data,,,19382 (91%); 19317 (9%)
42037051400,Columbia County PA,Census Tract 514,S,5,0.08,223700.0,1054.0,0.94,3.2,22.9,82.2,66.0,PASS,1,,18635 (66%); 17815 (28%); 18631 (6%)
42091200106,Montgomery County PA,Census Tract 2001.06,F,5,0.04,529500.0,918.0,0.35,-14.0,38.7,76.8,27.3,FAIL: not in positive-cash-flow set,6,,19006 (94%); 19046 (6%)
42093050400,Montour County PA,Census Tract 504,F,5,0.08,266100.0,990.0,0.74,-2.5,10.7,84.7,49.1,FAIL: not in positive-cash-flow set,6,,17821 (86%); 17820 (8%); 17847 (5%); 17824 (1%)
34001011201,Atlantic County NJ,Census Tract 112.01,S,5,0.04,273700.0,1705.0,1.25,11.9,26.5,82.7,77.4,PASS,1,,08037 (89%); 08094 (11%)
34005702906,Burlington County NJ,Census Tract 7029.06,S,5,0.03,391000.0,2302.0,1.18,10.0,20.0,78.8,76.8,PASS,1,,08054 (99%); 08057 (1%)
34007603202,Camden County NJ,Census Tract 6032.02,S,5,0.03,295000.0,2607.0,1.77,27.0,20.2,82.2,98.9,PASS,1,,08002 (100%)
34007603505,Camden County NJ,Census Tract 6035.05,S,5,0.03,319200.0,1734.0,1.09,7.3,1.1,87.1,74.3,PASS,1,,08003 (100%)
34015501703,Gloucester County NJ,Census Tract 5017.03,S,5,0.03,284700.0,1447.0,1.02,5.3,25.6,84.0,71.5,PASS,1,,08344 (39%); 08360 (28%); 08322 (17%); 08328 (15%)
10003013906,New Castle County DE,Census Tract 139.06,S,5,0.03,384300.0,1807.0,0.94,3.1,15.8,89.0,71.4,PASS,1,,19702 (100%)
36101961600,Steuben County NY,Census Tract 9616,S,5,0.05,163800.0,1056.0,1.29,13.2,35.7,83.1,79.0,PASS,2,,14812 (46%); 14830 (39%); 14870 (15%)
42017101609,Bucks County PA,Census Tract 1016.09,F,4,0.02,433800.0,1287.0,0.59,-6.9,23.2,83.9,35.7,FAIL: not in positive-cash-flow set,6,,18974 (100%)
42029306800,Chester County PA,Census Tract 3068,F,4,0.02,408600.0,792.0,0.39,-12.8,6.8,86.9,24.3,FAIL: not in positive-cash-flow set,6,,19363 (82%); 19350 (15%); 19352 (3%)
42037051500,Columbia County PA,Census Tract 515,S,4,0.07,208000.0,893.0,0.86,0.8,10.4,80.6,57.1,PASS,2,,17820 (51%); 17815 (18%); 17985 (11%); 17824 (10%); 17888 (5%); 17921 (2%); 17920 (2%); 17945 (1%)
42079215503,Luzerne County PA,Census Tract 2155.03,S,4,0.1,314000.0,1405.0,0.89,1.8,12.5,84.1,61.5,PASS,2,,18707 (100%)
42107003000,Schuylkill County PA,Census Tract 30,S,4,0.08,280300.0,1275.0,0.91,2.2,9.7,83.1,65.0,PASS,1,,17961 (51%); 17922 (25%); 17960 (23%); 19549 (2%)
34007603504,Camden County NJ,Census Tract 6035.04,F,4,0.02,404500.0,,,,,,,no data,,,08003 (100%)
42045410800,Delaware County PA,Census Tract 4108,S,3,0.03,419500.0,1878.0,0.9,1.8,43.5,83.8,57.0,PASS,3,,19086 (82%); 19063 (18%)
42091200501,Montgomery County PA,Census Tract 2005.01,F,3,0.03,440100.0,1679.0,0.76,-2.0,4.3,82.7,49.2,FAIL: not in positive-cash-flow set,6,,19044 (54%); 19040 (46%)
42091204009,Montgomery County PA,Census Tract 2040.09,F,3,0.03,558800.0,2233.0,0.8,-0.9,33.6,84.9,58.7,FAIL: not in positive-cash-flow set,6,,19462 (99%); 19422 (1%)
42091206006,Montgomery County PA,Census Tract 2060.06,F,3,0.03,401100.0,2825.0,1.41,16.6,48.2,76.2,86.8,FAIL: tenant payment risk,4,,19403 (100%)
42101039001,Philadelphia County PA,Census Tract 390.01,F,3,0.01,160200.0,918.0,1.15,9.1,45.8,78.6,69.5,FAIL: tenant payment risk,4,,19111 (74%); 19124 (14%); 19149 (12%)
34007609000,Camden County NJ,Census Tract 6090,F,3,0.02,225300.0,,,,,,,no data,,,08089 (100%)
34033021300,Salem County NJ,Census Tract 213,F,3,0.05,297800.0,1206.0,0.81,-0.6,11.7,74.4,51.9,FAIL: not in positive-cash-flow set,6,,08079 (79%); 08098 (21%)
36101960500,Steuben County NY,Census Tract 9605,S,3,0.03,148500.0,1080.0,1.45,17.9,25.0,82.9,80.4,PASS,1,,14807 (45%); 14843 (20%); 14437 (19%); 14826 (9%); 14572 (7%)
42091200309,Montgomery County PA,Census Tract 2003.09,S,2,0.02,380500.0,1958.0,1.03,5.7,22.5,87.2,71.0,PASS,1,,19090 (97%); 19006 (3%)
10001042900,Kent County DE,Census Tract 429,S,2,0.01,296600.0,1293.0,0.87,1.2,25.1,80.9,51.3,PASS,3,,19952 (54%); 19954 (32%); 19950 (12%); 19963 (2%); 19943 (1%)
10003015600,New Castle County DE,Census Tract 156,S,1,0.01,237900.0,1708.0,1.44,17.4,36.2,84.2,80.9,PASS,2,,19720 (100%)
36101960100,Steuben County NY,Census Tract 9601,S,1,0.01,222600.0,1547.0,1.39,16.1,10.2,78.7,77.6,PASS,1,,14873 (47%); 14840 (36%); 14418 (12%); 14874 (5%)
42011002700,Berks County PA,Census Tract 27,S,0,0.0,180600.0,1396.0,1.55,20.6,20.9,82.0,87.9,PASS,1,,19611 (57%); 19607 (42%); 19610 (2%)
42011010804,Berks County PA,Census Tract 108.04,S,0,0.0,350900.0,1896.0,1.08,7.2,28.6,86.4,70.0,PASS,1,,19608 (100%)
42011012001,Berks County PA,Census Tract 120.01,F,0,0.0,209500.0,1519.0,1.45,17.8,50.1,82.4,76.5,FAIL: tenant payment risk,5,,19508 (77%); 19606 (23%)
42011012003,Berks County PA,Census Tract 120.03,S,0,0.0,270500.0,1500.0,1.11,8.0,21.3,84.4,72.7,PASS,1,,19606 (100%)
42011012106,Berks County PA,Census Tract 121.06,S,0,0.0,313800.0,1750.0,1.12,8.2,23.6,83.8,71.9,PASS,1,,19606 (69%); 19508 (31%)
42011013100,Berks County PA,Census Tract 131,S,0,0.0,249500.0,1419.0,1.14,8.8,24.6,82.2,72.2,PASS,1,,19512 (86%); 19505 (14%)
42011013502,Berks County PA,Census Tract 135.02,F,0,0.0,272300.0,,,,,,,no data,,,19510 (98%); 19605 (2%)
42011013503,Berks County PA,Census Tract 135.03,S,0,0.0,323500.0,1625.0,1.0,5.0,25.4,83.9,67.0,PASS,1,,19510 (59%); 19522 (41%)
42011014101,Berks County PA,Census Tract 141.01,F,0,0.0,,,,,,,,no data,,,19530 (100%)
42017100210,Bucks County PA,Census Tract 1002.10,F,0,0.0,316300.0,,,,,,,no data,,,19020 (100%)
42017100212,Bucks County PA,Census Tract 1002.12,S,0,0.0,381800.0,1989.0,1.04,6.1,13.3,80.1,69.2,PASS,1,,19020 (100%)
42017100307,Bucks County PA,Census Tract 1003.07,S,0,0.0,279500.0,1248.0,0.89,1.8,26.7,80.5,63.5,PASS,1,,19021 (97%); 19007 (3%)
42017100401,Bucks County PA,Census Tract 1004.01,S,0,0.0,310400.0,1445.0,0.93,2.9,36.1,85.6,64.7,PASS,2,,19057 (48%); 19056 (44%); 19047 (8%)
42017100407,Bucks County PA,Census Tract 1004.07,F,0,0.0,332700.0,,,,,,,no data,,,19054 (100%)
42017100408,Bucks County PA,Census Tract 1004.08,S,0,0.0,324500.0,1974.0,1.22,11.1,34.6,81.1,73.1,PASS,2,,19055 (100%)
42017100804,Bucks County PA,Census Tract 1008.04,F,0,0.0,441200.0,,,,,,,no data,,,19056 (91%); 19057 (9%)
42017100809,Bucks County PA,Census Tract 1008.09,S,0,0.0,649800.0,2703.0,0.83,0.0,22.6,80.9,52.1,PASS,3,,19047 (100%)
42017101403,Bucks County PA,Census Tract 1014.03,S,0,0.0,408100.0,2171.0,1.06,6.7,16.3,84.5,69.1,PASS,1,,19053 (100%)
42017101506,Bucks County PA,Census Tract 1015.06,F,0,0.0,420700.0,1528.0,0.73,-3.0,21.1,84.6,43.6,FAIL: not in positive-cash-flow set,6,,18966 (100%)
42017101611,Bucks County PA,Census Tract 1016.11,S,0,0.0,420000.0,2160.0,1.03,5.7,29.9,83.2,60.3,PASS,2,,18974 (97%); 19040 (3%)
42017101802,Bucks County PA,Census Tract 1018.02,F,0,0.0,626600.0,,,,,,,no data,,,18914 (76%); 18976 (22%); 19454 (2%)
42017102002,Bucks County PA,Census Tract 1020.02,F,0,0.0,582400.0,1938.0,0.67,-4.8,25.8,88.9,40.1,FAIL: not in positive-cash-flow set,6,,18901 (47%); 18914 (43%); 18923 (7%); 18944 (3%)
42017104301,Bucks County PA,Census Tract 1043.01,F,0,0.0,905600.0,,,,,,,no data,,,18938 (60%); 18902 (21%); 18913 (13%); 18933 (6%)
42017104304,Bucks County PA,Census Tract 1043.04,F,0,0.0,866300.0,,,,,,,no data,,,18938 (100%)
42017104901,Bucks County PA,Census Tract 1049.01,F,0,0.0,623100.0,1793.0,0.58,-7.4,27.7,82.4,31.7,FAIL: not in positive-cash-flow set,6,,18929 (69%); 18974 (15%); 18976 (11%); 18925 (5%)
42017105003,Bucks County PA,Census Tract 1050.03,F,0,0.0,540900.0,2125.0,0.79,-1.3,46.9,82.4,37.5,FAIL: not in positive-cash-flow set,6,,18954 (82%); 18940 (17%)
42017105006,Bucks County PA,Census Tract 1050.06,F,0,0.0,603300.0,,,,,,,no data,,,18966 (63%); 19053 (37%)
42017105208,Bucks County PA,Census Tract 1052.08,F,0,0.0,763700.0,,,,,,,no data,,,18940 (100%)
42017105401,Bucks County PA,Census Tract 1054.01,F,0,0.0,919500.0,3230.0,0.7,-3.7,9.8,79.8,44.5,FAIL: not in positive-cash-flow set,6,,18940 (88%); 18938 (7%); 18977 (5%)
42017105402,Bucks County PA,Census Tract 1054.02,F,0,0.0,838900.0,,,,,,,no data,,,18938 (54%); 18977 (41%); 18940 (5%)
42017105506,Bucks County PA,Census Tract 1055.06,F,0,0.0,711600.0,,,,,,,no data,,,19067 (100%)
42017105507,Bucks County PA,Census Tract 1055.07,S,0,0.0,633300.0,3063.0,0.97,3.9,40.2,84.0,61.8,PASS,2,,19067 (100%)
42017105508,Bucks County PA,Census Tract 1055.08,F,0,0.0,875000.0,,,,,,,no data,,,19067 (48%); 18940 (42%); 18977 (9%)
42017105509,Bucks County PA,Census Tract 1055.09,F,0,0.0,700500.0,,,,,,,no data,,,19067 (100%)
42017105811,Bucks County PA,Census Tract 1058.11,F,0,0.0,342000.0,1367.0,0.8,-0.9,33.3,82.8,48.8,FAIL: not in positive-cash-flow set,6,,19054 (100%)
42017105812,Bucks County PA,Census Tract 1058.12,F,0,0.0,347900.0,1277.0,0.73,-2.8,42.6,84.0,39.4,FAIL: not in positive-cash-flow set,6,,19054 (100%)
42017980000,Bucks County PA,Census Tract 9800,F,0,0.0,,,,,,,,no data,,,19067 (100%)
42029300109,Chester County PA,Census Tract 3001.09,F,0,0.0,920500.0,,,,,,,no data,,,19087 (100%)
42029300202,Chester County PA,Census Tract 3002.02,F,0,0.0,1011700.0,,,,,,,no data,,,19312 (70%); 19333 (27%); 19301 (3%)
42029300302,Chester County PA,Census Tract 3003.02,F,0,0.0,813900.0,,,,,,,no data,,,19355 (87%); 19301 (12%); 19312 (1%)
42029300303,Chester County PA,Census Tract 3003.03,S,0,0.0,475400.0,3057.0,1.29,13.1,19.3,85.0,81.6,PASS,1,,19301 (58%); 19355 (42%)
42029301700,Chester County PA,Census Tract 3017,F,0,0.0,689900.0,1531.0,0.44,-11.2,13.2,80.6,28.9,FAIL: not in positive-cash-flow set,6,,19343 (57%); 19520 (29%); 19465 (12%); 19425 (1%)
42029302104,Chester County PA,Census Tract 3021.04,F,0,0.0,736100.0,2851.0,0.77,-1.6,20.1,83.8,54.5,FAIL: not in positive-cash-flow set,6,,19355 (90%); 19341 (10%)
42029302203,Chester County PA,Census Tract 3022.03,S,0,0.0,489000.0,2469.0,1.01,5.1,29.4,89.0,66.3,PASS,1,,19380 (86%); 19335 (11%); 19341 (3%)
42029302704,Chester County PA,Census Tract 3027.04,F,0,0.0,591300.0,2304.0,0.78,-1.5,0.5,88.2,52.8,FAIL: not in positive-cash-flow set,6,,19380 (100%)
42029302706,Chester County PA,Census Tract 3027.06,F,0,0.0,534000.0,1790.0,0.67,-4.6,45.3,85.9,40.1,FAIL: not in positive-cash-flow set,6,,19382 (94%); 19383 (6%)
42029302902,Chester County PA,Census Tract 3029.02,F,0,0.0,637600.0,2651.0,0.83,-0.0,43.4,82.5,53.1,FAIL: not in positive-cash-flow set,6,,19382 (100%)
42029303803,Chester County PA,Census Tract 3038.03,F,0,0.0,570400.0,,,,,,,no data,,,19335 (100%)
42029303804,Chester County PA,Census Tract 3038.04,F,0,0.0,465800.0,,,,,,,no data,,,19335 (67%); 19320 (33%)
42029303901,Chester County PA,Census Tract 3039.01,F,0,0.0,669600.0,1376.0,0.41,-12.1,43.7,82.7,24.7,FAIL: not in positive-cash-flow set,6,,19382 (96%); 19383 (4%)
42029304000,Chester County PA,Census Tract 3040,F,0,0.0,467100.0,1769.0,0.76,-2.1,26.2,86.8,53.3,FAIL: not in positive-cash-flow set,6,,19335 (100%)
42029304405,Chester County PA,Census Tract 3044.05,S,0,0.0,581100.0,2925.0,1.01,5.0,11.5,87.9,69.3,PASS,1,,19335 (82%); 19341 (18%)
42029304502,Chester County PA,Census Tract 3045.02,F,0,0.0,572600.0,,,,,,,no data,,,19335 (92%); 19343 (7%); 19341 (1%)
42029305102,Chester County PA,Census Tract 3051.02,S,0,0.0,367700.0,1622.0,0.88,1.5,13.9,83.7,51.1,PASS,3,,19320 (57%); 19344 (36%); 17527 (6%)
42029306600,Chester County PA,Census Tract 3066,F,0,0.0,554600.0,1578.0,0.57,-7.6,11.4,85.0,35.2,FAIL: not in positive-cash-flow set,6,,19350 (100%)
42029306900,Chester County PA,Census Tract 3069,F,0,0.0,483400.0,1546.0,0.64,-5.5,1.2,87.8,40.4,FAIL: not in positive-cash-flow set,6,,19352 (76%); 19390 (22%); 19363 (2%)
42029308101,Chester County PA,Census Tract 3081.01,F,0,0.0,426600.0,1427.0,0.67,-4.7,11.4,82.9,39.2,FAIL: not in positive-cash-flow set,6,,19363 (83%); 19352 (17%)
42029308102,Chester County PA,Census Tract 3081.02,F,0,0.0,397300.0,982.0,0.49,-9.7,38.6,86.5,26.2,FAIL: not in positive-cash-flow set,6,,19363 (74%); 19362 (26%)
42029311403,Chester County PA,Census Tract 3114.03,S,0,0.0,371600.0,3501.0,1.88,30.3,18.6,78.8,86.6,PASS,1,,19320 (100%)
42029311404,Chester County PA,Census Tract 3114.04,F,0,0.0,396400.0,,,,,,,no data,,,19320 (33%); 19343 (30%); 19344 (18%); 19335 (12%); 19316 (7%)
42029980000,Chester County PA,Census Tract 9800,F,0,0.0,,,,,,,,no data,,,19383 (100%)
42045403602,Delaware County PA,Census Tract 4036.02,F,0,0.0,228800.0,1841.0,1.61,22.4,49.3,82.3,73.0,FAIL: tenant payment risk,4,,19074 (100%)
42045404700,Delaware County PA,Census Tract 4047,F,0,0.0,119600.0,821.0,1.37,15.6,52.1,71.3,80.5,FAIL: tenant payment risk,5,,19013 (100%)
42045406401,Delaware County PA,Census Tract 4064.01,S,0,0.0,165600.0,1383.0,1.67,24.2,40.6,86.7,81.3,PASS,3,,19015 (100%)
42045407404,Delaware County PA,Census Tract 4074.04,F,0,0.0,492600.0,2048.0,0.83,-0.0,11.2,86.0,55.7,FAIL: not in positive-cash-flow set,6,,19086 (100%)
42045408400,Delaware County PA,Census Tract 4084,F,0,0.0,862600.0,3501.0,0.81,-0.6,54.6,73.2,55.0,FAIL: not in positive-cash-flow set,6,,19041 (75%); 19010 (25%)
42045409500,Delaware County PA,Census Tract 4095,F,0,0.0,443500.0,1339.0,0.6,-6.6,15.0,88.3,36.0,FAIL: not in positive-cash-flow set,6,,19083 (75%); 19026 (25%)
42045409701,Delaware County PA,Census Tract 4097.01,F,0,0.0,898800.0,2241.0,0.5,-9.6,48.7,79.3,27.3,FAIL: not in positive-cash-flow set,6,,19085 (55%); 19010 (19%); 19073 (14%); 19087 (11%); 19008 (1%)
42045409904,Delaware County PA,Census Tract 4099.04,F,0,0.0,830000.0,2763.0,0.67,-4.8,32.8,85.5,43.5,FAIL: not in positive-cash-flow set,6,,19073 (92%); 19312 (7%)
42045410101,Delaware County PA,Census Tract 4101.01,F,0,0.0,763900.0,2358.0,0.62,-6.2,9.2,77.3,34.6,FAIL: not in positive-cash-flow set,6,,19342 (93%); 19319 (7%)
42045410102,Delaware County PA,Census Tract 4101.02,F,0,0.0,778100.0,,,,,,,no data,,,19373 (66%); 19382 (24%); 19342 (7%); 19319 (2%)
42045410306,Delaware County PA,Census Tract 4103.06,F,0,0.0,678100.0,,,,,,,no data,,,19342 (71%); 19373 (29%)
42045410403,Delaware County PA,Census Tract 4104.03,F,0,0.0,551800.0,1679.0,0.61,-6.4,13.9,85.9,36.1,FAIL: not in positive-cash-flow set,6,,19060 (89%); 19317 (11%)
42045980000,Delaware County PA,Census Tract 9800,F,0,0.0,,,,,,,,no data,,,19153 (100%)
42045980100,Delaware County PA,Census Tract 9801,F,0,0.0,636000.0,,,,,,,no data,,,19085 (62%); 19010 (38%)
42045980200,Delaware County PA,Census Tract 9802,F,0,0.0,,,,,,,,no data,,,19087 (100%)
42079215701,Luzerne County PA,Census Tract 2157.01,S,0,0.0,173600.0,1188.0,1.37,15.5,24.1,81.2,78.2,PASS,1,,18621 (78%); 18655 (22%)
42079216900,Luzerne County PA,Census Tract 2169,F,0,0.0,247600.0,886.0,0.72,-3.3,32.7,77.0,40.0,FAIL: not in positive-cash-flow set,6,,18201 (44%); 18202 (18%); 18221 (12%); 18216 (11%); 18223 (7%); 18224 (6%); 18234 (1%)
42091200103,Montgomery County PA,Census Tract 2001.03,F,0,0.0,660800.0,,,,,,,no data,,,19006 (100%)
42091200104,Montgomery County PA,Census Tract 2001.04,F,0,0.0,554700.0,1841.0,0.66,-4.8,13.2,85.9,40.0,FAIL: not in positive-cash-flow set,6,,19006 (100%)
42091200200,Montgomery County PA,Census Tract 2002,F,0,0.0,678100.0,1571.0,0.46,-10.6,25.3,81.1,31.7,FAIL: not in positive-cash-flow set,6,,19009 (68%); 19006 (32%)
42091200602,Montgomery County PA,Census Tract 2006.02,S,0,0.0,455400.0,2087.0,0.92,2.4,12.9,88.0,64.6,PASS,1,,19454 (61%); 19446 (35%); 18936 (5%)
42091201006,Montgomery County PA,Census Tract 2010.06,F,0,0.0,607100.0,,,,,,,no data,,,19454 (83%); 19446 (17%)
42091201409,Montgomery County PA,Census Tract 2014.09,S,0,0.0,610300.0,2875.0,0.94,3.2,8.0,84.4,64.9,PASS,1,,19002 (100%)
42091201502,Montgomery County PA,Census Tract 2015.02,F,0,0.0,604500.0,,,,,,,no data,,,19046 (94%); 19006 (6%)
42091202202,Montgomery County PA,Census Tract 2022.02,S,0,0.0,365000.0,1917.0,1.05,6.3,10.1,83.8,69.7,PASS,1,,19012 (95%); 19027 (5%)
42091202500,Montgomery County PA,Census Tract 2025,S,0,0.0,442600.0,1907.0,0.86,0.9,33.7,84.7,60.0,PASS,2,,19095 (54%); 19038 (46%)
42091203000,Montgomery County PA,Census Tract 2030,F,0,0.0,625400.0,1265.0,0.4,-12.3,22.9,82.2,27.6,FAIL: not in positive-cash-flow set,6,,19034 (55%); 19462 (19%); 19031 (16%); 19002 (8%); 19422 (3%)
42091203303,Montgomery County PA,Census Tract 2033.03,S,0,0.0,330300.0,2052.0,1.24,11.8,25.2,82.8,79.8,PASS,1,,19401 (100%)
42091204010,Montgomery County PA,Census Tract 2040.10,F,0,0.0,475100.0,,,,,,,no data,,,19462 (91%); 19422 (9%)
42091204600,Montgomery County PA,Census Tract 2046,F,0,0.0,878400.0,,,,,,,no data,,,19072 (63%); 19066 (18%); 19004 (9%); 19096 (8%); 19035 (2%)
42091204800,Montgomery County PA,Census Tract 2048,F,0,0.0,1416300.0,3318.0,0.47,-10.5,27.4,83.1,30.8,FAIL: not in positive-cash-flow set,6,,19035 (75%); 19010 (17%); 19085 (5%); 19428 (2%)
42091205502,Montgomery County PA,Census Tract 2055.02,F,0,0.0,782200.0,,,,,,,no data,,,19096 (93%); 19003 (4%); 19083 (2%)
42091205807,Montgomery County PA,Census Tract 2058.07,S,0,0.0,356200.0,2076.0,1.17,9.6,23.8,92.1,81.9,PASS,1,,19406 (100%)
42091205903,Montgomery County PA,Census Tract 2059.03,S,0,0.0,641000.0,2932.0,0.91,2.4,13.5,87.2,63.9,PASS,1,,19087 (98%); 19406 (2%)
42091205904,Montgomery County PA,Census Tract 2059.04,F,0,0.0,624500.0,2342.0,0.75,-2.3,7.3,81.7,48.6,FAIL: not in positive-cash-flow set,6,,19406 (44%); 19087 (44%); 19428 (12%)
42091206104,Montgomery County PA,Census Tract 2061.04,F,0,0.0,608100.0,2224.0,0.73,-2.9,16.1,85.9,46.3,FAIL: not in positive-cash-flow set,6,,19426 (94%); 19460 (6%)
42091206501,Montgomery County PA,Census Tract 2065.01,F,0,0.0,465100.0,1659.0,0.71,-3.4,15.5,90.7,45.6,FAIL: not in positive-cash-flow set,6,,19426 (100%)
42091207800,Montgomery County PA,Census Tract 2078,F,0,0.0,391900.0,1317.0,0.67,-4.6,15.3,81.8,39.1,FAIL: not in positive-cash-flow set,6,,18073 (49%); 18041 (38%); 18070 (9%); 18076 (3%); 19504 (1%)
42091210200,Montgomery County PA,Census Tract 2102,F,0,0.0,438600.0,,,,,,,no data,,,19075 (63%); 19038 (37%)
42091210700,Montgomery County PA,Census Tract 2107,F,0,0.0,542000.0,1439.0,0.53,-8.7,60.1,85.6,18.1,FAIL: not in positive-cash-flow set,6,,19426 (99%); 19403 (1%)
42091980000,Montgomery County PA,Census Tract 9800,F,0,0.0,,,,,,,,no data,,,19403 (100%)
42091980100,Montgomery County PA,Census Tract 9801,F,0,0.0,,,,,,,,no data,,,19426 (65%); 19473 (35%)
42091980200,Montgomery County PA,Census Tract 9802,F,0,0.0,,,,,,,,no data,,,19406 (100%)
42091980300,Montgomery County PA,Census Tract 9803,F,0,0.0,,,,,,,,no data,,,19406 (100%)
42097081300,Northumberland County PA,Census Tract 813,S,0,0.0,85200.0,689.0,1.62,22.6,26.6,81.3,89.3,PASS,1,,17866 (100%)
42101000403,Philadelphia County PA,Census Tract 4.03,F,0,0.0,915800.0,2186.0,0.48,-10.2,16.4,89.2,35.6,FAIL: not in positive-cash-flow set,6,,19102 (61%); 19103 (39%)
42101000404,Philadelphia County PA,Census Tract 4.04,S,0,0.0,321800.0,2008.0,1.25,12.0,15.7,84.1,85.0,PASS,1,,19103 (100%)
42101011700,Philadelphia County PA,Census Tract 117,S,0,0.0,376900.0,3434.0,1.82,28.5,36.9,72.3,89.3,PASS,2,,19131 (100%)
42101012203,Philadelphia County PA,Census Tract 122.03,F,0,0.0,,2127.0,,,,,,no data,,,19131 (100%)
42101018802,Philadelphia County PA,Census Tract 188.02,F,0,0.0,102600.0,1235.0,2.41,45.4,53.6,82.1,83.3,FAIL: tenant payment risk,5,,19134 (100%)
42101019700,Philadelphia County PA,Census Tract 197,F,0,0.0,109900.0,1297.0,2.36,44.0,56.9,69.3,80.3,FAIL: tenant payment risk,6,,19140 (100%)
42101020500,Philadelphia County PA,Census Tract 205,S,0,0.0,101700.0,1271.0,2.5,48.0,24.5,78.7,90.3,PASS,1,,19129 (55%); 19140 (38%); 19144 (7%)
42101024900,Philadelphia County PA,Census Tract 249,S,0,0.0,191800.0,1211.0,1.26,12.4,41.9,64.3,73.7,PASS,3,,19138 (100%)
42101034702,Philadelphia County PA,Census Tract 347.02,S,0,0.0,306400.0,2531.0,1.65,23.6,38.8,79.5,80.3,PASS,2,,19136 (75%); 19152 (25%)
42101036400,Philadelphia County PA,Census Tract 364,F,0,0.0,433500.0,,,,,,,no data,,,19154 (59%); 19116 (41%)
42101036901,Philadelphia County PA,Census Tract 369.01,F,0,0.0,,,,,,,,no data,,,19104 (100%)
42101980001,Philadelphia County PA,Census Tract 9800.01,F,0,0.0,,,,,,,,no data,,,19121 (66%); 19130 (22%); 19132 (12%)
42101980002,Philadelphia County PA,Census Tract 9800.02,F,0,0.0,,,,,,,,no data,,,19131 (91%); 19104 (9%)
42101980003,Philadelphia County PA,Census Tract 9800.03,F,0,0.0,,,,,,,,no data,,,19104 (100%)
42101980100,Philadelphia County PA,Census Tract 9801,F,0,0.0,,,,,,,,no data,,,19128 (57%); 19118 (18%); 19144 (13%); 19119 (11%); 19129 (1%)
42101980300,Philadelphia County PA,Census Tract 9803,F,0,0.0,,,,,,,,no data,,,19114 (52%); 19154 (48%)
42101980400,Philadelphia County PA,Census Tract 9804,F,0,0.0,,,,,,,,no data,,,19153 (100%)
42101980500,Philadelphia County PA,Census Tract 9805,F,0,0.0,,,,,,,,no data,,,19140 (100%)
42101980600,Philadelphia County PA,Census Tract 9806,F,0,0.0,,,,,,,,no data,,,19148 (81%); 19145 (19%)
42101980701,Philadelphia County PA,Census Tract 9807.01,F,0,0.0,,,,,,,,no data,,,19148 (100%)
42101980702,Philadelphia County PA,Census Tract 9807.02,F,0,0.0,,,,,,,,no data,,,19148 (100%)
42101980800,Philadelphia County PA,Census Tract 9808,F,0,0.0,,,,,,,,no data,,,19151 (100%)
42101980901,Philadelphia County PA,Census Tract 9809.01,F,0,0.0,,,,,,,,no data,,,19153 (100%)
42101980902,Philadelphia County PA,Census Tract 9809.02,F,0,0.0,,,,,,,,no data,,,19146 (69%); 19145 (31%)
42101980903,Philadelphia County PA,Census Tract 9809.03,F,0,0.0,,,,,,,,no data,,,19146 (100%)
42101980904,Philadelphia County PA,Census Tract 9809.04,F,0,0.0,,,,,,,,no data,,,19145 (100%)
42101980905,Philadelphia County PA,Census Tract 9809.05,F,0,0.0,,,,,,,,no data,,,19145 (100%)
42101980906,Philadelphia County PA,Census Tract 9809.06,F,0,0.0,,,,,,,,no data,,,19145 (100%)
42101989100,Philadelphia County PA,Census Tract 9891,F,0,0.0,,,,,,,,no data,,,19136 (100%)
42101989200,Philadelphia County PA,Census Tract 9892,F,0,0.0,,,,,,,,no data,,,19112 (100%)
42101989300,Philadelphia County PA,Census Tract 9893,F,0,0.0,,,,,,,,no data,,,19124 (53%); 19140 (23%); 19134 (22%); 19120 (2%)
42107003900,Schuylkill County PA,Census Tract 39,S,0,0.0,235900.0,1071.0,0.91,2.2,4.5,80.6,62.1,PASS,2,,17963 (100%)
42119980101,Union County PA,Census Tract 9801.01,F,0,0.0,,,,,,,,no data,,,17810 (100%)
42119980501,Union County PA,Census Tract 9805.01,F,0,0.0,,,,,,,,no data,,,17837 (100%)
42119980800,Union County PA,Census Tract 9808,F,0,0.0,602300.0,,,,,,,no data,,,17837 (100%)
34001010403,Atlantic County NJ,Census Tract 104.03,F,0,0.0,279000.0,,,,,,,no data,,,08205 (63%); 08215 (37%)
34001010506,Atlantic County NJ,Census Tract 105.06,S,0,0.0,322700.0,1948.0,1.21,10.8,20.9,84.2,75.5,PASS,1,,08205 (100%)
34001010700,Atlantic County NJ,Census Tract 107,F,0,0.0,295600.0,1125.0,0.76,-2.0,9.0,84.1,46.8,FAIL: not in positive-cash-flow set,6,,08037 (59%); 08215 (41%)
34001011703,Atlantic County NJ,Census Tract 117.03,F,0,0.0,280200.0,,,,,,,no data,,,08234 (100%)
34001011804,Atlantic County NJ,Census Tract 118.04,S,0,0.0,343800.0,2586.0,1.5,19.4,33.7,85.5,82.2,PASS,1,,08234 (100%)
34001011805,Atlantic County NJ,Census Tract 118.05,F,0,0.0,315100.0,,,,,,,no data,,,08234 (100%)
34001012602,Atlantic County NJ,Census Tract 126.02,F,0,0.0,442400.0,,,,,,,no data,,,08221 (100%)
34001983400,Atlantic County NJ,Census Tract 9834,F,0,0.0,,,,,,,,no data,,,08240 (78%); 08205 (22%)
34001990000,Atlantic County NJ,Census Tract 9900,F,0,0.0,,,,,,,,no data,,,
34005700304,Burlington County NJ,Census Tract 7003.04,S,0,0.0,328400.0,2294.0,1.4,16.3,14.3,87.6,83.1,PASS,1,,08077 (100%)
34005700305,Burlington County NJ,Census Tract 7003.05,S,0,0.0,403100.0,2656.0,1.32,14.0,42.7,77.2,71.6,PASS,3,,08077 (100%)
34005700306,Burlington County NJ,Census Tract 7003.06,F,0,0.0,366600.0,,,,,,,no data,,,08077 (100%)
34005700307,Burlington County NJ,Census Tract 7003.07,F,0,0.0,454800.0,,,,,,,no data,,,08077 (100%)
34005700505,Burlington County NJ,Census Tract 7005.05,F,0,0.0,894800.0,2155.0,0.48,-10.1,36.0,85.2,24.0,FAIL: not in positive-cash-flow set,6,,08057 (100%)
34005701201,Burlington County NJ,Census Tract 7012.01,S,0,0.0,312200.0,1456.0,0.93,2.9,37.1,77.8,58.9,PASS,2,,08016 (100%)
34005701302,Burlington County NJ,Census Tract 7013.02,S,0,0.0,192300.0,1200.0,1.25,12.0,16.1,88.0,70.8,PASS,1,,08554 (96%); 08518 (4%)
34005701402,Burlington County NJ,Census Tract 7014.02,F,0,0.0,310400.0,,,,,,,no data,,,08022 (52%); 08505 (48%)
34005702702,Burlington County NJ,Census Tract 7027.02,F,0,0.0,388700.0,,,,,,,no data,,,08060 (100%)
34005702801,Burlington County NJ,Census Tract 7028.01,S,0,0.0,265700.0,1669.0,1.26,12.2,10.2,86.3,82.4,PASS,1,,08046 (100%)
34005702802,Burlington County NJ,Census Tract 7028.02,S,0,0.0,265200.0,2549.0,1.92,31.4,23.8,83.4,84.4,PASS,1,,08046 (100%)
34005702803,Burlington County NJ,Census Tract 7028.03,S,0,0.0,300500.0,1690.0,1.12,8.4,20.8,86.1,71.4,PASS,1,,08046 (100%)
34005702804,Burlington County NJ,Census Tract 7028.04,S,0,0.0,260900.0,1861.0,1.43,17.1,3.6,74.2,84.1,PASS,1,,08046 (100%)
34005702805,Burlington County NJ,Census Tract 7028.05,F,0,0.0,267100.0,,,,,,,no data,,,08046 (100%)
34005702807,Burlington County NJ,Census Tract 7028.07,S,0,0.0,252000.0,1886.0,1.5,19.2,33.3,86.1,89.1,PASS,1,,08046 (100%)
34005702808,Burlington County NJ,Census Tract 7028.08,S,0,0.0,255400.0,1814.0,1.42,17.0,12.4,84.7,81.7,PASS,1,,08046 (100%)
34005702810,Burlington County NJ,Census Tract 7028.10,S,0,0.0,330700.0,1898.0,1.15,9.1,21.7,73.6,75.3,PASS,1,,08046 (91%); 08010 (9%)
34005702811,Burlington County NJ,Census Tract 7028.11,F,0,0.0,328800.0,,,,,,,no data,,,08046 (100%)
34005702907,Burlington County NJ,Census Tract 7029.07,S,0,0.0,387300.0,2369.0,1.22,11.3,3.2,82.2,80.6,PASS,1,,08054 (100%)
34005702910,Burlington County NJ,Census Tract 7029.10,S,0,0.0,457600.0,2552.0,1.12,8.2,38.3,91.1,72.3,PASS,2,,08054 (100%)
34005702914,Burlington County NJ,Census Tract 7029.14,F,0,0.0,385600.0,1901.0,0.99,4.4,59.7,89.6,63.7,FAIL: tenant payment risk,6,,08054 (100%)
34005703201,Burlington County NJ,Census Tract 7032.01,F,0,0.0,390700.0,,,,,,,no data,,,08088 (100%)
34005703202,Burlington County NJ,Census Tract 7032.02,S,0,0.0,398000.0,3113.0,1.56,21.1,25.6,84.1,83.8,PASS,1,,08088 (100%)
34005703700,Burlington County NJ,Census Tract 7037,S,0,0.0,442400.0,2228.0,1.01,5.1,6.3,83.4,67.9,PASS,1,,08088 (100%)
34005703803,Burlington County NJ,Census Tract 7038.03,S,0,0.0,435100.0,2771.0,1.27,12.7,27.7,83.1,78.8,PASS,1,,08055 (100%)
34005703900,Burlington County NJ,Census Tract 7039,S,0,0.0,402900.0,2211.0,1.1,7.7,22.7,83.6,73.5,PASS,1,,08055 (100%)
34005704013,Burlington County NJ,Census Tract 7040.13,F,0,0.0,377900.0,1688.0,0.89,1.8,61.3,84.3,53.0,FAIL: tenant payment risk,6,,08053 (100%)
34005981802,Burlington County NJ,Census Tract 9818.02,F,0,0.0,,,,,,,,no data,,,08515 (80%); 08620 (20%)
34007603301,Camden County NJ,Census Tract 6033.01,S,0,0.0,352500.0,2092.0,1.19,10.2,10.5,84.9,85.4,PASS,1,,08002 (99%); 08034 (1%)
34007603503,Camden County NJ,Census Tract 6035.03,S,0,0.0,523600.0,3501.0,1.34,14.6,29.5,86.7,83.1,PASS,1,,08003 (100%)
34007603506,Camden County NJ,Census Tract 6035.06,F,0,0.0,463000.0,1155.0,0.5,-9.6,52.8,82.7,26.6,FAIL: not in positive-cash-flow set,6,,08003 (100%)
34007603602,Camden County NJ,Census Tract 6036.02,F,0,0.0,491600.0,,,,,,,no data,,,08034 (100%)
34007603603,Camden County NJ,Census Tract 6036.03,F,0,0.0,434400.0,,,,,,,no data,,,08034 (100%)
34007607402,Camden County NJ,Census Tract 6074.02,S,0,0.0,221800.0,1109.0,1.0,4.8,32.5,80.7,67.7,PASS,1,,08083 (100%)
34007607504,Camden County NJ,Census Tract 6075.04,F,0,0.0,607900.0,,,,,,,no data,,,08043 (100%)
34007607505,Camden County NJ,Census Tract 6075.05,F,0,0.0,426200.0,,,,,,,no data,,,08043 (100%)
34007608202,Camden County NJ,Census Tract 6082.02,S,0,0.0,314100.0,1778.0,1.13,8.7,35.1,89.4,73.6,PASS,2,,08021 (80%); 08012 (20%)
34007608205,Camden County NJ,Census Tract 6082.05,S,0,0.0,337400.0,1772.0,1.05,6.3,37.3,83.5,70.2,PASS,2,,08083 (86%); 08012 (14%)
34007608401,Camden County NJ,Census Tract 6084.01,S,0,0.0,280400.0,2182.0,1.56,20.9,1.2,87.5,86.5,PASS,1,,08081 (100%)
34007608403,Camden County NJ,Census Tract 6084.03,S,0,0.0,357400.0,1699.0,0.95,3.4,35.6,87.0,65.8,PASS,2,,08081 (100%)
34007608903,Camden County NJ,Census Tract 6089.03,F,0,0.0,301300.0,,,,,,,no data,,,08004 (100%)
34007608904,Camden County NJ,Census Tract 6089.04,S,0,0.0,273900.0,2111.0,1.54,20.4,26.3,83.4,82.1,PASS,1,,08004 (54%); 08089 (46%)
34007609206,Camden County NJ,Census Tract 6092.06,F,0,0.0,344200.0,500.0,0.29,-15.6,21.5,85.5,23.3,FAIL: not in positive-cash-flow set,6,,08081 (100%)
34011010103,Cumberland County NJ,Census Tract 101.03,F,0,0.0,,,,,,,,no data,,,08327 (100%)
34011010402,Cumberland County NJ,Census Tract 104.02,F,0,0.0,,,,,,,,no data,,,08320 (100%)
34011020502,Cumberland County NJ,Census Tract 205.02,F,0,0.0,,,,,,,,no data,,,08302 (100%)
34011030501,Cumberland County NJ,Census Tract 305.01,F,0,0.0,231300.0,1111.0,0.96,3.7,62.7,79.2,54.8,FAIL: tenant payment risk,6,,08332 (100%)
34011990000,Cumberland County NJ,Census Tract 9900,F,0,0.0,,,,,,,,no data,,,
34015500601,Gloucester County NJ,Census Tract 5006.01,F,0,0.0,372400.0,,,,,,,no data,,,08020 (59%); 08056 (23%); 08061 (18%)
34015500602,Gloucester County NJ,Census Tract 5006.02,F,0,0.0,555900.0,,,,,,,no data,,,08056 (97%); 08062 (3%)
34015500703,Gloucester County NJ,Census Tract 5007.03,F,0,0.0,441400.0,1604.0,0.73,-3.0,13.4,84.3,45.8,FAIL: not in positive-cash-flow set,6,,08080 (76%); 08071 (13%); 08062 (6%); 08056 (6%)
34015501103,Gloucester County NJ,Census Tract 5011.03,F,0,0.0,312800.0,,,,,,,no data,,,08096 (69%); 08080 (31%)
34015501104,Gloucester County NJ,Census Tract 5011.04,S,0,0.0,276400.0,1913.0,1.38,15.9,24.0,79.9,73.0,PASS,1,,08096 (100%)
34015501201,Gloucester County NJ,Census Tract 5012.01,F,0,0.0,399500.0,,,,,,,no data,,,08080 (55%); 08012 (38%); 08032 (7%)
34015501202,Gloucester County NJ,Census Tract 5012.02,F,0,0.0,368600.0,,,,,,,no data,,,08080 (79%); 08012 (21%)
34015501204,Gloucester County NJ,Census Tract 5012.04,S,0,0.0,318100.0,1795.0,1.13,8.6,15.2,80.3,71.8,PASS,1,,08012 (85%); 08081 (15%)
34015501210,Gloucester County NJ,Census Tract 5012.10,F,0,0.0,327100.0,,,,,,,no data,,,08080 (100%)
34015501501,Gloucester County NJ,Census Tract 5015.01,F,0,0.0,275000.0,1095.0,0.8,-1.0,20.4,79.5,49.7,FAIL: not in positive-cash-flow set,6,,08312 (64%); 08094 (24%); 08322 (9%); 08028 (3%)
34015501702,Gloucester County NJ,Census Tract 5017.02,S,0,0.0,306100.0,1582.0,1.03,5.8,26.1,84.0,68.5,PASS,1,,08344 (56%); 08322 (35%); 08094 (5%); 08360 (4%)
34015502100,Gloucester County NJ,Census Tract 5021,S,0,0.0,493800.0,2818.0,1.14,8.9,19.6,78.7,72.6,PASS,1,,08062 (72%); 08085 (24%); 08039 (3%)
34015502201,Gloucester County NJ,Census Tract 5022.01,F,0,0.0,453200.0,1391.0,0.61,-6.3,36.6,86.5,36.0,FAIL: not in positive-cash-flow set,6,,08085 (100%)
34015502400,Gloucester County NJ,Census Tract 5024,F,0,0.0,304600.0,,,,,,,no data,,,08085 (84%); 08014 (16%)
34033020900,Salem County NJ,Census Tract 209,S,0,0.0,258300.0,1520.0,1.18,9.9,23.1,78.6,66.9,PASS,1,,08318 (52%); 08343 (41%); 08098 (5%); 08344 (2%)
34033021101,Salem County NJ,Census Tract 211.01,F,0,0.0,300900.0,1150.0,0.76,-1.9,60.5,80.0,32.2,FAIL: not in positive-cash-flow set,6,,08318 (100%)
34033021102,Salem County NJ,Census Tract 211.02,S,0,0.0,304200.0,1379.0,0.91,2.2,43.0,82.3,54.1,PASS,3,,08318 (100%)
34033021201,Salem County NJ,Census Tract 212.01,F,0,0.0,326800.0,749.0,0.46,-10.7,9.3,84.4,32.6,FAIL: not in positive-cash-flow set,6,,08098 (32%); 08318 (29%); 08302 (24%); 08001 (10%); 08079 (5%)
34033021202,Salem County NJ,Census Tract 212.02,S,0,0.0,220900.0,1296.0,1.17,9.8,33.0,84.3,77.1,PASS,1,,08079 (76%); 08302 (23%); 08072 (1%)
34033990000,Salem County NJ,Census Tract 9900,F,0,0.0,,,,,,,,no data,,,
10001040206,Kent County DE,Census Tract 402.06,F,0,0.0,397400.0,,,,,,,no data,,,19977 (68%); 19904 (28%); 19938 (5%)
10001040502,Kent County DE,Census Tract 405.02,S,0,0.0,198400.0,1554.0,1.57,21.2,21.6,79.4,90.0,PASS,1,,19901 (100%)
10001041702,Kent County DE,Census Tract 417.02,F,0,0.0,338800.0,1385.0,0.82,-0.4,34.1,80.6,50.3,FAIL: not in positive-cash-flow set,6,,19901 (70%); 19934 (30%)
10001041900,Kent County DE,Census Tract 419,S,0,0.0,263200.0,1291.0,0.98,4.3,23.9,79.7,65.5,PASS,1,,19953 (81%); 19964 (13%); 19934 (3%); 19904 (2%)
10001042100,Kent County DE,Census Tract 421,S,0,0.0,353500.0,1544.0,0.87,1.2,38.6,82.9,54.7,PASS,3,,19934 (66%); 19979 (16%); 19943 (7%); 19904 (7%); 19901 (2%); 19980 (1%)
10001042204,Kent County DE,Census Tract 422.04,F,0,0.0,424900.0,,,,,,,no data,,,19962 (67%); 19901 (21%); 19934 (12%)
10001042205,Kent County DE,Census Tract 422.05,F,0,0.0,333100.0,841.0,0.5,-9.4,41.4,71.8,20.9,FAIL: not in positive-cash-flow set,6,,19962 (39%); 19943 (37%); 19901 (24%)
10001042206,Kent County DE,Census Tract 422.06,F,0,0.0,332400.0,,,,,,,no data,,,19943 (92%); 19962 (8%)
10001042208,Kent County DE,Census Tract 422.08,S,0,0.0,256700.0,1315.0,1.02,5.6,34.9,84.5,63.9,PASS,2,,19946 (61%); 19962 (39%)
10001042801,Kent County DE,Census Tract 428.01,F,0,0.0,324600.0,,,,,,,no data,,,19943 (65%); 19952 (35%)
10001980000,Kent County DE,Census Tract 9800,F,0,0.0,,,,,,,,no data,,,19902 (80%); 19901 (20%)
10001990000,Kent County DE,Census Tract 9900,F,0,0.0,,,,,,,,no data,,,
10003000601,New Castle County DE,Census Tract 6.01,F,0,0.0,152000.0,1308.0,1.72,25.6,56.5,73.6,80.2,FAIL: tenant payment risk,6,,19802 (100%)
10003003002,New Castle County DE,Census Tract 30.02,F,0,0.0,,748.0,,,,,,no data,,,19802 (100%)
10003010105,New Castle County DE,Census Tract 101.05,S,0,0.0,232400.0,1430.0,1.23,11.5,16.7,84.4,87.8,PASS,1,,19703 (100%)
10003010200,New Castle County DE,Census Tract 102,F,0,0.0,319000.0,,,,,,,no data,,,19703 (100%)
10003010703,New Castle County DE,Census Tract 107.03,F,0,0.0,298500.0,1255.0,0.84,0.3,46.5,86.5,53.9,FAIL: tenant payment risk,4,,19809 (100%)
10003010900,New Castle County DE,Census Tract 109,F,0,0.0,431400.0,1730.0,0.8,-0.9,9.9,79.8,51.6,FAIL: not in positive-cash-flow set,6,,19803 (100%)
10003011000,New Castle County DE,Census Tract 110,F,0,0.0,383400.0,,,,,,,no data,,,19809 (59%); 19803 (40%); 19810 (1%)
10003011205,New Castle County DE,Census Tract 112.05,F,0,0.0,449400.0,,,,,,,no data,,,19810 (100%)
10003011206,New Castle County DE,Census Tract 112.06,F,0,0.0,531400.0,1833.0,0.69,-4.1,44.4,80.0,33.4,FAIL: not in positive-cash-flow set,6,,19810 (100%)
10003011300,New Castle County DE,Census Tract 113,S,0,0.0,410300.0,3501.0,1.71,25.2,37.0,80.4,83.5,PASS,2,,19810 (100%)
10003011700,New Castle County DE,Census Tract 117,F,0,0.0,674400.0,2304.0,0.68,-4.3,27.3,81.7,42.0,FAIL: not in positive-cash-flow set,6,,19803 (85%); 19732 (10%); 19806 (5%)
10003013200,New Castle County DE,Census Tract 132,F,0,0.0,275900.0,964.0,0.7,-3.8,17.6,84.7,48.0,FAIL: not in positive-cash-flow set,6,,19808 (100%)
10003013300,New Castle County DE,Census Tract 133,F,0,0.0,314300.0,,,,,,,no data,,,19808 (100%)
10003013400,New Castle County DE,Census Tract 134,F,0,0.0,346400.0,945.0,0.55,-8.2,38.8,81.6,30.0,FAIL: not in positive-cash-flow set,6,,19808 (100%)
10003013501,New Castle County DE,Census Tract 135.01,S,0,0.0,536500.0,3501.0,1.31,13.6,44.2,80.1,72.7,PASS,3,,19707 (69%); 19808 (21%); 19807 (8%); 19736 (2%)
10003013505,New Castle County DE,Census Tract 135.05,F,0,0.0,576000.0,,,,,,,no data,,,19711 (70%); 19707 (30%)
10003013506,New Castle County DE,Census Tract 135.06,F,0,0.0,588000.0,,,,,,,no data,,,19711 (100%)
10003013507,New Castle County DE,Census Tract 135.07,F,0,0.0,584500.0,,,,,,,no data,,,19707 (100%)
10003013508,New Castle County DE,Census Tract 135.08,F,0,0.0,528300.0,1980.0,0.75,-2.4,3.0,85.7,50.2,FAIL: not in positive-cash-flow set,6,,19707 (100%)
10003013604,New Castle County DE,Census Tract 136.04,S,0,0.0,361400.0,1738.0,0.96,3.7,32.0,87.2,66.8,PASS,1,,19808 (99%); 19711 (1%)
10003013901,New Castle County DE,Census Tract 139.01,S,0,0.0,274200.0,1147.0,0.84,0.1,5.9,84.1,64.4,PASS,1,,19713 (100%)
10003013903,New Castle County DE,Census Tract 139.03,S,0,0.0,335600.0,1759.0,1.05,6.2,19.5,84.2,69.8,PASS,1,,19702 (100%)
10003014200,New Castle County DE,Census Tract 142,S,0,0.0,328500.0,2189.0,1.33,14.4,39.0,83.5,81.5,PASS,2,,19711 (100%)
10003014301,New Castle County DE,Census Tract 143.01,F,0,0.0,517400.0,,,,,,,no data,,,19711 (100%)
10003014702,New Castle County DE,Census Tract 147.02,S,0,0.0,327500.0,2695.0,1.65,23.4,24.2,83.9,88.3,PASS,1,,19713 (100%)
10003014703,New Castle County DE,Census Tract 147.03,S,0,0.0,254600.0,1682.0,1.32,14.1,35.0,81.6,87.6,PASS,2,,19713 (100%)
10003014803,New Castle County DE,Census Tract 148.03,F,0,0.0,370200.0,1306.0,0.71,-3.6,18.7,83.8,38.4,FAIL: not in positive-cash-flow set,6,,19713 (85%); 19711 (15%)
10003014809,New Castle County DE,Census Tract 148.09,S,0,0.0,365500.0,2407.0,1.32,14.0,37.2,81.9,74.1,PASS,2,,19701 (100%)
10003014811,New Castle County DE,Census Tract 148.11,F,0,0.0,487400.0,1890.0,0.78,-1.6,12.7,87.0,49.7,FAIL: not in positive-cash-flow set,6,,19702 (52%); 19701 (48%)
10003014812,New Castle County DE,Census Tract 148.12,S,0,0.0,404100.0,2055.0,1.02,5.3,39.5,86.6,64.6,PASS,2,,19702 (100%)
10003014814,New Castle County DE,Census Tract 148.14,S,0,0.0,397100.0,1791.0,0.9,2.0,23.5,87.4,60.6,PASS,2,,19702 (100%)
10003015400,New Castle County DE,Census Tract 154,S,0,0.0,211200.0,1298.0,1.23,11.4,41.3,79.1,72.9,PASS,3,,19720 (56%); 19801 (44%)
10003015900,New Castle County DE,Census Tract 159,S,0,0.0,224100.0,1587.0,1.42,16.8,32.3,78.5,77.4,PASS,1,,19720 (100%)
10003016301,New Castle County DE,Census Tract 163.01,F,0,0.0,,1780.0,,,,,,no data,,,19701 (88%); 19702 (12%)
10003016307,New Castle County DE,Census Tract 163.07,F,0,0.0,372100.0,,,,,,,no data,,,19720 (56%); 19701 (44%)
10003016401,New Castle County DE,Census Tract 164.01,F,0,0.0,557800.0,1214.0,0.44,-11.4,2.3,85.5,23.3,FAIL: not in positive-cash-flow set,6,,19701 (91%); 19720 (9%)
10003016608,New Castle County DE,Census Tract 166.08,F,0,0.0,469800.0,1603.0,0.68,-4.3,16.1,79.1,38.9,FAIL: not in positive-cash-flow set,6,,19709 (89%); 19731 (11%)
10003016609,New Castle County DE,Census Tract 166.09,F,0,0.0,587800.0,,,,,,,no data,,,19709 (99%); 21912 (1%)
10003016612,New Castle County DE,Census Tract 166.12,F,0,0.0,555300.0,,,,,,,no data,,,19709 (100%)
10003016805,New Castle County DE,Census Tract 168.05,F,0,0.0,370500.0,900.0,0.49,-10.0,16.7,79.3,26.4,FAIL: not in positive-cash-flow set,6,,19734 (99%); 19938 (1%)
10003016807,New Castle County DE,Census Tract 168.07,F,0,0.0,460800.0,,,,,,,no data,,,19734 (56%); 19709 (44%)
10003016808,New Castle County DE,Census Tract 168.08,S,0,0.0,454400.0,2155.0,0.95,3.4,39.5,83.8,58.5,PASS,2,,19734 (97%); 19709 (3%)
10003016901,New Castle County DE,Census Tract 169.01,F,0,0.0,391300.0,1507.0,0.77,-1.8,36.6,81.7,43.2,FAIL: not in positive-cash-flow set,6,,19977 (49%); 19938 (34%); 19734 (17%)
10003980100,New Castle County DE,Census Tract 9801,F,0,0.0,,,,,,,,no data,,,19809 (100%)
10003990100,New Castle County DE,Census Tract 9901,F,0,0.0,,,,,,,,no data,,,
24015031301,Cecil County MD,Census Tract 313.01,F,0,0.0,339100.0,,,,,,,no data,,,21904 (34%); 21911 (27%); 21917 (24%); 21918 (15%)
36015000300,Chemung County NY,Census Tract 3,F,0,0.0,,,,,,,,no data,,,14901 (100%)
36107020402,Tioga County NY,Census Tract 204.02,S,0,0.0,213700.0,1106.0,1.04,5.9,8.2,82.9,71.8,PASS,1,,13732 (100%)
