geoid,county,tract,tier,duplex_type_units,expected_sales_per_year,median_value,median_rent,rent_to_price_at_1.0x,coc_at_1.0x,tenant_payment_risk,employment_stability,enhanced_score,gate1,tier_gate1,county_condition,zips_by_land_share
42003170200,Allegheny County PA,Census Tract 1702,P,936,9.97,283300.0,1522.0,1.07,7.0,34.2,90.2,85.6,PASS,2,,15203 (94%); 15219 (6%)
42003110200,Allegheny County PA,Census Tract 1102,F,701,7.47,487500.0,1367.0,0.56,-7.8,20.0,88.0,49.5,FAIL: not in positive-cash-flow set,6,,15206 (100%)
42003509400,Allegheny County PA,Census Tract 5094,P,664,7.07,84900.0,682.0,1.61,22.3,22.8,72.5,97.4,PASS,1,,15145 (100%)
42003564700,Allegheny County PA,Census Tract 5647,P,635,6.76,99700.0,864.0,1.73,26.0,31.9,76.5,91.7,PASS,1,,15221 (100%)
42003040900,Allegheny County PA,Census Tract 409,F,631,6.72,217400.0,1431.0,1.32,14.0,66.4,72.3,86.8,FAIL: tenant payment risk,6,,15213 (100%)
54061010901,Monongalia County WV,Census Tract 109.01,F,626,5.75,249000.0,907.0,0.73,-3.0,33.1,85.4,59.4,FAIL: not in positive-cash-flow set,6,,26501 (100%)
42003151700,Allegheny County PA,Census Tract 1517,P,609,6.49,268200.0,1415.0,1.06,6.4,18.0,85.1,83.0,PASS,1,,15217 (90%); 15207 (10%)
42003565100,Allegheny County PA,Census Tract 5651,F,588,6.26,442000.0,1193.0,0.54,-8.4,33.5,84.0,42.2,FAIL: not in positive-cash-flow set,6,,15212 (84%); 15233 (16%)
42003241300,Allegheny County PA,Census Tract 2413,P,586,6.24,117600.0,1539.0,2.62,51.4,26.6,87.0,100,PASS,1,,15212 (89%); 15222 (11%)
39155933600,Trumbull County OH,Census Tract 9336,P,583,3.49,110100.0,743.0,1.35,14.9,26.0,78.0,96.4,PASS,1,,44444 (100%)
42003111300,Allegheny County PA,Census Tract 1113,F,565,6.02,385700.0,1096.0,0.57,-7.6,22.4,86.6,45.7,FAIL: not in positive-cash-flow set,6,,15206 (100%)
42003191400,Allegheny County PA,Census Tract 1914,P,559,5.95,221300.0,1452.0,1.31,13.8,21.9,85.9,95.9,PASS,1,,15211 (93%); 15203 (7%)
39029950500,Columbiana County OH,Census Tract 9505,P,555,2.22,114800.0,708.0,1.23,11.6,24.1,80.2,86.9,PASS,1,,44460 (100%)
42003565200,Allegheny County PA,Census Tract 5652,F,553,5.89,304000.0,1130.0,0.74,-2.5,18.9,86.3,58.3,FAIL: not in positive-cash-flow set,6,,15233 (56%); 15212 (36%); 15290 (8%)
42003465800,Allegheny County PA,Census Tract 4658,P,551,5.87,201400.0,1130.0,1.12,8.4,24.4,86.6,83.7,PASS,1,,15205 (100%)
54061010202,Monongalia County WV,Census Tract 102.02,F,526,4.83,169600.0,936.0,1.1,7.8,56.1,81.9,85.0,FAIL: tenant payment risk,5,,26505 (100%)
54049020200,Marion County WV,Census Tract 202,P,520,2.03,104300.0,883.0,1.69,24.8,20.7,84.2,100,PASS,1,,26554 (100%)
54011001300,Cabell County WV,Census Tract 13,P,516,3.45,213600.0,1052.0,0.99,4.4,30.5,80.3,77.7,PASS,1,,25701 (100%)
42051262300,Fayette County PA,Census Tract 2623,P,515,3.93,63500.0,782.0,2.46,47.0,34.8,78.8,94.7,PASS,2,,15401 (100%)
39029950700,Columbiana County OH,Census Tract 9507,P,509,2.04,123700.0,741.0,1.2,10.6,44.0,77.5,86.9,PASS,3,,44460 (100%)
39099811301,Mahoning County OH,Census Tract 8113.01,P,509,4.17,103300.0,721.0,1.4,16.3,36.0,81.6,94.6,PASS,2,,44512 (100%)
54061010700,Monongalia County WV,Census Tract 107,P,503,4.62,204500.0,953.0,0.93,2.9,44.1,80.0,75.8,PASS,3,,26505 (100%)
42007605400,Beaver County PA,Census Tract 6054,P,493,5.81,119800.0,782.0,1.31,13.6,27.3,80.7,90.4,PASS,1,,15066 (70%); 15009 (28%); 15010 (2%)
42003476100,Allegheny County PA,Census Tract 4761,P,490,5.22,207400.0,1016.0,0.98,4.3,20.3,87.5,79.3,PASS,1,,15234 (100%)
42003431100,Allegheny County PA,Census Tract 4311,P,487,5.19,214900.0,973.0,0.91,2.1,25.7,85.3,72.4,PASS,1,,15202 (100%)
54061010103,Monongalia County WV,Census Tract 101.03,F,473,4.34,,840.0,,,,,,no data,,,26505 (100%)
54011001400,Cabell County WV,Census Tract 14,F,469,3.13,151400.0,924.0,1.22,11.2,52.2,75.0,90.2,FAIL: tenant payment risk,5,,25701 (76%); 25703 (24%)
42129803000,Westmoreland County PA,Census Tract 8030,P,467,4.44,174500.0,987.0,1.13,8.6,16.0,87.0,92.2,PASS,1,,15642 (100%)
39155933800,Trumbull County OH,Census Tract 9338,F,456,2.73,48000.0,547.0,2.28,41.7,46.5,68.2,93.4,FAIL: tenant payment risk,4,,44483 (82%); 44481 (18%)
42003040600,Allegheny County PA,Census Tract 406,F,447,4.76,,1788.0,,,,,,no data,,,15213 (100%)
42003080600,Allegheny County PA,Census Tract 806,F,446,4.75,371600.0,1117.0,0.6,-6.6,23.7,89.4,53.1,FAIL: not in positive-cash-flow set,6,,15224 (67%); 15232 (27%); 15206 (7%)
42003140300,Allegheny County PA,Census Tract 1403,F,441,4.7,621700.0,2054.0,0.66,-4.9,23.8,86.4,54.2,FAIL: not in positive-cash-flow set,6,,15217 (100%)
39029950200,Columbiana County OH,Census Tract 9502,F,438,1.75,175400.0,695.0,0.79,-1.1,27.4,83.1,64.2,FAIL: not in positive-cash-flow set,6,,44408 (100%)
42003478100,Allegheny County PA,Census Tract 4781,P,437,4.66,141100.0,783.0,1.11,8.0,33.1,84.7,81.9,PASS,1,,15227 (99%); 15236 (1%)
24001001000,Allegany County MD,Census Tract 10,P,431,7.99,82600.0,541.0,1.31,13.8,33.6,71.0,85.3,PASS,1,,21502 (100%)
42003300100,Allegheny County PA,Census Tract 3001,P,430,4.58,73200.0,1059.0,2.89,59.4,37.2,82.1,100,PASS,2,,15210 (100%)
42003560400,Allegheny County PA,Census Tract 5604,P,424,4.52,202800.0,1156.0,1.14,8.9,34.6,82.2,91.6,PASS,2,,15221 (100%)
42003140500,Allegheny County PA,Census Tract 1405,P,423,4.51,288700.0,1392.0,0.96,3.8,18.5,84.9,82.4,PASS,1,,15208 (98%); 15221 (2%)
42003290400,Allegheny County PA,Census Tract 2904,P,422,4.5,126600.0,1133.0,1.79,27.6,18.9,83.7,95.1,PASS,1,,15210 (53%); 15227 (47%)
39155933002,Trumbull County OH,Census Tract 9330.02,P,422,2.53,176600.0,1138.0,1.29,13.2,19.2,83.6,88.7,PASS,1,,44484 (98%); 44410 (2%)
42051261900,Fayette County PA,Census Tract 2619,F,420,3.2,172000.0,701.0,0.82,-0.5,36.2,69.0,57.3,FAIL: not in positive-cash-flow set,6,,15401 (100%)
42019902300,Butler County PA,Census Tract 9023,P,414,3.4,76300.0,871.0,2.28,41.8,41.6,73.5,93.3,PASS,3,,16001 (100%)
42063961102,Indiana County PA,Census Tract 9611.02,P,413,2.06,121500.0,842.0,1.39,16.0,40.5,70.5,92.3,PASS,3,,15701 (86%); 15705 (14%)
42003560500,Allegheny County PA,Census Tract 5605,P,412,4.39,240900.0,1218.0,1.01,5.2,21.5,86.1,84.4,PASS,1,,15221 (99%); 15218 (1%)
42051262200,Fayette County PA,Census Tract 2622,P,412,3.14,107300.0,800.0,1.49,19.0,28.6,81.4,94.4,PASS,1,,15401 (100%)
39099813601,Mahoning County OH,Census Tract 8136.01,P,412,3.37,211400.0,1319.0,1.25,12.0,22.8,79.4,89.6,PASS,1,,44442 (53%); 44514 (32%); 44443 (10%); 44452 (5%)
42019902100,Butler County PA,Census Tract 9021,P,410,3.37,179300.0,847.0,0.94,3.3,30.7,86.9,75.7,PASS,1,,16001 (100%)
42019911900,Butler County PA,Census Tract 9119,F,404,3.32,290400.0,1035.0,0.71,-3.4,28.2,82.1,56.4,FAIL: not in positive-cash-flow set,6,,16063 (89%); 16037 (11%)
42125754300,Washington County PA,Census Tract 7543,P,404,4.25,98500.0,986.0,2.0,33.7,24.1,81.9,98.1,PASS,1,,15301 (100%)
42003432400,Allegheny County PA,Census Tract 4324,P,403,4.29,167000.0,949.0,1.14,8.8,39.7,82.2,84.5,PASS,2,,15202 (100%)
42003431500,Allegheny County PA,Census Tract 4315,F,402,4.28,250000.0,900.0,0.72,-3.2,22.0,85.9,57.2,FAIL: not in positive-cash-flow set,6,,15202 (100%)
42003191600,Allegheny County PA,Census Tract 1916,P,399,4.25,148300.0,1184.0,1.6,22.0,14.1,86.6,96.3,PASS,1,,15216 (96%); 15226 (4%)
42019902500,Butler County PA,Census Tract 9025,P,398,3.27,103200.0,679.0,1.32,13.9,33.2,82.8,92.0,PASS,1,,16001 (97%); 16002 (3%)
42003271600,Allegheny County PA,Census Tract 2716,F,388,4.13,93900.0,1091.0,2.32,43.0,50.5,79.9,97.3,FAIL: tenant payment risk,5,,15212 (100%)
42003424000,Allegheny County PA,Census Tract 4240,P,387,4.12,141400.0,991.0,1.4,16.4,27.3,81.3,93.0,PASS,1,,15215 (100%)
42003462600,Allegheny County PA,Census Tract 4626,P,385,4.1,96600.0,1082.0,2.24,40.6,22.5,77.5,98.0,PASS,1,,15136 (100%)
39029951800,Columbiana County OH,Census Tract 9518,F,385,1.54,80600.0,842.0,2.09,36.2,47.2,81.3,94.1,FAIL: tenant payment risk,4,,43968 (100%)
42003563900,Allegheny County PA,Census Tract 5639,P,383,4.08,160300.0,1066.0,1.33,14.4,18.7,84.8,91.9,PASS,1,,15221 (78%); 15112 (22%)
42129804100,Westmoreland County PA,Census Tract 8041,P,379,3.6,147900.0,721.0,0.97,4.1,34.6,79.9,79.1,PASS,2,,15601 (100%)
39029951100,Columbiana County OH,Census Tract 9511,P,378,1.51,121100.0,713.0,1.18,10.0,35.2,78.4,82.5,PASS,2,,44432 (96%); 44431 (4%)
39081000200,Jefferson County OH,Census Tract 2,P,377,3.6,65300.0,477.0,1.46,18.1,31.1,71.7,89.5,PASS,1,,43952 (100%)
54033030100,Harrison County WV,Census Tract 301,P,372,2.85,112600.0,694.0,1.23,11.6,34.1,76.8,84.1,PASS,2,,26301 (100%)
42003080400,Allegheny County PA,Census Tract 804,P,371,3.95,190900.0,1494.0,1.57,21.1,30.0,88.1,100,PASS,1,,15213 (47%); 15224 (47%); 15232 (6%)
42111021000,Somerset County PA,Census Tract 210,P,368,2.33,172400.0,766.0,0.89,1.6,28.3,82.5,71.6,PASS,1,,15501 (100%)
42003191800,Allegheny County PA,Census Tract 1918,P,366,3.9,176200.0,1306.0,1.48,18.7,12.3,81.6,97.7,PASS,1,,15226 (99%); 15216 (1%)
42003409001,Allegheny County PA,Census Tract 4090.01,P,366,3.9,491700.0,2134.0,0.87,1.0,15.2,86.0,71.0,PASS,1,,15090 (72%); 15044 (28%)
42003484300,Allegheny County PA,Census Tract 4843,P,366,3.9,117000.0,1108.0,1.89,30.6,35.8,81.5,100,PASS,2,,15120 (100%)
42073000300,Lawrence County PA,Census Tract 3,P,362,5.58,74900.0,650.0,1.74,26.0,44.9,73.7,91.8,PASS,3,,16101 (82%); 16105 (18%)
42129802800,Westmoreland County PA,Census Tract 8028,P,361,3.43,94100.0,760.0,1.62,22.6,30.9,79.4,94.2,PASS,1,,15644 (79%); 15675 (21%)
42003423000,Allegheny County PA,Census Tract 4230,F,360,3.83,378800.0,1330.0,0.7,-3.7,26.3,87.9,53.1,FAIL: not in positive-cash-flow set,6,,15215 (100%)
42003563202,Allegheny County PA,Census Tract 5632.02,F,360,3.83,367400.0,900.0,0.49,-9.8,22.4,83.4,46.8,FAIL: not in positive-cash-flow set,6,,15212 (100%)
42003401200,Allegheny County PA,Census Tract 4012,P,357,3.8,97500.0,896.0,1.84,29.0,28.6,83.9,91.8,PASS,1,,15065 (100%)
42003427000,Allegheny County PA,Census Tract 4270,P,356,3.79,124100.0,1029.0,1.66,23.8,25.0,87.1,98.4,PASS,1,,15209 (100%)
54069001600,Ohio County WV,Census Tract 16,F,356,1.93,228000.0,728.0,0.64,-5.6,21.8,77.6,49.9,FAIL: not in positive-cash-flow set,6,,26003 (100%)
42021010500,Cambria County PA,Census Tract 105,P,355,6.33,96500.0,756.0,1.57,21.2,14.2,82.3,95.5,PASS,1,,15902 (59%); 15904 (38%); 15905 (3%)
42007601200,Beaver County PA,Census Tract 6012,P,354,4.17,96200.0,651.0,1.35,15.0,25.9,78.0,91.5,PASS,1,,15010 (100%)
39099811400,Mahoning County OH,Census Tract 8114,P,354,2.9,154000.0,680.0,0.88,1.5,23.6,86.2,68.1,PASS,1,,44512 (99%); 44511 (1%)
39155931000,Trumbull County OH,Census Tract 9310,P,353,2.11,166500.0,834.0,1.0,4.9,20.8,83.7,77.5,PASS,1,,44410 (81%); 44481 (14%); 44483 (5%)
39155934000,Trumbull County OH,Census Tract 9340,P,353,2.11,26000.0,689.0,5.3,128.7,38.7,71.1,90.8,PASS,2,,44485 (30%); 44481 (29%); 44483 (24%); 44484 (17%)
42003040500,Allegheny County PA,Census Tract 405,F,351,3.74,215800.0,1480.0,1.37,15.6,70.9,75.5,86.4,FAIL: tenant payment risk,6,,15213 (77%); 15260 (23%)
42003483800,Allegheny County PA,Census Tract 4838,P,351,3.74,83900.0,929.0,2.21,39.8,28.3,79.3,97.7,PASS,1,,15120 (100%)
42003478200,Allegheny County PA,Census Tract 4782,P,350,3.73,156100.0,946.0,1.21,11.0,29.9,82.6,84.9,PASS,1,,15227 (98%); 15236 (2%)
39155932600,Trumbull County OH,Census Tract 9326,P,347,2.08,78600.0,811.0,2.06,35.5,19.0,85.4,100,PASS,1,,44446 (100%)
42003070500,Allegheny County PA,Census Tract 705,F,345,3.68,468200.0,1420.0,0.61,-6.5,30.3,88.3,53.7,FAIL: not in positive-cash-flow set,6,,15232 (75%); 15206 (25%)
54057010500,Mineral County WV,Census Tract 105,P,339,4.93,174100.0,901.0,1.04,5.9,41.6,76.7,74.4,PASS,3,,26743 (53%); 26726 (46%); 26717 (1%)
42003140800,Allegheny County PA,Census Tract 1408,F,336,3.58,600200.0,1449.0,0.48,-10.0,24.6,84.8,45.5,FAIL: not in positive-cash-flow set,6,,15217 (100%)
39099813800,Mahoning County OH,Census Tract 8138,F,335,2.74,82900.0,629.0,1.52,19.8,46.2,68.5,90.5,FAIL: tenant payment risk,4,,44505 (98%); 44436 (2%)
54039001100,Kanawha County WV,Census Tract 11,P,335,1.18,173000.0,810.0,0.94,3.0,26.8,75.9,70.2,PASS,1,,25311 (91%); 25301 (9%); 25305 (1%)
54107000701,Wood County WV,Census Tract 7.01,P,335,1.37,63600.0,686.0,2.16,38.2,36.4,67.3,90.9,PASS,2,,26101 (100%)
42003403500,Allegheny County PA,Census Tract 4035,P,334,3.56,84300.0,803.0,1.91,30.9,23.2,80.5,100,PASS,1,,15084 (100%)
42003425000,Allegheny County PA,Census Tract 4250,P,334,3.56,135800.0,931.0,1.37,15.5,33.0,80.0,94.6,PASS,1,,15223 (100%)
42003562600,Allegheny County PA,Census Tract 5626,P,333,3.55,84300.0,994.0,2.36,44.0,28.2,85.0,100,PASS,1,,15220 (96%); 15219 (4%)
54061010104,Monongalia County WV,Census Tract 101.04,F,333,3.06,230000.0,996.0,0.87,1.0,51.9,75.6,66.8,FAIL: tenant payment risk,5,,26505 (100%)
42003160900,Allegheny County PA,Census Tract 1609,P,331,3.53,233100.0,1672.0,1.43,17.4,33.4,86.3,99.9,PASS,1,,15203 (99%); 15210 (1%)
42003477300,Allegheny County PA,Census Tract 4773,F,331,3.53,240500.0,775.0,0.64,-5.4,33.0,83.0,43.2,FAIL: not in positive-cash-flow set,6,,15236 (57%); 15227 (43%)
54039001300,Kanawha County WV,Census Tract 13,F,331,1.17,275000.0,934.0,0.68,-4.4,16.0,85.6,56.3,FAIL: not in positive-cash-flow set,6,,25311 (55%); 25301 (45%)
42007604600,Beaver County PA,Census Tract 6046,F,330,3.89,161300.0,628.0,0.78,-1.5,19.3,81.4,63.5,FAIL: not in positive-cash-flow set,6,,15001 (100%)
42019902400,Butler County PA,Census Tract 9024,P,330,2.71,102600.0,615.0,1.2,10.6,35.2,76.7,84.8,PASS,2,,16001 (100%)
54011010900,Cabell County WV,Census Tract 109,P,330,2.2,68600.0,674.0,1.97,32.6,38.6,77.8,93.1,PASS,2,,25701 (100%)
42003070300,Allegheny County PA,Census Tract 703,F,329,3.5,629400.0,1325.0,0.42,-11.8,26.5,86.8,44.1,FAIL: not in positive-cash-flow set,6,,15232 (100%)
42129800600,Westmoreland County PA,Census Tract 8006,P,328,3.12,92600.0,953.0,2.06,35.3,40.0,75.6,99.1,PASS,2,,15068 (100%)
54039000800,Kanawha County WV,Census Tract 8,F,328,1.16,87000.0,746.0,1.71,25.4,46.1,80.3,92.5,FAIL: tenant payment risk,4,,25302 (100%)
42005951100,Armstrong County PA,Census Tract 9511,P,327,3.53,101300.0,705.0,1.39,16.1,26.0,80.7,89.4,PASS,1,,16201 (100%)
39013011900,Belmont County OH,Census Tract 119,P,326,1.92,94800.0,881.0,1.86,29.6,40.4,75.3,93.2,PASS,2,,43935 (100%)
42129802600,Westmoreland County PA,Census Tract 8026,P,325,3.09,98700.0,928.0,1.88,30.2,23.9,83.1,99.8,PASS,1,,15644 (100%)
42003465600,Allegheny County PA,Census Tract 4656,P,324,3.45,200400.0,965.0,0.96,3.8,42.4,78.4,72.4,PASS,3,,15205 (100%)
42125783200,Washington County PA,Census Tract 7832,P,324,3.41,39600.0,961.0,4.85,115.8,32.7,77.5,100,PASS,1,,15022 (100%)
39167020800,Washington County OH,Census Tract 208,P,323,1.41,176500.0,818.0,0.93,2.7,38.0,82.3,74.8,PASS,2,,45750 (100%)
39099812001,Mahoning County OH,Census Tract 8120.01,F,321,2.63,214900.0,721.0,0.67,-4.6,19.9,82.8,55.4,FAIL: not in positive-cash-flow set,6,,44512 (96%); 44514 (4%)
42003080700,Allegheny County PA,Census Tract 807,F,319,3.4,466700.0,1311.0,0.56,-7.8,30.7,89.3,50.7,FAIL: not in positive-cash-flow set,6,,15232 (52%); 15206 (48%)
54107000901,Wood County WV,Census Tract 9.01,P,317,1.3,86100.0,729.0,1.69,24.8,14.1,74.2,94.0,PASS,1,,26101 (100%)
42051262800,Fayette County PA,Census Tract 2628,P,316,2.41,164000.0,841.0,1.03,5.6,17.4,83.0,76.9,PASS,1,,15478 (40%); 15401 (40%); 15436 (19%); 15437 (1%)
39029950600,Columbiana County OH,Census Tract 9506,P,313,1.25,178400.0,822.0,0.92,2.6,28.0,79.0,74.6,PASS,1,,44460 (100%)
24001000700,Allegany County MD,Census Tract 7,P,313,5.81,129200.0,736.0,1.14,8.9,40.3,76.5,82.0,PASS,2,,21502 (100%)
42003060500,Allegheny County PA,Census Tract 605,F,311,3.31,278400.0,1079.0,0.78,-1.6,32.8,90.3,60.5,FAIL: not in positive-cash-flow set,6,,15219 (57%); 15213 (24%); 15201 (19%)
42051260700,Fayette County PA,Census Tract 2607,P,309,2.36,154300.0,726.0,0.94,3.2,34.9,77.7,66.7,PASS,2,,15425 (100%)
42007602300,Beaver County PA,Census Tract 6023,F,308,3.63,240000.0,832.0,0.69,-4.0,32.2,79.7,51.5,FAIL: not in positive-cash-flow set,6,,15009 (100%)
42007602500,Beaver County PA,Census Tract 6025,F,305,3.6,153600.0,627.0,0.82,-0.4,19.1,78.4,66.4,FAIL: not in positive-cash-flow set,6,,15009 (100%)
42003160800,Allegheny County PA,Census Tract 1608,P,303,3.23,201000.0,1394.0,1.39,16.0,31.6,86.5,91.6,PASS,1,,15203 (76%); 15210 (24%)
42003464400,Allegheny County PA,Census Tract 4644,P,303,3.23,82200.0,1002.0,2.44,46.3,39.7,71.2,91.6,PASS,2,,15136 (100%)
24001001800,Allegany County MD,Census Tract 18,P,303,5.62,218500.0,988.0,0.9,2.1,34.1,75.3,68.2,PASS,2,,21532 (100%)
42003472300,Allegheny County PA,Census Tract 4723,P,300,3.2,212700.0,1074.0,1.01,5.1,24.3,90.0,78.4,PASS,1,,15216 (98%); 15226 (2%)
54033030604,Harrison County WV,Census Tract 306.04,P,298,2.28,127500.0,976.0,1.53,20.1,24.8,81.1,89.6,PASS,1,,26301 (100%)
42051260800,Fayette County PA,Census Tract 2608,P,297,2.27,87000.0,660.0,1.52,19.7,24.1,79.4,90.2,PASS,1,,15425 (100%)
39167020101,Washington County OH,Census Tract 201.01,P,294,1.28,161200.0,830.0,1.03,5.7,32.6,82.1,80.5,PASS,1,,45714 (100%)
42021013600,Cambria County PA,Census Tract 136,P,292,5.21,44800.0,551.0,2.46,46.9,26.1,75.5,93.6,PASS,1,,15906 (100%)
42085031900,Mercer County PA,Census Tract 319,P,291,2.28,170400.0,828.0,0.97,4.0,31.0,77.5,73.9,PASS,1,,16125 (93%); 16110 (7%)
42003430100,Allegheny County PA,Census Tract 4301,P,289,3.08,209900.0,1045.0,1.0,4.7,34.6,89.3,79.4,PASS,2,,15229 (100%)
39155931900,Trumbull County OH,Census Tract 9319,P,288,1.72,166700.0,768.0,0.92,2.6,36.1,79.4,70.0,PASS,2,,44505 (90%); 44420 (9%); 44425 (1%)
54061010400,Monongalia County WV,Census Tract 104,F,288,2.65,316500.0,1065.0,0.67,-4.6,25.3,83.3,53.2,FAIL: not in positive-cash-flow set,6,,26505 (100%)
42003522000,Allegheny County PA,Census Tract 5220,P,287,3.06,59300.0,772.0,2.6,51.0,30.5,76.1,100,PASS,1,,15140 (90%); 15146 (10%)
42003141300,Allegheny County PA,Census Tract 1413,F,285,3.04,372900.0,1335.0,0.72,-3.3,36.9,83.9,59.6,FAIL: not in positive-cash-flow set,6,,15217 (100%)
42003060300,Allegheny County PA,Census Tract 603,P,283,3.01,341200.0,1789.0,1.05,6.3,21.7,90.9,85.8,PASS,1,,15201 (87%); 15224 (13%)
42003515100,Allegheny County PA,Census Tract 5151,P,282,3.0,130300.0,1113.0,1.71,25.3,29.4,86.2,100,PASS,1,,15218 (100%)
54099020300,Wayne County WV,Census Tract 203,P,281,0.48,113800.0,755.0,1.33,14.3,23.0,78.9,89.5,PASS,1,,25530 (75%); 25507 (24%); 25704 (1%)
42019902200,Butler County PA,Census Tract 9022,P,278,2.29,142700.0,933.0,1.31,13.7,30.8,76.0,88.1,PASS,1,,16001 (100%)
42003512000,Allegheny County PA,Census Tract 5120,P,277,2.95,70100.0,612.0,1.75,26.3,29.8,75.3,97.7,PASS,1,,15104 (96%); 15112 (4%)
42003430200,Allegheny County PA,Census Tract 4302,P,276,2.94,238900.0,1109.0,0.93,2.8,23.1,84.6,76.0,PASS,1,,15229 (92%); 15237 (8%)
39081001200,Jefferson County OH,Census Tract 12,P,276,2.64,139400.0,967.0,1.39,16.0,23.3,80.6,91.0,PASS,1,,43953 (100%)
24001001100,Allegany County MD,Census Tract 11,P,276,5.12,128400.0,871.0,1.36,15.1,28.3,74.4,91.6,PASS,1,,21502 (100%)
42051260100,Fayette County PA,Census Tract 2601,P,275,2.1,132700.0,695.0,1.05,6.2,27.6,74.1,76.9,PASS,1,,15012 (43%); 15438 (38%); 15473 (20%)
39155930900,Trumbull County OH,Census Tract 9309,F,274,1.64,226000.0,705.0,0.62,-6.0,22.8,83.9,39.3,FAIL: not in positive-cash-flow set,6,,44410 (100%)
42003101400,Allegheny County PA,Census Tract 1014,F,273,2.91,282600.0,1117.0,0.79,-1.2,15.7,85.5,59.4,FAIL: not in positive-cash-flow set,6,,15206 (95%); 15201 (5%)
54039010702,Kanawha County WV,Census Tract 107.02,P,272,0.96,171800.0,1096.0,1.28,12.8,15.7,84.9,92.7,PASS,1,,25312 (58%); 25313 (42%)
42003170600,Allegheny County PA,Census Tract 1706,P,271,2.89,184700.0,1298.0,1.41,16.5,28.3,88.3,94.0,PASS,1,,15203 (61%); 15210 (39%)
42007604100,Beaver County PA,Census Tract 6041,P,271,3.19,110300.0,879.0,1.59,22.0,38.4,82.2,91.7,PASS,2,,15003 (100%)
42085033000,Mercer County PA,Census Tract 330,P,270,2.11,168200.0,896.0,1.07,6.7,23.1,80.1,87.1,PASS,1,,16127 (100%)
54061011200,Monongalia County WV,Census Tract 112,P,269,2.47,165600.0,876.0,1.06,6.5,31.8,79.6,78.3,PASS,1,,26534 (69%); 26501 (31%)
42003561500,Allegheny County PA,Census Tract 5615,P,267,2.84,109100.0,1168.0,2.14,37.7,41.9,73.8,97.4,PASS,3,,15221 (100%)
54039001200,Kanawha County WV,Census Tract 12,P,267,0.94,141800.0,1022.0,1.44,17.6,35.1,77.8,90.8,PASS,2,,25311 (52%); 25301 (48%)
42063961104,Indiana County PA,Census Tract 9611.04,F,265,1.32,153900.0,723.0,0.94,3.1,48.6,85.8,71.2,FAIL: tenant payment risk,4,,15701 (100%)
42085030100,Mercer County PA,Census Tract 301,P,265,2.07,43500.0,889.0,4.09,93.8,39.2,71.8,89.9,PASS,2,,16146 (100%)
54061011100,Monongalia County WV,Census Tract 111,P,265,2.43,193300.0,1124.0,1.16,9.5,19.6,89.1,94.0,PASS,1,,26501 (100%)
42003508000,Allegheny County PA,Census Tract 5080,P,264,2.81,61200.0,778.0,2.54,49.3,33.7,76.5,99.7,PASS,1,,15148 (100%)
42003090200,Allegheny County PA,Census Tract 902,F,263,2.8,382900.0,1210.0,0.63,-5.7,21.6,85.4,50.0,FAIL: not in positive-cash-flow set,6,,15201 (92%); 15224 (8%)
54049020100,Marion County WV,Census Tract 201,F,263,1.03,235200.0,739.0,0.63,-5.9,40.5,81.4,41.8,FAIL: not in positive-cash-flow set,6,,26554 (100%)
42003481000,Allegheny County PA,Census Tract 4810,P,262,2.79,96900.0,1302.0,2.69,53.4,33.7,84.0,100,PASS,1,,15210 (100%)
42129804300,Westmoreland County PA,Census Tract 8043,P,262,2.49,165900.0,1023.0,1.23,11.6,23.6,81.9,90.4,PASS,1,,15601 (100%)
42003472200,Allegheny County PA,Census Tract 4722,P,261,2.78,231500.0,1043.0,0.9,2.0,32.2,83.9,69.9,PASS,1,,15216 (100%)
42003111500,Allegheny County PA,Census Tract 1115,P,260,2.77,210900.0,1283.0,1.22,11.1,33.5,82.8,90.0,PASS,1,,15206 (99%); 15232 (1%)
54039011000,Kanawha County WV,Census Tract 110,F,260,0.92,207500.0,750.0,0.72,-3.1,41.5,81.5,47.5,FAIL: not in positive-cash-flow set,6,,25302 (74%); 25071 (18%); 25312 (9%)
42003141200,Allegheny County PA,Census Tract 1412,F,259,2.76,437700.0,1236.0,0.56,-7.7,22.4,88.4,43.6,FAIL: not in positive-cash-flow set,6,,15221 (49%); 15208 (41%); 15218 (10%)
42003472100,Allegheny County PA,Census Tract 4721,P,259,2.76,206300.0,1240.0,1.2,10.7,27.6,90.9,89.5,PASS,1,,15216 (100%)
42085032100,Mercer County PA,Census Tract 321,P,259,2.03,113400.0,615.0,1.08,7.3,22.6,77.4,79.0,PASS,1,,16125 (100%)
39013012400,Belmont County OH,Census Tract 124,F,259,1.52,231800.0,940.0,0.81,-0.6,23.7,78.6,55.5,FAIL: not in positive-cash-flow set,6,,43950 (98%); 43912 (1%); 43906 (1%)
42125744101,Washington County PA,Census Tract 7441.01,F,258,2.71,305300.0,1033.0,0.68,-4.5,19.6,88.9,49.4,FAIL: not in positive-cash-flow set,6,,15317 (100%)
54107000903,Wood County WV,Census Tract 9.03,P,256,1.05,158200.0,773.0,0.98,4.2,27.1,76.5,71.4,PASS,1,,26101 (100%)
42063961000,Indiana County PA,Census Tract 9610,P,255,1.27,120000.0,846.0,1.41,16.7,25.8,81.9,100,PASS,1,,15701 (100%)
42003290100,Allegheny County PA,Census Tract 2901,P,254,2.71,96000.0,957.0,1.99,33.5,37.6,76.6,93.5,PASS,2,,15210 (100%)
42003402000,Allegheny County PA,Census Tract 4020,P,254,2.71,94800.0,778.0,1.64,23.3,15.9,84.4,94.1,PASS,1,,15014 (95%); 15065 (4%); 15084 (1%)
42007602800,Beaver County PA,Census Tract 6028,P,254,2.99,90500.0,720.0,1.59,21.9,20.9,83.2,93.5,PASS,1,,15059 (100%)
42003451102,Allegheny County PA,Census Tract 4511.02,P,252,2.68,255200.0,1147.0,0.9,1.9,15.4,82.1,73.0,PASS,1,,15108 (100%)
42019910301,Butler County PA,Census Tract 9103.01,F,250,2.06,230100.0,900.0,0.78,-1.4,25.3,81.5,57.7,FAIL: not in positive-cash-flow set,6,,16057 (65%); 16038 (31%); 16035 (3%); 16127 (1%)
42085030300,Mercer County PA,Census Tract 303,P,250,1.95,64300.0,940.0,2.92,60.3,25.1,83.0,99.9,PASS,1,,16146 (100%)
54039002100,Kanawha County WV,Census Tract 21,P,250,0.88,254000.0,1130.0,0.89,1.7,23.2,83.2,67.6,PASS,1,,25303 (52%); 25314 (48%)
42129806700,Westmoreland County PA,Census Tract 8067,P,249,2.37,150500.0,705.0,0.94,3.0,12.8,78.7,71.8,PASS,1,,15666 (100%)
54069002600,Ohio County WV,Census Tract 26,F,249,1.35,64700.0,575.0,1.78,27.2,48.7,79.4,88.6,FAIL: tenant payment risk,4,,26003 (100%)
42003090300,Allegheny County PA,Census Tract 903,P,248,2.64,223600.0,1214.0,1.09,7.3,22.3,86.4,84.4,PASS,1,,15224 (100%)
42003110600,Allegheny County PA,Census Tract 1106,F,246,2.62,442000.0,1253.0,0.57,-7.6,28.4,89.1,41.2,FAIL: not in positive-cash-flow set,6,,15206 (100%)
42021012600,Cambria County PA,Census Tract 126,P,245,4.37,174700.0,849.0,0.97,4.0,22.9,78.7,78.5,PASS,1,,15931 (100%)
42003510000,Allegheny County PA,Census Tract 5100,P,244,2.6,59600.0,821.0,2.76,55.4,35.8,76.9,95.9,PASS,2,,15112 (100%)
39155932300,Trumbull County OH,Census Tract 9323,P,244,1.46,125000.0,864.0,1.38,15.9,21.7,81.4,87.7,PASS,1,,44420 (100%)
39029951600,Columbiana County OH,Census Tract 9516,F,243,0.97,204600.0,689.0,0.67,-4.6,35.0,80.7,42.4,FAIL: not in positive-cash-flow set,6,,43920 (43%); 44441 (30%); 44455 (23%); 44432 (4%)
42003515401,Allegheny County PA,Census Tract 5154.01,P,242,2.58,244300.0,1123.0,0.92,2.5,24.3,87.5,78.5,PASS,1,,15218 (99%); 15221 (1%)
39013010902,Belmont County OH,Census Tract 109.02,P,240,1.41,152600.0,765.0,1.0,4.9,44.0,79.6,68.9,PASS,3,,43713 (100%)
42003270300,Allegheny County PA,Census Tract 2703,P,239,2.55,166800.0,1041.0,1.25,12.0,27.5,82.8,88.7,PASS,1,,15212 (100%)
42125783300,Washington County PA,Census Tract 7833,P,239,2.51,69000.0,675.0,1.96,32.4,30.1,79.0,94.2,PASS,1,,15022 (100%)
42003080200,Allegheny County PA,Census Tract 802,P,237,2.52,236400.0,1274.0,1.08,7.1,20.8,88.4,86.0,PASS,1,,15224 (100%)
42003192000,Allegheny County PA,Census Tract 1920,P,236,2.51,147300.0,936.0,1.27,12.7,18.7,81.0,90.3,PASS,1,,15216 (97%); 15226 (3%)
42003459201,Allegheny County PA,Census Tract 4592.01,P,235,2.5,264400.0,1680.0,1.27,12.6,22.4,88.2,93.6,PASS,1,,15205 (65%); 15136 (21%); 15071 (10%); 15106 (5%)
42003484500,Allegheny County PA,Census Tract 4845,F,235,2.5,138100.0,562.0,0.81,-0.5,9.9,81.6,56.2,FAIL: not in positive-cash-flow set,6,,15120 (100%)
42063962100,Indiana County PA,Census Tract 9621,P,235,1.17,105900.0,758.0,1.43,17.3,24.6,80.6,87.7,PASS,1,,15717 (100%)
54039013400,Kanawha County WV,Census Tract 134,P,235,0.83,104200.0,863.0,1.66,23.8,44.8,78.7,90.4,PASS,3,,25177 (100%)
42003525300,Allegheny County PA,Census Tract 5253,F,234,2.49,404500.0,1116.0,0.55,-8.1,11.6,82.5,50.4,FAIL: not in positive-cash-flow set,6,,15139 (100%)
42003070600,Allegheny County PA,Census Tract 706,F,233,2.48,530700.0,1536.0,0.58,-7.3,28.9,88.6,47.8,FAIL: not in positive-cash-flow set,6,,15232 (53%); 15206 (47%)
42003450800,Allegheny County PA,Census Tract 4508,P,233,2.48,114900.0,867.0,1.51,19.5,27.1,79.5,99.7,PASS,1,,15108 (100%)
42003468800,Allegheny County PA,Census Tract 4688,P,233,2.48,161100.0,694.0,0.86,0.9,24.3,89.5,70.4,PASS,1,,15106 (100%)
42003130800,Allegheny County PA,Census Tract 1308,F,232,2.47,92200.0,756.0,1.64,23.3,46.2,72.2,87.7,FAIL: tenant payment risk,4,,15208 (94%); 15221 (6%)
54011010202,Cabell County WV,Census Tract 102.02,P,232,1.55,174300.0,964.0,1.11,7.9,27.2,82.5,86.7,PASS,1,,25705 (67%); 25504 (21%); 25701 (12%)
54039002000,Kanawha County WV,Census Tract 20,P,231,0.82,232600.0,1063.0,0.91,2.4,21.2,84.4,68.9,PASS,1,,25314 (100%)
42003515300,Allegheny County PA,Census Tract 5153,F,230,2.45,182100.0,1192.0,1.31,13.8,46.0,82.7,93.9,FAIL: tenant payment risk,4,,15218 (100%)
42129808500,Westmoreland County PA,Census Tract 8085,F,230,2.18,236000.0,741.0,0.63,-5.9,22.6,80.2,49.4,FAIL: not in positive-cash-flow set,6,,15658 (100%)
54011001800,Cabell County WV,Census Tract 18,P,229,1.53,70700.0,947.0,2.68,53.2,37.5,79.1,97.2,PASS,2,,25705 (92%); 25703 (8%)
54039001500,Kanawha County WV,Census Tract 15,F,229,0.81,249800.0,1038.0,0.83,-0.0,27.1,79.0,60.8,FAIL: not in positive-cash-flow set,6,,25304 (98%); 25314 (2%)
42003070800,Allegheny County PA,Census Tract 708,F,228,2.43,646300.0,2177.0,0.67,-4.5,26.5,88.2,58.6,FAIL: not in positive-cash-flow set,6,,15206 (100%)
54061012000,Monongalia County WV,Census Tract 120,F,228,2.09,400300.0,1016.0,0.51,-9.3,28.2,79.3,40.8,FAIL: not in positive-cash-flow set,6,,26505 (80%); 26506 (20%)
54069000600,Ohio County WV,Census Tract 6,F,228,1.24,81800.0,1033.0,2.53,48.8,72.6,74.5,92.2,FAIL: tenant payment risk,6,,26003 (100%)
42003524000,Allegheny County PA,Census Tract 5240,P,227,2.42,145200.0,919.0,1.27,12.5,28.9,82.5,94.1,PASS,1,,15147 (100%)
42019911200,Butler County PA,Census Tract 9112,P,227,1.87,200100.0,845.0,0.84,0.4,22.2,80.7,58.7,PASS,2,,16002 (92%); 16001 (4%); 16029 (3%)
42125754500,Washington County PA,Census Tract 7545,P,227,2.39,137900.0,1084.0,1.57,21.3,26.2,83.2,95.8,PASS,1,,15301 (100%)
54039013100,Kanawha County WV,Census Tract 131,P,227,0.8,134000.0,770.0,1.15,9.1,34.4,75.6,77.2,PASS,2,,25309 (98%); 25177 (2%)
42021000700,Cambria County PA,Census Tract 7,P,226,4.03,66100.0,808.0,2.44,46.5,36.5,84.1,98.3,PASS,2,,15905 (94%); 15902 (6%)
39099812400,Mahoning County OH,Census Tract 8124,P,226,1.85,102900.0,723.0,1.41,16.5,30.0,74.6,92.8,PASS,1,,44515 (90%); 44509 (10%)
42003503002,Allegheny County PA,Census Tract 5030.02,P,225,2.4,160000.0,952.0,1.19,10.3,31.4,77.3,87.5,PASS,1,,15131 (98%); 15132 (2%)
42085031400,Mercer County PA,Census Tract 314,P,225,1.76,184400.0,835.0,0.91,2.1,21.4,78.4,73.8,PASS,1,,16148 (94%); 16146 (6%)
42129806600,Westmoreland County PA,Census Tract 8066,P,225,2.14,132600.0,1486.0,2.24,40.6,9.6,78.3,94.1,PASS,1,,15679 (36%); 15666 (34%); 15688 (13%); 15612 (7%); 15639 (6%); 15683 (5%)
42003080900,Allegheny County PA,Census Tract 809,P,224,2.39,274600.0,1158.0,0.84,0.3,28.4,89.4,70.4,PASS,1,,15224 (94%); 15206 (6%)
42003151600,Allegheny County PA,Census Tract 1516,P,224,2.39,219300.0,1188.0,1.08,7.3,35.8,80.3,82.0,PASS,2,,15207 (100%)
42129802003,Westmoreland County PA,Census Tract 8020.03,F,224,2.13,256800.0,824.0,0.64,-5.5,39.3,80.7,43.0,FAIL: not in positive-cash-flow set,6,,15626 (82%); 15632 (18%)
42129807600,Westmoreland County PA,Census Tract 8076,P,224,2.13,104800.0,762.0,1.45,17.9,32.0,84.4,92.8,PASS,1,,15650 (100%)
39013011700,Belmont County OH,Census Tract 117,P,224,1.32,56500.0,869.0,3.08,64.6,38.2,86.7,97.2,PASS,2,,43906 (100%)
42003030500,Allegheny County PA,Census Tract 305,P,223,2.38,232300.0,1230.0,1.06,6.5,39.0,72.1,78.1,PASS,2,,15219 (100%)
39013010100,Belmont County OH,Census Tract 101,F,223,1.31,124700.0,330.0,0.53,-8.7,21.0,81.3,40.5,FAIL: not in positive-cash-flow set,6,,43935 (68%); 43912 (26%); 43943 (5%); 43971 (2%)
54079020608,Putnam County WV,Census Tract 206.08,P,223,0.23,196300.0,883.0,0.9,2.0,19.4,81.9,70.3,PASS,1,,25526 (90%); 25510 (10%)
42007602100,Beaver County PA,Census Tract 6021,P,222,2.62,116800.0,801.0,1.37,15.6,29.8,78.3,90.0,PASS,1,,15074 (100%)
42085033400,Mercer County PA,Census Tract 334,P,222,1.74,69100.0,737.0,2.13,37.5,30.5,73.1,99.7,PASS,1,,16121 (59%); 16159 (26%); 16161 (14%)
42003504100,Allegheny County PA,Census Tract 5041,P,220,2.34,88700.0,874.0,1.97,32.8,39.3,81.9,97.7,PASS,2,,15137 (100%)
42003457200,Allegheny County PA,Census Tract 4572,P,218,2.32,158200.0,915.0,1.16,9.4,24.1,81.6,85.6,PASS,1,,15017 (100%)
42003490002,Allegheny County PA,Census Tract 4900.02,P,218,2.32,234900.0,1455.0,1.24,11.7,27.1,83.2,84.8,PASS,1,,15129 (96%); 15332 (3%)
54011000500,Cabell County WV,Census Tract 5,F,218,1.46,,923.0,,,,,,no data,,,25703 (64%); 25755 (34%); 25701 (2%)
54107000300,Wood County WV,Census Tract 3,P,218,0.89,99100.0,693.0,1.4,16.3,32.0,78.5,90.5,PASS,1,,26101 (57%); 26104 (43%)
54107000500,Wood County WV,Census Tract 5,P,217,0.89,117700.0,876.0,1.49,18.9,44.3,76.0,90.3,PASS,3,,26101 (100%)
42129807700,Westmoreland County PA,Census Tract 8077,P,216,2.05,163900.0,687.0,0.84,0.2,26.3,81.8,57.2,PASS,2,,15650 (100%)
42003468700,Allegheny County PA,Census Tract 4687,P,215,2.29,173500.0,867.0,1.0,4.8,19.2,87.1,76.5,PASS,1,,15106 (100%)
42003475301,Allegheny County PA,Census Tract 4753.01,P,215,2.29,233200.0,1141.0,0.98,4.2,20.0,83.5,74.2,PASS,1,,15102 (100%)
39099811902,Mahoning County OH,Census Tract 8119.02,F,215,1.76,236100.0,803.0,0.68,-4.4,11.7,83.8,49.5,FAIL: not in positive-cash-flow set,6,,44512 (55%); 44514 (45%)
54029020600,Hancock County WV,Census Tract 206,P,215,1.94,169200.0,763.0,0.9,2.0,19.1,81.6,67.6,PASS,1,,26062 (100%)
42003473200,Allegheny County PA,Census Tract 4732,F,214,2.28,299000.0,1189.0,0.8,-1.0,23.0,85.3,64.1,FAIL: not in positive-cash-flow set,6,,15228 (100%)
42003552400,Allegheny County PA,Census Tract 5524,P,214,2.28,83800.0,1117.0,2.67,52.8,33.9,78.1,97.2,PASS,2,,15132 (100%)
42073000100,Lawrence County PA,Census Tract 1,P,214,3.3,107200.0,1018.0,1.9,30.7,28.7,79.4,99.4,PASS,1,,16105 (87%); 16101 (13%)
42063961103,Indiana County PA,Census Tract 9611.03,P,211,1.05,140100.0,709.0,1.01,5.2,35.0,80.1,73.8,PASS,2,,15701 (98%); 15705 (2%)
42125773100,Washington County PA,Census Tract 7731,P,211,2.22,113200.0,710.0,1.25,12.2,19.7,81.0,82.6,PASS,1,,15063 (100%)
42003525200,Allegheny County PA,Census Tract 5252,F,209,2.23,387900.0,1211.0,0.62,-6.0,26.8,83.9,55.1,FAIL: not in positive-cash-flow set,6,,15139 (100%)
42003484600,Allegheny County PA,Census Tract 4846,P,208,2.22,112200.0,777.0,1.39,15.9,37.4,76.8,87.3,PASS,2,,15120 (100%)
42125714000,Washington County PA,Census Tract 7140,P,207,2.18,166000.0,894.0,1.08,7.1,14.2,83.1,77.6,PASS,1,,15019 (65%); 15057 (31%); 15060 (4%); 15126 (1%)
39099810600,Mahoning County OH,Census Tract 8106,P,207,1.69,82300.0,767.0,1.86,29.7,29.4,84.3,94.9,PASS,1,,44471 (100%)
42003470600,Allegheny County PA,Census Tract 4706,P,205,2.18,155100.0,1003.0,1.29,13.3,15.8,86.2,90.7,PASS,1,,15106 (81%); 15220 (19%)
42111021100,Somerset County PA,Census Tract 211,P,205,1.3,109300.0,590.0,1.08,7.1,40.6,73.6,73.8,PASS,3,,15501 (100%)
39013012300,Belmont County OH,Census Tract 123,P,205,1.21,214700.0,901.0,0.84,0.2,22.9,85.0,61.0,PASS,2,,43950 (100%)
42003190300,Allegheny County PA,Census Tract 1903,P,204,2.17,249300.0,1198.0,0.96,3.7,17.4,86.2,81.5,PASS,1,,15211 (100%)
42003564800,Allegheny County PA,Census Tract 5648,P,204,2.17,76700.0,797.0,2.08,35.9,36.6,68.0,96.6,PASS,2,,15221 (100%)
42003101900,Allegheny County PA,Census Tract 1019,P,203,2.16,218100.0,1255.0,1.15,9.2,34.3,78.1,88.5,PASS,2,,15224 (98%); 15206 (2%)
42003426400,Allegheny County PA,Census Tract 4264,P,203,2.16,230100.0,1067.0,0.93,2.8,19.5,85.2,72.8,PASS,1,,15116 (63%); 15223 (37%)
42085032900,Mercer County PA,Census Tract 329,P,203,1.59,174600.0,916.0,1.05,6.3,20.7,78.9,79.7,PASS,1,,16127 (100%)
24001000800,Allegany County MD,Census Tract 8,P,203,3.77,91300.0,856.0,1.88,30.1,40.7,81.5,90.9,PASS,3,,21502 (100%)
42007600702,Beaver County PA,Census Tract 6007.02,F,202,2.38,279500.0,913.0,0.65,-5.1,21.5,78.8,42.1,FAIL: not in positive-cash-flow set,6,,15010 (99%); 15009 (1%)
39155931601,Trumbull County OH,Census Tract 9316.01,P,202,1.21,122300.0,795.0,1.3,13.5,19.9,85.4,87.3,PASS,1,,44425 (100%)
42129806400,Westmoreland County PA,Census Tract 8064,P,201,1.91,156400.0,695.0,0.89,1.6,21.4,74.5,68.0,PASS,1,,15683 (100%)
42129801300,Westmoreland County PA,Census Tract 8013,P,200,1.9,169600.0,755.0,0.89,1.7,23.1,81.9,64.2,PASS,1,,15656 (97%); 15641 (2%); 15613 (1%)
54049020900,Marion County WV,Census Tract 209,P,200,0.78,203400.0,1111.0,1.09,7.5,14.2,84.3,83.8,PASS,1,,26554 (100%)
42063962000,Indiana County PA,Census Tract 9620,P,199,0.99,124600.0,594.0,0.95,3.5,9.5,77.2,66.7,PASS,1,,15717 (95%); 15750 (3%); 15716 (2%)
42111020102,Somerset County PA,Census Tract 201.02,P,199,1.26,166700.0,880.0,1.06,6.5,6.5,75.8,76.1,PASS,1,,15935 (50%); 15928 (30%); 15937 (11%); 15905 (9%)
42003407001,Allegheny County PA,Census Tract 4070.01,F,198,2.11,242500.0,757.0,0.62,-6.0,12.0,81.0,36.6,FAIL: not in positive-cash-flow set,6,,15044 (55%); 15084 (43%); 15076 (1%); 15006 (1%)
42003523702,Allegheny County PA,Census Tract 5237.02,P,198,2.11,151900.0,930.0,1.22,11.3,25.3,82.8,86.6,PASS,1,,15235 (55%); 15147 (45%)
54057010600,Mineral County WV,Census Tract 106,F,198,2.88,167200.0,624.0,0.75,-2.5,23.1,74.4,51.0,FAIL: not in positive-cash-flow set,6,,26726 (100%)
54061010101,Monongalia County WV,Census Tract 101.01,F,197,1.81,302200.0,618.0,0.41,-12.2,55.1,66.6,30.5,FAIL: not in positive-cash-flow set,6,,26505 (100%)
39155933900,Trumbull County OH,Census Tract 9339,P,195,1.17,69500.0,647.0,1.86,29.7,27.6,80.2,94.3,PASS,1,,44420 (78%); 44509 (13%); 44446 (9%)
42129800700,Westmoreland County PA,Census Tract 8007,P,194,1.84,74400.0,389.0,1.05,6.2,21.4,71.1,77.4,PASS,1,,15068 (100%)
42129802200,Westmoreland County PA,Census Tract 8022,F,194,1.84,148000.0,1005.0,1.36,15.2,46.8,83.6,87.8,FAIL: tenant payment risk,4,,15085 (100%)
42125755100,Washington County PA,Census Tract 7551,P,193,2.03,238700.0,1130.0,0.95,3.3,24.6,81.5,74.7,PASS,1,,15301 (100%)
39099811700,Mahoning County OH,Census Tract 8117,P,193,1.58,169500.0,857.0,1.01,5.2,33.9,86.5,76.5,PASS,2,,44512 (100%)
54039001901,Kanawha County WV,Census Tract 19.01,F,192,0.68,287800.0,1183.0,0.82,-0.3,14.6,82.2,59.7,FAIL: not in positive-cash-flow set,6,,25314 (100%)
42021010801,Cambria County PA,Census Tract 108.01,P,191,3.41,172800.0,881.0,1.02,5.4,30.3,81.8,80.5,PASS,1,,15904 (79%); 15963 (21%)
42129803902,Westmoreland County PA,Census Tract 8039.02,F,191,1.81,191600.0,796.0,0.83,-0.0,26.7,80.3,63.8,FAIL: not in positive-cash-flow set,6,,15601 (100%)
39081001400,Jefferson County OH,Census Tract 14,P,191,1.83,120500.0,895.0,1.49,18.8,30.3,81.9,95.2,PASS,1,,43952 (84%); 43953 (16%)
54061011000,Monongalia County WV,Census Tract 110,P,191,1.75,200300.0,835.0,0.83,0.1,26.5,82.2,63.6,PASS,1,,26508 (58%); 26501 (42%)
42003492800,Allegheny County PA,Census Tract 4928,F,189,2.01,92000.0,1046.0,2.27,41.5,45.6,76.3,89.6,FAIL: tenant payment risk,4,,15025 (100%)
42007604000,Beaver County PA,Census Tract 6040,P,189,2.23,95000.0,894.0,1.88,30.3,20.2,83.8,96.1,PASS,1,,15003 (100%)
39145003600,Scioto County OH,Census Tract 36,F,189,0.13,,634.0,,,,,,no data,,,45662 (100%)
42003461000,Allegheny County PA,Census Tract 4610,P,188,2.0,170900.0,941.0,1.1,7.8,19.1,85.7,85.7,PASS,1,,15225 (100%)
42007605700,Beaver County PA,Census Tract 6057,F,187,2.2,78500.0,911.0,2.32,42.9,54.6,81.9,90.6,FAIL: tenant payment risk,5,,15001 (100%)
42019902600,Butler County PA,Census Tract 9026,P,187,1.54,186500.0,959.0,1.03,5.7,26.3,78.6,75.2,PASS,1,,16001 (79%); 16002 (15%); 16045 (6%)
42021010600,Cambria County PA,Census Tract 106,P,187,3.34,154700.0,773.0,1.0,4.8,18.5,78.1,72.9,PASS,1,,15904 (100%)
42085032602,Mercer County PA,Census Tract 326.02,F,187,1.46,165700.0,689.0,0.83,-0.0,26.3,70.1,58.4,FAIL: not in positive-cash-flow set,6,,16137 (93%); 16127 (6%); 16133 (1%)
42111020300,Somerset County PA,Census Tract 203,P,187,1.18,99000.0,750.0,1.52,19.7,28.0,82.1,88.0,PASS,1,,15963 (100%)
39155932701,Trumbull County OH,Census Tract 9327.01,P,187,1.12,153500.0,748.0,0.97,4.1,31.5,79.0,74.1,PASS,1,,44446 (100%)
54107011000,Wood County WV,Census Tract 110,P,187,0.77,180900.0,827.0,0.91,2.4,20.8,80.4,66.1,PASS,1,,26101 (82%); 26104 (18%)
39155921600,Trumbull County OH,Census Tract 9216,P,186,1.11,94500.0,622.0,1.32,14.0,29.5,78.0,86.2,PASS,1,,44484 (100%)
42021012800,Cambria County PA,Census Tract 128,P,185,3.3,156800.0,663.0,0.85,0.4,23.9,78.5,61.8,PASS,2,,15938 (49%); 16630 (43%); 15940 (7%)
42063960700,Indiana County PA,Census Tract 9607,P,185,0.92,198200.0,833.0,0.84,0.3,36.9,80.0,60.1,PASS,2,,15701 (100%)
42129804000,Westmoreland County PA,Census Tract 8040,P,185,1.76,142000.0,980.0,1.38,15.8,29.0,82.5,95.3,PASS,1,,15601 (100%)
42125795800,Washington County PA,Census Tract 7958,F,184,1.94,436800.0,1553.0,0.71,-3.5,18.6,85.0,56.0,FAIL: not in positive-cash-flow set,6,,15317 (89%); 15057 (9%); 15350 (1%)
42125715700,Washington County PA,Census Tract 7157,P,183,1.92,180900.0,851.0,0.94,3.1,22.2,83.1,70.7,PASS,1,,15057 (100%)
42003451105,Allegheny County PA,Census Tract 4511.05,P,182,1.94,278800.0,1376.0,0.99,4.5,25.3,87.8,76.0,PASS,1,,15108 (100%)
42019910400,Butler County PA,Census Tract 9104,F,182,1.5,255400.0,1015.0,0.79,-1.1,30.1,75.8,59.0,FAIL: not in positive-cash-flow set,6,,16057 (100%)
42063961200,Indiana County PA,Census Tract 9612,P,182,0.91,134000.0,983.0,1.47,18.3,29.9,82.0,91.5,PASS,1,,15701 (100%)
39099812602,Mahoning County OH,Census Tract 8126.02,P,182,1.49,159800.0,801.0,1.0,4.9,37.1,81.7,68.2,PASS,2,,44515 (74%); 44406 (26%)
39099813502,Mahoning County OH,Census Tract 8135.02,F,181,1.48,291100.0,877.0,0.6,-6.6,25.0,79.6,44.2,FAIL: not in positive-cash-flow set,6,,44408 (55%); 44452 (28%); 44406 (15%); 44460 (2%); 44443 (1%)
39145003800,Scioto County OH,Census Tract 38,F,181,0.13,151900.0,863.0,1.14,8.8,45.6,78.5,83.2,FAIL: tenant payment risk,4,,45662 (100%)
39167021000,Washington County OH,Census Tract 210,P,180,0.79,139500.0,910.0,1.3,13.6,30.2,80.9,85.5,PASS,1,,45750 (83%); 45788 (17%)
42085033200,Mercer County PA,Census Tract 332,F,179,1.4,,495.0,,,,,,no data,,,16146 (100%)
42003191500,Allegheny County PA,Census Tract 1915,P,178,1.9,158800.0,1451.0,1.83,28.7,14.7,85.7,100,PASS,1,,15211 (82%); 15226 (9%); 15210 (9%)
39099813200,Mahoning County OH,Census Tract 8132,P,178,1.46,88000.0,1220.0,2.77,55.9,44.4,71.1,92.3,PASS,3,,44672 (91%); 44609 (9%)
54069001800,Ohio County WV,Census Tract 18,F,177,0.96,147600.0,704.0,0.95,3.5,54.8,78.6,62.2,FAIL: tenant payment risk,5,,26003 (99%); 26059 (1%)
42003431400,Allegheny County PA,Census Tract 4314,P,176,1.87,182400.0,1117.0,1.22,11.3,15.4,89.9,94.7,PASS,1,,15202 (100%)
54039012800,Kanawha County WV,Census Tract 128,P,176,0.62,161200.0,1084.0,1.34,14.8,22.7,83.7,89.5,PASS,1,,25303 (57%); 25314 (28%); 25309 (15%)
42003464300,Allegheny County PA,Census Tract 4643,P,174,1.85,156800.0,909.0,1.16,9.4,31.0,88.2,88.5,PASS,1,,15205 (99%); 15204 (1%)
42003513800,Allegheny County PA,Census Tract 5138,P,174,1.85,50000.0,689.0,2.76,55.4,42.7,64.9,96.9,PASS,3,,15104 (100%)
39013010200,Belmont County OH,Census Tract 102,P,174,1.02,99300.0,792.0,1.6,22.0,14.9,80.4,89.7,PASS,1,,43912 (87%); 43906 (6%); 43950 (5%); 43934 (2%)
54033030200,Harrison County WV,Census Tract 302,F,174,1.33,121500.0,882.0,1.45,17.9,48.6,77.4,82.8,FAIL: tenant payment risk,4,,26301 (100%)
54107010902,Wood County WV,Census Tract 109.02,P,174,0.71,177800.0,756.0,0.85,0.5,32.2,79.4,62.9,PASS,1,,26181 (53%); 26101 (47%)
42003552000,Allegheny County PA,Census Tract 5520,P,173,1.84,45900.0,966.0,4.21,97.3,34.3,74.9,89.3,PASS,2,,15132 (100%)
42125754200,Washington County PA,Census Tract 7542,F,173,1.82,172200.0,949.0,1.1,7.8,49.9,79.9,80.8,FAIL: tenant payment risk,5,,15301 (100%)
42003270100,Allegheny County PA,Census Tract 2701,P,172,1.83,223100.0,1208.0,1.08,7.2,16.8,81.3,77.9,PASS,1,,15212 (100%)
42007601100,Beaver County PA,Census Tract 6011,P,172,2.03,100300.0,780.0,1.56,20.8,29.8,82.1,98.2,PASS,1,,15010 (100%)
54107010101,Wood County WV,Census Tract 101.01,F,172,0.7,229100.0,1313.0,1.15,9.1,49.5,81.3,73.5,FAIL: tenant payment risk,4,,26187 (74%); 26105 (26%)
42003434000,Allegheny County PA,Census Tract 4340,F,171,1.82,344700.0,1393.0,0.81,-0.7,23.9,87.4,62.6,FAIL: not in positive-cash-flow set,6,,15202 (100%)
42021013400,Cambria County PA,Census Tract 134,P,171,3.05,18300.0,713.0,7.79,200.5,25.0,75.8,94.1,PASS,1,,15906 (51%); 15901 (49%)
54033032103,Harrison County WV,Census Tract 321.03,F,171,1.31,284600.0,973.0,0.68,-4.3,19.4,83.2,47.6,FAIL: not in positive-cash-flow set,6,,26330 (100%)
42003445500,Allegheny County PA,Census Tract 4455,F,170,1.81,464300.0,955.0,0.41,-12.1,31.3,84.0,34.1,FAIL: not in positive-cash-flow set,6,,15143 (100%)
42129801500,Westmoreland County PA,Census Tract 8015,P,169,1.61,94100.0,780.0,1.66,23.8,15.0,84.6,95.3,PASS,1,,15690 (65%); 15629 (35%)
42129805400,Westmoreland County PA,Census Tract 8054,P,169,1.61,28500.0,610.0,4.28,99.3,31.9,69.7,90.6,PASS,1,,15062 (100%)
39145003200,Scioto County OH,Census Tract 32,P,169,0.12,86500.0,617.0,1.43,17.1,33.2,70.3,91.8,PASS,1,,45662 (100%)
54061010902,Monongalia County WV,Census Tract 109.02,F,169,1.55,288200.0,965.0,0.67,-4.7,28.8,89.9,52.8,FAIL: not in positive-cash-flow set,6,,26505 (34%); 26508 (34%); 26501 (31%)
39155921400,Trumbull County OH,Census Tract 9214,P,168,1.01,142700.0,957.0,1.34,14.7,31.7,81.1,90.3,PASS,1,,44483 (91%); 44484 (9%)
54039000600,Kanawha County WV,Census Tract 6,P,168,0.59,131100.0,1050.0,1.6,22.2,34.7,77.5,91.0,PASS,2,,25302 (73%); 25387 (27%)
42051261600,Fayette County PA,Census Tract 2616,P,167,1.27,201000.0,1003.0,1.0,4.8,7.5,83.3,74.7,PASS,1,,15401 (82%); 15456 (7%); 15480 (6%); 15489 (5%)
42073011800,Lawrence County PA,Census Tract 118,P,167,2.57,78500.0,952.0,2.43,45.9,19.8,85.7,97.9,PASS,1,,16117 (100%)
42003562500,Allegheny County PA,Census Tract 5625,P,166,1.77,110700.0,1164.0,2.1,36.6,29.4,85.0,100,PASS,1,,15204 (99%); 15220 (1%)
39029952100,Columbiana County OH,Census Tract 9521,F,166,0.66,52000.0,781.0,3.0,62.6,47.5,68.7,96.0,FAIL: tenant payment risk,4,,43920 (100%)
39167020500,Washington County OH,Census Tract 205,P,166,0.73,166800.0,960.0,1.15,9.2,38.4,79.8,82.7,PASS,2,,45750 (100%)
39029952000,Columbiana County OH,Census Tract 9520,F,165,0.66,146500.0,439.0,0.6,-6.7,17.2,80.9,45.8,FAIL: not in positive-cash-flow set,6,,43920 (100%)
42003452000,Allegheny County PA,Census Tract 4520,F,164,1.75,257800.0,1007.0,0.78,-1.5,24.0,84.9,53.6,FAIL: not in positive-cash-flow set,6,,15126 (51%); 15026 (25%); 15108 (24%)
39081012300,Jefferson County OH,Census Tract 123,P,164,1.57,109400.0,834.0,1.52,20.0,22.2,80.5,90.0,PASS,1,,43963 (48%); 43943 (31%); 43971 (21%)
42007603202,Beaver County PA,Census Tract 6032.02,P,163,1.92,274100.0,1149.0,0.84,0.2,17.2,84.0,63.9,PASS,1,,15001 (52%); 15061 (48%)
42129804200,Westmoreland County PA,Census Tract 8042,P,162,1.54,174700.0,930.0,1.06,6.7,24.2,85.0,80.5,PASS,1,,15601 (100%)
39029950300,Columbiana County OH,Census Tract 9503,P,162,0.65,169300.0,726.0,0.86,0.7,15.3,81.4,64.6,PASS,1,,44431 (53%); 44408 (41%); 44460 (4%); 44490 (1%); 44445 (1%)
54107010200,Wood County WV,Census Tract 102,P,162,0.66,186700.0,839.0,0.9,1.9,23.7,82.8,57.6,PASS,2,,26187 (100%)
42003180700,Allegheny County PA,Census Tract 1807,P,161,1.72,152100.0,1647.0,2.17,38.4,28.2,85.7,100,PASS,1,,15211 (94%); 15210 (6%)
42005950500,Armstrong County PA,Census Tract 9505,F,161,1.74,199700.0,643.0,0.64,-5.4,27.6,80.7,42.8,FAIL: not in positive-cash-flow set,6,,16201 (56%); 16210 (29%); 16218 (10%); 16262 (6%)
42007601300,Beaver County PA,Census Tract 6013,P,161,1.9,61900.0,1057.0,3.42,74.4,19.4,80.3,90.4,PASS,1,,15010 (100%)
39167021100,Washington County OH,Census Tract 211,F,161,0.7,201500.0,829.0,0.82,-0.3,33.2,77.4,51.8,FAIL: not in positive-cash-flow set,6,,45750 (100%)
24001002300,Allegany County MD,Census Tract 23,P,161,2.99,157800.0,849.0,1.08,7.0,12.6,75.8,78.7,PASS,1,,21502 (100%)
42003191100,Allegheny County PA,Census Tract 1911,P,160,1.7,239800.0,1492.0,1.24,11.9,14.3,86.3,94.8,PASS,1,,15211 (82%); 15220 (18%)
42125704100,Washington County PA,Census Tract 7041,F,159,1.67,,803.0,,,,,,no data,,,15301 (100%)
42125744200,Washington County PA,Census Tract 7442,P,159,1.67,191800.0,1201.0,1.25,12.1,26.1,85.8,86.9,PASS,1,,15317 (100%)
54069002100,Ohio County WV,Census Tract 21,P,159,0.86,166200.0,1090.0,1.31,13.8,44.9,77.9,82.0,PASS,3,,26060 (41%); 26059 (32%); 26003 (20%); 26032 (4%); 26074 (3%)
42003070900,Allegheny County PA,Census Tract 709,F,158,1.68,441800.0,1380.0,0.62,-6.0,44.8,77.5,47.9,FAIL: not in positive-cash-flow set,6,,15213 (53%); 15232 (45%); 15224 (2%)
42003090100,Allegheny County PA,Census Tract 901,F,158,1.68,452700.0,1773.0,0.78,-1.4,20.8,92.5,64.9,FAIL: not in positive-cash-flow set,6,,15201 (100%)
42021000600,Cambria County PA,Census Tract 6,P,158,2.82,47700.0,936.0,3.92,89.1,18.4,77.5,99.8,PASS,1,,15902 (100%)
54011000400,Cabell County WV,Census Tract 4,P,158,1.06,68500.0,951.0,2.78,56.0,39.7,77.7,96.0,PASS,2,,25702 (68%); 25703 (32%)
54039011302,Kanawha County WV,Census Tract 113.02,F,157,0.55,200600.0,773.0,0.77,-1.8,16.8,79.1,58.8,FAIL: not in positive-cash-flow set,6,,25071 (76%); 25045 (24%)
42003111400,Allegheny County PA,Census Tract 1114,F,156,1.66,264000.0,1052.0,0.8,-1.0,26.1,76.3,61.9,FAIL: not in positive-cash-flow set,6,,15206 (100%)
42007604200,Beaver County PA,Census Tract 6042,P,156,1.84,95700.0,1108.0,2.32,42.7,38.4,80.6,94.8,PASS,2,,15003 (100%)
42125753700,Washington County PA,Census Tract 7537,F,156,1.64,253500.0,919.0,0.73,-3.1,24.8,84.7,51.7,FAIL: not in positive-cash-flow set,6,,15301 (100%)
39099812601,Mahoning County OH,Census Tract 8126.01,P,156,1.28,128200.0,731.0,1.14,8.9,29.9,85.4,84.2,PASS,1,,44515 (100%)
39155932802,Trumbull County OH,Census Tract 9328.02,P,155,0.93,91900.0,933.0,2.03,34.5,33.5,77.5,93.6,PASS,1,,44446 (82%); 44440 (18%)
54091964800,Taylor County WV,Census Tract 9648,P,154,0.56,105400.0,807.0,1.53,20.2,18.2,75.0,83.6,PASS,1,,26347 (51%); 26354 (35%); 26424 (7%); 26330 (4%); 26416 (3%)
42003489002,Allegheny County PA,Census Tract 4890.02,F,153,1.63,259000.0,1023.0,0.79,-1.2,8.7,83.7,52.6,FAIL: not in positive-cash-flow set,6,,15236 (97%); 15025 (3%)
54009031200,Brooke County WV,Census Tract 312,P,153,1.05,99000.0,643.0,1.3,13.5,14.2,78.1,88.1,PASS,1,,26037 (99%); 26070 (1%)
54039010200,Kanawha County WV,Census Tract 102,P,153,0.54,132700.0,627.0,0.94,3.3,33.8,81.9,73.3,PASS,2,,25064 (100%)
39081000400,Jefferson County OH,Census Tract 4,P,152,1.45,58000.0,971.0,3.35,72.5,37.8,78.0,96.5,PASS,2,,43952 (100%)
39155921100,Trumbull County OH,Census Tract 9211,P,151,0.9,61100.0,671.0,2.2,39.3,42.4,69.5,91.3,PASS,3,,44483 (100%)
39155933301,Trumbull County OH,Census Tract 9333.01,P,151,0.9,88100.0,660.0,1.5,19.2,23.4,74.9,86.1,PASS,1,,44440 (52%); 44446 (29%); 44484 (10%); 44481 (9%)
42003050100,Allegheny County PA,Census Tract 501,P,150,1.6,112500.0,837.0,1.49,18.9,39.1,74.0,90.6,PASS,2,,15219 (100%)
42003260700,Allegheny County PA,Census Tract 2607,P,150,1.6,201900.0,1146.0,1.14,8.7,23.1,86.0,81.1,PASS,1,,15214 (100%)
42063960800,Indiana County PA,Census Tract 9608,F,150,0.75,221400.0,878.0,0.79,-1.1,20.0,77.2,55.2,FAIL: not in positive-cash-flow set,6,,15701 (98%); 15748 (2%)
54011010104,Cabell County WV,Census Tract 101.04,P,150,1.0,147000.0,1318.0,1.79,27.7,10.2,78.9,94.6,PASS,1,,25701 (87%); 25705 (13%)
42003550900,Allegheny County PA,Census Tract 5509,F,149,1.59,66100.0,953.0,2.88,59.1,47.7,77.5,92.9,FAIL: tenant payment risk,4,,15132 (100%)
42129806000,Westmoreland County PA,Census Tract 8060,P,149,1.42,131200.0,636.0,0.97,4.0,13.8,76.6,66.6,PASS,1,,15089 (100%)
39155921500,Trumbull County OH,Census Tract 9215,F,149,0.89,136500.0,787.0,1.15,9.3,45.4,75.1,75.6,FAIL: tenant payment risk,4,,44484 (88%); 44483 (9%); 44446 (2%)
54039012900,Kanawha County WV,Census Tract 129,P,149,0.53,104000.0,1003.0,1.93,31.6,27.7,79.1,98.9,PASS,1,,25303 (100%)
54051021002,Marshall County WV,Census Tract 210.02,P,149,1.89,149400.0,837.0,1.12,8.3,16.2,84.1,79.8,PASS,1,,26041 (100%)
42003516100,Allegheny County PA,Census Tract 5161,F,148,1.58,350000.0,1260.0,0.72,-3.2,11.4,88.5,62.9,FAIL: not in positive-cash-flow set,6,,15218 (97%); 15221 (3%)
42125792200,Washington County PA,Census Tract 7922,F,148,1.56,116800.0,842.0,1.44,17.6,48.3,76.1,87.6,FAIL: tenant payment risk,4,,15419 (53%); 15417 (47%)
42003517000,Allegheny County PA,Census Tract 5170,F,147,1.57,129800.0,477.0,0.73,-2.8,20.9,81.9,51.2,FAIL: not in positive-cash-flow set,6,,15221 (100%)
42003564400,Allegheny County PA,Census Tract 5644,P,147,1.57,112900.0,1034.0,1.83,28.8,34.4,80.7,90.5,PASS,2,,15137 (82%); 15148 (13%); 15085 (4%); 15131 (1%)
54079020100,Putnam County WV,Census Tract 201,F,147,0.15,164500.0,335.0,0.41,-12.2,34.1,80.0,27.6,FAIL: not in positive-cash-flow set,6,,25124 (36%); 25168 (23%); 25159 (17%); 25123 (15%); 25245 (6%); 25033 (2%); 25011 (1%)
21019030400,Boyd County KY,Census Tract 304,P,146,1.26,108100.0,840.0,1.55,20.8,28.1,80.0,90.0,PASS,1,,41101 (97%); 41129 (3%)
42003202200,Allegheny County PA,Census Tract 2022,P,145,1.54,115700.0,693.0,1.2,10.5,22.6,77.5,79.9,PASS,1,,15204 (100%)
42003473300,Allegheny County PA,Census Tract 4733,P,145,1.54,338100.0,1570.0,0.93,2.8,28.3,88.6,69.1,PASS,1,,15228 (67%); 15216 (16%); 15226 (14%); 15234 (2%)
42019911700,Butler County PA,Census Tract 9117,F,145,1.19,357500.0,881.0,0.49,-9.8,11.0,86.6,37.3,FAIL: not in positive-cash-flow set,6,,16033 (62%); 16053 (32%); 16002 (4%); 16046 (1%)
39099812200,Mahoning County OH,Census Tract 8122,F,145,1.19,244700.0,795.0,0.65,-5.2,19.2,79.7,42.6,FAIL: not in positive-cash-flow set,6,,44406 (100%)
54061011601,Monongalia County WV,Census Tract 116.01,P,145,1.33,224300.0,1215.0,1.08,7.3,36.8,82.5,82.0,PASS,2,,26508 (59%); 26505 (41%)
42021013000,Cambria County PA,Census Tract 130,P,144,2.57,94800.0,751.0,1.58,21.7,37.2,78.2,90.3,PASS,2,,15946 (100%)
42125754400,Washington County PA,Census Tract 7544,P,144,1.51,62700.0,975.0,3.11,65.6,27.1,78.9,97.7,PASS,1,,15301 (100%)
54039010701,Kanawha County WV,Census Tract 107.01,P,144,0.51,156300.0,977.0,1.25,12.1,22.6,82.5,80.5,PASS,1,,25313 (66%); 25143 (34%)
21019030600,Boyd County KY,Census Tract 306,P,144,1.24,159900.0,732.0,0.92,2.4,21.3,75.5,69.7,PASS,1,,41102 (99%); 41101 (1%)
42003451300,Allegheny County PA,Census Tract 4513,F,143,1.52,295500.0,1228.0,0.83,-0.0,27.9,83.2,53.9,FAIL: not in positive-cash-flow set,6,,15108 (100%)
42129804600,Westmoreland County PA,Census Tract 8046,P,143,1.36,171600.0,849.0,0.99,4.5,9.4,87.5,80.3,PASS,1,,15697 (81%); 15601 (19%)
39081012400,Jefferson County OH,Census Tract 124,P,143,1.37,80700.0,827.0,2.05,35.1,36.2,73.0,92.0,PASS,2,,43952 (100%)
39145002901,Scioto County OH,Census Tract 29.01,F,143,0.1,202600.0,757.0,0.75,-2.4,22.8,79.8,56.3,FAIL: not in positive-cash-flow set,6,,45694 (100%)
54039010500,Kanawha County WV,Census Tract 105,P,143,0.51,144300.0,811.0,1.12,8.4,37.2,83.5,73.7,PASS,2,,25313 (100%)
42003473100,Allegheny County PA,Census Tract 4731,F,142,1.51,411100.0,1058.0,0.51,-9.1,18.1,89.1,42.1,FAIL: not in positive-cash-flow set,6,,15216 (98%); 15228 (2%)
39099813501,Mahoning County OH,Census Tract 8135.01,P,142,1.16,256100.0,1254.0,0.98,4.3,32.1,78.6,68.9,PASS,1,,44452 (53%); 44514 (26%); 44406 (21%)
54061010800,Monongalia County WV,Census Tract 108,P,142,1.3,194500.0,843.0,0.87,1.0,33.7,83.6,61.8,PASS,2,,26508 (75%); 26505 (25%)
42051260900,Fayette County PA,Census Tract 2609,P,141,1.08,203900.0,860.0,0.84,0.3,25.3,84.2,63.3,PASS,1,,15431 (44%); 15425 (34%); 15486 (9%); 15455 (6%); 15489 (3%); 15456 (2%); 15401 (1%)
42129800200,Westmoreland County PA,Census Tract 8002,P,140,1.33,83000.0,781.0,1.88,30.2,29.5,75.4,83.8,PASS,1,,15068 (100%)
39099814000,Mahoning County OH,Census Tract 8140,F,140,1.15,,535.0,,,,,,no data,,,44510 (59%); 44502 (29%); 44505 (5%); 44555 (4%); 44504 (3%); 44503 (1%)
54011000300,Cabell County WV,Census Tract 3,F,140,0.94,97400.0,936.0,1.92,31.4,57.8,78.1,92.5,FAIL: tenant payment risk,6,,25702 (68%); 25703 (32%)
54069000200,Ohio County WV,Census Tract 2,P,140,0.76,116300.0,715.0,1.23,11.5,17.0,78.4,89.3,PASS,1,,26003 (100%)
42003468900,Allegheny County PA,Census Tract 4689,P,139,1.48,176000.0,1072.0,1.22,11.1,15.9,86.0,90.7,PASS,1,,15106 (100%)
42003141400,Allegheny County PA,Census Tract 1414,F,138,1.47,462000.0,1148.0,0.5,-9.6,25.9,83.1,39.9,FAIL: not in positive-cash-flow set,6,,15217 (100%)
39099804200,Mahoning County OH,Census Tract 8042,P,138,1.13,86200.0,864.0,2.0,33.8,26.7,80.8,95.0,PASS,1,,44504 (87%); 44505 (13%)
24001002200,Allegany County MD,Census Tract 22,P,138,2.56,102100.0,548.0,1.07,7.0,12.3,79.8,74.2,PASS,1,,21562 (60%); 21557 (37%); 21521 (2%); 21540 (1%)
42003180300,Allegheny County PA,Census Tract 1803,P,137,1.46,89700.0,1039.0,2.32,42.8,25.0,80.5,93.0,PASS,1,,15210 (73%); 15203 (24%); 15211 (3%)
42129808200,Westmoreland County PA,Census Tract 8082,P,137,1.3,129300.0,635.0,0.98,4.3,34.1,76.0,68.9,PASS,2,,15627 (100%)
39099802900,Mahoning County OH,Census Tract 8029,F,137,1.12,49300.0,763.0,3.1,65.2,45.8,76.4,91.0,FAIL: tenant payment risk,4,,44509 (100%)
39099812302,Mahoning County OH,Census Tract 8123.02,P,137,1.12,137700.0,1122.0,1.63,23.0,22.6,84.3,95.7,PASS,1,,44511 (74%); 44515 (19%); 44406 (7%)
42003050600,Allegheny County PA,Census Tract 506,P,136,1.45,170000.0,895.0,1.05,6.4,28.1,79.4,75.3,PASS,1,,15219 (70%); 15213 (30%)
42073010201,Lawrence County PA,Census Tract 102.01,F,136,2.1,275000.0,945.0,0.69,-4.2,33.3,78.5,53.2,FAIL: not in positive-cash-flow set,6,,16105 (98%); 16142 (2%)
39145002902,Scioto County OH,Census Tract 29.02,F,136,0.1,215500.0,638.0,0.59,-6.9,43.8,79.1,37.7,FAIL: not in positive-cash-flow set,6,,45694 (91%); 45662 (9%)
54011010402,Cabell County WV,Census Tract 104.02,P,135,0.9,210100.0,1106.0,1.05,6.4,11.8,79.2,78.6,PASS,1,,25504 (100%)
54051021100,Marshall County WV,Census Tract 211,P,135,1.71,171200.0,998.0,1.17,9.6,19.2,80.5,82.3,PASS,1,,26041 (48%); 26038 (34%); 26003 (18%)
42129806800,Westmoreland County PA,Census Tract 8068,P,134,1.27,136100.0,787.0,1.16,9.4,20.6,85.9,86.7,PASS,1,,15666 (100%)
54049021201,Marion County WV,Census Tract 212.01,F,134,0.52,280800.0,1018.0,0.73,-3.1,29.5,81.0,46.8,FAIL: not in positive-cash-flow set,6,,26554 (100%)
42003420000,Allegheny County PA,Census Tract 4200,P,133,1.42,173000.0,807.0,0.93,2.9,23.2,83.0,73.9,PASS,1,,15238 (100%)
42085030900,Mercer County PA,Census Tract 309,F,133,1.04,89600.0,964.0,2.15,38.0,45.1,78.9,94.5,FAIL: tenant payment risk,4,,16121 (99%); 16146 (1%)
39167021400,Washington County OH,Census Tract 214,P,133,0.58,228900.0,978.0,0.85,0.7,6.0,81.6,67.7,PASS,1,,45788 (45%); 45750 (44%); 45744 (11%)
54005958502,Boone County WV,Census Tract 9585.02,P,133,0.0,121100.0,888.0,1.47,18.3,32.6,80.8,89.8,PASS,1,,25130 (39%); 25093 (25%); 25081 (21%); 25204 (8%); 25053 (6%)
54039011500,Kanawha County WV,Census Tract 115,P,133,0.47,126800.0,988.0,1.56,20.9,10.3,77.9,92.3,PASS,1,,25015 (56%); 25306 (44%)
42003260200,Allegheny County PA,Census Tract 2602,P,132,1.41,179200.0,1045.0,1.17,9.6,26.7,85.5,83.2,PASS,1,,15214 (100%)
42005951000,Armstrong County PA,Census Tract 9510,P,132,1.43,84400.0,906.0,2.15,37.9,25.1,78.7,92.2,PASS,1,,16226 (100%)
42129803100,Westmoreland County PA,Census Tract 8031,P,132,1.25,195900.0,1035.0,1.06,6.5,10.4,84.6,71.8,PASS,1,,15642 (98%); 15647 (2%)
42129807404,Westmoreland County PA,Census Tract 8074.04,P,132,1.25,217900.0,932.0,0.86,0.7,23.4,76.0,66.5,PASS,1,,15650 (92%); 15601 (8%)
42003140400,Allegheny County PA,Census Tract 1404,F,131,1.4,688300.0,2156.0,0.63,-5.9,29.8,84.7,39.6,FAIL: not in positive-cash-flow set,6,,15206 (40%); 15208 (34%); 15217 (21%); 15232 (5%)
42003487000,Allegheny County PA,Census Tract 4870,P,131,1.4,93500.0,634.0,1.36,15.1,22.9,82.2,95.3,PASS,1,,15034 (100%)
42003191700,Allegheny County PA,Census Tract 1917,P,130,1.38,175300.0,1620.0,1.85,29.3,31.7,83.1,95.1,PASS,1,,15226 (100%)
42003462100,Allegheny County PA,Census Tract 4621,P,130,1.38,132300.0,1298.0,1.96,32.6,31.9,77.6,90.4,PASS,1,,15136 (100%)
42111021400,Somerset County PA,Census Tract 214,P,129,0.82,155800.0,729.0,0.94,3.0,16.0,79.8,71.3,PASS,1,,15530 (69%); 15542 (18%); 15552 (10%); 15501 (2%)
39145003500,Scioto County OH,Census Tract 35,F,129,0.09,61900.0,859.0,2.78,56.0,56.4,69.5,90.8,FAIL: tenant payment risk,6,,45662 (100%)
54049020300,Marion County WV,Census Tract 203,P,129,0.5,206000.0,1023.0,0.99,4.7,28.8,82.2,71.3,PASS,1,,26554 (100%)
54069000400,Ohio County WV,Census Tract 4,F,129,0.7,,645.0,,,,,,no data,,,26003 (100%)
42129802004,Westmoreland County PA,Census Tract 8020.04,F,128,1.22,296500.0,809.0,0.55,-8.2,13.5,85.1,37.7,FAIL: not in positive-cash-flow set,6,,15632 (89%); 15626 (11%)
39155921200,Trumbull County OH,Census Tract 9212,P,128,0.77,98100.0,450.0,0.92,2.5,39.3,81.1,60.1,PASS,2,,44483 (84%); 44485 (14%); 44481 (2%)
54011010802,Cabell County WV,Census Tract 108.02,P,128,0.86,211900.0,1113.0,1.05,6.3,34.6,81.8,75.9,PASS,2,,25541 (64%); 25510 (36%)
42005951900,Armstrong County PA,Census Tract 9519,P,127,1.37,110600.0,774.0,1.4,16.4,20.3,82.1,91.8,PASS,1,,16229 (100%)
39167020400,Washington County OH,Census Tract 204,P,127,0.55,164200.0,795.0,0.97,3.9,31.9,78.2,72.6,PASS,1,,45750 (100%)
54009031103,Brooke County WV,Census Tract 311.03,F,127,0.87,137900.0,537.0,0.78,-1.5,33.7,82.8,60.5,FAIL: not in positive-cash-flow set,6,,26062 (100%)
54011000900,Cabell County WV,Census Tract 9,P,127,0.85,79100.0,933.0,2.36,44.0,25.0,65.8,88.8,PASS,2,,25704 (54%); 25701 (46%)
54061010602,Monongalia County WV,Census Tract 106.02,F,127,1.17,351900.0,1097.0,0.62,-6.0,25.9,84.0,56.6,FAIL: not in positive-cash-flow set,6,,26505 (82%); 26508 (18%)
54107010502,Wood County WV,Census Tract 105.02,P,127,0.52,139700.0,761.0,1.09,7.4,34.4,79.7,73.5,PASS,2,,26105 (80%); 26104 (17%); 26101 (3%)
42003404000,Allegheny County PA,Census Tract 4040,P,126,1.34,106900.0,840.0,1.57,21.3,29.6,83.9,88.1,PASS,1,,15030 (66%); 15084 (34%)
42129808300,Westmoreland County PA,Census Tract 8083,P,126,1.2,127700.0,685.0,1.07,6.9,24.0,76.3,70.2,PASS,1,,15944 (46%); 15923 (28%); 15658 (17%); 15954 (9%)
54029020700,Hancock County WV,Census Tract 207,P,126,1.14,115400.0,784.0,1.36,15.2,38.5,77.8,88.5,PASS,2,,26062 (100%)
54039000100,Kanawha County WV,Census Tract 1,P,126,0.45,86100.0,986.0,2.29,42.0,38.2,75.3,94.9,PASS,2,,25387 (100%)
42021000500,Cambria County PA,Census Tract 5,P,125,2.23,50400.0,791.0,3.14,66.4,34.8,75.6,96.4,PASS,2,,15902 (100%)
39013011500,Belmont County OH,Census Tract 115,P,125,0.74,125000.0,666.0,1.07,6.7,27.4,72.5,74.5,PASS,1,,43906 (100%)
42003492700,Allegheny County PA,Census Tract 4927,F,124,1.32,53100.0,1097.0,4.13,95.0,49.4,74.5,94.0,FAIL: tenant payment risk,4,,15025 (100%)
42129801600,Westmoreland County PA,Census Tract 8016,P,124,1.18,84400.0,872.0,2.07,35.6,39.6,83.1,96.8,PASS,2,,15690 (100%)
42129807800,Westmoreland County PA,Census Tract 8078,P,124,1.18,172700.0,792.0,0.92,2.5,26.0,80.7,68.0,PASS,1,,15650 (86%); 15661 (10%); 15620 (4%)
42003101100,Allegheny County PA,Census Tract 1011,P,123,1.31,317300.0,1777.0,1.12,8.3,20.0,89.3,84.2,PASS,1,,15201 (100%)
42003513000,Allegheny County PA,Census Tract 5130,P,123,1.31,48600.0,1118.0,4.6,108.6,43.0,77.4,95.0,PASS,3,,15104 (100%)
42005951800,Armstrong County PA,Census Tract 9518,P,123,1.33,97600.0,814.0,1.67,24.1,30.6,81.6,90.1,PASS,1,,15656 (100%)
42007601400,Beaver County PA,Census Tract 6014,P,123,1.45,116300.0,873.0,1.5,19.3,15.5,82.2,90.4,PASS,1,,15066 (100%)
42085032200,Mercer County PA,Census Tract 322,P,123,0.96,116400.0,634.0,1.09,7.4,28.3,83.0,74.0,PASS,1,,16125 (100%)
42111020900,Somerset County PA,Census Tract 209,P,123,0.78,172400.0,724.0,0.84,0.2,14.0,75.6,53.4,PASS,3,,15501 (53%); 15541 (47%)
42125792100,Washington County PA,Census Tract 7921,F,123,1.29,188600.0,681.0,0.72,-3.2,28.1,77.3,47.0,FAIL: not in positive-cash-flow set,6,,15423 (79%); 15417 (11%); 15419 (8%); 15427 (3%)
54011010203,Cabell County WV,Census Tract 102.03,P,123,0.82,189900.0,890.0,0.94,3.0,27.9,84.0,74.6,PASS,1,,25705 (91%); 25504 (9%)
54011010401,Cabell County WV,Census Tract 104.01,P,123,0.82,167600.0,947.0,1.13,8.6,41.6,79.1,73.6,PASS,3,,25504 (91%); 25545 (9%)
54039000300,Kanawha County WV,Census Tract 3,P,123,0.43,108600.0,788.0,1.45,17.8,16.8,84.0,87.1,PASS,1,,25302 (38%); 25387 (36%); 25312 (26%)
42019911100,Butler County PA,Census Tract 9111,P,122,1.0,252800.0,1507.0,1.19,10.4,25.7,80.2,84.8,PASS,1,,16053 (31%); 16033 (29%); 16001 (24%); 16052 (12%); 16027 (3%)
42125712700,Washington County PA,Census Tract 7127,P,122,1.28,129400.0,823.0,1.27,12.7,20.8,83.2,91.5,PASS,1,,15021 (100%)
39029950400,Columbiana County OH,Census Tract 9504,P,122,0.49,222900.0,949.0,0.85,0.6,14.5,81.7,62.1,PASS,2,,44431 (51%); 44460 (31%); 44408 (13%); 44445 (3%); 44432 (2%); 44490 (1%)
54011001100,Cabell County WV,Census Tract 11,P,122,0.82,83800.0,806.0,1.92,31.4,40.5,77.3,90.3,PASS,2,,25704 (83%); 25701 (17%)
54061011700,Monongalia County WV,Census Tract 117,F,122,1.12,450000.0,874.0,0.39,-12.8,15.3,85.8,31.0,FAIL: not in positive-cash-flow set,6,,26508 (100%)
42021001200,Cambria County PA,Census Tract 12,P,121,2.16,39000.0,646.0,3.31,71.5,34.8,80.0,87.9,PASS,2,,15906 (100%)
39099800501,Mahoning County OH,Census Tract 8005.01,F,121,0.99,40500.0,394.0,1.95,32.1,47.7,63.0,87.7,FAIL: tenant payment risk,4,,44505 (100%)
54033030300,Harrison County WV,Census Tract 303,F,121,0.93,86600.0,690.0,1.59,21.9,45.4,72.8,86.0,FAIL: tenant payment risk,4,,26301 (100%)
54039000500,Kanawha County WV,Census Tract 5,P,121,0.43,145900.0,1116.0,1.53,20.1,35.0,74.3,87.5,PASS,2,,25302 (100%)
54039013500,Kanawha County WV,Census Tract 135,P,121,0.43,122000.0,990.0,1.62,22.8,26.3,77.1,93.7,PASS,1,,25177 (100%)
54107010501,Wood County WV,Census Tract 105.01,P,121,0.5,141300.0,830.0,1.17,9.9,30.5,85.7,84.5,PASS,1,,26105 (100%)
42005951500,Armstrong County PA,Census Tract 9515,P,120,1.3,114500.0,708.0,1.24,11.7,26.8,81.8,81.4,PASS,1,,15673 (64%); 15613 (36%)
39155932900,Trumbull County OH,Census Tract 9329,P,119,0.71,271800.0,1220.0,0.9,1.9,28.7,76.2,70.3,PASS,1,,44484 (79%); 44446 (21%)
54039010601,Kanawha County WV,Census Tract 106.01,P,119,0.42,126200.0,889.0,1.41,16.6,19.7,76.5,82.3,PASS,1,,25143 (100%)
54049020800,Marion County WV,Census Tract 208,P,119,0.47,141900.0,895.0,1.26,12.4,25.9,81.4,89.3,PASS,1,,26554 (100%)
54051020601,Marshall County WV,Census Tract 206.01,P,119,1.51,100200.0,591.0,1.18,10.0,33.8,80.2,79.9,PASS,2,,26031 (56%); 26040 (24%); 26038 (20%)
54057010100,Mineral County WV,Census Tract 101,P,119,1.73,168200.0,747.0,0.89,1.6,19.0,79.1,56.2,PASS,2,,26753 (51%); 26767 (49%)
21019030200,Boyd County KY,Census Tract 302,P,119,1.02,105500.0,854.0,1.62,22.7,31.4,84.6,96.5,PASS,1,,41101 (100%)
21019030300,Boyd County KY,Census Tract 303,P,119,1.02,85500.0,1140.0,2.67,52.8,36.8,77.5,95.5,PASS,2,,41101 (100%)
42003130700,Allegheny County PA,Census Tract 1307,P,118,1.26,58000.0,501.0,1.73,25.8,37.5,70.0,90.7,PASS,2,,15208 (72%); 15221 (17%); 15206 (11%); 15235 (1%)
42003551200,Allegheny County PA,Census Tract 5512,P,118,1.26,78300.0,723.0,1.85,29.2,44.7,77.7,93.5,PASS,3,,15132 (100%)
39099812301,Mahoning County OH,Census Tract 8123.01,P,118,0.97,116900.0,798.0,1.37,15.4,37.5,84.4,89.5,PASS,2,,44515 (97%); 44509 (3%)
42003471000,Allegheny County PA,Census Tract 4710,P,117,1.25,150200.0,954.0,1.27,12.6,13.9,83.3,87.3,PASS,1,,15106 (100%)
42129806300,Westmoreland County PA,Census Tract 8063,P,117,1.11,157900.0,675.0,0.85,0.7,14.3,82.9,65.9,PASS,1,,15683 (100%)
39081011700,Jefferson County OH,Census Tract 117,P,117,1.12,160000.0,881.0,1.1,7.8,24.6,79.8,81.6,PASS,1,,43938 (47%); 43953 (37%); 43910 (11%); 43943 (3%); 43944 (2%)
54039012100,Kanawha County WV,Census Tract 121,P,117,0.41,72500.0,745.0,2.06,35.2,27.8,77.7,88.6,PASS,1,,25075 (51%); 25083 (19%); 25061 (17%); 25102 (5%); 25103 (5%); 25067 (1%)
39013011300,Belmont County OH,Census Tract 113,P,116,0.68,143700.0,807.0,1.12,8.4,21.3,81.6,77.9,PASS,1,,43947 (100%)
54039013600,Kanawha County WV,Census Tract 136,P,116,0.41,173500.0,807.0,0.93,2.8,32.3,75.8,69.4,PASS,1,,25177 (100%)
21043960200,Carter County KY,Census Tract 9602,F,116,1.99,136100.0,538.0,0.79,-1.2,24.7,78.2,49.5,FAIL: not in positive-cash-flow set,6,,41164 (100%)
42003463900,Allegheny County PA,Census Tract 4639,P,115,1.23,71400.0,1177.0,3.3,71.0,31.7,79.5,93.1,PASS,1,,15136 (100%)
42007603400,Beaver County PA,Census Tract 6034,P,115,1.36,143800.0,899.0,1.25,12.1,19.5,81.5,87.2,PASS,1,,15061 (100%)
54069000500,Ohio County WV,Census Tract 5,P,115,0.62,87200.0,854.0,1.96,32.5,26.6,82.4,97.5,PASS,1,,26003 (100%)
42003447000,Allegheny County PA,Census Tract 4470,P,114,1.21,254700.0,1106.0,0.87,1.1,29.7,79.8,64.9,PASS,1,,15143 (92%); 15003 (8%)
42003470501,Allegheny County PA,Census Tract 4705.01,P,114,1.21,171600.0,1287.0,1.5,19.2,8.2,85.7,100,PASS,1,,15220 (80%); 15216 (19%); 15243 (1%)
39167020201,Washington County OH,Census Tract 202.01,P,113,0.49,200700.0,864.0,0.86,0.8,33.6,83.1,54.2,PASS,3,,45714 (77%); 45784 (18%); 45742 (5%)
54061010203,Monongalia County WV,Census Tract 102.03,P,113,1.04,215700.0,1000.0,0.93,2.8,36.3,86.6,74.1,PASS,2,,26505 (100%)
42003492900,Allegheny County PA,Census Tract 4929,F,112,1.19,77300.0,929.0,2.4,45.3,55.4,77.4,86.3,FAIL: tenant payment risk,5,,15025 (100%)
42003507000,Allegheny County PA,Census Tract 5070,P,112,1.19,101100.0,780.0,1.54,20.5,23.8,79.9,91.7,PASS,1,,15035 (100%)
42019911000,Butler County PA,Census Tract 9110,F,112,0.92,260100.0,921.0,0.71,-3.6,10.0,80.3,49.1,FAIL: not in positive-cash-flow set,6,,16001 (32%); 16051 (31%); 16052 (31%); 16037 (6%)
42129800100,Westmoreland County PA,Census Tract 8001,P,112,1.06,66800.0,578.0,1.73,25.9,33.3,65.0,89.6,PASS,2,,15068 (100%)
42129804400,Westmoreland County PA,Census Tract 8044,P,112,1.06,162300.0,756.0,0.93,2.9,20.5,79.4,71.6,PASS,1,,15601 (100%)
42129806900,Westmoreland County PA,Census Tract 8069,P,112,1.06,167200.0,813.0,0.97,4.1,25.6,80.1,72.6,PASS,1,,15666 (100%)
42003562700,Allegheny County PA,Census Tract 5627,F,111,1.18,390500.0,1343.0,0.69,-4.1,29.0,87.9,58.6,FAIL: not in positive-cash-flow set,6,,15212 (83%); 15233 (17%)
42003130600,Allegheny County PA,Census Tract 1306,P,110,1.17,109100.0,726.0,1.33,14.4,44.0,72.2,82.2,PASS,3,,15221 (91%); 15235 (7%); 15208 (2%)
42129805000,Westmoreland County PA,Census Tract 8050,P,110,1.04,193800.0,1093.0,1.13,8.5,31.5,84.8,79.2,PASS,1,,15089 (43%); 15637 (28%); 15679 (15%); 15642 (5%); 15678 (4%); 15698 (3%); 15640 (3%)
21089040100,Greenup County KY,Census Tract 401,F,110,1.55,231800.0,760.0,0.66,-5.1,9.4,80.2,40.2,FAIL: not in positive-cash-flow set,6,,41169 (36%); 41102 (25%); 41101 (25%); 41139 (14%)
42019911502,Butler County PA,Census Tract 9115.02,F,109,0.9,288500.0,861.0,0.6,-6.8,16.3,81.5,37.5,FAIL: not in positive-cash-flow set,6,,16056 (68%); 16055 (29%); 16059 (3%)
42021011900,Cambria County PA,Census Tract 119,P,109,1.94,93100.0,612.0,1.31,13.9,24.7,81.3,90.1,PASS,1,,15714 (91%); 15775 (9%)
42021013300,Cambria County PA,Census Tract 133,F,109,1.94,172500.0,576.0,0.67,-4.7,33.1,82.8,41.8,FAIL: not in positive-cash-flow set,6,,15963 (42%); 15955 (31%); 15956 (9%); 15952 (7%); 15904 (7%); 15951 (3%); 15930 (1%)
42125713700,Washington County PA,Census Tract 7137,P,109,1.15,175800.0,940.0,1.07,6.8,29.7,83.9,68.5,PASS,1,,15021 (68%); 15019 (26%); 15054 (2%); 15078 (2%); 15057 (1%)
42125775200,Washington County PA,Census Tract 7752,P,109,1.15,70900.0,779.0,2.2,39.3,36.1,77.2,95.2,PASS,2,,15033 (100%)
42129806100,Westmoreland County PA,Census Tract 8061,F,109,1.04,232100.0,853.0,0.74,-2.8,7.5,80.8,53.2,FAIL: not in positive-cash-flow set,6,,15089 (41%); 15679 (31%); 15479 (20%); 15698 (5%); 15695 (3%)
42129807202,Westmoreland County PA,Census Tract 8072.02,P,109,1.04,245100.0,1094.0,0.89,1.8,20.7,81.6,66.6,PASS,1,,15650 (83%); 15601 (12%); 15676 (5%)
54079020200,Putnam County WV,Census Tract 202,P,109,0.11,192300.0,1018.0,1.06,6.5,16.7,82.7,76.4,PASS,1,,25033 (46%); 25168 (25%); 25123 (20%); 25070 (10%)
42003562800,Allegheny County PA,Census Tract 5628,P,108,1.15,161100.0,944.0,1.17,9.8,13.7,79.0,85.1,PASS,1,,15205 (61%); 15106 (39%)
54107010102,Wood County WV,Census Tract 101.02,F,108,0.44,250300.0,770.0,0.62,-6.2,40.1,80.2,40.4,FAIL: not in positive-cash-flow set,6,,26105 (51%); 26104 (49%)
42003040200,Allegheny County PA,Census Tract 402,F,107,1.14,122300.0,1564.0,2.56,49.7,60.8,69.5,90.2,FAIL: tenant payment risk,6,,15213 (92%); 15219 (8%)
42003191900,Allegheny County PA,Census Tract 1919,P,107,1.14,189900.0,1153.0,1.21,11.0,29.8,83.5,89.1,PASS,1,,15226 (100%)
42003526101,Allegheny County PA,Census Tract 5261.01,F,107,1.14,296500.0,1029.0,0.69,-4.0,27.9,84.2,50.9,FAIL: not in positive-cash-flow set,6,,15068 (71%); 15147 (13%); 15239 (13%); 15139 (3%)
42003101800,Allegheny County PA,Census Tract 1018,P,106,1.13,243200.0,1509.0,1.24,11.8,10.3,83.6,86.9,PASS,1,,15201 (71%); 15206 (29%)
42003473401,Allegheny County PA,Census Tract 4734.01,F,106,1.13,521000.0,894.0,0.34,-14.1,15.4,87.3,38.0,FAIL: not in positive-cash-flow set,6,,15228 (98%); 15234 (2%)
39081011900,Jefferson County OH,Census Tract 119,P,106,1.01,86900.0,850.0,1.96,32.4,12.4,80.6,99.0,PASS,1,,43938 (57%); 43943 (35%); 43913 (8%)
39099804000,Mahoning County OH,Census Tract 8040,F,106,0.87,56100.0,740.0,2.64,52.0,47.8,73.3,93.2,FAIL: tenant payment risk,4,,44505 (64%); 44504 (31%); 44502 (5%)
42003290200,Allegheny County PA,Census Tract 2902,P,105,1.12,95700.0,816.0,1.71,25.2,33.3,78.6,95.4,PASS,1,,15210 (100%)
42003448000,Allegheny County PA,Census Tract 4480,P,105,1.12,156000.0,959.0,1.23,11.5,14.7,82.1,92.7,PASS,1,,15056 (95%); 15003 (5%)
42051262900,Fayette County PA,Census Tract 2629,P,105,0.8,123200.0,1327.0,2.15,38.1,19.6,80.1,95.5,PASS,1,,15458 (44%); 15410 (15%); 15461 (13%); 15443 (7%); 15401 (7%); 15468 (6%); 15454 (4%); 15478 (3%); 15476 (1%)
24001001200,Allegany County MD,Census Tract 12,P,105,1.95,212400.0,985.0,0.93,2.8,21.9,81.3,62.2,PASS,2,,21502 (100%)
54039013001,Kanawha County WV,Census Tract 130.01,P,105,0.37,69700.0,733.0,2.1,36.6,32.4,72.6,90.7,PASS,1,,25309 (95%); 25064 (5%)
42003499400,Allegheny County PA,Census Tract 4994,P,104,1.11,69800.0,863.0,2.47,47.3,28.4,76.9,91.2,PASS,1,,15045 (100%)
42125746302,Washington County PA,Census Tract 7463.02,F,104,1.09,619100.0,,,,,,,no data,,,15367 (88%); 15332 (11%); 15102 (1%)
39099811500,Mahoning County OH,Census Tract 8115,P,104,0.85,174500.0,986.0,1.13,8.6,16.2,83.8,82.6,PASS,1,,44511 (51%); 44512 (47%); 44406 (2%)
54039000700,Kanawha County WV,Census Tract 7,P,104,0.37,72300.0,879.0,2.43,46.1,25.4,81.1,94.4,PASS,1,,25302 (54%); 25387 (46%)
21089040202,Greenup County KY,Census Tract 402.02,P,104,1.46,107900.0,1047.0,1.94,31.9,36.8,78.2,92.9,PASS,2,,41139 (96%); 41169 (4%)
42019912303,Butler County PA,Census Tract 9123.03,P,103,0.85,409700.0,1754.0,0.86,0.7,17.4,87.1,65.7,PASS,1,,16046 (100%)
42021013200,Cambria County PA,Census Tract 132,P,103,1.84,112200.0,832.0,1.48,18.8,19.7,81.8,89.2,PASS,1,,15955 (31%); 15958 (29%); 15956 (21%); 15942 (19%)
42125743700,Washington County PA,Census Tract 7437,F,103,1.08,203800.0,775.0,0.76,-2.0,36.8,82.3,52.2,FAIL: not in positive-cash-flow set,6,,15342 (85%); 15317 (15%)
39099812604,Mahoning County OH,Census Tract 8126.04,P,103,0.84,194900.0,1086.0,1.11,8.1,30.6,80.6,78.0,PASS,1,,44515 (100%)
24001000500,Allegany County MD,Census Tract 5,P,103,1.91,108200.0,826.0,1.53,20.0,45.0,66.9,83.0,PASS,3,,21502 (100%)
54005958501,Boone County WV,Census Tract 9585.01,P,103,0.0,78900.0,489.0,1.24,11.7,20.0,67.2,70.1,PASS,2,,25181 (66%); 25148 (13%); 25154 (11%); 25209 (8%); 25165 (2%)
42003450700,Allegheny County PA,Census Tract 4507,P,102,1.09,179400.0,973.0,1.08,7.3,24.9,85.1,77.6,PASS,1,,15108 (100%)
42019902700,Butler County PA,Census Tract 9027,P,102,0.84,149400.0,1039.0,1.39,16.1,31.9,76.8,89.4,PASS,1,,16001 (59%); 16045 (41%)
42019912002,Butler County PA,Census Tract 9120.02,F,102,0.84,456900.0,1753.0,0.77,-1.9,24.3,86.9,58.0,FAIL: not in positive-cash-flow set,6,,16066 (100%)
42021000300,Cambria County PA,Census Tract 3,P,102,1.82,40000.0,778.0,3.89,88.1,36.5,77.6,94.1,PASS,2,,15902 (100%)
42051262400,Fayette County PA,Census Tract 2624,P,102,0.78,198300.0,1079.0,1.09,7.4,20.1,80.3,79.1,PASS,1,,15445 (61%); 15401 (29%); 15416 (11%)
42125744102,Washington County PA,Census Tract 7441.02,P,102,1.07,168100.0,941.0,1.12,8.3,20.1,84.6,85.6,PASS,1,,15317 (100%)
42129800900,Westmoreland County PA,Census Tract 8009,P,102,0.97,119500.0,640.0,1.07,6.9,14.6,83.2,85.3,PASS,1,,15068 (100%)
24001001700,Allegany County MD,Census Tract 17,P,102,1.89,152900.0,818.0,1.07,6.9,17.8,79.6,82.9,PASS,1,,21532 (66%); 21545 (34%)
42003515200,Allegheny County PA,Census Tract 5152,P,101,1.08,151400.0,1142.0,1.51,19.5,19.2,79.2,95.9,PASS,1,,15218 (100%)
42003562300,Allegheny County PA,Census Tract 5623,P,101,1.08,89100.0,644.0,1.45,17.7,36.1,75.6,86.8,PASS,2,,15207 (78%); 15217 (22%)
39099812102,Mahoning County OH,Census Tract 8121.02,F,101,0.83,368700.0,,,,,,,no data,,,44406 (100%)
54011000200,Cabell County WV,Census Tract 2,F,101,0.67,72300.0,727.0,2.01,34.0,51.4,69.4,88.4,FAIL: tenant payment risk,5,,25702 (99%); 25705 (1%)
42007603300,Beaver County PA,Census Tract 6033,F,100,1.18,165400.0,616.0,0.74,-2.5,11.6,85.7,51.8,FAIL: not in positive-cash-flow set,6,,15061 (100%)
42051263200,Fayette County PA,Census Tract 2632,P,100,0.76,150000.0,804.0,1.07,6.9,23.7,79.6,72.0,PASS,1,,15478 (100%)
42073000400,Lawrence County PA,Census Tract 4,P,100,1.54,83300.0,450.0,1.08,7.2,42.7,65.9,76.7,PASS,3,,16101 (100%)
42129806500,Westmoreland County PA,Census Tract 8065,P,100,0.95,142300.0,609.0,0.86,0.7,12.8,81.6,63.9,PASS,1,,15683 (71%); 15666 (23%); 15612 (6%)
54029021500,Hancock County WV,Census Tract 215,P,100,0.9,132200.0,829.0,1.25,12.2,24.2,77.4,78.5,PASS,1,,26034 (89%); 26047 (10%); 26050 (1%)
42007603500,Beaver County PA,Census Tract 6035,P,99,1.17,100900.0,1003.0,1.99,33.3,29.4,86.0,91.0,PASS,1,,15042 (98%); 15074 (2%)
42051261700,Fayette County PA,Census Tract 2617,P,99,0.76,99300.0,814.0,1.64,23.3,28.8,81.1,96.8,PASS,1,,15401 (93%); 15472 (7%)
42085030400,Mercer County PA,Census Tract 304,P,99,0.77,116600.0,1072.0,1.84,29.0,26.9,79.5,98.6,PASS,1,,16146 (100%)
39099811901,Mahoning County OH,Census Tract 8119.01,P,99,0.81,192200.0,869.0,0.9,2.1,25.8,82.9,62.8,PASS,1,,44512 (63%); 44514 (37%)
39099812002,Mahoning County OH,Census Tract 8120.02,F,99,0.81,223700.0,876.0,0.78,-1.4,23.0,82.6,60.1,FAIL: not in positive-cash-flow set,6,,44512 (70%); 44406 (27%); 44514 (3%)
39155931400,Trumbull County OH,Census Tract 9314,P,99,0.59,90700.0,733.0,1.62,22.6,21.3,81.9,98.4,PASS,1,,44438 (58%); 44403 (27%); 44425 (15%)
54069001700,Ohio County WV,Census Tract 17,P,99,0.54,167200.0,1043.0,1.25,12.0,6.2,82.6,89.3,PASS,1,,26003 (100%)
54107000802,Wood County WV,Census Tract 8.02,F,99,0.41,83100.0,839.0,2.02,34.2,54.1,76.6,85.4,FAIL: tenant payment risk,5,,26101 (100%)
42003415001,Allegheny County PA,Census Tract 4150.01,F,98,1.04,404600.0,1365.0,0.67,-4.5,20.0,84.4,44.6,FAIL: not in positive-cash-flow set,6,,15024 (64%); 15238 (19%); 15101 (14%); 15051 (3%)
42003521302,Allegheny County PA,Census Tract 5213.02,P,98,1.04,202200.0,1113.0,1.1,7.8,34.4,79.1,81.8,PASS,2,,15146 (94%); 15140 (5%)
54011010204,Cabell County WV,Census Tract 102.04,P,98,0.65,226100.0,1121.0,0.99,4.6,25.1,84.9,77.1,PASS,1,,25705 (100%)
54029021200,Hancock County WV,Census Tract 212,P,98,0.88,121500.0,937.0,1.54,20.5,34.1,78.2,85.9,PASS,2,,26047 (83%); 26056 (10%); 26062 (6%)
42007604901,Beaver County PA,Census Tract 6049.01,P,97,1.14,213500.0,1020.0,0.96,3.6,18.9,82.1,69.2,PASS,1,,15001 (99%); 15061 (1%)
42019912405,Butler County PA,Census Tract 9124.05,F,97,0.8,501600.0,900.0,0.36,-13.6,33.0,80.8,25.0,FAIL: not in positive-cash-flow set,6,,16046 (85%); 16059 (7%); 16033 (5%); 16024 (3%)
42111020602,Somerset County PA,Census Tract 206.02,P,97,0.61,95600.0,616.0,1.29,13.2,19.5,82.8,85.5,PASS,1,,15531 (34%); 15563 (32%); 15541 (19%); 15546 (5%); 15520 (4%); 15544 (3%); 15501 (2%)
54099020400,Wayne County WV,Census Tract 204,P,97,0.17,184900.0,1656.0,1.79,27.6,26.0,79.8,89.1,PASS,1,,25530 (42%); 25704 (39%); 25701 (19%)
42003514000,Allegheny County PA,Census Tract 5140,P,96,1.02,95000.0,599.0,1.26,12.4,19.5,80.5,90.8,PASS,1,,15104 (100%)
42129801002,Westmoreland County PA,Census Tract 8010.02,F,96,0.91,168000.0,685.0,0.82,-0.5,26.3,78.1,59.2,FAIL: not in positive-cash-flow set,6,,15068 (100%)
42129805600,Westmoreland County PA,Census Tract 8056,P,96,0.91,118600.0,957.0,1.61,22.5,28.9,78.2,89.9,PASS,1,,15012 (100%)
39013010600,Belmont County OH,Census Tract 106,P,96,0.56,116500.0,908.0,1.56,20.9,21.5,81.9,92.0,PASS,1,,43977 (47%); 43950 (40%); 43983 (12%); 43985 (1%)
39099814100,Mahoning County OH,Census Tract 8141,P,96,0.79,43800.0,534.0,2.44,46.3,24.8,74.3,95.0,PASS,1,,44509 (85%); 44510 (15%)
39155932702,Trumbull County OH,Census Tract 9327.02,P,96,0.57,107100.0,933.0,1.74,26.2,31.3,76.7,93.4,PASS,1,,44446 (100%)
39167021300,Washington County OH,Census Tract 213,P,96,0.42,167400.0,869.0,1.04,6.0,16.5,78.8,74.1,PASS,1,,45744 (50%); 45746 (16%); 45745 (15%); 45715 (13%); 45788 (5%); 45727 (1%)
54009031102,Brooke County WV,Census Tract 311.02,P,96,0.66,157200.0,736.0,0.94,3.0,15.3,83.5,67.6,PASS,1,,26035 (66%); 26037 (33%); 26070 (1%)
54107010602,Wood County WV,Census Tract 106.02,P,96,0.39,178400.0,1054.0,1.18,10.1,23.3,79.6,79.6,PASS,1,,26184 (55%); 26104 (29%); 26180 (16%)
42003456003,Allegheny County PA,Census Tract 4560.03,F,95,1.01,346700.0,1230.0,0.71,-3.5,16.1,87.7,44.5,FAIL: not in positive-cash-flow set,6,,15057 (58%); 15017 (32%); 15071 (3%); 15321 (2%); 15082 (2%); 15031 (2%)
42073011600,Lawrence County PA,Census Tract 116,F,95,1.46,151700.0,630.0,0.83,-0.0,23.7,84.8,56.8,FAIL: not in positive-cash-flow set,6,,16117 (100%)
39099804300,Mahoning County OH,Census Tract 8043,F,95,0.78,37000.0,569.0,3.08,64.6,26.9,53.0,90.5,FAIL: employment stability,4,,44505 (100%)
54033032104,Harrison County WV,Census Tract 321.04,P,95,0.73,239600.0,1016.0,0.85,0.5,16.0,81.1,56.2,PASS,2,,26330 (100%)
54069001400,Ohio County WV,Census Tract 14,P,95,0.52,168100.0,878.0,1.04,6.1,26.8,76.0,81.3,PASS,1,,26003 (100%)
54077964000,Preston County WV,Census Tract 9640,F,95,0.0,168500.0,699.0,0.83,-0.1,13.0,79.5,55.4,FAIL: not in positive-cash-flow set,6,,26537 (95%); 26444 (4%); 26547 (1%)
54079020400,Putnam County WV,Census Tract 204,P,95,0.1,237800.0,1138.0,0.96,3.6,33.1,82.0,65.1,PASS,1,,25213 (65%); 25560 (29%); 25526 (6%)
42003130200,Allegheny County PA,Census Tract 1302,P,94,1.0,82900.0,1339.0,3.23,69.1,25.2,83.0,96.6,PASS,1,,15208 (100%)
42003494000,Allegheny County PA,Census Tract 4940,P,94,1.0,108300.0,758.0,1.4,16.4,15.2,84.4,94.9,PASS,1,,15037 (100%)
42003526201,Allegheny County PA,Census Tract 5262.01,P,94,1.0,206200.0,1069.0,1.04,5.9,34.2,84.5,71.8,PASS,2,,15239 (100%)
42073010300,Lawrence County PA,Census Tract 103,P,94,1.45,209800.0,977.0,0.93,2.9,27.1,80.3,75.4,PASS,1,,16142 (92%); 16172 (8%)
42129807902,Westmoreland County PA,Census Tract 8079.02,P,94,0.89,168600.0,887.0,1.05,6.4,25.5,83.5,76.6,PASS,1,,15717 (69%); 15627 (22%); 15671 (7%); 15620 (2%)
39029950800,Columbiana County OH,Census Tract 9508,P,94,0.38,194500.0,952.0,0.98,4.2,16.6,81.3,62.8,PASS,1,,44460 (79%); 44609 (20%); 44493 (1%)
42003486700,Allegheny County PA,Census Tract 4867,P,93,0.99,80600.0,649.0,1.61,22.4,29.5,77.8,90.4,PASS,1,,15110 (100%)
42129804503,Westmoreland County PA,Census Tract 8045.03,P,93,0.88,259500.0,1090.0,0.84,0.2,36.7,80.3,58.5,PASS,2,,15601 (100%)
54079020601,Putnam County WV,Census Tract 206.01,P,93,0.1,266000.0,1127.0,0.85,0.5,33.9,84.0,64.3,PASS,2,,25560 (96%); 25177 (4%)
42007601801,Beaver County PA,Census Tract 6018.01,P,92,1.08,337400.0,1892.0,1.12,8.3,27.2,75.5,78.3,PASS,1,,15042 (37%); 15066 (25%); 15074 (24%); 16063 (14%)
42129801400,Westmoreland County PA,Census Tract 8014,P,92,0.87,91500.0,780.0,1.7,25.2,39.7,76.1,92.1,PASS,2,,15690 (100%)
39099812101,Mahoning County OH,Census Tract 8121.01,F,92,0.75,404000.0,917.0,0.45,-10.9,22.5,80.6,38.7,FAIL: not in positive-cash-flow set,6,,44406 (100%)
54033030502,Harrison County WV,Census Tract 305.02,P,92,0.7,145500.0,896.0,1.23,11.5,20.3,82.5,80.6,PASS,1,,26408 (60%); 26301 (40%)
54039001700,Kanawha County WV,Census Tract 17,P,92,0.33,142500.0,913.0,1.28,13.0,18.1,79.3,89.9,PASS,1,,25304 (100%)
21043960500,Carter County KY,Census Tract 9605,P,92,1.58,169800.0,807.0,0.95,3.4,35.3,78.2,65.4,PASS,2,,41143 (100%)
39099802800,Mahoning County OH,Census Tract 8028,P,91,0.74,67800.0,1121.0,3.31,71.3,39.5,80.1,94.0,PASS,2,,44509 (97%); 44511 (3%)
54011000600,Cabell County WV,Census Tract 6,F,91,0.61,,772.0,,,,,,no data,,,25701 (100%)
54033030400,Harrison County WV,Census Tract 304,P,91,0.7,172100.0,872.0,1.01,5.2,15.7,80.6,68.7,PASS,1,,26301 (100%)
54039000200,Kanawha County WV,Census Tract 2,P,91,0.32,97700.0,723.0,1.48,18.7,42.2,79.3,91.1,PASS,3,,25312 (49%); 25387 (41%); 25313 (10%)
42003261400,Allegheny County PA,Census Tract 2614,F,90,0.96,109400.0,1052.0,1.92,31.4,48.1,74.4,89.9,FAIL: tenant payment risk,4,,15214 (95%); 15212 (5%)
42007604800,Beaver County PA,Census Tract 6048,P,90,1.06,186200.0,1010.0,1.08,7.3,33.3,83.7,77.7,PASS,1,,15001 (92%); 15081 (8%)
54009031401,Brooke County WV,Census Tract 314.01,P,90,0.62,107500.0,624.0,1.16,9.5,20.2,71.0,81.4,PASS,1,,26070 (100%)
54029020900,Hancock County WV,Census Tract 209,P,90,0.81,99600.0,932.0,1.87,29.9,28.0,73.0,93.7,PASS,1,,26047 (80%); 26050 (14%); 26034 (6%)
54051020500,Marshall County WV,Census Tract 205,P,90,1.14,75100.0,697.0,1.86,29.5,28.3,82.4,90.9,PASS,1,,26031 (100%)
54069002700,Ohio County WV,Census Tract 27,P,90,0.49,118800.0,788.0,1.33,14.3,41.8,68.3,84.3,PASS,3,,26003 (100%)
42003422000,Allegheny County PA,Census Tract 4220,F,89,0.95,900600.0,,,,,,,no data,,,15238 (76%); 15215 (24%)
42021011000,Cambria County PA,Census Tract 110,P,89,1.59,83300.0,845.0,2.03,34.5,22.2,85.0,99.2,PASS,1,,15905 (100%)
42021013500,Cambria County PA,Census Tract 135,P,89,1.59,45200.0,592.0,2.62,51.5,28.1,77.1,95.1,PASS,1,,15902 (100%)
24001000600,Allegany County MD,Census Tract 6,P,89,1.65,128500.0,604.0,0.94,3.1,24.1,80.6,71.3,PASS,1,,21502 (100%)
42003435000,Allegheny County PA,Census Tract 4350,P,88,0.94,184200.0,1101.0,1.2,10.5,34.4,82.2,83.1,PASS,2,,15202 (100%)
42003486800,Allegheny County PA,Census Tract 4868,P,88,0.94,46400.0,646.0,2.78,56.2,27.1,82.3,93.1,PASS,1,,15110 (100%)
42051260200,Fayette County PA,Census Tract 2602,F,88,0.67,197400.0,781.0,0.79,-1.2,21.9,79.5,53.2,FAIL: not in positive-cash-flow set,6,,15473 (56%); 15428 (19%); 15486 (14%); 15482 (5%); 15012 (3%); 15492 (3%)
39013012000,Belmont County OH,Census Tract 120,P,88,0.52,94500.0,781.0,1.65,23.7,38.6,80.5,83.1,PASS,2,,43935 (100%)
54011000102,Cabell County WV,Census Tract 1.02,P,88,0.59,119000.0,750.0,1.26,12.4,22.6,80.6,86.2,PASS,1,,25705 (100%)
54039010300,Kanawha County WV,Census Tract 103,P,88,0.31,101200.0,920.0,1.82,28.4,32.9,78.5,91.7,PASS,1,,25064 (100%)
42003140200,Allegheny County PA,Census Tract 1402,F,87,0.93,777500.0,1230.0,0.32,-14.8,45.4,86.2,36.7,FAIL: not in positive-cash-flow set,6,,15232 (66%); 15217 (34%)
42003202300,Allegheny County PA,Census Tract 2023,P,87,0.93,218500.0,1194.0,1.09,7.5,12.5,83.4,83.5,PASS,1,,15220 (57%); 15216 (43%)
42003413202,Allegheny County PA,Census Tract 4132.02,F,87,0.93,351700.0,1168.0,0.66,-4.8,15.6,84.8,48.3,FAIL: not in positive-cash-flow set,6,,15237 (86%); 15090 (14%)
42003427200,Allegheny County PA,Census Tract 4272,P,87,0.93,212800.0,1345.0,1.26,12.5,32.2,85.4,81.6,PASS,1,,15209 (85%); 15223 (15%)
42051263000,Fayette County PA,Census Tract 2630,F,87,0.66,126300.0,451.0,0.71,-3.4,32.4,72.3,38.5,FAIL: not in positive-cash-flow set,6,,15461 (100%)
42111021600,Somerset County PA,Census Tract 216,P,87,0.55,103800.0,731.0,1.41,16.6,24.8,83.0,88.2,PASS,1,,15552 (100%)
39029951500,Columbiana County OH,Census Tract 9515,P,87,0.35,105000.0,846.0,1.61,22.5,31.0,82.7,89.2,PASS,1,,44413 (88%); 44441 (12%)
54011001500,Cabell County WV,Census Tract 15,F,87,0.58,61200.0,678.0,2.22,39.9,53.7,78.5,93.9,FAIL: tenant payment risk,5,,25701 (73%); 25705 (26%); 25703 (1%)
42063961700,Indiana County PA,Census Tract 9617,P,86,0.43,119400.0,706.0,1.18,10.1,23.7,81.2,85.1,PASS,1,,15748 (100%)
42073010202,Lawrence County PA,Census Tract 102.02,P,86,1.33,209400.0,909.0,0.87,1.1,20.3,82.3,57.6,PASS,2,,16156 (32%); 16142 (25%); 16101 (23%); 16105 (19%)
39013011600,Belmont County OH,Census Tract 116,P,86,0.51,55500.0,550.0,1.98,33.1,24.8,70.8,90.0,PASS,1,,43906 (100%)
39155921000,Trumbull County OH,Census Tract 9210,P,86,0.51,110300.0,906.0,1.64,23.4,22.1,75.4,88.9,PASS,1,,44485 (100%)
24001001401,Allegany County MD,Census Tract 14.01,F,86,1.6,185000.0,721.0,0.78,-1.5,25.8,80.8,47.2,FAIL: not in positive-cash-flow set,6,,21502 (100%)
54033031000,Harrison County WV,Census Tract 310,P,86,0.66,114200.0,728.0,1.27,12.8,18.1,78.7,84.4,PASS,1,,26301 (100%)
54069000300,Ohio County WV,Census Tract 3,P,86,0.47,142900.0,808.0,1.13,8.6,13.0,85.1,87.8,PASS,1,,26003 (100%)
42021000100,Cambria County PA,Census Tract 1,F,85,1.52,,380.0,,,,,,no data,,,15901 (100%)
39099811001,Mahoning County OH,Census Tract 8110.01,P,85,0.7,178800.0,935.0,1.05,6.2,38.2,81.1,66.1,PASS,2,,44514 (41%); 44436 (39%); 44471 (21%)
39099811600,Mahoning County OH,Census Tract 8116,P,85,0.7,178100.0,800.0,0.9,1.9,19.5,85.0,69.9,PASS,1,,44512 (100%)
21019030700,Boyd County KY,Census Tract 307,P,85,0.73,117300.0,985.0,1.68,24.4,31.1,75.7,89.7,PASS,1,,41101 (100%)
42003523501,Allegheny County PA,Census Tract 5235.01,P,84,0.89,144300.0,1179.0,1.63,23.1,26.9,81.5,86.9,PASS,1,,15235 (100%)
42007603600,Beaver County PA,Census Tract 6036,P,84,0.99,178600.0,894.0,1.0,4.9,30.9,78.5,75.1,PASS,1,,15027 (100%)
42021012300,Cambria County PA,Census Tract 123,F,84,1.5,230000.0,596.0,0.52,-9.0,12.4,72.7,29.4,FAIL: not in positive-cash-flow set,6,,15940 (59%); 16613 (10%); 16624 (10%); 15931 (9%); 16641 (9%); 16668 (3%)
54049020500,Marion County WV,Census Tract 205,P,84,0.33,125000.0,822.0,1.32,13.9,38.7,69.9,77.8,PASS,2,,26554 (100%)
42003457100,Allegheny County PA,Census Tract 4571,P,83,0.88,189800.0,842.0,0.89,1.6,19.6,80.1,67.4,PASS,1,,15017 (100%)
42019910900,Butler County PA,Census Tract 9109,P,83,0.68,259900.0,1189.0,0.91,2.4,20.8,83.3,70.0,PASS,1,,16001 (100%)
42073011700,Lawrence County PA,Census Tract 117,P,83,1.28,142800.0,825.0,1.16,9.3,15.2,80.9,80.9,PASS,1,,16117 (100%)
42003526202,Allegheny County PA,Census Tract 5262.02,P,82,0.87,246100.0,1031.0,0.84,0.2,12.7,87.4,59.8,PASS,2,,15239 (99%); 15235 (1%)
42007605600,Beaver County PA,Census Tract 6056,P,82,0.97,146500.0,772.0,1.05,6.4,29.6,81.2,75.9,PASS,1,,15074 (94%); 15042 (5%); 15066 (1%)
39099810700,Mahoning County OH,Census Tract 8107,P,82,0.67,117000.0,921.0,1.57,21.4,19.9,83.4,88.4,PASS,1,,44471 (100%)
39099813300,Mahoning County OH,Census Tract 8133,P,82,0.67,195600.0,826.0,0.84,0.4,13.3,77.7,58.8,PASS,2,,44460 (74%); 44609 (15%); 44401 (5%); 44449 (3%); 44619 (2%)
42003429600,Allegheny County PA,Census Tract 4296,P,81,0.86,223400.0,1318.0,1.18,10.0,17.8,88.3,91.3,PASS,1,,15229 (59%); 15202 (41%)
42125722700,Washington County PA,Census Tract 7227,F,81,0.85,313400.0,882.0,0.56,-7.7,18.8,79.9,31.4,FAIL: not in positive-cash-flow set,6,,15057 (49%); 15340 (40%); 15301 (10%); 15361 (1%)
42125754600,Washington County PA,Census Tract 7546,P,81,0.85,119200.0,845.0,1.42,16.9,28.3,82.5,94.3,PASS,1,,15301 (100%)
54039000900,Kanawha County WV,Census Tract 9,F,81,0.29,,384.0,,,,,,no data,,,25301 (100%)
54079020607,Putnam County WV,Census Tract 206.07,F,81,0.09,259900.0,979.0,0.75,-2.3,21.2,81.1,46.4,FAIL: not in positive-cash-flow set,6,,25526 (100%)
42003428100,Allegheny County PA,Census Tract 4281,P,80,0.85,205800.0,1085.0,1.05,6.4,7.4,86.3,70.2,PASS,1,,15212 (67%); 15209 (33%)
42003460002,Allegheny County PA,Census Tract 4600.02,P,80,0.85,269000.0,1793.0,1.33,14.4,19.9,81.6,86.8,PASS,1,,15136 (94%); 15205 (3%); 15108 (3%)
42007602400,Beaver County PA,Census Tract 6024,F,80,0.94,268900.0,887.0,0.66,-5.0,9.1,82.2,45.2,FAIL: not in positive-cash-flow set,6,,15009 (100%)
42051262701,Fayette County PA,Census Tract 2627.01,P,80,0.61,225200.0,1206.0,1.07,6.9,16.6,79.4,73.3,PASS,1,,15437 (68%); 15440 (21%); 15470 (9%); 15478 (1%)
42085032502,Mercer County PA,Census Tract 325.02,F,80,0.63,218400.0,892.0,0.82,-0.4,13.1,81.8,48.4,FAIL: not in positive-cash-flow set,6,,16133 (53%); 16153 (31%); 16137 (10%); 16127 (7%)
42003562400,Allegheny County PA,Census Tract 5624,P,79,0.84,87700.0,1183.0,2.7,53.7,41.9,78.6,95.4,PASS,3,,15210 (89%); 15226 (10%); 15211 (1%)
42019911501,Butler County PA,Census Tract 9115.01,F,79,0.65,300500.0,1009.0,0.67,-4.6,18.2,78.3,40.5,FAIL: not in positive-cash-flow set,6,,16002 (57%); 16023 (20%); 16056 (18%); 16055 (4%)
42051261500,Fayette County PA,Census Tract 2615,P,79,0.6,161200.0,675.0,0.84,0.2,25.6,69.9,59.2,PASS,2,,15401 (55%); 15480 (21%); 15449 (13%); 15468 (11%); 15488 (1%)
39029951700,Columbiana County OH,Census Tract 9517,P,79,0.32,133200.0,1273.0,1.91,31.1,5.0,84.8,98.2,PASS,1,,43968 (69%); 43920 (22%); 44432 (9%)
39099812800,Mahoning County OH,Census Tract 8128,P,79,0.65,205900.0,868.0,0.84,0.3,11.2,82.6,56.6,PASS,2,,44429 (28%); 44412 (25%); 44451 (25%); 44444 (12%); 44401 (10%)
39099814200,Mahoning County OH,Census Tract 8142,P,79,0.65,41900.0,918.0,4.38,102.2,33.5,74.3,93.8,PASS,1,,44505 (100%)
39155920300,Trumbull County OH,Census Tract 9203,P,79,0.47,89400.0,988.0,2.21,39.7,44.3,74.7,89.2,PASS,3,,44483 (100%)
54011001600,Cabell County WV,Census Tract 16,P,79,0.53,60500.0,969.0,3.2,68.3,44.9,74.0,89.1,PASS,3,,25703 (89%); 25705 (11%)
54039011402,Kanawha County WV,Census Tract 114.02,P,79,0.28,97400.0,738.0,1.52,19.7,23.0,83.2,90.7,PASS,1,,25306 (61%); 25015 (39%)
54077963802,Preston County WV,Census Tract 9638.02,F,79,0.0,200400.0,689.0,0.69,-4.1,32.4,83.9,47.0,FAIL: not in positive-cash-flow set,6,,26525 (72%); 26519 (28%)
54107010706,Wood County WV,Census Tract 107.06,P,79,0.32,125900.0,895.0,1.42,17.0,18.3,74.9,81.9,PASS,1,,26104 (55%); 26142 (45%)
42003429100,Allegheny County PA,Census Tract 4291,P,78,0.83,233000.0,1335.0,1.15,9.1,10.1,80.9,82.9,PASS,1,,15237 (60%); 15214 (18%); 15229 (14%); 15209 (9%)
42003480200,Allegheny County PA,Census Tract 4802,P,78,0.83,220800.0,976.0,0.88,1.5,20.4,83.2,55.0,PASS,2,,15227 (67%); 15236 (33%)
54011010103,Cabell County WV,Census Tract 101.03,P,78,0.52,164500.0,960.0,1.17,9.7,9.4,79.5,80.8,PASS,1,,25504 (52%); 25701 (48%)
54091964600,Taylor County WV,Census Tract 9646,F,78,0.28,155100.0,436.0,0.56,-7.8,38.6,76.3,29.5,FAIL: not in positive-cash-flow set,6,,26354 (72%); 26374 (14%); 26440 (9%); 26554 (5%)
42003491200,Allegheny County PA,Census Tract 4912,P,77,0.82,196200.0,1398.0,1.43,17.1,20.9,82.5,95.2,PASS,1,,15025 (100%)
42085033300,Mercer County PA,Census Tract 333,P,77,0.6,97100.0,801.0,1.65,23.6,35.1,74.3,95.0,PASS,2,,16148 (72%); 16150 (28%)
42129802900,Westmoreland County PA,Census Tract 8029,F,77,0.73,267500.0,854.0,0.64,-5.6,5.0,86.3,43.9,FAIL: not in positive-cash-flow set,6,,15642 (62%); 15665 (17%); 15636 (12%); 15692 (8%)
39099802400,Mahoning County OH,Census Tract 8024,F,77,0.63,49200.0,711.0,2.89,59.3,54.8,63.8,82.3,FAIL: tenant payment risk,5,,44511 (76%); 44507 (24%)
42051261200,Fayette County PA,Census Tract 2612,P,76,0.58,69400.0,673.0,1.94,31.9,25.9,74.9,93.6,PASS,1,,15417 (100%)
42129801200,Westmoreland County PA,Census Tract 8012,F,76,0.72,242500.0,952.0,0.79,-1.3,25.4,82.0,43.4,FAIL: not in positive-cash-flow set,6,,15656 (38%); 15613 (27%); 15068 (25%); 16229 (6%); 15690 (4%)
39099810300,Mahoning County OH,Census Tract 8103,F,76,0.62,39200.0,563.0,2.87,58.8,47.9,66.0,90.4,FAIL: tenant payment risk,4,,44405 (100%)
39099811800,Mahoning County OH,Census Tract 8118,P,76,0.62,107900.0,1046.0,1.94,31.9,33.2,80.8,92.6,PASS,1,,44512 (100%)
54005958400,Boone County WV,Census Tract 9584,P,76,0.0,153000.0,766.0,1.0,4.9,35.9,67.8,66.7,PASS,2,,25053 (90%); 25130 (10%)
54099020800,Wayne County WV,Census Tract 208,P,76,0.13,59600.0,898.0,3.01,62.8,32.3,74.2,84.0,PASS,1,,25514 (60%); 25517 (34%); 25511 (5%)
42003516200,Allegheny County PA,Census Tract 5162,F,75,0.8,313300.0,1044.0,0.67,-4.8,24.1,91.2,48.1,FAIL: not in positive-cash-flow set,6,,15218 (98%); 15221 (2%)
42051261800,Fayette County PA,Census Tract 2618,P,75,0.57,144100.0,738.0,1.02,5.5,39.0,76.6,74.4,PASS,2,,15401 (66%); 15445 (33%); 15456 (1%)
42125752700,Washington County PA,Census Tract 7527,F,75,0.79,217600.0,870.0,0.8,-0.9,12.9,82.1,62.9,FAIL: not in positive-cash-flow set,6,,15301 (100%)
39155930400,Trumbull County OH,Census Tract 9304,P,75,0.45,182000.0,780.0,0.86,0.7,15.5,82.0,59.8,PASS,2,,44402 (43%); 44450 (39%); 44076 (17%); 44481 (1%)
42003261500,Allegheny County PA,Census Tract 2615,P,74,0.79,99700.0,1137.0,2.28,41.7,31.4,76.2,97.4,PASS,1,,15214 (100%)
42003417200,Allegheny County PA,Census Tract 4172,F,74,0.79,126500.0,511.0,0.81,-0.7,18.5,77.8,62.4,FAIL: not in positive-cash-flow set,6,,15144 (100%)
42003432300,Allegheny County PA,Census Tract 4323,P,74,0.79,173600.0,870.0,1.0,4.9,20.0,83.8,77.7,PASS,1,,15202 (100%)
42003523200,Allegheny County PA,Census Tract 5232,F,74,0.79,122400.0,1405.0,2.3,42.2,56.2,83.0,85.7,FAIL: tenant payment risk,5,,15235 (95%); 15147 (5%)
42007604500,Beaver County PA,Census Tract 6045,P,74,0.87,50300.0,557.0,2.21,39.8,31.6,64.8,88.8,PASS,2,,15001 (100%)
39099801600,Mahoning County OH,Census Tract 8016,F,74,0.61,31400.0,957.0,6.1,151.6,46.0,72.2,88.3,FAIL: tenant payment risk,4,,44507 (99%); 44502 (1%)
39145003000,Scioto County OH,Census Tract 30,P,74,0.05,101000.0,984.0,1.95,32.2,31.1,78.7,95.6,PASS,1,,45662 (97%); 45694 (3%)
54029021300,Hancock County WV,Census Tract 213,P,74,0.67,145100.0,719.0,0.99,4.6,40.6,80.3,63.9,PASS,3,,26062 (100%)
42003499300,Allegheny County PA,Census Tract 4993,P,73,0.78,96200.0,826.0,1.72,25.5,14.3,77.4,97.6,PASS,1,,15045 (100%)
42021011600,Cambria County PA,Census Tract 116,P,73,1.3,83700.0,624.0,1.49,19.0,18.8,78.5,85.0,PASS,1,,15943 (100%)
42073000700,Lawrence County PA,Census Tract 7,P,73,1.12,52700.0,782.0,2.97,61.5,38.6,76.3,89.3,PASS,2,,16101 (100%)
42125775300,Washington County PA,Census Tract 7753,P,73,0.77,51500.0,927.0,3.6,79.7,44.6,74.3,92.4,PASS,3,,15033 (100%)
42129802303,Westmoreland County PA,Census Tract 8023.03,F,73,0.69,261300.0,975.0,0.75,-2.5,49.3,85.3,46.9,FAIL: not in positive-cash-flow set,6,,15644 (68%); 15636 (14%); 15642 (11%); 15665 (7%)
42129804902,Westmoreland County PA,Census Tract 8049.02,P,73,0.69,215100.0,1089.0,1.01,5.2,17.4,82.3,73.7,PASS,1,,15639 (88%); 15672 (11%)
54029021400,Hancock County WV,Census Tract 214,P,73,0.66,99800.0,915.0,1.83,28.9,11.6,75.4,90.7,PASS,1,,26062 (100%)
42005950700,Armstrong County PA,Census Tract 9507,P,72,0.78,163900.0,794.0,0.97,4.0,21.0,79.6,63.5,PASS,1,,16249 (33%); 16222 (28%); 16201 (17%); 16250 (9%); 16263 (7%); 16244 (4%); 15732 (3%)
42085032504,Mercer County PA,Census Tract 325.04,P,72,0.56,153400.0,790.0,1.03,5.7,20.8,83.4,72.6,PASS,1,,16145 (59%); 16153 (33%); 16342 (8%)
42125773200,Washington County PA,Census Tract 7732,P,72,0.76,119100.0,971.0,1.63,23.0,8.9,76.7,96.9,PASS,1,,15063 (100%)
39081011800,Jefferson County OH,Census Tract 118,P,72,0.69,102900.0,874.0,1.7,25.0,41.0,77.6,87.3,PASS,3,,43938 (92%); 43952 (8%)
39099810800,Mahoning County OH,Census Tract 8108,P,72,0.59,89300.0,866.0,1.94,31.9,23.6,79.3,93.4,PASS,1,,44471 (96%); 44436 (4%)
39145002600,Scioto County OH,Census Tract 26,F,72,0.05,179900.0,728.0,0.81,-0.6,25.5,81.2,56.4,FAIL: not in positive-cash-flow set,6,,45682 (60%); 45694 (19%); 45653 (18%); 45656 (1%); 45677 (1%); 45662 (1%)
24001002100,Allegany County MD,Census Tract 21,P,72,1.34,87700.0,850.0,1.94,31.9,29.2,75.8,88.0,PASS,1,,21539 (61%); 21521 (36%); 21562 (2%); 21532 (2%)
42003525100,Allegheny County PA,Census Tract 5251,P,71,0.76,292600.0,1240.0,0.85,0.5,29.0,83.3,63.1,PASS,1,,15139 (100%)
42021013700,Cambria County PA,Census Tract 137,F,71,1.27,221400.0,911.0,0.82,-0.3,36.9,72.2,56.7,FAIL: not in positive-cash-flow set,6,,15904 (56%); 15963 (44%)
42111021904,Somerset County PA,Census Tract 219.04,P,71,0.45,173200.0,730.0,0.84,0.3,9.5,77.7,51.7,PASS,3,,15557 (62%); 15622 (23%); 15424 (14%); 15551 (1%)
42129805904,Westmoreland County PA,Census Tract 8059.04,P,71,0.67,212700.0,1106.0,1.04,6.0,15.2,81.4,80.3,PASS,1,,15012 (100%)
42003526302,Allegheny County PA,Census Tract 5263.02,P,70,0.75,219300.0,1285.0,1.17,9.8,12.0,89.7,90.5,PASS,1,,15239 (98%); 15668 (2%)
42019910302,Butler County PA,Census Tract 9103.02,F,70,0.58,236900.0,713.0,0.6,-6.6,28.0,81.0,35.1,FAIL: not in positive-cash-flow set,6,,16057 (85%); 16051 (15%)
42125761000,Washington County PA,Census Tract 7610,F,70,0.74,218300.0,720.0,0.66,-5.0,17.0,81.5,41.1,FAIL: not in positive-cash-flow set,6,,15360 (39%); 15330 (35%); 15314 (19%); 15313 (3%); 15301 (1%); 15311 (1%); 15332 (1%); 15333 (1%); 15324 (1%)
39081011200,Jefferson County OH,Census Tract 112,P,70,0.67,93900.0,695.0,1.48,18.7,23.5,79.7,89.2,PASS,1,,43964 (100%)
39155933500,Trumbull County OH,Census Tract 9335,P,70,0.42,176000.0,795.0,0.9,2.1,19.7,79.1,63.1,PASS,1,,44444 (74%); 44481 (26%)
54079020609,Putnam County WV,Census Tract 206.09,P,70,0.07,235500.0,1023.0,0.87,1.1,15.9,84.2,66.2,PASS,1,,25560 (47%); 25526 (47%); 25177 (5%)
54107000902,Wood County WV,Census Tract 9.02,P,70,0.29,131500.0,755.0,1.15,9.1,28.3,77.4,79.3,PASS,1,,26101 (100%)
42003456001,Allegheny County PA,Census Tract 4560.01,F,69,0.74,372000.0,1299.0,0.7,-3.8,29.7,87.7,46.9,FAIL: not in positive-cash-flow set,6,,15057 (42%); 15071 (26%); 15017 (17%); 15064 (12%); 15142 (2%); 15031 (1%)
42003552100,Allegheny County PA,Census Tract 5521,F,69,0.74,31900.0,625.0,3.92,88.9,55.7,58.6,88.7,FAIL: tenant payment risk,5,,15132 (100%)
42003561400,Allegheny County PA,Census Tract 5614,P,69,0.74,182700.0,821.0,0.9,1.9,37.3,80.2,64.4,PASS,2,,15221 (76%); 15235 (24%)
42051260300,Fayette County PA,Census Tract 2603,P,69,0.53,106000.0,838.0,1.58,21.6,29.4,79.7,86.1,PASS,1,,15428 (65%); 15425 (19%); 15683 (10%); 15666 (3%); 15631 (3%)
42129807000,Westmoreland County PA,Census Tract 8070,F,69,0.66,224000.0,877.0,0.78,-1.4,13.7,80.6,55.3,FAIL: not in positive-cash-flow set,6,,15610 (50%); 15666 (40%); 15650 (8%); 15639 (2%)
54051020800,Marshall County WV,Census Tract 208,P,69,0.88,160300.0,1006.0,1.26,12.2,36.5,76.7,80.3,PASS,2,,26033 (56%); 26039 (19%); 26003 (10%); 26036 (7%); 26055 (6%); 26155 (1%)
21019030800,Boyd County KY,Census Tract 308,P,69,0.59,102800.0,591.0,1.15,9.2,31.6,77.1,80.9,PASS,1,,41102 (53%); 41101 (47%)
21019030900,Boyd County KY,Census Tract 309,P,69,0.59,94500.0,853.0,1.81,28.0,19.4,79.1,94.8,PASS,1,,41102 (76%); 41101 (24%)
42003419000,Allegheny County PA,Census Tract 4190,P,68,0.72,206200.0,935.0,0.91,2.2,31.6,79.5,61.9,PASS,2,,15024 (76%); 15238 (24%)
42003482500,Allegheny County PA,Census Tract 4825,P,68,0.72,167400.0,1247.0,1.49,19.0,35.3,80.8,90.7,PASS,2,,15120 (100%)
42125764000,Washington County PA,Census Tract 7640,P,68,0.72,124600.0,658.0,1.06,6.5,23.1,78.7,73.0,PASS,1,,15314 (83%); 15331 (16%)
39029952300,Columbiana County OH,Census Tract 9523,P,68,0.27,51300.0,784.0,3.06,64.1,44.8,77.6,88.7,PASS,3,,43920 (100%)
39099800600,Mahoning County OH,Census Tract 8006,P,68,0.56,60300.0,585.0,1.94,31.9,41.6,64.8,93.6,PASS,3,,44506 (55%); 44505 (45%)
42003320400,Allegheny County PA,Census Tract 3204,P,67,0.71,153500.0,1161.0,1.51,19.6,23.0,83.5,89.3,PASS,1,,15227 (56%); 15210 (43%); 15234 (2%)
39013012100,Belmont County OH,Census Tract 121,P,67,0.39,97800.0,514.0,1.05,6.3,31.1,67.1,73.9,PASS,2,,43935 (100%)
39145003700,Scioto County OH,Census Tract 37,F,67,0.05,110300.0,376.0,0.68,-4.3,44.4,71.8,43.3,FAIL: not in positive-cash-flow set,6,,45662 (100%)
39155931300,Trumbull County OH,Census Tract 9313,P,67,0.4,175400.0,760.0,0.87,1.0,32.1,75.9,56.7,PASS,2,,44403 (66%); 44438 (20%); 44425 (10%); 44418 (2%); 44473 (2%)
21019031300,Boyd County KY,Census Tract 313,P,67,0.58,86500.0,638.0,1.48,18.5,25.0,70.5,87.5,PASS,1,,41129 (100%)
42003562000,Allegheny County PA,Census Tract 5620,F,66,0.7,,1225.0,,,,,,no data,,,15213 (100%)
42019912406,Butler County PA,Census Tract 9124.06,F,66,0.54,434700.0,2830.0,1.3,13.5,54.6,82.5,82.1,FAIL: tenant payment risk,5,,16059 (84%); 16046 (16%)
42051262500,Fayette County PA,Census Tract 2625,F,66,0.5,122600.0,690.0,1.13,8.5,45.1,76.6,72.5,FAIL: tenant payment risk,4,,15445 (69%); 15456 (26%); 15465 (5%)
39155920800,Trumbull County OH,Census Tract 9208,P,66,0.4,35600.0,569.0,3.2,68.1,29.8,73.6,93.5,PASS,1,,44485 (71%); 44483 (22%); 44481 (7%)
54033031900,Harrison County WV,Census Tract 319,P,66,0.51,153200.0,972.0,1.27,12.6,25.7,83.5,80.3,PASS,1,,26431 (100%)
54039010803,Kanawha County WV,Census Tract 108.03,F,66,0.23,175700.0,,,,,,,no data,,,25312 (69%); 25320 (31%)
54039011401,Kanawha County WV,Census Tract 114.01,P,66,0.23,83000.0,1543.0,3.72,83.1,16.7,79.6,98.5,PASS,1,,25311 (60%); 25306 (40%)
54049020700,Marion County WV,Census Tract 207,P,66,0.26,144600.0,793.0,1.1,7.6,22.8,88.2,75.5,PASS,1,,26554 (98%); 26586 (2%)
54057010200,Mineral County WV,Census Tract 102,F,66,0.96,220300.0,842.0,0.76,-1.9,24.5,79.5,52.6,FAIL: not in positive-cash-flow set,6,,26726 (68%); 26753 (30%); 26719 (2%)
54069001500,Ohio County WV,Census Tract 15,F,66,0.36,259600.0,923.0,0.71,-3.5,35.3,84.2,54.3,FAIL: not in positive-cash-flow set,6,,26003 (100%)
42019912404,Butler County PA,Census Tract 9124.04,P,65,0.53,464100.0,2135.0,0.92,2.5,24.1,83.3,62.4,PASS,2,,16046 (63%); 15044 (34%); 16059 (3%)
42125772700,Washington County PA,Census Tract 7727,P,65,0.68,106700.0,719.0,1.35,14.9,19.3,75.1,82.9,PASS,1,,15067 (100%)
39099801500,Mahoning County OH,Census Tract 8015,P,65,0.53,84800.0,981.0,2.31,42.7,23.7,82.9,96.2,PASS,1,,44512 (95%); 44507 (5%)
24001001502,Allegany County MD,Census Tract 15.02,P,65,1.21,150600.0,993.0,1.32,14.0,15.2,84.2,88.1,PASS,1,,21502 (49%); 21524 (39%); 21529 (10%); 21545 (1%)
54061010204,Monongalia County WV,Census Tract 102.04,F,65,0.6,,917.0,,,,,,no data,,,26505 (100%)
54069002200,Ohio County WV,Census Tract 22,P,65,0.35,169300.0,949.0,1.12,8.3,18.0,84.9,80.2,PASS,1,,26059 (46%); 26060 (40%); 26003 (14%)
54077964300,Preston County WV,Census Tract 9643,F,65,0.0,166100.0,,,,,,,no data,,,26444 (28%); 26537 (26%); 26547 (20%); 26374 (12%); 26520 (7%); 26410 (6%)
54099005200,Wayne County WV,Census Tract 52,P,65,0.11,102200.0,1000.0,1.96,32.4,30.0,75.9,96.0,PASS,1,,25704 (85%); 25701 (15%)
21089040300,Greenup County KY,Census Tract 403,P,65,0.92,130600.0,846.0,1.3,13.4,23.1,76.9,82.3,PASS,1,,41169 (42%); 41139 (29%); 41183 (28%)
42021012000,Cambria County PA,Census Tract 120,P,64,1.14,122000.0,592.0,0.97,4.0,25.3,79.1,68.2,PASS,1,,16668 (55%); 16636 (12%); 16646 (11%); 16640 (8%); 16613 (7%); 16639 (4%); 16675 (3%)
42051262600,Fayette County PA,Census Tract 2626,P,64,0.49,110900.0,789.0,1.42,17.0,16.8,77.2,77.9,PASS,1,,15431 (95%); 15456 (3%); 15425 (1%)
39013010700,Belmont County OH,Census Tract 107,P,64,0.38,222100.0,1267.0,1.14,8.9,6.2,82.6,75.9,PASS,1,,43713 (35%); 43977 (22%); 43718 (20%); 43983 (10%); 43719 (8%); 43950 (3%); 43951 (2%); 43759 (1%)
54061011805,Monongalia County WV,Census Tract 118.05,F,64,0.59,289800.0,1117.0,0.77,-1.7,24.7,79.5,47.5,FAIL: not in positive-cash-flow set,6,,26508 (60%); 26542 (40%)
42129801100,Westmoreland County PA,Census Tract 8011,P,63,0.6,228500.0,1050.0,0.92,2.5,27.4,82.4,67.4,PASS,1,,15068 (100%)
42129803800,Westmoreland County PA,Census Tract 8038,F,63,0.6,229100.0,919.0,0.8,-0.8,21.3,81.1,56.5,FAIL: not in positive-cash-flow set,6,,15601 (80%); 15662 (10%); 15619 (4%); 15633 (4%); 15635 (2%)
39099801000,Mahoning County OH,Census Tract 8010,F,63,0.52,27300.0,838.0,6.14,152.9,52.0,75.7,94.6,FAIL: tenant payment risk,5,,44502 (100%)
42003262000,Allegheny County PA,Census Tract 2620,F,62,0.66,153600.0,541.0,0.7,-3.7,51.0,83.9,43.9,FAIL: not in positive-cash-flow set,6,,15212 (87%); 15214 (13%)
42003552300,Allegheny County PA,Census Tract 5523,P,62,0.66,34400.0,1158.0,6.73,169.9,42.8,70.2,89.4,PASS,3,,15132 (100%)
42003564000,Allegheny County PA,Census Tract 5640,F,62,0.66,376700.0,942.0,0.5,-9.5,13.2,86.0,32.4,FAIL: not in positive-cash-flow set,6,,15057 (56%); 15071 (29%); 15126 (15%)
21019031003,Boyd County KY,Census Tract 310.03,P,62,0.53,184100.0,781.0,0.85,0.5,8.5,69.9,62.2,PASS,2,,41102 (64%); 41129 (36%)
42003310200,Allegheny County PA,Census Tract 3102,P,61,0.65,130400.0,1013.0,1.55,20.8,16.0,80.3,80.8,PASS,1,,15207 (93%); 15120 (7%)
42019911300,Butler County PA,Census Tract 9113,F,61,0.5,206600.0,809.0,0.78,-1.4,21.4,82.0,53.5,FAIL: not in positive-cash-flow set,6,,16025 (41%); 16034 (40%); 16002 (15%); 16023 (4%)
42063961300,Indiana County PA,Census Tract 9613,P,61,0.3,139800.0,758.0,1.08,7.3,27.6,78.8,70.0,PASS,1,,15765 (44%); 15728 (43%); 15701 (13%)
42129807100,Westmoreland County PA,Census Tract 8071,P,61,0.58,184500.0,898.0,0.97,4.1,10.4,83.7,67.5,PASS,1,,15666 (55%); 15601 (26%); 15650 (14%); 15689 (3%); 15674 (2%)
39099810100,Mahoning County OH,Census Tract 8101,P,61,0.5,94600.0,1093.0,2.31,42.6,22.4,78.3,90.7,PASS,1,,44405 (91%); 44436 (9%)
39155920400,Trumbull County OH,Census Tract 9204,P,61,0.37,72700.0,984.0,2.71,54.0,24.9,74.8,95.0,PASS,1,,44483 (64%); 44484 (36%)
39167021201,Washington County OH,Census Tract 212.01,F,61,0.27,162900.0,600.0,0.74,-2.7,35.2,77.7,45.5,FAIL: not in positive-cash-flow set,6,,45767 (80%); 45768 (15%); 45789 (4%); 45773 (1%)
54107010901,Wood County WV,Census Tract 109.01,F,61,0.25,214100.0,829.0,0.77,-1.6,6.4,77.0,55.7,FAIL: not in positive-cash-flow set,6,,26181 (83%); 26101 (17%)
42003488400,Allegheny County PA,Census Tract 4884,P,60,0.64,116400.0,548.0,0.94,3.2,24.8,80.7,70.4,PASS,1,,15122 (100%)
42007601600,Beaver County PA,Census Tract 6016,P,60,0.71,119000.0,857.0,1.44,17.5,18.6,79.8,92.0,PASS,1,,15066 (100%)
42007605200,Beaver County PA,Census Tract 6052,P,60,0.71,136100.0,988.0,1.45,17.9,25.3,81.9,90.4,PASS,1,,15010 (100%)
42085032000,Mercer County PA,Census Tract 320,P,60,0.47,162400.0,1069.0,1.32,14.0,32.2,70.0,79.0,PASS,1,,16125 (61%); 16134 (37%); 16154 (2%)
39013011000,Belmont County OH,Census Tract 110,F,60,0.35,160400.0,,,,,,,no data,,,43713 (24%); 43933 (15%); 43747 (14%); 43716 (14%); 43902 (12%); 43942 (12%); 43719 (6%); 43718 (4%)
39081011300,Jefferson County OH,Census Tract 113,P,60,0.57,96900.0,789.0,1.63,22.9,18.6,81.7,85.7,PASS,1,,43964 (100%)
39155932801,Trumbull County OH,Census Tract 9328.01,P,60,0.36,107800.0,784.0,1.45,17.9,28.7,82.1,88.7,PASS,1,,44446 (100%)
54077964200,Preston County WV,Census Tract 9642,P,60,0.0,120000.0,932.0,1.55,20.8,24.5,82.0,92.0,PASS,1,,26764 (34%); 26705 (32%); 26425 (17%); 26716 (16%); 26287 (1%)
42003498000,Allegheny County PA,Census Tract 4980,P,59,0.63,115600.0,813.0,1.41,16.6,17.4,80.8,89.3,PASS,1,,15133 (100%)
42007605500,Beaver County PA,Census Tract 6055,P,59,0.7,234300.0,989.0,0.84,0.4,16.3,81.8,63.3,PASS,1,,15061 (88%); 15001 (12%)
42129802301,Westmoreland County PA,Census Tract 8023.01,F,59,0.56,286600.0,909.0,0.63,-5.7,17.6,84.7,41.7,FAIL: not in positive-cash-flow set,6,,15085 (58%); 15642 (42%)
39081001000,Jefferson County OH,Census Tract 10,P,59,0.56,200200.0,876.0,0.88,1.3,15.5,84.1,65.2,PASS,1,,43953 (79%); 43952 (21%)
54049020600,Marion County WV,Census Tract 206,P,59,0.23,131500.0,884.0,1.34,14.8,42.7,86.6,85.8,PASS,3,,26554 (89%); 26588 (11%)
42125771100,Washington County PA,Census Tract 7711,F,58,0.61,283400.0,916.0,0.65,-5.3,39.9,75.9,36.5,FAIL: not in positive-cash-flow set,6,,15332 (55%); 15330 (39%); 15367 (3%); 15067 (2%); 15038 (1%)
39145002200,Scioto County OH,Census Tract 22,P,58,0.04,178800.0,746.0,0.83,0.1,30.2,72.3,53.3,PASS,3,,45648 (99%); 45699 (1%)
39155931200,Trumbull County OH,Census Tract 9312,P,58,0.35,173300.0,996.0,1.15,9.2,17.3,81.2,80.6,PASS,1,,44473 (86%); 44420 (4%); 44446 (4%); 44484 (3%); 44403 (2%)
54099020100,Wayne County WV,Census Tract 201,P,58,0.1,166600.0,1219.0,1.46,18.2,5.8,84.5,92.9,PASS,1,,25704 (80%); 25701 (20%)
42021012200,Cambria County PA,Census Tract 122,P,57,1.02,132500.0,671.0,1.01,5.2,16.7,83.0,71.7,PASS,1,,16636 (43%); 16613 (33%); 16641 (24%)
42111021700,Somerset County PA,Census Tract 217,P,57,0.36,147400.0,823.0,1.12,8.2,12.8,84.3,74.9,PASS,1,,15558 (44%); 15552 (25%); 15540 (17%); 15562 (6%); 15542 (5%); 15565 (1%); 15532 (1%)
42129805901,Westmoreland County PA,Census Tract 8059.01,F,57,0.54,251900.0,984.0,0.78,-1.5,22.2,81.4,54.1,FAIL: not in positive-cash-flow set,6,,15012 (91%); 15479 (9%)
54011000101,Cabell County WV,Census Tract 1.01,F,57,0.38,85600.0,931.0,2.18,38.7,47.8,80.5,89.7,FAIL: tenant payment risk,4,,25705 (100%)
54033032000,Harrison County WV,Census Tract 320,P,57,0.44,160300.0,866.0,1.08,7.2,8.9,82.4,77.3,PASS,1,,26431 (51%); 26330 (44%); 26554 (3%); 26366 (1%); 26361 (1%)
54107000100,Wood County WV,Census Tract 1,P,57,0.23,134000.0,916.0,1.37,15.4,11.5,78.8,90.0,PASS,1,,26104 (100%)
21089040201,Greenup County KY,Census Tract 402.01,P,57,0.8,150000.0,927.0,1.24,11.6,29.0,74.4,80.0,PASS,1,,41139 (69%); 41169 (31%)
42003281500,Allegheny County PA,Census Tract 2815,P,56,0.6,126100.0,1375.0,2.18,38.9,33.7,84.9,93.4,PASS,1,,15205 (80%); 15220 (20%)
42003407002,Allegheny County PA,Census Tract 4070.02,P,56,0.6,244800.0,1355.0,1.11,7.9,18.0,82.6,74.6,PASS,1,,15024 (33%); 15044 (24%); 15101 (20%); 15084 (11%); 15076 (10%); 15006 (1%)
42003480101,Allegheny County PA,Census Tract 4801.01,P,56,0.6,225900.0,1137.0,1.01,5.0,28.1,86.1,73.3,PASS,1,,15236 (100%)
42125755200,Washington County PA,Census Tract 7552,P,56,0.59,289500.0,1209.0,0.84,0.1,34.8,83.9,52.9,PASS,3,,15301 (87%); 15330 (13%)
42129808100,Westmoreland County PA,Census Tract 8081,P,56,0.53,173800.0,968.0,1.11,8.1,17.3,79.5,75.0,PASS,1,,15627 (50%); 15779 (22%); 15717 (16%); 15650 (9%); 15671 (1%); 15620 (1%); 15658 (1%)
42003020300,Allegheny County PA,Census Tract 203,F,55,0.59,,2312.0,,,,,,no data,,,15222 (72%); 15201 (15%); 15219 (13%)
42003414200,Allegheny County PA,Census Tract 4142,F,55,0.59,383200.0,,,,,,,no data,,,15101 (89%); 15116 (11%)
42003426700,Allegheny County PA,Census Tract 4267,P,55,0.59,235700.0,1107.0,0.94,3.1,21.8,84.7,68.9,PASS,1,,15116 (56%); 15215 (30%); 15223 (14%)
42003459102,Allegheny County PA,Census Tract 4591.02,P,55,0.59,336600.0,1768.0,1.05,6.3,12.3,83.3,80.5,PASS,1,,15136 (59%); 15108 (41%)
42125741100,Washington County PA,Census Tract 7411,F,55,0.58,355300.0,1414.0,0.8,-1.0,9.0,86.5,58.7,FAIL: not in positive-cash-flow set,6,,15057 (86%); 15321 (14%)
42129803901,Westmoreland County PA,Census Tract 8039.01,F,55,0.52,216900.0,879.0,0.81,-0.6,23.8,79.6,55.1,FAIL: not in positive-cash-flow set,6,,15601 (100%)
39029951200,Columbiana County OH,Census Tract 9512,P,55,0.22,169600.0,808.0,0.95,3.5,23.9,78.9,66.8,PASS,1,,43945 (36%); 44423 (31%); 44432 (26%); 44427 (5%); 44625 (1%); 43962 (1%)
39099812500,Mahoning County OH,Census Tract 8125,P,55,0.45,181600.0,826.0,0.91,2.2,14.5,78.4,64.5,PASS,1,,44515 (88%); 44440 (9%); 44437 (3%)
42003472400,Allegheny County PA,Census Tract 4724,P,54,0.58,230900.0,983.0,0.85,0.6,19.6,87.1,53.4,PASS,3,,15216 (97%); 15228 (3%)
42003477200,Allegheny County PA,Census Tract 4772,P,54,0.58,224600.0,1404.0,1.25,12.1,32.9,81.1,88.3,PASS,1,,15227 (62%); 15236 (29%); 15234 (10%)
42003523502,Allegheny County PA,Census Tract 5235.02,P,54,0.58,151500.0,914.0,1.21,10.8,28.5,81.4,73.1,PASS,1,,15235 (100%)
42005950300,Armstrong County PA,Census Tract 9503,P,54,0.58,168600.0,939.0,1.11,8.1,38.8,76.4,74.4,PASS,2,,16028 (26%); 16218 (24%); 16041 (20%); 16049 (18%); 16025 (11%); 16262 (2%)
42021012500,Cambria County PA,Census Tract 125,P,54,0.96,183100.0,1086.0,1.19,10.2,18.5,74.3,79.5,PASS,1,,15931 (74%); 15927 (10%); 15946 (6%); 15943 (5%); 15958 (5%); 15948 (1%)
42129805200,Westmoreland County PA,Census Tract 8052,P,54,0.51,82300.0,831.0,2.02,34.2,41.7,80.6,92.8,PASS,3,,15062 (100%)
54039012302,Kanawha County WV,Census Tract 123.02,P,54,0.19,93900.0,878.0,1.87,29.9,33.4,72.1,86.2,PASS,1,,25314 (43%); 25107 (29%); 25315 (26%); 25304 (3%)
54107000702,Wood County WV,Census Tract 7.02,P,54,0.22,103300.0,1048.0,2.03,34.5,42.0,78.5,87.6,PASS,3,,26101 (97%); 26104 (3%)
42003250900,Allegheny County PA,Census Tract 2509,F,53,0.56,198900.0,763.0,0.77,-1.9,26.4,81.4,54.0,FAIL: not in positive-cash-flow set,6,,15212 (64%); 15214 (36%)
42003417100,Allegheny County PA,Census Tract 4171,P,53,0.56,163600.0,1145.0,1.4,16.4,21.7,83.9,86.5,PASS,1,,15144 (100%)
42073001000,Lawrence County PA,Census Tract 10,P,53,0.82,66800.0,830.0,2.49,47.6,25.2,76.2,91.5,PASS,1,,16102 (100%)
42111020801,Somerset County PA,Census Tract 208.01,P,53,0.33,143400.0,1051.0,1.47,18.3,20.7,76.5,91.4,PASS,1,,15501 (100%)
42125741300,Washington County PA,Census Tract 7413,P,53,0.56,245800.0,1593.0,1.3,13.4,18.3,83.6,92.3,PASS,1,,15317 (69%); 15017 (22%); 15055 (9%)
39081001300,Jefferson County OH,Census Tract 13,P,53,0.51,88100.0,930.0,2.11,36.9,31.9,75.9,89.3,PASS,1,,43952 (58%); 43938 (31%); 43953 (11%)
39099813000,Mahoning County OH,Census Tract 8130,P,53,0.43,145900.0,635.0,0.87,1.1,6.8,84.7,65.2,PASS,1,,44601 (37%); 44609 (32%); 44449 (28%); 44672 (3%)
39155930300,Trumbull County OH,Census Tract 9303,P,53,0.32,159500.0,779.0,0.98,4.2,11.8,77.4,70.3,PASS,1,,44410 (39%); 44450 (37%); 44402 (17%); 44076 (4%); 44417 (3%)
39155931602,Trumbull County OH,Census Tract 9316.02,P,53,0.32,160800.0,819.0,1.02,5.4,21.9,83.2,71.3,PASS,1,,44425 (100%)
54009031600,Brooke County WV,Census Tract 316,F,53,0.36,158300.0,534.0,0.67,-4.5,21.9,77.4,43.7,FAIL: not in positive-cash-flow set,6,,26070 (67%); 26032 (32%); 26035 (1%)
42003523800,Allegheny County PA,Census Tract 5238,P,52,0.55,135900.0,1803.0,2.65,52.5,34.1,84.7,86.8,PASS,2,,15147 (100%)
42007603700,Beaver County PA,Census Tract 6037,P,52,0.61,150400.0,646.0,0.86,0.8,11.5,82.7,66.2,PASS,1,,15005 (100%)
42125751100,Washington County PA,Census Tract 7511,P,52,0.55,174300.0,1079.0,1.24,11.7,26.3,77.9,71.1,PASS,1,,15301 (100%)
54011010801,Cabell County WV,Census Tract 108.01,P,52,0.35,141800.0,881.0,1.24,11.8,19.1,86.4,79.5,PASS,1,,25541 (64%); 25510 (36%)
54039013002,Kanawha County WV,Census Tract 130.02,P,52,0.18,160100.0,1057.0,1.32,14.1,15.7,84.9,93.6,PASS,1,,25309 (99%); 25314 (1%)
54077963900,Preston County WV,Census Tract 9639,P,52,0.0,166300.0,836.0,1.01,5.0,37.2,78.0,67.4,PASS,2,,26542 (57%); 26537 (28%); 26547 (15%)
42005950900,Armstrong County PA,Census Tract 9509,P,51,0.55,169600.0,752.0,0.89,1.6,10.5,80.5,55.9,PASS,2,,16226 (65%); 16201 (33%); 16238 (1%)
54011002100,Cabell County WV,Census Tract 21,F,51,0.34,190700.0,,,,,,,no data,,,25701 (89%); 25704 (11%)
54079020606,Putnam County WV,Census Tract 206.06,F,51,0.05,321900.0,851.0,0.53,-8.7,2.4,87.6,41.8,FAIL: not in positive-cash-flow set,6,,25526 (100%)
42003010302,Allegheny County PA,Census Tract 103.02,P,50,0.53,173300.0,2042.0,2.36,43.9,38.3,76.1,100,PASS,2,,15219 (52%); 15282 (45%); 15213 (2%)
42003270800,Allegheny County PA,Census Tract 2708,P,50,0.53,202300.0,1032.0,1.02,5.4,36.1,84.6,70.4,PASS,2,,15212 (97%); 15214 (3%)
42003281400,Allegheny County PA,Census Tract 2814,F,50,0.53,157400.0,965.0,1.23,11.4,49.5,79.9,77.3,FAIL: tenant payment risk,4,,15204 (44%); 15205 (28%); 15220 (28%)
42021012100,Cambria County PA,Census Tract 121,P,50,0.89,119600.0,728.0,1.22,11.1,20.1,78.9,70.5,PASS,1,,16639 (66%); 16640 (14%); 16668 (11%); 16627 (7%); 16636 (2%); 16619 (1%)
42051263100,Fayette County PA,Census Tract 2631,P,50,0.38,121300.0,928.0,1.53,20.1,23.0,78.5,88.8,PASS,1,,15478 (58%); 15451 (17%); 15474 (14%); 15461 (9%); 15467 (1%); 15460 (1%)
42111021200,Somerset County PA,Census Tract 212,P,50,0.32,210800.0,1033.0,0.98,4.3,11.2,80.0,65.4,PASS,1,,15530 (35%); 15563 (21%); 15926 (20%); 15541 (20%); 15501 (3%)
54011001200,Cabell County WV,Census Tract 12,P,50,0.33,177900.0,807.0,0.91,2.2,43.7,83.2,67.9,PASS,3,,25701 (100%)
54107000400,Wood County WV,Census Tract 4,P,50,0.2,161500.0,771.0,0.95,3.5,27.7,78.0,72.3,PASS,1,,26104 (59%); 26101 (41%)
42003401300,Allegheny County PA,Census Tract 4013,P,49,0.52,161100.0,977.0,1.21,11.0,19.2,87.2,82.3,PASS,1,,15065 (100%)
42003429400,Allegheny County PA,Census Tract 4294,F,49,0.52,265800.0,1056.0,0.79,-1.1,29.8,85.6,47.7,FAIL: not in positive-cash-flow set,6,,15229 (50%); 15237 (50%)
42003473402,Allegheny County PA,Census Tract 4734.02,F,49,0.52,405500.0,1135.0,0.56,-7.8,41.5,83.8,32.9,FAIL: not in positive-cash-flow set,6,,15228 (60%); 15234 (40%)
42021000200,Cambria County PA,Census Tract 2,P,49,0.87,45000.0,708.0,3.15,66.7,26.0,78.7,90.5,PASS,1,,15901 (100%)
42021011200,Cambria County PA,Census Tract 112,P,49,0.87,125800.0,1091.0,1.73,26.0,33.3,77.1,86.4,PASS,1,,15905 (100%)
42063962200,Indiana County PA,Census Tract 9622,P,49,0.24,106300.0,775.0,1.46,18.0,16.2,81.8,87.7,PASS,1,,15954 (45%); 15920 (23%); 15961 (17%); 15944 (15%)
42129801801,Westmoreland County PA,Census Tract 8018.01,P,49,0.47,119800.0,786.0,1.31,13.8,14.8,81.5,87.1,PASS,1,,15681 (40%); 15618 (36%); 15613 (23%); 15690 (1%); 15680 (1%)
54005958300,Boone County WV,Census Tract 9583,F,49,0.0,167600.0,559.0,0.67,-4.7,19.9,75.8,42.5,FAIL: not in positive-cash-flow set,6,,25053 (38%); 25565 (22%); 25508 (16%); 25529 (9%); 25108 (8%); 25114 (3%); 25203 (2%); 25149 (2%)
54011010300,Cabell County WV,Census Tract 103,F,49,0.33,247300.0,705.0,0.57,-7.5,30.7,80.3,41.5,FAIL: not in positive-cash-flow set,6,,25702 (51%); 25504 (25%); 25545 (14%); 25537 (11%)
54033031100,Harrison County WV,Census Tract 311,P,49,0.38,302600.0,1282.0,0.85,0.5,34.4,83.6,58.7,PASS,2,,26330 (92%); 26323 (5%); 26301 (4%)
54051020900,Marshall County WV,Census Tract 209,P,49,0.62,144700.0,899.0,1.24,11.8,29.1,78.2,74.2,PASS,1,,26055 (56%); 26041 (38%); 26039 (6%)
54107010300,Wood County WV,Census Tract 103,P,49,0.2,163100.0,939.0,1.15,9.2,18.0,85.2,83.5,PASS,1,,26105 (100%)
42019903000,Butler County PA,Census Tract 9030,P,48,0.39,247800.0,1089.0,0.88,1.4,23.1,81.7,60.7,PASS,2,,16001 (77%); 16053 (23%)
42019910200,Butler County PA,Census Tract 9102,P,48,0.39,189600.0,795.0,0.84,0.2,16.1,80.9,57.5,PASS,2,,16020 (27%); 16038 (19%); 16040 (19%); 16061 (14%); 16050 (7%); 16057 (6%); 16049 (4%); 16048 (2%); 16373 (1%); 16030 (1%)
42063960900,Indiana County PA,Census Tract 9609,F,48,0.24,189900.0,722.0,0.76,-2.1,32.7,72.7,53.5,FAIL: not in positive-cash-flow set,6,,15701 (100%)
42063961600,Indiana County PA,Census Tract 9616,P,48,0.24,163400.0,1004.0,1.23,11.4,21.2,75.3,78.3,PASS,1,,15748 (63%); 15701 (21%); 15717 (12%); 15713 (3%); 15754 (1%)
42073011100,Lawrence County PA,Census Tract 111,P,48,0.74,151800.0,786.0,1.04,5.9,19.1,82.4,74.8,PASS,1,,16101 (46%); 16157 (39%); 16102 (9%); 16160 (7%)
42085033100,Mercer County PA,Census Tract 331,F,48,0.38,244700.0,990.0,0.81,-0.6,17.7,81.7,57.4,FAIL: not in positive-cash-flow set,6,,16127 (32%); 16142 (24%); 16137 (23%); 16156 (20%); 16057 (2%)
42111020500,Somerset County PA,Census Tract 205,P,48,0.3,104800.0,727.0,1.39,16.0,18.3,83.8,84.7,PASS,1,,15563 (56%); 15936 (26%); 15935 (9%); 15541 (9%); 15531 (1%)
42111021902,Somerset County PA,Census Tract 219.02,F,48,0.3,169100.0,699.0,0.83,-0.1,25.4,79.5,54.0,FAIL: not in positive-cash-flow set,6,,15540 (43%); 15424 (29%); 15411 (28%)
42129804704,Westmoreland County PA,Census Tract 8047.04,P,48,0.46,175400.0,933.0,1.06,6.7,18.7,79.9,67.9,PASS,1,,15601 (100%)
42129808600,Westmoreland County PA,Census Tract 8086,F,48,0.46,201800.0,797.0,0.79,-1.2,22.2,80.0,48.1,FAIL: not in positive-cash-flow set,6,,15687 (31%); 15677 (19%); 15658 (12%); 15610 (11%); 15622 (11%); 15650 (7%); 15501 (6%); 15628 (2%); 15646 (1%)
39145002800,Scioto County OH,Census Tract 28,P,48,0.03,153500.0,875.0,1.14,8.9,28.9,77.2,72.1,PASS,1,,45629 (65%); 45638 (23%); 45694 (7%); 45636 (4%)
54069002000,Ohio County WV,Census Tract 20,F,48,0.26,254300.0,842.0,0.66,-4.9,36.2,83.3,42.4,FAIL: not in positive-cash-flow set,6,,26003 (98%); 26059 (2%)
54079020500,Putnam County WV,Census Tract 205,P,48,0.05,148400.0,781.0,1.05,6.4,38.2,82.3,74.0,PASS,2,,25159 (87%); 25143 (12%)
54107010400,Wood County WV,Census Tract 104,F,48,0.2,203800.0,816.0,0.8,-0.9,28.6,79.8,53.9,FAIL: not in positive-cash-flow set,6,,26105 (100%)
42003040400,Allegheny County PA,Census Tract 404,P,47,0.5,270200.0,1238.0,0.92,2.4,32.5,72.4,66.8,PASS,1,,15213 (100%)
42003320600,Allegheny County PA,Census Tract 3206,P,47,0.5,205800.0,1421.0,1.38,15.8,31.0,80.7,86.4,PASS,1,,15226 (73%); 15210 (27%)
42003426800,Allegheny County PA,Census Tract 4268,F,47,0.5,283500.0,,,,,,,no data,,,15101 (67%); 15116 (33%)
42003428200,Allegheny County PA,Census Tract 4282,P,47,0.5,212600.0,1044.0,0.98,4.3,24.6,82.5,69.4,PASS,1,,15212 (60%); 15214 (22%); 15209 (18%)
42073011200,Lawrence County PA,Census Tract 112,P,47,0.72,147600.0,872.0,1.18,10.1,31.8,81.7,77.5,PASS,1,,16102 (54%); 16112 (39%); 16116 (4%); 16120 (3%)
42085032300,Mercer County PA,Census Tract 323,P,47,0.37,188100.0,861.0,0.92,2.4,3.2,81.6,68.1,PASS,1,,16150 (69%); 16154 (21%); 16125 (7%); 16113 (2%)
39013010802,Belmont County OH,Census Tract 108.02,P,47,0.28,131500.0,746.0,1.13,8.7,20.1,79.4,77.9,PASS,1,,43719 (56%); 43718 (44%)
39029952400,Columbiana County OH,Census Tract 9524,P,47,0.19,153500.0,824.0,1.07,7.0,16.5,80.1,79.3,PASS,1,,43920 (100%)
54069000700,Ohio County WV,Census Tract 7,F,47,0.26,49200.0,855.0,3.48,76.1,50.9,68.4,89.6,FAIL: tenant payment risk,5,,26003 (100%)
42003120900,Allegheny County PA,Census Tract 1209,F,46,0.49,65300.0,1323.0,4.05,92.7,50.0,73.9,87.5,FAIL: tenant payment risk,5,,15206 (100%)
42005951700,Armstrong County PA,Census Tract 9517,P,46,0.5,159000.0,710.0,0.89,1.8,17.5,80.3,54.8,PASS,3,,15774 (45%); 16249 (15%); 15618 (11%); 15686 (9%); 16201 (9%); 16226 (6%); 15736 (3%); 15732 (3%)
42019910700,Butler County PA,Census Tract 9107,F,46,0.38,223800.0,788.0,0.7,-3.7,20.9,80.2,43.1,FAIL: not in positive-cash-flow set,6,,16025 (51%); 16001 (26%); 16002 (15%); 16061 (9%)
42051262100,Fayette County PA,Census Tract 2621,P,46,0.35,168000.0,704.0,0.84,0.2,16.6,84.9,63.2,PASS,1,,15401 (100%)
42063960200,Indiana County PA,Census Tract 9602,P,46,0.23,165700.0,748.0,0.9,2.1,20.6,77.9,62.3,PASS,2,,15759 (35%); 16256 (33%); 15747 (17%); 16222 (6%); 15771 (6%); 16211 (1%); 15732 (1%)
42063961900,Indiana County PA,Census Tract 9619,P,46,0.23,156000.0,800.0,1.03,5.6,22.0,79.1,69.4,PASS,1,,15717 (41%); 15681 (31%); 15725 (26%); 15748 (3%)
42129800300,Westmoreland County PA,Census Tract 8003,P,46,0.44,104600.0,962.0,1.84,29.0,34.0,85.1,92.8,PASS,2,,15068 (100%)
42129805100,Westmoreland County PA,Census Tract 8051,P,46,0.44,169500.0,878.0,1.04,5.9,18.9,84.4,64.9,PASS,1,,15642 (57%); 15083 (29%); 15678 (6%); 15637 (4%); 15660 (2%); 15089 (1%)
39013011200,Belmont County OH,Census Tract 112,F,46,0.27,213700.0,761.0,0.71,-3.4,31.7,78.2,36.7,FAIL: not in positive-cash-flow set,6,,43933 (39%); 43718 (33%); 43947 (19%); 43906 (5%); 43950 (4%); 43967 (1%)
54061011602,Monongalia County WV,Census Tract 116.02,F,46,0.42,308900.0,1131.0,0.73,-2.9,39.1,81.7,54.7,FAIL: not in positive-cash-flow set,6,,26508 (84%); 26505 (16%)
42003421100,Allegheny County PA,Census Tract 4211,P,45,0.48,449300.0,2162.0,0.96,3.8,34.4,81.2,65.4,PASS,2,,15238 (94%); 15215 (6%)
42003429700,Allegheny County PA,Census Tract 4297,P,45,0.48,227400.0,1191.0,1.05,6.2,26.2,79.6,68.0,PASS,1,,15214 (66%); 15229 (17%); 15202 (9%); 15212 (9%)
42019912200,Butler County PA,Census Tract 9122,F,45,0.37,344700.0,1429.0,0.83,-0.1,24.6,86.1,58.9,FAIL: not in positive-cash-flow set,6,,16066 (73%); 15086 (27%)
42129801001,Westmoreland County PA,Census Tract 8010.01,P,45,0.43,187600.0,966.0,1.03,5.7,7.8,82.0,73.4,PASS,1,,15068 (100%)
42129802102,Westmoreland County PA,Census Tract 8021.02,P,45,0.43,335300.0,1583.0,0.94,3.2,14.9,81.8,62.1,PASS,2,,15668 (75%); 15632 (25%)
39155933302,Trumbull County OH,Census Tract 9333.02,P,45,0.27,140500.0,824.0,1.17,9.8,16.2,80.4,79.3,PASS,1,,44437 (35%); 44440 (33%); 44420 (19%); 44446 (13%)
42003520002,Allegheny County PA,Census Tract 5200.02,P,44,0.47,165700.0,975.0,1.18,9.9,22.8,86.0,87.0,PASS,1,,15145 (47%); 15221 (27%); 15112 (26%)
42007605100,Beaver County PA,Census Tract 6051,F,44,0.52,239300.0,972.0,0.81,-0.6,10.9,83.2,54.0,FAIL: not in positive-cash-flow set,6,,16123 (64%); 16117 (18%); 16037 (7%); 15066 (6%); 16063 (3%); 15074 (1%); 15010 (1%)
42125746301,Washington County PA,Census Tract 7463.01,F,44,0.46,490100.0,1718.0,0.7,-3.8,29.8,83.1,38.0,FAIL: not in positive-cash-flow set,6,,15317 (72%); 15367 (28%)
39099811100,Mahoning County OH,Census Tract 8111,P,44,0.36,85600.0,635.0,1.48,18.8,35.1,79.5,87.1,PASS,2,,44436 (100%)
39155932200,Trumbull County OH,Census Tract 9322,P,44,0.26,116100.0,938.0,1.62,22.6,24.1,77.2,89.4,PASS,1,,44420 (100%)
39167020102,Washington County OH,Census Tract 201.02,P,44,0.19,129900.0,919.0,1.41,16.8,37.7,82.8,90.9,PASS,2,,45714 (100%)
54039012200,Kanawha County WV,Census Tract 122,P,44,0.16,86400.0,789.0,1.83,28.6,33.3,81.6,85.2,PASS,1,,25134 (28%); 25075 (20%); 25315 (19%); 25035 (18%); 25214 (9%); 25107 (4%); 25061 (1%)
54061011300,Monongalia County WV,Census Tract 113,P,44,0.4,222300.0,1096.0,0.99,4.4,15.5,79.9,72.0,PASS,1,,26501 (76%); 26541 (12%); 26588 (11%); 26570 (1%)
42003408001,Allegheny County PA,Census Tract 4080.01,P,43,0.46,413100.0,2065.0,1.0,4.8,28.7,86.3,67.8,PASS,1,,15044 (87%); 16059 (9%); 15007 (4%)
42003416000,Allegheny County PA,Census Tract 4160,P,43,0.46,150800.0,961.0,1.27,12.8,20.2,81.9,78.1,PASS,1,,15144 (51%); 15049 (25%); 15084 (24%)
42111021800,Somerset County PA,Census Tract 218,P,43,0.27,136300.0,680.0,1.0,4.8,18.8,82.3,68.1,PASS,1,,15557 (71%); 15501 (21%); 15551 (5%); 15542 (3%)
42125771200,Washington County PA,Census Tract 7712,P,43,0.45,172600.0,955.0,1.11,7.9,27.0,82.7,74.5,PASS,1,,15332 (96%); 15129 (4%)
42129807500,Westmoreland County PA,Census Tract 8075,P,43,0.41,163300.0,819.0,1.0,4.9,31.7,85.1,71.0,PASS,1,,15650 (100%)
39029952200,Columbiana County OH,Census Tract 9522,P,43,0.17,59000.0,865.0,2.93,60.5,30.9,74.1,93.4,PASS,1,,43920 (100%)
39081012000,Jefferson County OH,Census Tract 120,P,43,0.41,94100.0,820.0,1.74,26.2,28.3,75.7,86.3,PASS,1,,43917 (60%); 43943 (21%); 43907 (11%); 43901 (6%); 43948 (2%)
39155931100,Trumbull County OH,Census Tract 9311,F,43,0.26,196800.0,789.0,0.8,-0.9,29.1,84.0,56.1,FAIL: not in positive-cash-flow set,6,,44410 (64%); 44418 (19%); 44473 (16%); 44417 (2%)
54061010601,Monongalia County WV,Census Tract 106.01,F,43,0.39,269700.0,976.0,0.72,-3.1,31.4,83.2,52.5,FAIL: not in positive-cash-flow set,6,,26505 (95%); 26508 (5%)
54107010601,Wood County WV,Census Tract 106.01,F,43,0.18,173900.0,684.0,0.79,-1.3,21.8,83.4,47.1,FAIL: not in positive-cash-flow set,6,,26187 (45%); 26104 (31%); 26184 (24%)
42003501000,Allegheny County PA,Census Tract 5010,P,42,0.45,97100.0,822.0,1.69,24.8,34.6,78.4,94.3,PASS,2,,15132 (100%)
42003521200,Allegheny County PA,Census Tract 5212,P,42,0.45,177300.0,1333.0,1.5,19.4,26.2,82.7,93.5,PASS,1,,15146 (98%); 15145 (2%)
42073000200,Lawrence County PA,Census Tract 2,P,42,0.65,69100.0,685.0,1.98,33.1,42.3,67.6,84.0,PASS,3,,16101 (100%)
42073000600,Lawrence County PA,Census Tract 6,P,42,0.65,40400.0,1090.0,5.4,131.5,42.4,72.0,92.4,PASS,3,,16101 (100%)
42085031800,Mercer County PA,Census Tract 318,P,42,0.33,156500.0,790.0,1.01,5.1,8.1,79.3,68.8,PASS,1,,16130 (33%); 16125 (28%); 16311 (14%); 16314 (11%); 16114 (9%); 16145 (6%)
42129805800,Westmoreland County PA,Census Tract 8058,F,42,0.4,211800.0,495.0,0.47,-10.5,19.3,77.9,34.1,FAIL: not in positive-cash-flow set,6,,15012 (84%); 15087 (15%); 15072 (1%)
39099812900,Mahoning County OH,Census Tract 8129,F,42,0.34,238300.0,913.0,0.77,-1.9,12.6,81.0,51.5,FAIL: not in positive-cash-flow set,6,,44401 (54%); 44451 (22%); 44406 (19%); 44460 (4%); 44449 (1%)
54039001902,Kanawha County WV,Census Tract 19.02,F,42,0.15,340700.0,1349.0,0.79,-1.1,15.8,80.4,55.3,FAIL: not in positive-cash-flow set,6,,25314 (100%)
42003020100,Allegheny County PA,Census Tract 201,F,41,0.44,605100.0,1678.0,0.55,-8.0,26.3,84.4,44.0,FAIL: not in positive-cash-flow set,6,,15222 (67%); 15219 (33%)
42003412003,Allegheny County PA,Census Tract 4120.03,P,41,0.44,482400.0,2779.0,1.15,9.2,40.4,87.8,78.9,PASS,2,,15090 (68%); 15237 (23%); 15143 (9%)
42003415002,Allegheny County PA,Census Tract 4150.02,F,41,0.44,348900.0,1237.0,0.71,-3.5,16.5,80.3,42.7,FAIL: not in positive-cash-flow set,6,,15238 (44%); 15116 (31%); 15024 (24%); 15051 (1%)
42003453004,Allegheny County PA,Census Tract 4530.04,P,41,0.44,227900.0,1516.0,1.33,14.4,26.0,89.4,87.1,PASS,1,,15108 (33%); 15071 (32%); 15126 (22%); 15275 (12%)
42021011400,Cambria County PA,Census Tract 114,P,41,0.73,93400.0,693.0,1.48,18.8,27.4,77.1,89.5,PASS,1,,15905 (60%); 15906 (40%)
42125784000,Washington County PA,Census Tract 7840,P,41,0.43,143000.0,985.0,1.38,15.7,18.1,77.8,80.8,PASS,1,,15022 (45%); 15412 (28%); 15432 (10%); 15423 (9%); 15483 (5%); 15012 (2%); 15477 (1%)
39145003100,Scioto County OH,Census Tract 31,P,41,0.03,69300.0,709.0,2.05,35.0,28.9,72.6,93.0,PASS,1,,45662 (100%)
54039011800,Kanawha County WV,Census Tract 118,P,41,0.14,82700.0,633.0,1.53,20.1,13.9,72.8,86.5,PASS,1,,25160 (24%); 25039 (14%); 25045 (14%); 25025 (13%); 25110 (11%); 25015 (11%); 25132 (11%); 25306 (1%); 25086 (1%)
54049021100,Marion County WV,Census Tract 211,P,41,0.16,216500.0,1110.0,1.03,5.6,29.7,81.0,68.2,PASS,1,,26554 (100%)
42003051000,Allegheny County PA,Census Tract 510,F,40,0.43,,691.0,,,,,,no data,,,15213 (83%); 15219 (17%)
42003480400,Allegheny County PA,Census Tract 4804,P,40,0.43,189600.0,889.0,0.94,3.1,29.3,85.4,65.5,PASS,1,,15227 (65%); 15236 (35%)
42021011500,Cambria County PA,Census Tract 115,F,40,0.71,160600.0,631.0,0.79,-1.3,9.0,82.5,55.2,FAIL: not in positive-cash-flow set,6,,15909 (27%); 15942 (22%); 15943 (20%); 15906 (16%); 15961 (14%)
42051260600,Fayette County PA,Census Tract 2606,P,40,0.31,113600.0,839.0,1.48,18.6,17.5,76.9,87.8,PASS,1,,15425 (100%)
42129807201,Westmoreland County PA,Census Tract 8072.01,F,40,0.38,303900.0,1048.0,0.69,-4.1,4.5,83.9,42.8,FAIL: not in positive-cash-flow set,6,,15601 (91%); 15676 (6%); 15650 (3%)
54009031402,Brooke County WV,Census Tract 314.02,F,40,0.27,124400.0,497.0,0.8,-0.9,18.5,71.5,54.9,FAIL: not in positive-cash-flow set,6,,26070 (100%)
42003480102,Allegheny County PA,Census Tract 4801.02,P,39,0.42,201000.0,961.0,0.96,3.6,32.8,84.4,66.0,PASS,1,,15236 (100%)
42003563000,Allegheny County PA,Census Tract 5630,P,39,0.42,115600.0,1285.0,2.22,40.1,37.7,83.0,91.6,PASS,2,,15205 (65%); 15204 (35%)
42005950100,Armstrong County PA,Census Tract 9501,P,39,0.42,122200.0,733.0,1.2,10.6,20.7,78.9,75.7,PASS,1,,16242 (36%); 16222 (36%); 16240 (19%); 16201 (5%); 16223 (1%); 16245 (1%); 16224 (1%)
42019902900,Butler County PA,Census Tract 9029,P,39,0.32,267200.0,1131.0,0.85,0.4,23.8,83.9,60.9,PASS,2,,16001 (100%)
42019912101,Butler County PA,Census Tract 9121.01,P,39,0.32,341600.0,1580.0,0.93,2.7,22.5,87.0,69.8,PASS,1,,16066 (100%)
42021012400,Cambria County PA,Census Tract 124,P,39,0.7,120200.0,736.0,1.22,11.3,17.7,78.8,74.0,PASS,1,,15722 (49%); 15931 (26%); 16668 (14%); 15773 (4%); 15940 (4%); 15737 (3%)
42051261000,Fayette County PA,Census Tract 2610,P,39,0.3,124400.0,731.0,1.18,9.9,14.9,76.1,79.8,PASS,1,,15486 (51%); 15480 (29%); 15431 (9%); 15473 (6%); 15401 (3%); 15488 (1%)
42129803400,Westmoreland County PA,Census Tract 8034,F,39,0.37,335600.0,956.0,0.57,-7.5,6.2,88.9,40.0,FAIL: not in positive-cash-flow set,6,,15642 (100%)
39155930500,Trumbull County OH,Census Tract 9305,F,39,0.23,215600.0,856.0,0.79,-1.1,16.6,80.5,51.8,FAIL: not in positive-cash-flow set,6,,44491 (37%); 44062 (34%); 44450 (12%); 44402 (12%); 44439 (5%)
21089040600,Greenup County KY,Census Tract 406,P,39,0.55,99100.0,644.0,1.3,13.5,36.0,71.8,80.0,PASS,2,,41174 (62%); 41175 (38%)
42003261300,Allegheny County PA,Census Tract 2613,P,38,0.4,175300.0,1009.0,1.15,9.2,20.4,77.5,77.5,PASS,1,,15214 (100%)
42007600701,Beaver County PA,Census Tract 6007.01,F,38,0.45,237200.0,824.0,0.69,-3.9,36.5,84.1,43.6,FAIL: not in positive-cash-flow set,6,,15010 (100%)
42021012700,Cambria County PA,Census Tract 127,P,38,0.68,154700.0,795.0,1.03,5.6,18.8,80.8,71.2,PASS,1,,15938 (59%); 15931 (15%); 15940 (15%); 15946 (10%)
42125721000,Washington County PA,Census Tract 7210,P,38,0.4,214400.0,1042.0,0.97,4.0,17.6,77.9,64.3,PASS,1,,15312 (76%); 15021 (10%); 15323 (7%); 15301 (6%); 15340 (1%); 15379 (1%)
39099804100,Mahoning County OH,Census Tract 8041,F,38,0.31,73800.0,843.0,2.28,41.8,45.3,69.8,85.4,FAIL: tenant payment risk,4,,44504 (96%); 44505 (4%)
54091964700,Taylor County WV,Census Tract 9647,P,38,0.14,220500.0,1198.0,1.09,7.3,12.0,80.6,77.2,PASS,1,,26354 (55%); 26330 (29%); 26347 (9%); 26554 (5%); 26431 (2%)
21089040502,Greenup County KY,Census Tract 405.02,P,38,0.54,139200.0,875.0,1.26,12.3,24.2,73.2,72.8,PASS,1,,41144 (71%); 41143 (18%); 41121 (11%)
42003451101,Allegheny County PA,Census Tract 4511.01,F,37,0.39,331400.0,1049.0,0.63,-5.7,14.6,80.4,42.6,FAIL: not in positive-cash-flow set,6,,15108 (100%)
42019910800,Butler County PA,Census Tract 9108,F,37,0.3,230200.0,790.0,0.69,-4.2,17.2,83.1,45.1,FAIL: not in positive-cash-flow set,6,,16001 (85%); 16061 (15%)
42051261402,Fayette County PA,Census Tract 2614.02,P,37,0.28,80000.0,794.0,1.98,33.2,21.9,74.0,92.9,PASS,1,,15442 (56%); 15468 (16%); 15417 (12%); 15480 (12%); 15422 (2%); 15413 (2%)
54011001000,Cabell County WV,Census Tract 10,P,37,0.25,66700.0,811.0,2.43,46.1,34.4,75.5,93.6,PASS,2,,25704 (91%); 25701 (9%)
54039010400,Kanawha County WV,Census Tract 104,P,37,0.13,122100.0,785.0,1.29,13.1,17.9,78.2,90.4,PASS,1,,25064 (91%); 25143 (8%); 25112 (1%)
54069001300,Ohio County WV,Census Tract 13,P,37,0.2,119700.0,937.0,1.57,21.1,25.9,81.0,90.8,PASS,1,,26003 (100%)
42007605300,Beaver County PA,Census Tract 6053,P,36,0.42,151900.0,878.0,1.16,9.3,25.7,78.0,72.7,PASS,1,,16141 (25%); 16115 (25%); 16157 (24%); 15010 (23%); 16136 (4%)
42021010200,Cambria County PA,Census Tract 102,P,36,0.64,44400.0,797.0,3.59,79.4,36.7,80.2,91.1,PASS,2,,15909 (100%)
42085030500,Mercer County PA,Census Tract 305,P,36,0.28,72200.0,1075.0,2.98,61.8,23.8,80.3,96.8,PASS,1,,16146 (100%)
42129803700,Westmoreland County PA,Census Tract 8037,F,36,0.34,248200.0,994.0,0.8,-0.9,16.6,79.8,49.3,FAIL: not in positive-cash-flow set,6,,15644 (57%); 15601 (41%); 15634 (2%)
39155931500,Trumbull County OH,Census Tract 9315,P,36,0.22,154600.0,944.0,1.22,11.2,25.7,79.5,80.3,PASS,1,,44425 (96%); 44438 (4%)
54039012301,Kanawha County WV,Census Tract 123.01,F,36,0.13,187000.0,754.0,0.81,-0.7,29.6,73.5,51.9,FAIL: not in positive-cash-flow set,6,,25003 (48%); 25309 (21%); 25314 (17%); 25107 (14%)
54051020200,Marshall County WV,Census Tract 202,F,36,0.46,104900.0,568.0,1.08,7.2,56.6,72.3,68.7,FAIL: tenant payment risk,6,,26041 (100%)
42073010600,Lawrence County PA,Census Tract 106,P,35,0.54,130300.0,1600.0,2.46,46.8,17.9,80.2,92.2,PASS,1,,16101 (83%); 16116 (15%); 16102 (2%)
42085031200,Mercer County PA,Census Tract 312,P,35,0.27,219700.0,1009.0,0.92,2.5,23.9,77.8,64.9,PASS,1,,16148 (100%)
39013012202,Belmont County OH,Census Tract 122.02,F,35,0.21,294700.0,1026.0,0.7,-3.9,27.4,65.1,40.5,FAIL: not in positive-cash-flow set,6,,43950 (90%); 43718 (9%); 43972 (1%)
39155930101,Trumbull County OH,Census Tract 9301.01,P,35,0.21,168400.0,874.0,1.04,5.9,18.6,78.0,72.1,PASS,1,,44428 (94%); 44417 (3%); 44404 (2%)
39155930800,Trumbull County OH,Census Tract 9308,P,35,0.21,177900.0,976.0,1.1,7.6,14.4,80.1,68.7,PASS,1,,44481 (65%); 44483 (19%); 44491 (10%); 44402 (3%); 44410 (2%)
39167021600,Washington County OH,Census Tract 216,F,35,0.15,220100.0,894.0,0.81,-0.6,2.3,84.2,59.9,FAIL: not in positive-cash-flow set,6,,45786 (73%); 45784 (8%); 43787 (6%); 45729 (5%); 45724 (5%); 45750 (1%); 45744 (1%)
24001001300,Allegany County MD,Census Tract 13,P,35,0.65,138200.0,927.0,1.34,14.7,17.7,65.0,84.5,PASS,2,,21502 (100%)
54049021202,Marion County WV,Census Tract 212.02,P,35,0.14,156300.0,1046.0,1.34,14.6,20.5,82.2,78.5,PASS,1,,26554 (91%); 26591 (9%)
42003413201,Allegheny County PA,Census Tract 4132.01,F,34,0.36,327800.0,1292.0,0.79,-1.2,25.8,83.5,50.7,FAIL: not in positive-cash-flow set,6,,15237 (100%)
42003486900,Allegheny County PA,Census Tract 4869,P,34,0.36,61100.0,888.0,2.91,59.8,37.4,75.1,88.2,PASS,2,,15110 (100%)
42003488100,Allegheny County PA,Census Tract 4881,P,34,0.36,147200.0,900.0,1.22,11.3,18.2,83.3,83.3,PASS,1,,15122 (100%)
42005950400,Armstrong County PA,Census Tract 9504,P,34,0.37,186500.0,880.0,0.94,3.2,14.2,83.4,65.9,PASS,1,,16262 (91%); 16201 (5%); 16218 (5%)
42111020200,Somerset County PA,Census Tract 202,P,34,0.21,150800.0,825.0,1.09,7.6,23.2,78.5,71.0,PASS,1,,15963 (88%); 15936 (10%); 15953 (2%)
42125742102,Washington County PA,Census Tract 7421.02,F,34,0.36,350000.0,1305.0,0.75,-2.5,35.5,77.5,47.5,FAIL: not in positive-cash-flow set,6,,15301 (85%); 15347 (15%)
39145003300,Scioto County OH,Census Tract 33,F,34,0.02,154200.0,896.0,1.16,9.5,50.0,75.3,71.1,FAIL: tenant payment risk,5,,45662 (100%)
24001001600,Allegany County MD,Census Tract 16,P,34,0.63,181600.0,931.0,1.03,5.6,10.7,74.3,70.9,PASS,1,,21532 (100%)
42003496102,Allegheny County PA,Census Tract 4961.02,F,33,0.35,165700.0,,,,,,,no data,,,15037 (93%); 15083 (4%); 15089 (2%); 15018 (1%)
42019912800,Butler County PA,Census Tract 9128,F,33,0.27,412400.0,793.0,0.38,-12.9,25.7,84.5,27.7,FAIL: not in positive-cash-flow set,6,,16059 (91%); 16002 (8%); 16056 (1%); 16046 (1%)
42051262702,Fayette County PA,Census Tract 2627.02,P,33,0.25,173000.0,788.0,0.91,2.3,17.3,79.0,60.4,PASS,2,,15459 (32%); 15470 (20%); 15464 (19%); 15424 (17%); 15431 (10%); 15437 (1%)
42063960500,Indiana County PA,Census Tract 9605,F,33,0.16,207600.0,719.0,0.69,-4.0,16.0,78.3,40.6,FAIL: not in positive-cash-flow set,6,,15701 (38%); 15747 (26%); 15759 (24%); 15728 (9%); 15723 (2%)
42085032701,Mercer County PA,Census Tract 327.01,P,33,0.26,178700.0,880.0,0.98,4.4,22.7,80.3,67.8,PASS,1,,16159 (73%); 16143 (23%); 16142 (3%)
42129801902,Westmoreland County PA,Census Tract 8019.02,F,33,0.31,258300.0,541.0,0.42,-11.9,6.9,82.7,31.2,FAIL: not in positive-cash-flow set,6,,15670 (51%); 15601 (39%); 15633 (7%); 15684 (1%); 15624 (1%)
54039001800,Kanawha County WV,Census Tract 18,F,33,0.12,391700.0,1173.0,0.6,-6.7,32.6,77.1,38.9,FAIL: not in positive-cash-flow set,6,,25304 (68%); 25314 (32%)
54039010100,Kanawha County WV,Census Tract 101,P,33,0.12,139200.0,1045.0,1.5,19.3,23.6,85.3,95.3,PASS,1,,25064 (83%); 25313 (17%)
42003411002,Allegheny County PA,Census Tract 4110.02,P,32,0.34,463700.0,2082.0,0.9,1.9,14.4,85.9,69.4,PASS,1,,15090 (57%); 16046 (28%); 15086 (14%); 15015 (1%)
42003421200,Allegheny County PA,Census Tract 4212,P,32,0.34,364100.0,3501.0,1.92,31.4,10.0,81.6,92.6,PASS,1,,15215 (72%); 15116 (19%); 15238 (9%)
42003477100,Allegheny County PA,Census Tract 4771,F,32,0.34,241800.0,,,,,,,no data,,,15236 (100%)
42007605800,Beaver County PA,Census Tract 6058,P,32,0.38,201400.0,860.0,0.85,0.6,8.9,82.9,54.4,PASS,3,,15010 (61%); 16117 (36%); 15066 (3%)
42125745101,Washington County PA,Census Tract 7451.01,P,32,0.34,278900.0,1649.0,1.18,10.1,15.8,89.6,83.8,PASS,1,,15317 (73%); 15301 (20%); 15363 (7%)
42129805500,Westmoreland County PA,Census Tract 8055,P,32,0.3,114100.0,1243.0,2.18,38.8,21.2,80.9,91.1,PASS,1,,15062 (100%)
39167020202,Washington County OH,Census Tract 202.02,P,32,0.14,206000.0,1206.0,1.17,9.8,31.7,79.9,78.7,PASS,1,,45742 (60%); 45714 (37%); 45784 (3%)
54033030801,Harrison County WV,Census Tract 308.01,P,32,0.24,125000.0,1177.0,1.88,30.3,22.4,80.6,97.2,PASS,1,,26301 (58%); 26369 (17%); 26330 (11%); 26404 (10%); 26438 (4%)
54049021500,Marion County WV,Census Tract 215,P,32,0.13,163500.0,838.0,1.03,5.6,31.4,76.2,67.7,PASS,1,,26588 (91%); 26554 (7%); 26574 (2%); 26560 (1%)
54049021602,Marion County WV,Census Tract 216.02,P,32,0.13,78900.0,824.0,2.09,36.2,28.1,76.3,81.5,PASS,1,,26582 (61%); 26570 (23%); 26571 (14%); 26587 (3%)
54079020604,Putnam County WV,Census Tract 206.04,F,32,0.03,309400.0,1031.0,0.67,-4.8,23.4,81.6,46.5,FAIL: not in positive-cash-flow set,6,,25526 (85%); 25560 (15%)
54107010704,Wood County WV,Census Tract 107.04,P,32,0.13,171500.0,783.0,0.91,2.3,20.3,82.0,64.1,PASS,1,,26150 (61%); 26101 (39%)
42003449000,Allegheny County PA,Census Tract 4490,P,31,0.33,195600.0,1215.0,1.24,11.8,26.8,81.4,75.3,PASS,1,,15046 (100%)
42003476200,Allegheny County PA,Census Tract 4762,P,31,0.33,180500.0,1580.0,1.75,26.5,32.5,87.7,93.4,PASS,1,,15234 (99%); 15236 (1%)
42125751200,Washington County PA,Census Tract 7512,P,31,0.33,114700.0,836.0,1.46,18.0,17.2,76.0,89.9,PASS,1,,15301 (100%)
42125782700,Washington County PA,Census Tract 7827,P,31,0.33,93500.0,508.0,1.09,7.3,23.9,74.8,72.2,PASS,1,,15022 (100%)
39155933100,Trumbull County OH,Census Tract 9331,P,31,0.19,95400.0,764.0,1.6,22.2,29.3,78.3,82.1,PASS,1,,44430 (74%); 44481 (24%); 44485 (1%)
42003470502,Allegheny County PA,Census Tract 4705.02,P,30,0.32,269400.0,1509.0,1.12,8.3,29.9,83.2,68.5,PASS,1,,15220 (71%); 15106 (29%)
42007604902,Beaver County PA,Census Tract 6049.02,P,30,0.35,183600.0,1365.0,1.49,18.9,23.5,85.0,87.1,PASS,1,,15001 (100%)
42019911800,Butler County PA,Census Tract 9118,F,30,0.25,399100.0,1046.0,0.52,-8.9,10.7,84.4,36.9,FAIL: not in positive-cash-flow set,6,,16037 (59%); 16063 (25%); 16033 (16%)
39029950100,Columbiana County OH,Census Tract 9501,F,30,0.12,173300.0,608.0,0.7,-3.7,20.3,81.8,44.8,FAIL: not in positive-cash-flow set,6,,44413 (51%); 44445 (33%); 44408 (11%); 44443 (3%); 44454 (2%)
39081011402,Jefferson County OH,Census Tract 114.02,P,30,0.29,157600.0,1018.0,1.29,13.3,13.0,78.1,83.7,PASS,1,,43952 (57%); 43964 (24%); 43944 (19%)
39145003400,Scioto County OH,Census Tract 34,P,30,0.02,62600.0,717.0,2.29,42.0,37.9,70.2,91.2,PASS,2,,45662 (100%)
42003437000,Allegheny County PA,Census Tract 4370,F,29,0.31,474600.0,1706.0,0.72,-3.2,16.9,84.6,43.8,FAIL: not in positive-cash-flow set,6,,15237 (57%); 15143 (40%); 15202 (3%)
42003490003,Allegheny County PA,Census Tract 4900.03,P,29,0.31,243900.0,1425.0,1.17,9.7,18.6,84.3,74.2,PASS,1,,15236 (54%); 15129 (46%)
42005951200,Armstrong County PA,Census Tract 9512,P,29,0.31,205700.0,913.0,0.89,1.6,9.1,82.9,56.6,PASS,2,,16229 (42%); 16201 (36%); 16262 (13%); 16055 (8%); 16212 (1%)
42007600601,Beaver County PA,Census Tract 6006.01,P,29,0.34,158700.0,827.0,1.04,6.1,22.5,78.6,70.6,PASS,1,,16115 (76%); 16120 (16%); 16141 (8%)
42021011700,Cambria County PA,Census Tract 117,P,29,0.52,140800.0,743.0,1.06,6.4,22.3,78.7,72.1,PASS,1,,15931 (58%); 15943 (22%); 15957 (8%); 15762 (6%); 15960 (3%); 15961 (1%); 15922 (1%)
42051260500,Fayette County PA,Census Tract 2605,F,29,0.22,150800.0,,,,,,,no data,,,15469 (33%); 15464 (26%); 15622 (14%); 15425 (12%); 15610 (7%); 15490 (5%); 15462 (1%); 15557 (1%)
39099811302,Mahoning County OH,Census Tract 8113.02,P,29,0.24,93100.0,692.0,1.49,18.9,22.2,83.1,93.2,PASS,1,,44512 (58%); 44514 (42%)
39155930102,Trumbull County OH,Census Tract 9301.02,P,29,0.17,194100.0,914.0,0.94,3.2,19.6,82.1,56.3,PASS,2,,44404 (45%); 44418 (35%); 44428 (9%); 44424 (7%); 44438 (4%)
24001001503,Allegany County MD,Census Tract 15.03,P,29,0.54,130200.0,895.0,1.37,15.6,24.1,80.7,85.7,PASS,1,,21545 (99%); 21532 (1%)
42003418000,Allegheny County PA,Census Tract 4180,P,28,0.3,196200.0,1148.0,1.17,9.8,15.4,80.3,82.5,PASS,1,,15024 (100%)
42003489001,Allegheny County PA,Census Tract 4890.01,P,28,0.3,232700.0,1333.0,1.15,9.0,30.2,82.6,72.9,PASS,1,,15236 (85%); 15122 (15%)
42003495000,Allegheny County PA,Census Tract 4950,P,28,0.3,166000.0,1120.0,1.35,14.9,9.7,78.2,80.5,PASS,1,,15063 (57%); 15037 (30%); 15020 (13%)
42003500300,Allegheny County PA,Census Tract 5003,P,28,0.3,82500.0,963.0,2.33,43.3,17.5,79.8,88.0,PASS,1,,15133 (96%); 15132 (4%)
42003521500,Allegheny County PA,Census Tract 5215,P,28,0.3,207500.0,1539.0,1.48,18.8,28.2,81.0,87.7,PASS,1,,15146 (100%)
42007604700,Beaver County PA,Census Tract 6047,P,28,0.33,82400.0,1077.0,2.61,51.3,22.7,79.0,92.9,PASS,1,,15001 (100%)
42073010500,Lawrence County PA,Census Tract 105,P,28,0.43,134500.0,872.0,1.3,13.4,16.2,77.3,79.9,PASS,1,,16116 (84%); 16132 (9%); 16143 (5%); 16102 (2%)
42125731000,Washington County PA,Census Tract 7310,P,28,0.29,218600.0,967.0,0.88,1.5,5.3,81.2,56.8,PASS,2,,15323 (42%); 15376 (35%); 15301 (13%); 15312 (10%); 15365 (1%)
39099813700,Mahoning County OH,Census Tract 8137,F,28,0.23,20300.0,448.0,4.41,103.2,50.0,60.2,88.6,FAIL: tenant payment risk,5,,44506 (74%); 44503 (22%); 44505 (3%); 44502 (1%)
54011010600,Cabell County WV,Census Tract 106,P,28,0.19,217200.0,1150.0,1.06,6.5,8.0,79.7,75.5,PASS,1,,25541 (46%); 25510 (25%); 25504 (19%); 25545 (10%)
42003523600,Allegheny County PA,Census Tract 5236,P,27,0.29,124800.0,1099.0,1.76,26.8,30.6,85.4,90.9,PASS,1,,15235 (100%)
42051260402,Fayette County PA,Census Tract 2604.02,P,27,0.21,183300.0,902.0,0.98,4.4,19.9,79.8,68.4,PASS,1,,15425 (40%); 15666 (20%); 15610 (19%); 15490 (14%); 15683 (4%); 15469 (2%)
42111021500,Somerset County PA,Census Tract 215,P,27,0.17,125200.0,632.0,1.01,5.1,17.8,83.1,66.0,PASS,1,,15552 (56%); 15542 (44%)
42125742101,Washington County PA,Census Tract 7421.01,P,27,0.28,245900.0,1193.0,0.97,4.0,14.8,86.4,69.2,PASS,1,,15317 (46%); 15342 (42%); 15301 (12%)
42129807403,Westmoreland County PA,Census Tract 8074.03,F,27,0.26,375300.0,,,,,,,no data,,,15650 (57%); 15601 (43%)
39013011400,Belmont County OH,Census Tract 114,P,27,0.16,130900.0,583.0,0.89,1.7,30.1,78.5,58.2,PASS,2,,43906 (89%); 43947 (8%); 43940 (2%); 43933 (1%)
39013012201,Belmont County OH,Census Tract 122.01,P,27,0.16,187500.0,1014.0,1.08,7.2,16.9,79.9,74.6,PASS,1,,43950 (62%); 43906 (20%); 43933 (8%); 43718 (6%); 43928 (4%)
39155932500,Trumbull County OH,Census Tract 9325,P,27,0.16,138500.0,863.0,1.25,11.9,10.6,84.6,84.9,PASS,1,,44437 (100%)
54039010804,Kanawha County WV,Census Tract 108.04,F,27,0.1,179500.0,997.0,1.11,8.0,45.4,75.0,71.9,FAIL: tenant payment risk,4,,25320 (56%); 25312 (36%); 25124 (5%); 25248 (3%)
54039011200,Kanawha County WV,Census Tract 112,P,27,0.1,108800.0,873.0,1.6,22.3,27.1,69.6,82.8,PASS,1,,25045 (97%); 25071 (3%)
54049021400,Marion County WV,Census Tract 214,P,27,0.11,168800.0,1000.0,1.18,10.2,25.4,79.7,69.0,PASS,1,,26554 (54%); 26559 (38%); 26571 (8%)
42003141100,Allegheny County PA,Census Tract 1411,P,26,0.28,252700.0,1371.0,1.09,7.3,33.9,81.0,75.9,PASS,2,,15218 (97%); 15217 (3%)
42003523300,Allegheny County PA,Census Tract 5233,P,26,0.28,148000.0,1200.0,1.62,22.8,25.8,85.0,89.7,PASS,1,,15235 (81%); 15147 (19%)
42003562901,Allegheny County PA,Census Tract 5629.01,F,26,0.28,253800.0,1244.0,0.98,4.3,56.2,81.0,67.9,FAIL: tenant payment risk,5,,15207 (100%)
42007602702,Beaver County PA,Census Tract 6027.02,P,26,0.31,199700.0,1507.0,1.51,19.5,4.5,82.9,90.4,PASS,1,,15059 (55%); 15052 (36%); 15009 (6%); 16115 (2%); 15010 (1%)
42063960600,Indiana County PA,Census Tract 9606,F,26,0.13,185600.0,762.0,0.82,-0.3,9.4,81.5,51.8,FAIL: not in positive-cash-flow set,6,,15732 (34%); 15774 (30%); 15701 (29%); 15747 (5%); 15748 (1%)
42129807401,Westmoreland County PA,Census Tract 8074.01,P,26,0.25,166400.0,862.0,1.04,5.9,10.8,80.6,74.0,PASS,1,,15650 (79%); 15670 (17%); 15601 (3%); 15624 (1%)
39155933700,Trumbull County OH,Census Tract 9337,F,26,0.16,146900.0,540.0,0.74,-2.8,36.3,75.6,41.1,FAIL: not in positive-cash-flow set,6,,44444 (47%); 44430 (29%); 44470 (22%); 44288 (1%); 44481 (1%)
54005958700,Boone County WV,Census Tract 9587,P,26,0.0,48700.0,652.0,2.68,53.2,29.1,68.3,85.3,PASS,2,,25208 (68%); 25021 (10%); 25204 (9%); 25047 (7%); 25206 (5%); 25028 (1%)
54011002000,Cabell County WV,Census Tract 20,F,26,0.17,223800.0,,,,,,,no data,,,25705 (72%); 25701 (28%)
54077964102,Preston County WV,Census Tract 9641.02,P,26,0.0,114800.0,683.0,1.19,10.3,24.0,76.8,81.0,PASS,1,,26764 (100%)
54077964500,Preston County WV,Census Tract 9645,P,26,0.0,97400.0,644.0,1.32,14.1,12.6,72.3,77.3,PASS,1,,26444 (41%); 26425 (34%); 26405 (18%); 26440 (6%); 26287 (1%)
54107000801,Wood County WV,Census Tract 8.01,P,26,0.11,92600.0,1006.0,2.17,38.6,13.6,89.8,96.6,PASS,1,,26101 (100%)
42003051100,Allegheny County PA,Census Tract 511,F,25,0.27,,1057.0,,,,,,no data,,,15219 (100%)
42003161000,Allegheny County PA,Census Tract 1610,F,25,0.27,69700.0,1138.0,3.27,70.1,59.3,77.4,87.6,FAIL: tenant payment risk,6,,15210 (100%)
42003429201,Allegheny County PA,Census Tract 4292.01,P,25,0.27,325600.0,1476.0,0.91,2.2,19.2,86.0,68.4,PASS,1,,15237 (85%); 15116 (15%)
42003429202,Allegheny County PA,Census Tract 4292.02,P,25,0.27,297900.0,1654.0,1.11,8.0,8.7,83.5,80.6,PASS,1,,15237 (88%); 15209 (10%); 15116 (2%)
42003475401,Allegheny County PA,Census Tract 4754.01,F,25,0.27,283300.0,1100.0,0.78,-1.6,13.9,83.9,53.4,FAIL: not in positive-cash-flow set,6,,15102 (72%); 15234 (15%); 15236 (13%)
42007603900,Beaver County PA,Census Tract 6039,P,25,0.29,153400.0,1041.0,1.36,15.1,18.0,85.6,84.2,PASS,1,,15003 (82%); 15005 (18%)
42125796000,Washington County PA,Census Tract 7960,F,25,0.26,235600.0,835.0,0.71,-3.5,11.1,80.9,47.8,FAIL: not in positive-cash-flow set,6,,15323 (35%); 15377 (28%); 15329 (25%); 15376 (12%)
42129800500,Westmoreland County PA,Census Tract 8005,F,25,0.24,171200.0,735.0,0.86,0.8,28.0,80.7,48.5,FAIL: enhanced score,4,,15068 (100%)
39167020900,Washington County OH,Census Tract 209,P,25,0.11,181600.0,769.0,0.85,0.4,29.9,81.5,58.4,PASS,2,,45750 (100%)
42003485000,Allegheny County PA,Census Tract 4850,P,24,0.26,98500.0,1075.0,2.18,38.9,27.1,77.7,95.7,PASS,1,,15120 (97%); 15122 (3%)
42005951300,Armstrong County PA,Census Tract 9513,P,24,0.26,158300.0,874.0,1.1,7.9,10.3,81.4,71.0,PASS,1,,15656 (65%); 15690 (18%); 15682 (16%)
42073000900,Lawrence County PA,Census Tract 9,F,24,0.37,49700.0,1020.0,4.1,94.3,52.9,75.0,89.5,FAIL: tenant payment risk,5,,16101 (82%); 16102 (18%)
42073011300,Lawrence County PA,Census Tract 113,F,24,0.37,168600.0,694.0,0.82,-0.2,8.9,78.5,56.0,FAIL: not in positive-cash-flow set,6,,16120 (57%); 16102 (25%); 16141 (11%); 16157 (4%); 16112 (3%)
42111020700,Somerset County PA,Census Tract 207,P,24,0.15,205900.0,888.0,0.86,0.9,9.8,83.9,52.7,PASS,3,,15501 (83%); 15502 (7%); 15541 (4%); 15622 (4%); 15531 (1%); 15555 (1%); 15561 (1%)
42125795900,Washington County PA,Census Tract 7959,P,24,0.25,112500.0,782.0,1.39,16.1,12.9,81.6,82.0,PASS,1,,15417 (57%); 15333 (27%); 15429 (9%); 15358 (5%); 15427 (1%)
42129801802,Westmoreland County PA,Census Tract 8018.02,P,24,0.23,164400.0,838.0,1.02,5.4,23.2,83.5,66.2,PASS,1,,15681 (61%); 15670 (31%); 15684 (8%)
42129802700,Westmoreland County PA,Census Tract 8027,P,24,0.23,126000.0,937.0,1.49,18.9,27.3,80.5,87.7,PASS,1,,15644 (100%)
39029951401,Columbiana County OH,Census Tract 9514.01,F,24,0.1,210400.0,744.0,0.71,-3.6,4.2,86.0,43.3,FAIL: not in positive-cash-flow set,6,,44455 (35%); 44445 (24%); 44441 (19%); 44432 (14%); 44413 (6%); 44408 (2%)
39099813400,Mahoning County OH,Census Tract 8134,F,24,0.2,248000.0,738.0,0.6,-6.8,22.3,83.5,37.8,FAIL: not in positive-cash-flow set,6,,44460 (70%); 44406 (29%); 44490 (1%)
39155933400,Trumbull County OH,Census Tract 9334,P,24,0.14,174000.0,985.0,1.13,8.7,9.3,78.2,80.9,PASS,1,,44481 (95%); 44440 (5%)
39167020300,Washington County OH,Census Tract 203,F,24,0.1,192900.0,781.0,0.81,-0.6,22.3,82.5,48.4,FAIL: not in positive-cash-flow set,6,,45750 (80%); 45729 (19%); 45714 (2%)
54009031700,Brooke County WV,Census Tract 317,P,24,0.16,93100.0,795.0,1.71,25.2,21.5,75.4,89.3,PASS,1,,26070 (57%); 26003 (18%); 26075 (15%); 26030 (6%); 26032 (4%); 26058 (1%)
54033031600,Harrison County WV,Census Tract 316,P,24,0.18,92600.0,516.0,1.11,8.1,20.8,77.0,70.1,PASS,1,,26426 (100%)
54051020702,Marshall County WV,Census Tract 207.02,F,24,0.3,214900.0,839.0,0.78,-1.5,19.4,78.4,53.2,FAIL: not in positive-cash-flow set,6,,26038 (100%)
42003473500,Allegheny County PA,Census Tract 4735,F,23,0.25,470500.0,1371.0,0.58,-7.2,25.1,85.1,37.6,FAIL: not in positive-cash-flow set,6,,15228 (98%); 15241 (2%)
42005950600,Armstrong County PA,Census Tract 9506,P,23,0.25,161300.0,711.0,0.88,1.4,15.1,80.6,58.2,PASS,2,,16201 (60%); 16259 (37%); 16242 (3%)
42085031300,Mercer County PA,Census Tract 313,F,23,0.18,308600.0,1103.0,0.71,-3.4,32.4,81.1,50.5,FAIL: not in positive-cash-flow set,6,,16148 (100%)
42085032403,Mercer County PA,Census Tract 324.03,P,23,0.18,174500.0,1309.0,1.5,19.3,12.4,79.1,84.2,PASS,1,,16124 (43%); 16125 (32%); 16154 (21%); 16137 (3%)
42125791000,Washington County PA,Census Tract 7910,P,23,0.24,124300.0,897.0,1.44,17.6,10.5,81.6,81.5,PASS,1,,15423 (87%); 15477 (5%); 15434 (5%); 15022 (4%)
42129804803,Westmoreland County PA,Census Tract 8048.03,F,23,0.22,235900.0,250.0,0.21,-17.8,13.1,80.6,19.8,FAIL: not in positive-cash-flow set,6,,15642 (70%); 15601 (16%); 15625 (10%); 15617 (2%); 15691 (2%)
54033030802,Harrison County WV,Census Tract 308.02,P,23,0.18,164600.0,963.0,1.17,9.7,22.8,86.0,71.6,PASS,1,,26386 (60%); 26301 (39%); 26431 (1%)
54039013800,Kanawha County WV,Census Tract 138,F,23,0.08,76800.0,934.0,2.43,46.1,62.5,69.6,88.2,FAIL: tenant payment risk,6,,25177 (100%)
54057010700,Mineral County WV,Census Tract 107,P,23,0.33,88500.0,513.0,1.16,9.4,16.7,71.3,70.1,PASS,1,,26717 (55%); 26726 (45%); 26750 (1%)
42003455000,Allegheny County PA,Census Tract 4550,P,22,0.23,190700.0,1096.0,1.15,9.2,17.0,85.6,77.1,PASS,1,,15071 (100%)
42019910600,Butler County PA,Census Tract 9106,P,22,0.18,212200.0,918.0,0.87,1.0,19.5,83.3,58.5,PASS,2,,16061 (49%); 16001 (18%); 16025 (15%); 16041 (12%); 16057 (5%); 16050 (1%)
42073011500,Lawrence County PA,Census Tract 115,P,22,0.34,192100.0,809.0,0.84,0.3,13.3,79.9,52.6,PASS,3,,16117 (36%); 16051 (25%); 16157 (15%); 16123 (12%); 16037 (8%); 16101 (4%)
39081000600,Jefferson County OH,Census Tract 6,P,22,0.21,160500.0,775.0,0.97,3.9,44.3,82.2,68.8,PASS,3,,43952 (100%)
39099802500,Mahoning County OH,Census Tract 8025,P,22,0.18,60000.0,849.0,2.83,57.6,36.7,73.3,85.2,PASS,2,,44511 (72%); 44502 (28%)
39099813900,Mahoning County OH,Census Tract 8139,P,22,0.18,22500.0,698.0,6.2,154.7,16.3,80.8,90.2,PASS,1,,44502 (77%); 44511 (21%); 44507 (2%)
39155930700,Trumbull County OH,Census Tract 9307,P,22,0.13,142000.0,949.0,1.34,14.5,21.1,83.4,86.3,PASS,1,,44481 (68%); 44483 (27%); 44485 (5%)
54005958600,Boone County WV,Census Tract 9586,P,22,0.0,95900.0,706.0,1.47,18.5,32.9,70.8,80.8,PASS,1,,25148 (35%); 25049 (29%); 25209 (12%); 25181 (11%); 25024 (8%); 25193 (5%)
54033030700,Harrison County WV,Census Tract 307,F,22,0.17,163800.0,665.0,0.81,-0.6,15.2,80.9,54.1,FAIL: not in positive-cash-flow set,6,,26301 (48%); 26426 (42%); 26422 (10%)
54069001901,Ohio County WV,Census Tract 19.01,P,22,0.12,199400.0,1339.0,1.34,14.7,21.8,80.2,80.7,PASS,1,,26003 (100%)
42003320700,Allegheny County PA,Census Tract 3207,P,21,0.22,153500.0,1565.0,2.04,34.8,20.2,89.2,86.2,PASS,1,,15234 (86%); 15210 (7%); 15226 (6%); 15227 (1%)
42003474101,Allegheny County PA,Census Tract 4741.01,P,21,0.22,390200.0,1731.0,0.89,1.6,39.6,86.3,60.0,PASS,2,,15241 (86%); 15243 (9%); 15228 (4%)
42003523400,Allegheny County PA,Census Tract 5234,P,21,0.22,123200.0,1049.0,1.7,25.1,28.2,80.5,94.2,PASS,1,,15235 (100%)
42003523701,Allegheny County PA,Census Tract 5237.01,P,21,0.22,142400.0,1254.0,1.76,26.8,20.9,79.9,87.3,PASS,1,,15147 (100%)
42021010100,Cambria County PA,Census Tract 101,P,21,0.37,119600.0,1094.0,1.83,28.7,12.8,77.9,86.0,PASS,1,,15906 (64%); 15909 (20%); 15942 (14%); 15945 (1%)
42021011300,Cambria County PA,Census Tract 113,P,21,0.37,180800.0,935.0,1.03,5.8,27.0,80.4,71.2,PASS,1,,15905 (97%); 15906 (3%)
42051262000,Fayette County PA,Census Tract 2620,F,21,0.16,247200.0,658.0,0.53,-8.6,11.5,81.4,38.1,FAIL: not in positive-cash-flow set,6,,15401 (83%); 15484 (17%)
42129808401,Westmoreland County PA,Census Tract 8084.01,P,21,0.2,205900.0,1108.0,1.08,7.0,11.6,77.7,75.4,PASS,1,,15658 (45%); 15655 (19%); 15677 (16%); 15531 (16%); 15650 (3%)
39145002100,Scioto County OH,Census Tract 21,F,21,0.01,190700.0,665.0,0.7,-3.9,19.1,77.6,43.5,FAIL: not in positive-cash-flow set,6,,45653 (63%); 45648 (21%); 45662 (9%); 45613 (7%); 45656 (1%)
54077964103,Preston County WV,Census Tract 9641.03,P,21,0.0,184700.0,975.0,1.06,6.5,11.9,79.3,75.5,PASS,1,,26764 (66%); 26519 (34%)
42003100500,Allegheny County PA,Census Tract 1005,P,20,0.21,209900.0,1516.0,1.44,17.7,39.1,81.1,89.9,PASS,2,,15201 (85%); 15224 (15%)
42003413500,Allegheny County PA,Census Tract 4135,P,20,0.21,298700.0,1268.0,0.85,0.5,20.4,85.6,64.3,PASS,1,,15101 (73%); 15237 (22%); 15090 (4%); 15044 (1%)
42003563100,Allegheny County PA,Census Tract 5631,P,20,0.21,176500.0,1059.0,1.2,10.6,13.3,81.9,84.7,PASS,1,,15220 (58%); 15205 (42%)
42007601000,Beaver County PA,Census Tract 6010,P,20,0.24,229700.0,971.0,0.85,0.4,38.1,83.6,52.5,PASS,3,,15010 (99%); 15066 (1%)
42019910100,Butler County PA,Census Tract 9101,P,20,0.16,160700.0,884.0,1.1,7.7,13.9,80.2,72.1,PASS,1,,16049 (47%); 16050 (18%); 16041 (16%); 16025 (12%); 16373 (6%); 16022 (1%)
42021010700,Cambria County PA,Census Tract 107,P,20,0.36,203900.0,1250.0,1.23,11.4,17.1,81.7,73.4,PASS,1,,15904 (94%); 15902 (6%)
42021012900,Cambria County PA,Census Tract 129,P,20,0.36,124700.0,638.0,1.02,5.5,24.0,78.2,70.3,PASS,1,,15946 (93%); 15938 (6%); 15958 (1%)
42125745200,Washington County PA,Census Tract 7452,F,20,0.21,488600.0,1375.0,0.56,-7.7,13.2,85.1,37.3,FAIL: not in positive-cash-flow set,6,,15330 (45%); 15317 (43%); 15301 (12%)
24001001402,Allegany County MD,Census Tract 14.02,P,20,0.37,158700.0,959.0,1.21,10.9,14.0,85.2,85.3,PASS,1,,21502 (100%)
54033031800,Harrison County WV,Census Tract 318,P,20,0.15,153500.0,883.0,1.15,9.2,13.2,81.5,75.7,PASS,1,,26431 (57%); 26463 (28%); 26568 (5%); 26554 (4%); 26582 (3%); 26591 (2%)
54039010602,Kanawha County WV,Census Tract 106.02,P,20,0.07,130200.0,1166.0,1.79,27.6,10.4,85.7,96.2,PASS,1,,25143 (63%); 25313 (37%)
42003459101,Allegheny County PA,Census Tract 4591.01,F,19,0.2,257000.0,1153.0,0.9,1.9,52.5,86.2,61.3,FAIL: tenant payment risk,5,,15108 (100%)
42003564500,Allegheny County PA,Census Tract 5645,S,19,0.2,195400.0,1215.0,1.24,11.9,28.2,84.5,79.4,PASS,1,,15332 (53%); 15025 (44%); 15088 (3%)
42129803302,Westmoreland County PA,Census Tract 8033.02,F,19,0.18,233300.0,,,,,,,no data,,,15642 (92%); 15131 (8%)
42129804801,Westmoreland County PA,Census Tract 8048.01,S,19,0.18,168100.0,967.0,1.15,9.2,41.9,76.3,79.1,PASS,3,,15601 (72%); 15644 (28%)
39081012100,Jefferson County OH,Census Tract 121,S,19,0.18,116100.0,942.0,1.62,22.8,31.5,76.7,81.2,PASS,1,,43901 (53%); 43917 (30%); 43943 (11%); 43907 (3%); 43939 (3%)
39155931700,Trumbull County OH,Census Tract 9317,S,19,0.11,109900.0,848.0,1.54,20.5,30.2,78.7,89.8,PASS,1,,44425 (99%); 44505 (1%)
54011010702,Cabell County WV,Census Tract 107.02,S,19,0.13,195500.0,951.0,0.97,4.1,21.5,81.1,64.6,PASS,1,,25545 (59%); 25541 (41%)
54049021001,Marion County WV,Census Tract 210.01,S,19,0.07,224900.0,1158.0,1.03,5.7,2.3,76.4,69.7,PASS,1,,26554 (96%); 26354 (4%)
54051021001,Marshall County WV,Census Tract 210.01,F,19,0.24,122200.0,818.0,1.34,14.6,52.9,65.1,73.9,FAIL: tenant payment risk,5,,26041 (77%); 26033 (20%); 26039 (2%)
54051021300,Marshall County WV,Census Tract 213,S,19,0.24,159000.0,888.0,1.12,8.2,12.3,80.7,76.1,PASS,1,,26003 (51%); 26041 (28%); 26033 (12%); 26031 (10%)
21019031101,Boyd County KY,Census Tract 311.01,F,19,0.16,165000.0,853.0,1.03,5.8,47.3,81.3,70.1,FAIL: tenant payment risk,4,,41129 (78%); 41102 (22%)
21043960602,Carter County KY,Census Tract 9606.02,S,19,0.33,137100.0,741.0,1.08,7.2,25.2,73.5,76.9,PASS,1,,41143 (71%); 41168 (29%)
42003050900,Allegheny County PA,Census Tract 509,F,18,0.19,,624.0,,,,,,no data,,,15219 (100%)
42003401100,Allegheny County PA,Census Tract 4011,S,18,0.19,183900.0,838.0,0.91,2.3,29.3,80.3,63.9,PASS,1,,15065 (100%)
42003413300,Allegheny County PA,Census Tract 4133,S,18,0.19,316400.0,1914.0,1.21,10.9,25.6,80.0,80.2,PASS,1,,15237 (100%)
42021013100,Cambria County PA,Census Tract 131,S,18,0.32,114100.0,729.0,1.28,12.9,17.7,80.0,81.3,PASS,1,,15955 (48%); 15958 (35%); 15946 (16%); 15921 (1%); 15962 (1%)
42125746100,Washington County PA,Census Tract 7461,F,18,0.19,349000.0,1396.0,0.8,-0.9,29.2,86.0,52.5,FAIL: not in positive-cash-flow set,6,,15317 (64%); 15367 (33%); 15241 (3%)
42129802500,Westmoreland County PA,Census Tract 8025,S,18,0.17,121900.0,648.0,1.06,6.7,21.6,79.7,69.9,PASS,1,,15644 (100%)
42129803200,Westmoreland County PA,Census Tract 8032,S,18,0.17,245700.0,1300.0,1.06,6.5,35.8,79.9,72.4,PASS,2,,15642 (66%); 15085 (26%); 15615 (8%)
39155921300,Trumbull County OH,Census Tract 9213,S,18,0.11,137500.0,905.0,1.32,14.0,28.7,80.4,90.1,PASS,1,,44483 (100%)
54039013200,Kanawha County WV,Census Tract 132,F,18,0.06,143900.0,,,,,,,no data,,,25309 (64%); 25177 (23%); 25202 (13%)
42003408002,Allegheny County PA,Census Tract 4080.02,F,17,0.18,348700.0,945.0,0.54,-8.3,8.3,81.5,26.8,FAIL: not in positive-cash-flow set,6,,15044 (100%)
42003469000,Allegheny County PA,Census Tract 4690,S,17,0.18,251900.0,1729.0,1.37,15.6,16.8,87.2,85.5,PASS,1,,15220 (66%); 15205 (28%); 15106 (6%)
42003563800,Allegheny County PA,Census Tract 5638,S,17,0.18,348200.0,3501.0,2.01,34.0,27.4,74.7,89.9,PASS,1,,15143 (61%); 15237 (22%); 15202 (16%)
42019902800,Butler County PA,Census Tract 9028,S,17,0.14,181600.0,845.0,0.93,2.9,23.9,84.8,70.3,PASS,1,,16001 (100%)
39167021700,Washington County OH,Census Tract 217,F,17,0.07,216900.0,581.0,0.54,-8.5,7.5,77.1,25.3,FAIL: not in positive-cash-flow set,6,,45724 (41%); 45784 (21%); 45729 (12%); 45742 (11%); 43787 (6%); 45711 (3%); 45723 (3%); 45714 (2%); 45786 (1%)
54061011806,Monongalia County WV,Census Tract 118.06,F,17,0.16,338900.0,1216.0,0.72,-3.3,34.0,89.4,48.6,FAIL: not in positive-cash-flow set,6,,26508 (59%); 26542 (41%)
42003405000,Allegheny County PA,Census Tract 4050,S,16,0.17,186300.0,918.0,0.99,4.4,2.4,83.9,71.4,PASS,1,,15084 (100%)
42003496200,Allegheny County PA,Census Tract 4962,S,16,0.17,166300.0,1090.0,1.31,13.8,22.5,83.6,83.6,PASS,1,,15135 (86%); 15018 (7%); 15037 (4%); 15047 (3%)
42005950200,Armstrong County PA,Census Tract 9502,S,16,0.17,133500.0,638.0,0.96,3.6,15.6,80.6,59.9,PASS,2,,16259 (46%); 16210 (24%); 16218 (16%); 16242 (14%)
42007602701,Beaver County PA,Census Tract 6027.01,F,16,0.19,198800.0,1402.0,1.41,16.7,47.3,81.2,73.8,FAIL: tenant payment risk,4,,15052 (86%); 15009 (14%)
42007603000,Beaver County PA,Census Tract 6030,S,16,0.19,218800.0,1133.0,1.04,5.9,18.3,80.2,63.2,PASS,1,,15001 (85%); 15050 (11%); 15061 (3%)
42073000800,Lawrence County PA,Census Tract 8,S,16,0.25,66200.0,954.0,2.88,59.1,23.6,72.9,86.2,PASS,1,,16101 (100%)
42129802304,Westmoreland County PA,Census Tract 8023.04,S,16,0.15,380600.0,1815.0,0.95,3.5,37.8,86.1,65.8,PASS,2,,15644 (32%); 15642 (24%); 15636 (19%); 15632 (14%); 15085 (10%); 15623 (1%)
39029951900,Columbiana County OH,Census Tract 9519,S,16,0.06,115600.0,876.0,1.52,19.7,32.5,81.5,81.3,PASS,1,,43920 (88%); 43968 (12%)
39099811002,Mahoning County OH,Census Tract 8110.02,F,16,0.13,302800.0,,,,,,,no data,,,44514 (59%); 44436 (41%)
54039010900,Kanawha County WV,Census Tract 109,S,16,0.06,104600.0,833.0,1.59,21.9,10.8,74.6,88.4,PASS,1,,25312 (100%)
21019030500,Boyd County KY,Census Tract 305,S,16,0.14,139000.0,1070.0,1.54,20.4,25.9,79.8,91.0,PASS,1,,41101 (91%); 41102 (9%)
42003526102,Allegheny County PA,Census Tract 5261.02,S,15,0.16,237500.0,1141.0,0.96,3.7,16.3,85.4,64.1,PASS,1,,15239 (90%); 15068 (10%)
42051261300,Fayette County PA,Census Tract 2613,S,15,0.11,117900.0,1088.0,1.85,29.2,38.1,68.9,83.5,PASS,2,,15433 (47%); 15417 (23%); 15410 (12%); 15447 (8%); 15450 (4%); 15463 (2%); 15475 (2%); 15444 (1%); 15413 (1%)
42129803502,Westmoreland County PA,Census Tract 8035.02,S,15,0.14,231200.0,1500.0,1.3,13.4,9.0,83.2,83.4,PASS,1,,15642 (100%)
42129804501,Westmoreland County PA,Census Tract 8045.01,F,15,0.14,283100.0,1063.0,0.75,-2.3,8.0,83.7,50.9,FAIL: not in positive-cash-flow set,6,,15601 (82%); 15616 (18%)
39081011500,Jefferson County OH,Census Tract 115,S,15,0.14,170100.0,938.0,1.1,7.8,14.4,81.1,75.2,PASS,1,,43910 (67%); 43944 (27%); 43908 (3%); 43907 (2%); 43943 (1%)
21019031001,Boyd County KY,Census Tract 310.01,S,15,0.13,183800.0,765.0,0.83,0.0,36.2,78.4,55.5,PASS,2,,41102 (90%); 41168 (10%)
42003406000,Allegheny County PA,Census Tract 4060,S,14,0.15,221200.0,982.0,0.89,1.6,22.5,81.5,58.9,PASS,2,,15084 (61%); 15065 (39%)
42003458002,Allegheny County PA,Census Tract 4580.02,S,14,0.15,309900.0,1398.0,0.9,2.0,32.9,83.6,55.6,PASS,2,,15106 (79%); 15205 (12%); 15071 (9%)
42003460001,Allegheny County PA,Census Tract 4600.01,S,14,0.15,235600.0,1224.0,1.04,6.0,30.2,84.5,70.0,PASS,1,,15108 (65%); 15136 (35%)
42003473601,Allegheny County PA,Census Tract 4736.01,F,14,0.15,442500.0,1375.0,0.62,-6.1,32.3,84.2,32.8,FAIL: not in positive-cash-flow set,6,,15243 (98%); 15228 (1%); 15220 (1%)
42003479000,Allegheny County PA,Census Tract 4790,S,14,0.15,199500.0,950.0,0.95,3.5,19.3,84.4,63.9,PASS,1,,15234 (56%); 15226 (39%); 15228 (5%)
42003488500,Allegheny County PA,Census Tract 4885,S,14,0.15,163600.0,766.0,0.94,3.0,8.3,83.8,67.2,PASS,1,,15122 (83%); 15236 (11%); 15207 (5%)
42019912301,Butler County PA,Census Tract 9123.01,F,14,0.12,601900.0,1456.0,0.48,-10.0,26.9,84.4,27.6,FAIL: not in positive-cash-flow set,6,,16066 (98%); 16046 (2%)
42021011100,Cambria County PA,Census Tract 111,S,14,0.25,152800.0,869.0,1.14,8.8,19.2,79.1,75.4,PASS,1,,15905 (100%)
42051261100,Fayette County PA,Census Tract 2611,S,14,0.11,198200.0,933.0,0.94,3.2,24.1,78.5,61.7,PASS,2,,15438 (35%); 15442 (35%); 15473 (28%); 15466 (1%)
42063960300,Indiana County PA,Census Tract 9603,S,14,0.07,117600.0,671.0,1.14,8.9,11.9,81.2,76.0,PASS,1,,15759 (25%); 15742 (24%); 15724 (22%); 15771 (19%); 15746 (5%); 15741 (2%); 15712 (2%); 15728 (1%)
42063961800,Indiana County PA,Census Tract 9618,S,14,0.07,120500.0,940.0,1.56,21.0,25.7,82.1,80.5,PASS,1,,15725 (36%); 15681 (30%); 15748 (8%); 15774 (7%); 15618 (6%); 15727 (5%); 15783 (4%); 15756 (4%)
42111021300,Somerset County PA,Census Tract 213,F,14,0.09,176800.0,638.0,0.72,-3.2,19.7,80.9,42.0,FAIL: not in positive-cash-flow set,6,,15538 (38%); 15552 (30%); 15545 (11%); 15530 (11%); 15558 (4%); 15926 (4%)
42125755700,Washington County PA,Census Tract 7557,F,14,0.15,231800.0,955.0,0.82,-0.2,6.7,81.4,56.0,FAIL: not in positive-cash-flow set,6,,15301 (53%); 15311 (42%); 15345 (5%)
54033031400,Harrison County WV,Census Tract 314,F,14,0.11,164200.0,638.0,0.78,-1.6,28.4,81.1,46.3,FAIL: not in positive-cash-flow set,6,,26378 (37%); 26385 (28%); 26426 (24%); 26301 (10%); 26451 (1%)
42003429300,Allegheny County PA,Census Tract 4293,F,13,0.14,308400.0,1001.0,0.65,-5.3,27.5,84.2,45.3,FAIL: not in positive-cash-flow set,6,,15237 (63%); 15229 (34%); 15202 (2%)
42007605001,Beaver County PA,Census Tract 6050.01,S,13,0.15,310900.0,1384.0,0.89,1.7,17.7,85.8,55.8,PASS,2,,15001 (59%); 15026 (41%)
42019912304,Butler County PA,Census Tract 9123.04,S,13,0.11,443500.0,1979.0,0.89,1.8,21.6,86.3,66.4,PASS,1,,16066 (100%)
42063961500,Indiana County PA,Census Tract 9615,S,13,0.06,154200.0,900.0,1.17,9.7,19.1,78.8,74.0,PASS,1,,15748 (27%); 15944 (26%); 15701 (18%); 15717 (16%); 15765 (5%); 15920 (2%); 15720 (2%); 15949 (2%)
42125711000,Washington County PA,Census Tract 7110,F,13,0.14,217600.0,634.0,0.58,-7.2,6.4,80.2,35.4,FAIL: not in positive-cash-flow set,6,,15021 (86%); 15312 (12%); 15026 (2%)
42129800800,Westmoreland County PA,Census Tract 8008,F,13,0.12,150100.0,961.0,1.28,12.9,54.0,82.6,77.1,FAIL: tenant payment risk,5,,15068 (100%)
39029951402,Columbiana County OH,Census Tract 9514.02,S,13,0.05,136400.0,693.0,1.02,5.3,26.3,65.6,66.0,PASS,2,,44432 (91%); 44455 (6%); 44415 (1%); 44431 (1%); 44408 (1%); 43920 (1%)
39145003900,Scioto County OH,Census Tract 39,S,13,0.01,115500.0,723.0,1.25,12.1,29.7,76.5,82.3,PASS,1,,45663 (100%)
54107010703,Wood County WV,Census Tract 107.03,S,13,0.05,170000.0,838.0,0.99,4.4,18.6,79.7,61.6,PASS,2,,26150 (64%); 26143 (29%); 26169 (6%); 26101 (1%)
21089040400,Greenup County KY,Census Tract 404,S,13,0.18,129300.0,849.0,1.31,13.9,25.0,77.6,73.6,PASS,1,,41121 (55%); 41144 (33%); 41102 (5%); 41139 (3%); 41143 (2%); 41169 (1%)
42003446000,Allegheny County PA,Census Tract 4460,F,12,0.13,820100.0,1438.0,0.35,-13.9,6.5,82.3,32.0,FAIL: not in positive-cash-flow set,6,,15143 (100%)
42003523100,Allegheny County PA,Census Tract 5231,S,12,0.13,109600.0,1311.0,2.39,44.9,40.5,77.3,85.2,PASS,2,,15147 (68%); 15235 (29%); 15221 (3%)
42051261401,Fayette County PA,Census Tract 2614.01,S,12,0.09,126400.0,1136.0,1.8,27.8,35.2,78.5,88.4,PASS,2,,15468 (68%); 15475 (8%); 15410 (7%); 15420 (6%); 15442 (6%); 15435 (3%); 15417 (2%); 15443 (1%)
42051263300,Fayette County PA,Census Tract 2633,S,12,0.09,95000.0,933.0,1.96,32.6,25.7,78.3,87.0,PASS,1,,15428 (49%); 15486 (41%); 15430 (9%)
42063961400,Indiana County PA,Census Tract 9614,S,12,0.06,153000.0,823.0,1.08,7.0,24.1,77.7,71.2,PASS,1,,15748 (35%); 15765 (24%); 15714 (20%); 15961 (8%); 15957 (5%); 15710 (2%); 15745 (2%); 15929 (2%); 15728 (1%); 15761 (1%)
42085032503,Mercer County PA,Census Tract 325.03,F,12,0.09,229700.0,863.0,0.75,-2.3,22.2,80.7,45.6,FAIL: not in positive-cash-flow set,6,,16124 (35%); 16153 (28%); 16137 (23%); 16133 (10%); 16145 (5%)
42111020101,Somerset County PA,Census Tract 201.01,F,12,0.08,157800.0,594.0,0.75,-2.3,2.3,80.1,49.8,FAIL: not in positive-cash-flow set,6,,15905 (74%); 15935 (15%); 15531 (11%)
42129802101,Westmoreland County PA,Census Tract 8021.01,F,12,0.11,340500.0,1147.0,0.67,-4.5,0.1,81.4,45.6,FAIL: not in positive-cash-flow set,6,,15668 (94%); 15068 (5%); 15146 (1%)
39099802300,Mahoning County OH,Census Tract 8023,S,12,0.1,49800.0,1029.0,4.13,95.1,29.3,79.9,94.4,PASS,1,,44511 (100%)
24001001900,Allegany County MD,Census Tract 19,F,12,0.22,188800.0,720.0,0.76,-2.0,30.7,82.2,47.6,FAIL: not in positive-cash-flow set,6,,21532 (85%); 21543 (10%); 21539 (5%)
54033030603,Harrison County WV,Census Tract 306.03,F,12,0.09,342900.0,504.0,0.29,-15.5,44.1,64.9,21.6,FAIL: not in positive-cash-flow set,6,,26301 (100%)
54057010300,Mineral County WV,Census Tract 103,S,12,0.17,248900.0,1297.0,1.04,6.1,34.3,78.7,69.1,PASS,2,,26763 (32%); 26719 (32%); 26753 (20%); 26726 (16%)
54061011803,Monongalia County WV,Census Tract 118.03,F,12,0.11,243100.0,850.0,0.7,-3.8,25.7,83.5,41.8,FAIL: not in positive-cash-flow set,6,,26508 (99%); 26505 (1%)
42003410000,Allegheny County PA,Census Tract 4100,F,11,0.12,508300.0,556.0,0.22,-17.7,17.7,83.2,28.3,FAIL: not in positive-cash-flow set,6,,15015 (97%); 15090 (3%)
42003470400,Allegheny County PA,Census Tract 4704,F,11,0.12,247600.0,2108.0,1.7,25.1,51.5,82.5,80.4,FAIL: tenant payment risk,5,,15243 (79%); 15017 (21%)
42003491101,Allegheny County PA,Census Tract 4911.01,F,11,0.12,375400.0,1464.0,0.78,-1.5,18.5,83.6,48.1,FAIL: not in positive-cash-flow set,6,,15025 (97%); 15236 (3%)
42003552200,Allegheny County PA,Census Tract 5522,S,11,0.12,58900.0,1300.0,4.41,103.2,43.0,68.5,90.9,PASS,3,,15132 (100%)
42007600602,Beaver County PA,Census Tract 6006.02,S,11,0.13,222200.0,1279.0,1.15,9.2,29.0,77.7,70.2,PASS,1,,16115 (60%); 15010 (40%)
42007601802,Beaver County PA,Census Tract 6018.02,F,11,0.13,191700.0,1495.0,1.56,21.0,46.0,81.2,82.6,FAIL: tenant payment risk,4,,15042 (42%); 15074 (40%); 15066 (18%)
42073011400,Lawrence County PA,Census Tract 114,S,11,0.17,123900.0,638.0,1.03,5.7,23.3,79.3,70.4,PASS,1,,16141 (58%); 16157 (42%)
42085032402,Mercer County PA,Census Tract 324.02,F,11,0.09,110200.0,1002.0,1.82,28.4,48.1,82.4,87.1,FAIL: tenant payment risk,4,,16125 (64%); 16154 (36%)
42129803600,Westmoreland County PA,Census Tract 8036,S,11,0.1,128300.0,867.0,1.35,15.0,22.0,81.8,78.7,PASS,1,,15644 (51%); 15642 (31%); 15611 (9%); 15675 (8%); 15665 (2%)
39099801700,Mahoning County OH,Census Tract 8017,S,11,0.09,25300.0,638.0,5.04,121.3,27.2,77.7,94.7,PASS,1,,44507 (69%); 44502 (31%)
24001000100,Allegany County MD,Census Tract 1,F,11,0.2,199300.0,771.0,0.77,-1.7,16.8,76.3,51.6,FAIL: not in positive-cash-flow set,6,,21555 (47%); 21530 (31%); 21766 (22%)
54039011301,Kanawha County WV,Census Tract 113.01,S,11,0.04,123900.0,908.0,1.47,18.3,13.8,74.8,85.7,PASS,1,,25071 (32%); 25311 (31%); 25045 (17%); 25306 (16%); 25201 (4%)
54049021300,Marion County WV,Census Tract 213,S,11,0.04,115900.0,937.0,1.62,22.6,34.5,78.2,75.5,PASS,2,,26571 (32%); 26554 (31%); 26591 (15%); 26572 (11%); 26576 (7%); 26563 (4%)
42003412004,Allegheny County PA,Census Tract 4120.04,F,10,0.11,463800.0,1807.0,0.78,-1.5,8.3,85.8,57.0,FAIL: not in positive-cash-flow set,6,,15143 (96%); 15090 (4%)
42003453003,Allegheny County PA,Census Tract 4530.03,S,10,0.11,235200.0,1354.0,1.15,9.2,9.2,83.9,81.1,PASS,1,,15071 (100%)
42003475102,Allegheny County PA,Census Tract 4751.02,S,10,0.11,242500.0,1526.0,1.26,12.3,27.7,78.1,78.5,PASS,1,,15102 (100%)
42003519000,Allegheny County PA,Census Tract 5190,F,10,0.11,234800.0,,,,,,,no data,,,15235 (83%); 15221 (15%); 15145 (2%)
42003564200,Allegheny County PA,Census Tract 5642,S,10,0.11,161800.0,1064.0,1.32,13.9,18.0,76.2,85.5,PASS,1,,15131 (77%); 15642 (16%); 15028 (4%); 15137 (3%)
42005951600,Armstrong County PA,Census Tract 9516,S,10,0.11,178900.0,883.0,0.99,4.5,32.6,80.8,66.9,PASS,1,,15613 (53%); 15618 (28%); 15686 (12%); 15690 (7%)
42007603801,Beaver County PA,Census Tract 6038.01,S,10,0.12,231300.0,1021.0,0.88,1.5,6.0,86.2,61.1,PASS,2,,15042 (68%); 15005 (29%); 15027 (3%)
42019903100,Butler County PA,Census Tract 9031,F,10,0.08,282600.0,994.0,0.7,-3.7,26.6,80.0,47.4,FAIL: not in positive-cash-flow set,6,,16002 (82%); 16053 (10%); 16001 (7%)
42051260401,Fayette County PA,Census Tract 2604.01,S,10,0.08,193900.0,968.0,1.0,4.8,13.5,81.0,70.4,PASS,1,,15425 (52%); 15666 (48%)
42063960100,Indiana County PA,Census Tract 9601,S,10,0.05,131800.0,874.0,1.33,14.2,13.9,78.9,78.8,PASS,1,,15772 (36%); 15771 (17%); 15767 (17%); 15742 (15%); 16256 (10%); 15757 (5%)
42111020802,Somerset County PA,Census Tract 208.02,S,10,0.06,189600.0,838.0,0.88,1.5,26.5,63.2,58.3,PASS,2,,15501 (95%); 15530 (3%); 15510 (2%)
42125732000,Washington County PA,Census Tract 7320,S,10,0.11,251100.0,1097.0,0.87,1.2,3.7,83.2,55.7,PASS,2,,15301 (75%); 15329 (24%); 15311 (1%)
42129804901,Westmoreland County PA,Census Tract 8049.01,F,10,0.09,285500.0,942.0,0.66,-4.9,10.0,81.8,44.8,FAIL: not in positive-cash-flow set,6,,15672 (65%); 15639 (14%); 15679 (8%); 15663 (7%); 15601 (2%); 15697 (2%); 15625 (1%)
42129807901,Westmoreland County PA,Census Tract 8079.01,F,10,0.09,233800.0,1057.0,0.9,2.1,48.1,72.4,59.7,FAIL: tenant payment risk,4,,15670 (57%); 15627 (22%); 15650 (11%); 15717 (10%)
42129808402,Westmoreland County PA,Census Tract 8084.02,F,10,0.09,256000.0,1054.0,0.82,-0.2,21.9,79.0,52.1,FAIL: not in positive-cash-flow set,6,,15658 (90%); 15655 (8%); 15531 (2%)
39099811200,Mahoning County OH,Census Tract 8112,S,10,0.08,216800.0,967.0,0.89,1.7,20.4,83.3,62.5,PASS,2,,44514 (100%)
54005958200,Boone County WV,Census Tract 9582,S,10,0.0,89300.0,955.0,2.14,37.6,22.4,76.9,85.3,PASS,1,,25009 (35%); 25529 (31%); 25154 (10%); 25169 (8%); 25142 (6%); 25081 (4%); 25165 (4%); 25053 (1%); 25051 (1%)
54033031200,Harrison County WV,Census Tract 312,F,10,0.08,251000.0,875.0,0.7,-3.9,4.2,84.3,46.9,FAIL: not in positive-cash-flow set,6,,26385 (55%); 26408 (44%); 26330 (1%)
42003120300,Allegheny County PA,Census Tract 1203,S,9,0.1,85400.0,1133.0,2.65,52.5,43.5,74.0,92.4,PASS,3,,15206 (100%)
42019912701,Butler County PA,Census Tract 9127.01,S,9,0.07,320400.0,1438.0,0.9,1.9,15.9,80.7,61.2,PASS,2,,16055 (85%); 16229 (15%)
42073010700,Lawrence County PA,Census Tract 107,S,9,0.14,111100.0,1000.0,1.8,27.9,19.9,83.7,88.9,PASS,1,,16101 (100%)
42111020400,Somerset County PA,Census Tract 204,S,9,0.06,86600.0,636.0,1.47,18.4,14.8,80.7,78.5,PASS,1,,15924 (38%); 15563 (23%); 15926 (17%); 15936 (14%); 15963 (8%)
42129800400,Westmoreland County PA,Census Tract 8004,S,9,0.09,187300.0,1063.0,1.14,8.7,22.5,79.4,72.1,PASS,1,,15068 (100%)
42129801702,Westmoreland County PA,Census Tract 8017.02,S,9,0.09,244400.0,1043.0,0.85,0.6,13.1,85.0,57.2,PASS,2,,15613 (73%); 15632 (17%); 15668 (10%)
42129801703,Westmoreland County PA,Census Tract 8017.03,F,9,0.09,229200.0,888.0,0.77,-1.6,13.4,81.8,52.0,FAIL: not in positive-cash-flow set,6,,15613 (71%); 15632 (29%)
39013010300,Belmont County OH,Census Tract 103,S,9,0.05,177400.0,900.0,1.01,5.3,16.0,79.9,68.3,PASS,1,,43950 (31%); 43912 (19%); 43917 (14%); 43901 (13%); 43935 (12%); 43905 (10%)
39081011100,Jefferson County OH,Census Tract 111,S,9,0.09,123600.0,686.0,1.11,8.0,14.8,79.7,77.1,PASS,1,,43908 (43%); 43903 (21%); 43932 (17%); 43930 (9%); 43944 (6%); 43910 (4%)
39145002300,Scioto County OH,Census Tract 23,S,9,0.01,79500.0,773.0,1.94,32.1,11.2,81.0,83.3,PASS,1,,45657 (58%); 45648 (26%); 45671 (11%); 45660 (5%); 45652 (1%)
39155920700,Trumbull County OH,Census Tract 9207,F,9,0.05,78600.0,914.0,2.33,43.0,52.8,67.6,83.4,FAIL: tenant payment risk,5,,44481 (39%); 44430 (36%); 44485 (24%)
54077963801,Preston County WV,Census Tract 9638.01,F,9,0.0,228400.0,880.0,0.77,-1.8,36.2,61.0,43.7,FAIL: not in positive-cash-flow set,6,,26525 (100%)
42003413100,Allegheny County PA,Census Tract 4131,F,8,0.09,453100.0,1353.0,0.6,-6.8,29.2,84.5,39.8,FAIL: not in positive-cash-flow set,6,,15090 (60%); 15101 (31%); 15044 (9%)
42003459202,Allegheny County PA,Census Tract 4592.02,S,8,0.09,157100.0,1496.0,1.9,30.9,36.5,88.4,91.6,PASS,2,,15205 (100%)
42003470300,Allegheny County PA,Census Tract 4703,S,8,0.09,245300.0,1258.0,1.03,5.6,25.7,77.7,71.1,PASS,1,,15243 (46%); 15106 (41%); 15220 (7%); 15017 (6%)
42003473602,Allegheny County PA,Census Tract 4736.02,S,8,0.09,290000.0,1451.0,1.0,4.9,24.6,81.1,72.8,PASS,1,,15243 (97%); 15228 (3%)
42003475200,Allegheny County PA,Census Tract 4752,S,8,0.09,282500.0,1669.0,1.18,10.1,16.1,88.7,83.1,PASS,1,,15102 (81%); 15241 (19%)
42129802400,Westmoreland County PA,Census Tract 8024,S,8,0.08,245500.0,1865.0,1.52,19.8,15.7,78.4,80.0,PASS,1,,15644 (71%); 15623 (10%); 15632 (9%); 15675 (6%); 15601 (4%)
42003474201,Allegheny County PA,Census Tract 4742.01,F,7,0.07,432400.0,1786.0,0.83,-0.2,21.1,83.6,55.5,FAIL: not in positive-cash-flow set,6,,15241 (100%)
42003488200,Allegheny County PA,Census Tract 4882,S,7,0.07,117100.0,1061.0,1.81,28.2,34.6,78.2,82.7,PASS,2,,15122 (100%)
42085031100,Mercer County PA,Census Tract 311,S,7,0.05,107400.0,847.0,1.58,21.5,44.3,82.3,80.7,PASS,3,,16148 (75%); 16159 (25%)
42085032505,Mercer County PA,Census Tract 325.05,S,7,0.05,211400.0,889.0,0.84,0.3,6.7,77.1,54.4,PASS,3,,16145 (65%); 16153 (14%); 16114 (9%); 16362 (9%); 16311 (3%)
42125762000,Washington County PA,Census Tract 7620,S,7,0.07,196000.0,1080.0,1.1,7.8,14.1,80.1,69.6,PASS,1,,15345 (53%); 15333 (23%); 15311 (12%); 15360 (8%); 15301 (2%); 15322 (1%)
42129801901,Westmoreland County PA,Census Tract 8019.01,S,7,0.07,138600.0,1163.0,1.68,24.4,31.9,79.5,86.8,PASS,1,,15601 (37%); 15632 (34%); 15626 (16%); 15681 (9%); 15684 (3%)
42129806200,Westmoreland County PA,Census Tract 8062,S,7,0.07,188600.0,950.0,1.01,5.1,16.2,78.5,69.4,PASS,1,,15479 (66%); 15679 (26%); 15683 (4%); 15448 (4%)
39081012200,Jefferson County OH,Census Tract 122,S,7,0.07,117400.0,790.0,1.35,14.8,29.6,75.1,73.6,PASS,1,,43943 (92%); 43917 (6%); 43971 (3%)
39099801400,Mahoning County OH,Census Tract 8014,S,7,0.06,68600.0,1093.0,3.19,67.8,41.8,77.8,86.7,PASS,3,,44514 (97%); 44502 (3%)
39099803000,Mahoning County OH,Census Tract 8030,S,7,0.06,60500.0,953.0,3.15,66.8,35.2,71.2,90.5,PASS,2,,44509 (100%)
54049020400,Marion County WV,Census Tract 204,S,7,0.03,236500.0,1106.0,0.94,3.0,21.6,75.4,68.4,PASS,1,,26554 (100%)
42007601700,Beaver County PA,Census Tract 6017,S,6,0.07,187400.0,1270.0,1.36,15.1,20.2,79.8,75.8,PASS,1,,15066 (97%); 15074 (2%); 15010 (1%)
42073010100,Lawrence County PA,Census Tract 101,S,6,0.09,200200.0,1075.0,1.07,7.0,7.2,84.5,73.9,PASS,1,,16156 (54%); 16101 (22%); 16057 (21%); 16127 (2%); 16051 (1%)
42125742200,Washington County PA,Census Tract 7422,S,6,0.06,167300.0,740.0,0.88,1.5,3.4,82.5,58.4,PASS,2,,15301 (70%); 15317 (30%)
42125763700,Washington County PA,Census Tract 7637,S,6,0.06,198500.0,933.0,0.94,3.1,26.3,79.2,55.6,PASS,2,,15427 (54%); 15423 (29%); 15360 (15%); 15417 (3%)
42129804706,Westmoreland County PA,Census Tract 8047.06,F,6,0.06,200300.0,,,,,,,no data,,,15601 (100%)
42129807300,Westmoreland County PA,Census Tract 8073,S,6,0.06,204600.0,1005.0,0.98,4.3,21.2,73.7,71.4,PASS,1,,15650 (96%); 15693 (2%); 15638 (1%); 15696 (1%)
39029951300,Columbiana County OH,Census Tract 9513,S,6,0.02,148500.0,680.0,0.92,2.4,22.9,83.5,64.2,PASS,1,,44432 (41%); 43968 (24%); 43945 (23%); 43930 (10%); 43932 (3%)
54049021601,Marion County WV,Census Tract 216.01,S,6,0.02,150200.0,735.0,0.98,4.2,8.4,79.4,64.9,PASS,1,,26570 (47%); 26571 (29%); 26588 (19%); 26582 (4%); 26554 (1%)
54099020500,Wayne County WV,Census Tract 205,S,6,0.01,163400.0,782.0,0.96,3.6,30.2,78.3,61.2,PASS,2,,25570 (62%); 25535 (15%); 25512 (11%); 25504 (7%); 25701 (6%)
54107010705,Wood County WV,Census Tract 107.05,S,6,0.02,128200.0,841.0,1.31,13.8,5.1,79.5,73.3,PASS,1,,26180 (93%); 26142 (7%)
21043960400,Carter County KY,Census Tract 9604,F,6,0.1,113000.0,341.0,0.6,-6.6,35.1,70.8,28.0,FAIL: not in positive-cash-flow set,6,,41164 (59%); 41143 (41%)
42003563201,Allegheny County PA,Census Tract 5632.01,F,5,0.05,,1982.0,,,,,,no data,,,15212 (100%)
42003565300,Allegheny County PA,Census Tract 5653,S,5,0.05,181900.0,981.0,1.08,7.1,24.7,76.2,73.2,PASS,1,,15236 (41%); 15207 (37%); 15120 (22%)
42003980500,Allegheny County PA,Census Tract 9805,F,5,0.05,,,,,,,,no data,,,15213 (51%); 15207 (49%)
42021010300,Cambria County PA,Census Tract 103,S,5,0.09,124300.0,795.0,1.28,12.9,35.8,80.7,78.5,PASS,2,,15904 (58%); 15902 (42%); 15942 (1%)
42085032702,Mercer County PA,Census Tract 327.02,S,5,0.04,166600.0,812.0,0.97,4.1,22.1,76.7,63.9,PASS,1,,16137 (52%); 16142 (33%); 16148 (10%); 16159 (5%)
42129802103,Westmoreland County PA,Census Tract 8021.03,S,5,0.05,413000.0,1775.0,0.86,0.8,27.3,82.9,60.4,PASS,2,,15632 (51%); 15668 (45%); 15644 (4%)
39013010901,Belmont County OH,Census Tract 109.01,F,5,0.03,260400.0,930.0,0.71,-3.4,18.6,82.6,43.6,FAIL: not in positive-cash-flow set,6,,43719 (44%); 43718 (31%); 43713 (24%)
39099812700,Mahoning County OH,Census Tract 8127,F,5,0.04,224600.0,740.0,0.66,-5.0,38.7,77.0,32.6,FAIL: not in positive-cash-flow set,6,,44451 (93%); 44481 (7%)
54049021700,Marion County WV,Census Tract 217,S,5,0.02,112500.0,627.0,1.11,8.2,20.1,78.3,67.5,PASS,1,,26582 (91%); 26585 (9%)
54091964900,Taylor County WV,Census Tract 9649,S,5,0.02,141400.0,680.0,0.96,3.7,16.6,75.1,62.3,PASS,2,,26354 (51%); 26440 (49%)
42003564100,Allegheny County PA,Census Tract 5641,F,4,0.04,451300.0,,,,,,,no data,,,15106 (56%); 15205 (44%)
42003980700,Allegheny County PA,Census Tract 9807,F,4,0.04,,2345.0,,,,,,no data,,,15219 (91%); 15211 (6%); 15203 (2%)
42007602601,Beaver County PA,Census Tract 6026.01,S,4,0.05,285600.0,1466.0,1.03,5.6,7.2,84.2,70.4,PASS,1,,15009 (90%); 15052 (6%); 15010 (4%)
42003497000,Allegheny County PA,Census Tract 4970,S,3,0.03,135200.0,941.0,1.39,16.1,3.4,80.6,86.5,PASS,1,,15037 (77%); 15133 (18%); 15135 (5%)
42003439000,Allegheny County PA,Census Tract 4390,F,2,0.02,437500.0,1098.0,0.5,-9.5,23.4,85.2,24.3,FAIL: not in positive-cash-flow set,6,,15143 (98%); 15003 (2%)
42003563300,Allegheny County PA,Census Tract 5633,F,2,0.02,716900.0,1688.0,0.47,-10.4,16.8,78.8,25.1,FAIL: not in positive-cash-flow set,6,,15143 (100%)
42111020601,Somerset County PA,Census Tract 206.01,S,2,0.01,171100.0,890.0,1.04,6.0,37.1,81.7,65.5,PASS,2,,15531 (87%); 15935 (12%); 15547 (1%)
42111021903,Somerset County PA,Census Tract 219.03,S,2,0.01,150500.0,850.0,1.13,8.6,8.4,76.7,69.5,PASS,1,,15424 (45%); 15551 (33%); 15557 (16%); 15540 (7%)
42129804701,Westmoreland County PA,Census Tract 8047.01,S,2,0.02,208200.0,1148.0,1.1,7.8,23.3,79.7,72.2,PASS,1,,15601 (70%); 15672 (24%); 15617 (6%)
39081011401,Jefferson County OH,Census Tract 114.01,S,2,0.02,149100.0,905.0,1.21,11.0,14.2,81.0,78.1,PASS,1,,43964 (90%); 43932 (5%); 43944 (4%); 43926 (1%)
39099801100,Mahoning County OH,Census Tract 8011,F,2,0.02,46500.0,913.0,3.93,89.1,47.6,71.9,87.0,FAIL: tenant payment risk,4,,44502 (100%)
39099810900,Mahoning County OH,Census Tract 8109,S,2,0.02,164300.0,1063.0,1.29,13.3,21.3,76.1,77.9,PASS,1,,44436 (85%); 44425 (8%); 44505 (6%)
54077964400,Preston County WV,Census Tract 9644,S,2,0.0,104100.0,698.0,1.34,14.7,10.6,81.4,81.7,PASS,1,,26374 (32%); 26410 (31%); 26444 (25%); 26440 (11%); 26537 (1%)
54099005100,Wayne County WV,Census Tract 51,S,2,0.0,126600.0,958.0,1.51,19.6,22.8,85.2,87.2,PASS,1,,25704 (100%)
42085032801,Mercer County PA,Census Tract 328.01,F,1,0.01,255700.0,920.0,0.72,-3.2,25.2,84.9,44.2,FAIL: not in positive-cash-flow set,6,,16127 (97%); 16133 (3%)
42129801701,Westmoreland County PA,Census Tract 8017.01,F,1,0.01,214400.0,749.0,0.7,-3.8,13.0,77.6,42.3,FAIL: not in positive-cash-flow set,6,,15068 (90%); 15613 (10%)
42003010301,Allegheny County PA,Census Tract 103.01,F,0,0.0,,,,,,,,no data,,,15219 (70%); 15282 (30%)
42003140100,Allegheny County PA,Census Tract 1401,F,0,0.0,776700.0,2131.0,0.55,-8.1,56.0,76.5,33.2,FAIL: not in positive-cash-flow set,6,,15217 (52%); 15213 (46%); 15232 (2%)
42003409002,Allegheny County PA,Census Tract 4090.02,F,0,0.0,694200.0,,,,,,,no data,,,15044 (56%); 16046 (23%); 15090 (21%)
42003411001,Allegheny County PA,Census Tract 4110.01,S,0,0.0,660900.0,2792.0,0.84,0.4,0.7,84.5,58.7,PASS,2,,15090 (40%); 15005 (39%); 16046 (13%); 15086 (7%)
42003412002,Allegheny County PA,Census Tract 4120.02,F,0,0.0,499500.0,1938.0,0.78,-1.6,21.2,85.7,49.7,FAIL: not in positive-cash-flow set,6,,15237 (74%); 15143 (26%)
42003413400,Allegheny County PA,Census Tract 4134,S,0,0.0,363400.0,2494.0,1.37,15.6,43.0,85.8,74.7,PASS,3,,15237 (71%); 15101 (29%)
42003414101,Allegheny County PA,Census Tract 4141.01,F,0,0.0,394200.0,1284.0,0.65,-5.2,10.1,86.7,41.1,FAIL: not in positive-cash-flow set,6,,15101 (68%); 15044 (32%)
42003414102,Allegheny County PA,Census Tract 4141.02,F,0,0.0,350400.0,1437.0,0.82,-0.3,35.7,84.5,48.6,FAIL: not in positive-cash-flow set,6,,15101 (56%); 15044 (44%)
42003426300,Allegheny County PA,Census Tract 4263,S,0,0.0,240900.0,1241.0,1.03,5.7,17.6,79.9,67.4,PASS,1,,15116 (92%); 15101 (8%)
42003427100,Allegheny County PA,Census Tract 4271,S,0,0.0,253500.0,1699.0,1.34,14.7,14.4,88.9,83.1,PASS,1,,15209 (76%); 15116 (17%); 15223 (6%); 15237 (1%)
42003429500,Allegheny County PA,Census Tract 4295,S,0,0.0,235400.0,1066.0,0.91,2.1,28.0,81.4,63.7,PASS,1,,15237 (100%)
42003451104,Allegheny County PA,Census Tract 4511.04,F,0,0.0,348500.0,,,,,,,no data,,,15108 (100%)
42003456004,Allegheny County PA,Census Tract 4560.04,F,0,0.0,308100.0,1190.0,0.77,-1.7,26.3,85.0,49.9,FAIL: not in positive-cash-flow set,6,,15017 (100%)
42003458001,Allegheny County PA,Census Tract 4580.01,S,0,0.0,433600.0,1957.0,0.9,2.0,23.6,84.8,59.9,PASS,2,,15071 (42%); 15142 (31%); 15017 (27%)
42003474102,Allegheny County PA,Census Tract 4741.02,F,0,0.0,494000.0,1250.0,0.51,-9.4,42.8,83.8,23.6,FAIL: not in positive-cash-flow set,6,,15241 (99%); 15102 (1%)
42003474202,Allegheny County PA,Census Tract 4742.02,S,0,0.0,461900.0,2216.0,0.96,3.7,28.5,80.3,64.4,PASS,1,,15241 (100%)
42003474203,Allegheny County PA,Census Tract 4742.03,F,0,0.0,380200.0,,,,,,,no data,,,15241 (100%)
42003475101,Allegheny County PA,Census Tract 4751.01,S,0,0.0,245900.0,1495.0,1.22,11.1,28.8,81.5,79.8,PASS,1,,15102 (84%); 15241 (14%); 15234 (2%); 15228 (1%)
42003475303,Allegheny County PA,Census Tract 4753.03,S,0,0.0,301100.0,1473.0,0.98,4.2,36.7,82.2,62.9,PASS,2,,15102 (100%)
42003475304,Allegheny County PA,Census Tract 4753.04,S,0,0.0,303300.0,1316.0,0.87,1.0,35.2,86.3,59.7,PASS,2,,15102 (100%)
42003475402,Allegheny County PA,Census Tract 4754.02,F,0,0.0,285700.0,951.0,0.67,-4.8,11.1,86.1,38.3,FAIL: not in positive-cash-flow set,6,,15102 (100%)
42003480300,Allegheny County PA,Census Tract 4803,S,0,0.0,203100.0,1073.0,1.06,6.5,6.1,83.8,71.6,PASS,1,,15227 (79%); 15210 (19%); 15236 (2%)
42003488300,Allegheny County PA,Census Tract 4883,S,0,0.0,166300.0,1208.0,1.45,17.9,14.7,80.3,84.2,PASS,1,,15122 (100%)
42003488600,Allegheny County PA,Census Tract 4886,F,0,0.0,183600.0,,,,,,,no data,,,15122 (81%); 15025 (17%); 15123 (1%)
42003490004,Allegheny County PA,Census Tract 4900.04,S,0,0.0,261700.0,1327.0,1.01,5.3,26.5,85.2,67.2,PASS,1,,15129 (100%)
42003496101,Allegheny County PA,Census Tract 4961.01,F,0,0.0,169900.0,,,,,,,no data,,,15037 (94%); 15018 (6%)
42003518001,Allegheny County PA,Census Tract 5180.01,F,0,0.0,242000.0,730.0,0.6,-6.6,26.3,83.5,29.9,FAIL: not in positive-cash-flow set,6,,15221 (100%)
42003520001,Allegheny County PA,Census Tract 5200.01,S,0,0.0,188400.0,1187.0,1.26,12.3,38.6,75.2,80.8,PASS,2,,15235 (78%); 15145 (22%)
42003521100,Allegheny County PA,Census Tract 5211,S,0,0.0,192800.0,1536.0,1.59,21.9,39.9,85.8,83.0,PASS,2,,15146 (100%)
42003521301,Allegheny County PA,Census Tract 5213.01,S,0,0.0,221000.0,1037.0,0.94,3.1,26.7,80.8,70.4,PASS,1,,15146 (100%)
42003521401,Allegheny County PA,Census Tract 5214.01,S,0,0.0,202000.0,1232.0,1.22,11.2,22.0,79.8,82.0,PASS,1,,15146 (100%)
42003521402,Allegheny County PA,Census Tract 5214.02,S,0,0.0,279200.0,1386.0,0.99,4.6,23.5,83.8,65.5,PASS,1,,15146 (98%); 15085 (2%)
42003526301,Allegheny County PA,Census Tract 5263.01,F,0,0.0,193000.0,,,,,,,no data,,,15239 (99%); 15668 (1%)
42003551300,Allegheny County PA,Census Tract 5513,F,0,0.0,103600.0,989.0,1.91,31.0,45.1,78.8,76.0,FAIL: tenant payment risk,4,,15132 (100%)
42003551900,Allegheny County PA,Census Tract 5519,S,0,0.0,55000.0,629.0,2.29,41.9,38.5,63.5,86.6,PASS,2,,15132 (100%)
42003561900,Allegheny County PA,Census Tract 5619,F,0,0.0,73700.0,,,,,,,no data,,,15206 (88%); 15235 (12%)
42003980000,Allegheny County PA,Census Tract 9800,F,0,0.0,,,,,,,,no data,,,15215 (100%)
42003980100,Allegheny County PA,Census Tract 9801,F,0,0.0,,,,,,,,no data,,,15206 (100%)
42003980300,Allegheny County PA,Census Tract 9803,F,0,0.0,,,,,,,,no data,,,15217 (100%)
42003980400,Allegheny County PA,Census Tract 9804,F,0,0.0,,,,,,,,no data,,,15214 (100%)
42003980600,Allegheny County PA,Census Tract 9806,F,0,0.0,,,,,,,,no data,,,15233 (95%); 15212 (5%)
42003980800,Allegheny County PA,Census Tract 9808,F,0,0.0,,,,,,,,no data,,,15219 (100%)
42003980900,Allegheny County PA,Census Tract 9809,F,0,0.0,,,,,,,,no data,,,15233 (100%)
42003981000,Allegheny County PA,Census Tract 9810,F,0,0.0,,,,,,,,no data,,,15224 (100%)
42003981100,Allegheny County PA,Census Tract 9811,F,0,0.0,,,,,,,,no data,,,15217 (87%); 15221 (13%)
42003981200,Allegheny County PA,Census Tract 9812,F,0,0.0,,,,,,,,no data,,,15212 (100%)
42003981800,Allegheny County PA,Census Tract 9818,F,0,0.0,,,,,,,,no data,,,15206 (100%)
42003982200,Allegheny County PA,Census Tract 9822,F,0,0.0,,,,,,,,no data,,,15213 (76%); 15260 (24%)
42005950800,Armstrong County PA,Census Tract 9508,F,0,0.0,185600.0,788.0,0.85,0.5,26.5,78.7,47.1,FAIL: enhanced score,4,,16226 (64%); 16201 (26%); 15690 (10%)
42005951400,Armstrong County PA,Census Tract 9514,F,0,0.0,128400.0,,,,,,,no data,,,15690 (83%); 15656 (17%)
42007602602,Beaver County PA,Census Tract 6026.02,F,0,0.0,268000.0,573.0,0.43,-11.6,19.0,80.6,30.0,FAIL: not in positive-cash-flow set,6,,15009 (100%)
42007602900,Beaver County PA,Census Tract 6029,S,0,0.0,226700.0,1557.0,1.37,15.6,20.5,83.1,81.2,PASS,1,,15043 (47%); 15050 (42%); 15001 (4%); 15052 (4%); 15077 (3%)
42007603802,Beaver County PA,Census Tract 6038.02,F,0,0.0,294800.0,,,,,,,no data,,,15005 (92%); 15042 (8%)
42007603803,Beaver County PA,Census Tract 6038.03,S,0,0.0,205700.0,995.0,0.97,3.9,34.3,81.7,61.9,PASS,2,,15005 (43%); 15143 (37%); 15003 (18%); 15042 (2%)
42007605002,Beaver County PA,Census Tract 6050.02,S,0,0.0,242500.0,1242.0,1.02,5.5,38.6,83.9,57.1,PASS,2,,15043 (40%); 15026 (34%); 15050 (21%); 15001 (4%); 15021 (1%)
42019911400,Butler County PA,Census Tract 9114,S,0,0.0,267100.0,1193.0,0.89,1.8,32.8,80.7,59.4,PASS,2,,16023 (81%); 16055 (16%); 16002 (3%)
42019911600,Butler County PA,Census Tract 9116,F,0,0.0,297500.0,670.0,0.45,-11.0,6.7,81.7,23.5,FAIL: not in positive-cash-flow set,6,,16002 (83%); 16053 (16%); 16059 (1%)
42019912001,Butler County PA,Census Tract 9120.01,F,0,0.0,435000.0,1722.0,0.79,-1.1,7.2,89.5,50.7,FAIL: not in positive-cash-flow set,6,,16066 (100%)
42019912102,Butler County PA,Census Tract 9121.02,S,0,0.0,292000.0,1349.0,0.92,2.7,6.6,84.7,67.6,PASS,1,,16066 (100%)
42019912403,Butler County PA,Census Tract 9124.03,F,0,0.0,548900.0,1458.0,0.53,-8.7,30.0,86.3,31.1,FAIL: not in positive-cash-flow set,6,,16046 (79%); 16033 (21%)
42019912702,Butler County PA,Census Tract 9127.02,F,0,0.0,321000.0,941.0,0.59,-7.1,1.3,84.3,36.4,FAIL: not in positive-cash-flow set,6,,16055 (97%); 16229 (3%)
42019980100,Butler County PA,Census Tract 9801,F,0,0.0,,,,,,,,no data,,,16057 (100%)
42021011800,Cambria County PA,Census Tract 118,S,0,0.0,157700.0,669.0,0.85,0.5,23.2,81.1,51.9,PASS,3,,15714 (26%); 15762 (18%); 16646 (17%); 15931 (14%); 15722 (8%); 15724 (8%); 15738 (4%); 15760 (2%); 15775 (2%)
42063960400,Indiana County PA,Census Tract 9604,S,0,0.0,91100.0,945.0,2.07,35.8,6.4,79.4,86.0,PASS,1,,15729 (35%); 15728 (34%); 15724 (23%); 15714 (5%); 15777 (1%); 15734 (1%); 15710 (1%)
42073010400,Lawrence County PA,Census Tract 104,S,0,0.0,158300.0,812.0,1.03,5.6,25.9,81.2,67.2,PASS,1,,16143 (52%); 16142 (20%); 16116 (12%); 16159 (10%); 16155 (2%); 16105 (2%); 16140 (1%)
42073010800,Lawrence County PA,Census Tract 108,S,0,0.0,196400.0,1590.0,1.62,22.7,6.2,81.1,87.7,PASS,1,,16105 (100%)
42073010900,Lawrence County PA,Census Tract 109,S,0,0.0,190600.0,1552.0,1.63,23.0,1.5,80.5,80.5,PASS,1,,16101 (46%); 16117 (30%); 16051 (24%)
42073011000,Lawrence County PA,Census Tract 110,F,0,0.0,165200.0,740.0,0.9,1.9,40.2,82.4,48.1,FAIL: enhanced score,4,,16101 (98%); 16157 (2%)
42085031700,Mercer County PA,Census Tract 317,S,0,0.0,125000.0,1035.0,1.66,23.7,36.5,78.1,85.4,PASS,2,,16150 (100%)
42085032401,Mercer County PA,Census Tract 324.01,S,0,0.0,123500.0,673.0,1.09,7.4,8.8,83.5,71.6,PASS,1,,16154 (97%); 16125 (3%)
42085032601,Mercer County PA,Census Tract 326.01,F,0,0.0,199200.0,550.0,0.55,-8.0,21.3,81.1,24.2,FAIL: not in positive-cash-flow set,6,,16137 (79%); 16142 (10%); 16150 (9%); 16148 (2%); 16124 (1%)
42085032802,Mercer County PA,Census Tract 328.02,F,0,0.0,316000.0,,,,,,,no data,,,16127 (100%)
42125745102,Washington County PA,Census Tract 7451.02,S,0,0.0,275800.0,1943.0,1.41,16.6,21.7,82.2,85.5,PASS,1,,15317 (100%)
42125746200,Washington County PA,Census Tract 7462,F,0,0.0,452900.0,,,,,,,no data,,,15317 (100%)
42125774700,Washington County PA,Census Tract 7747,F,0,0.0,189300.0,,,,,,,no data,,,15063 (90%); 15033 (4%); 15022 (3%); 15332 (2%); 15067 (1%)
42125781700,Washington County PA,Census Tract 7817,S,0,0.0,163900.0,781.0,0.95,3.5,7.5,78.0,65.2,PASS,1,,15022 (68%); 15314 (12%); 15063 (12%); 15423 (4%); 15332 (2%); 15366 (2%)
42125795700,Washington County PA,Census Tract 7957,S,0,0.0,120000.0,849.0,1.42,16.8,25.6,81.7,77.0,PASS,1,,15322 (51%); 15333 (43%); 15368 (3%); 15348 (3%)
42129802001,Westmoreland County PA,Census Tract 8020.01,F,0,0.0,374000.0,,,,,,,no data,,,15632 (56%); 15668 (44%)
42129803301,Westmoreland County PA,Census Tract 8033.01,S,0,0.0,197400.0,1109.0,1.12,8.4,16.0,80.2,73.8,PASS,1,,15642 (100%)
42129803501,Westmoreland County PA,Census Tract 8035.01,S,0,0.0,295300.0,1411.0,0.96,3.6,9.1,86.2,64.8,PASS,1,,15642 (99%); 15678 (1%)
42129804504,Westmoreland County PA,Census Tract 8045.04,S,0,0.0,230700.0,1023.0,0.89,1.6,21.2,82.2,61.3,PASS,2,,15601 (100%)
42129804703,Westmoreland County PA,Census Tract 8047.03,S,0,0.0,257600.0,1085.0,0.84,0.3,27.5,82.6,51.5,PASS,3,,15601 (100%)
42129804705,Westmoreland County PA,Census Tract 8047.05,F,0,0.0,,350.0,,,,,,no data,,,15601 (100%)
42129804804,Westmoreland County PA,Census Tract 8048.04,F,0,0.0,258700.0,,,,,,,no data,,,15601 (58%); 15642 (20%); 15644 (15%); 15611 (6%)
42129805903,Westmoreland County PA,Census Tract 8059.03,S,0,0.0,256600.0,1370.0,1.07,6.8,27.2,80.8,68.1,PASS,1,,15012 (83%); 15089 (17%)
39029950900,Columbiana County OH,Census Tract 9509,S,0,0.0,170600.0,774.0,0.91,2.2,11.5,82.9,59.8,PASS,2,,44634 (41%); 44601 (30%); 44609 (14%); 44460 (13%); 44665 (1%)
39029951000,Columbiana County OH,Census Tract 9510,S,0,0.0,186900.0,965.0,1.03,5.8,19.4,81.4,68.1,PASS,1,,44657 (32%); 44625 (25%); 44427 (20%); 44423 (12%); 44460 (4%); 44432 (3%); 44493 (2%); 44634 (2%)
39081011000,Jefferson County OH,Census Tract 110,S,0,0.0,148900.0,837.0,1.12,8.4,25.6,82.4,72.6,PASS,1,,43930 (47%); 43932 (19%); 43945 (18%); 43964 (16%)
39099800502,Mahoning County OH,Census Tract 8005.02,F,0,0.0,,,,,,,,no data,,,44505 (100%)
39099801200,Mahoning County OH,Census Tract 8012,S,0,0.0,48500.0,931.0,3.84,86.6,36.7,63.5,88.0,PASS,2,,44502 (100%)
39099801300,Mahoning County OH,Census Tract 8013,F,0,0.0,49700.0,1102.0,4.43,103.8,51.8,75.3,81.2,FAIL: tenant payment risk,5,,44502 (100%)
39099802100,Mahoning County OH,Census Tract 8021,S,0,0.0,39700.0,557.0,2.81,56.9,44.6,66.0,87.9,PASS,3,,44507 (100%)
39099802600,Mahoning County OH,Census Tract 8026,S,0,0.0,92600.0,909.0,1.96,32.6,38.7,82.4,80.3,PASS,2,,44509 (100%)
39099802701,Mahoning County OH,Census Tract 8027.01,S,0,0.0,120100.0,627.0,1.04,6.1,18.0,78.1,69.9,PASS,1,,44511 (95%); 44509 (5%)
39099802702,Mahoning County OH,Census Tract 8027.02,S,0,0.0,120300.0,930.0,1.55,20.6,32.7,82.4,77.5,PASS,1,,44511 (100%)
39099810200,Mahoning County OH,Census Tract 8102,S,0,0.0,76300.0,850.0,2.23,40.2,41.7,74.5,87.6,PASS,3,,44405 (100%)
39099812605,Mahoning County OH,Census Tract 8126.05,F,0,0.0,249500.0,858.0,0.69,-4.1,20.2,84.5,41.9,FAIL: not in positive-cash-flow set,6,,44406 (51%); 44515 (49%)
39099813602,Mahoning County OH,Census Tract 8136.02,F,0,0.0,206300.0,790.0,0.77,-1.9,37.2,80.1,49.6,FAIL: not in positive-cash-flow set,6,,44443 (59%); 44454 (34%); 44442 (3%); 44452 (3%); 44408 (1%)
39145002400,Scioto County OH,Census Tract 24,S,0,0.0,147400.0,1043.0,1.42,16.8,33.0,76.8,78.4,PASS,1,,45652 (60%); 45663 (18%); 45648 (17%); 45657 (5%)
39145002500,Scioto County OH,Census Tract 25,S,0,0.0,138600.0,729.0,1.05,6.3,39.4,81.2,65.9,PASS,2,,45662 (61%); 45648 (39%)
39145002700,Scioto County OH,Census Tract 27,S,0,0.0,183700.0,1136.0,1.24,11.7,19.8,72.4,76.1,PASS,1,,45694 (81%); 45629 (13%); 45662 (3%); 45682 (2%)
39145004000,Scioto County OH,Census Tract 40,S,0,0.0,141100.0,775.0,1.1,7.7,25.8,79.5,74.3,PASS,1,,45663 (43%); 45684 (31%); 45616 (17%); 45657 (9%)
39155920900,Trumbull County OH,Census Tract 9209,F,0,0.0,69700.0,904.0,2.59,50.8,46.4,76.5,84.6,FAIL: tenant payment risk,4,,44485 (100%)
39155930200,Trumbull County OH,Census Tract 9302,F,0,0.0,184600.0,945.0,1.02,5.5,48.5,79.1,66.5,FAIL: tenant payment risk,4,,44417 (62%); 44410 (21%); 44428 (14%); 44450 (2%); 44418 (1%)
39155930600,Trumbull County OH,Census Tract 9306,F,0,0.0,219500.0,590.0,0.54,-8.5,17.5,81.8,29.3,FAIL: not in positive-cash-flow set,6,,44470 (83%); 44491 (14%); 44481 (2%)
39155932000,Trumbull County OH,Census Tract 9320,S,0,0.0,166100.0,880.0,1.06,6.6,42.3,82.3,66.5,PASS,3,,44420 (55%); 44425 (22%); 44446 (15%); 44505 (8%)
39155933001,Trumbull County OH,Census Tract 9330.01,F,0,0.0,251200.0,,,,,,,no data,,,44484 (100%)
39167021202,Washington County OH,Census Tract 212.02,S,0,0.0,175700.0,734.0,0.84,0.1,5.3,79.2,53.3,PASS,3,,45750 (33%); 45768 (19%); 45788 (14%); 45773 (12%); 45745 (11%); 45789 (10%); 45767 (2%)
39167021500,Washington County OH,Census Tract 215,F,0,0.0,216500.0,778.0,0.72,-3.3,29.5,77.8,39.9,FAIL: not in positive-cash-flow set,6,,45744 (47%); 45750 (44%); 45786 (9%)
24001000200,Allegany County MD,Census Tract 2,F,0,0.0,186800.0,663.0,0.71,-3.5,22.6,74.2,37.8,FAIL: not in positive-cash-flow set,6,,21502 (74%); 21555 (19%); 21530 (6%); 21560 (1%)
24001002000,Allegany County MD,Census Tract 20,S,0,0.0,163100.0,771.0,0.95,3.3,4.9,82.0,62.3,PASS,2,,21557 (67%); 21502 (33%)
54005958800,Boone County WV,Census Tract 9588,S,0,0.0,56300.0,1080.0,3.84,86.5,28.6,70.4,85.7,PASS,1,,25053 (23%); 25149 (22%); 25114 (20%); 25205 (17%); 25028 (10%); 25130 (3%); 25206 (2%); 25203 (1%); 25047 (1%)
54009031104,Brooke County WV,Census Tract 311.04,F,0,0.0,172800.0,701.0,0.81,-0.6,16.9,79.6,56.5,FAIL: not in positive-cash-flow set,6,,26035 (64%); 26062 (36%); 26037 (1%)
54011001900,Cabell County WV,Census Tract 19,S,0,0.0,161500.0,1000.0,1.24,11.7,28.8,84.8,79.1,PASS,1,,25705 (100%)
54011010500,Cabell County WV,Census Tract 105,F,0,0.0,156000.0,,,,,,,no data,,,25559 (36%); 25504 (31%); 25506 (30%); 25541 (4%)
54011010701,Cabell County WV,Census Tract 107.01,F,0,0.0,171100.0,,,,,,,no data,,,25537 (34%); 25520 (32%); 25541 (23%); 25545 (11%)
54029021100,Hancock County WV,Census Tract 211,F,0,0.0,178900.0,549.0,0.61,-6.3,23.3,79.3,34.9,FAIL: not in positive-cash-flow set,6,,26047 (54%); 26062 (34%); 26034 (10%); 26056 (2%)
54033030501,Harrison County WV,Census Tract 305.01,S,0,0.0,121700.0,855.0,1.41,16.5,9.9,71.2,80.8,PASS,1,,26301 (74%); 26408 (22%); 26385 (4%)
54033030601,Harrison County WV,Census Tract 306.01,S,0,0.0,121800.0,1041.0,1.71,25.3,24.4,75.3,85.4,PASS,1,,26301 (100%)
54033031300,Harrison County WV,Census Tract 313,S,0,0.0,167300.0,1027.0,1.23,11.4,10.2,78.8,75.8,PASS,1,,26385 (71%); 26378 (23%); 26408 (6%)
54033031500,Harrison County WV,Census Tract 315,F,0,0.0,161300.0,,,,,,,no data,,,26426 (90%); 26448 (10%)
54033031700,Harrison County WV,Census Tract 317,F,0,0.0,107200.0,,,,,,,no data,,,26448 (63%); 26386 (25%); 26301 (10%); 26582 (2%)
54039010802,Kanawha County WV,Census Tract 108.02,S,0,0.0,137400.0,661.0,0.96,3.8,37.3,80.0,59.6,PASS,2,,25320 (67%); 25312 (17%); 25071 (16%)
54039011100,Kanawha County WV,Census Tract 111,S,0,0.0,89600.0,878.0,1.96,32.5,28.6,70.8,85.3,PASS,1,,25071 (89%); 25312 (11%)
54039013300,Kanawha County WV,Census Tract 133,S,0,0.0,155600.0,1750.0,2.25,40.8,10.0,83.3,90.1,PASS,1,,25177 (100%)
54039013701,Kanawha County WV,Census Tract 137.01,F,0,0.0,173700.0,,,,,,,no data,,,25177 (61%); 25202 (39%)
54039013702,Kanawha County WV,Census Tract 137.02,S,0,0.0,158200.0,857.0,1.08,7.3,33.8,75.2,70.6,PASS,2,,25177 (100%)
54049021002,Marion County WV,Census Tract 210.02,S,0,0.0,163200.0,1375.0,1.69,24.6,21.9,85.6,84.7,PASS,1,,26554 (100%)
54049021800,Marion County WV,Census Tract 218,S,0,0.0,108600.0,1002.0,1.85,29.2,5.4,78.5,89.5,PASS,1,,26582 (63%); 26585 (21%); 26591 (9%); 26572 (4%); 26448 (2%); 26437 (1%)
54057010400,Mineral County WV,Census Tract 104,S,0,0.0,173300.0,788.0,0.91,2.2,21.2,82.1,55.9,PASS,2,,26710 (56%); 26726 (30%); 26743 (9%); 26852 (5%)
54061011400,Monongalia County WV,Census Tract 114,S,0,0.0,177400.0,983.0,1.11,8.0,10.0,79.2,63.0,PASS,1,,26570 (47%); 26590 (24%); 26562 (11%); 26541 (6%); 26575 (6%); 26588 (3%); 26521 (2%); 26582 (1%)
54061011500,Monongalia County WV,Census Tract 115,F,0,0.0,239800.0,984.0,0.82,-0.3,33.5,85.2,44.8,FAIL: not in positive-cash-flow set,6,,26541 (58%); 26501 (38%); 26546 (2%); 26543 (1%); 26544 (1%)
54061011804,Monongalia County WV,Census Tract 118.04,F,0,0.0,320700.0,675.0,0.42,-11.8,6.8,82.6,28.3,FAIL: not in positive-cash-flow set,6,,26508 (90%); 26374 (10%)
54061011900,Monongalia County WV,Census Tract 119,F,0,0.0,306400.0,1145.0,0.75,-2.4,10.6,86.1,47.8,FAIL: not in positive-cash-flow set,6,,26508 (70%); 26554 (28%); 26374 (3%)
54077964101,Preston County WV,Census Tract 9641.01,F,0,0.0,170400.0,,,,,,,no data,,,26525 (59%); 26519 (27%); 26764 (13%)
54079020300,Putnam County WV,Census Tract 203,F,0,0.0,307900.0,815.0,0.53,-8.7,10.3,81.4,29.8,FAIL: not in positive-cash-flow set,6,,25082 (38%); 25526 (34%); 25213 (27%); 25510 (1%)
54079020700,Putnam County WV,Census Tract 207,F,0,0.0,154000.0,,,,,,,no data,,,25526 (81%); 25510 (11%); 25523 (7%); 25177 (1%)
54099020600,Wayne County WV,Census Tract 206,S,0,0.0,151800.0,1051.0,1.38,15.9,36.4,78.6,79.7,PASS,2,,25570 (51%); 25704 (30%); 25535 (16%); 25530 (3%)
54099020700,Wayne County WV,Census Tract 207,S,0,0.0,121500.0,870.0,1.43,17.3,16.2,75.3,77.7,PASS,1,,25555 (55%); 25514 (26%); 25570 (10%); 25704 (6%); 25530 (2%)
54099020900,Wayne County WV,Census Tract 209,S,0,0.0,96100.0,838.0,1.74,26.3,37.6,65.4,78.6,PASS,2,,25512 (38%); 25511 (33%); 25517 (14%); 25570 (8%); 25534 (7%)
54099021000,Wayne County WV,Census Tract 210,S,0,0.0,99200.0,803.0,1.62,22.7,17.8,67.2,72.9,PASS,2,,25511 (33%); 25514 (16%); 25699 (12%); 25669 (11%); 25534 (11%); 25674 (11%); 25524 (4%); 25517 (2%)
54107010800,Wood County WV,Census Tract 108,S,0,0.0,196800.0,1056.0,1.07,7.0,8.4,81.0,71.0,PASS,1,,26133 (45%); 26169 (27%); 26181 (20%); 26150 (4%); 26164 (3%)
21019031004,Boyd County KY,Census Tract 310.04,S,0,0.0,155700.0,1286.0,1.65,23.6,22.6,73.2,84.8,PASS,1,,41102 (100%)
21019031102,Boyd County KY,Census Tract 311.02,S,0,0.0,151000.0,937.0,1.24,11.8,36.2,83.8,75.4,PASS,2,,41168 (80%); 41129 (11%); 41102 (9%)
21019031200,Boyd County KY,Census Tract 312,F,0,0.0,118100.0,,,,,,,no data,,,41129 (100%)
21043960100,Carter County KY,Census Tract 9601,S,0,0.0,66900.0,535.0,1.6,22.1,41.2,73.8,76.0,PASS,3,,41164 (98%); 40351 (2%)
21043960300,Carter County KY,Census Tract 9603,S,0,0.0,170100.0,957.0,1.13,8.5,10.8,83.7,75.0,PASS,1,,41164 (79%); 41143 (20%); 41142 (1%)
21043960601,Carter County KY,Census Tract 9606.01,F,0,0.0,165500.0,,,,,,,no data,,,41143 (75%); 41168 (22%); 41102 (3%)
21043960700,Carter County KY,Census Tract 9607,S,0,0.0,104000.0,742.0,1.43,17.1,27.1,72.0,79.9,PASS,1,,41143 (61%); 41132 (13%); 41168 (11%); 41146 (8%); 41180 (4%); 41181 (2%)
21089040501,Greenup County KY,Census Tract 405.01,S,0,0.0,141300.0,877.0,1.24,11.8,35.1,78.1,71.6,PASS,2,,41144 (65%); 41175 (35%)
21089040700,Greenup County KY,Census Tract 407,S,0,0.0,83000.0,950.0,2.29,42.0,15.9,67.7,88.3,PASS,2,,41175 (51%); 41141 (24%); 41144 (23%); 41174 (2%)
