geoid,county,tract,tier,duplex_type_units,expected_sales_per_year,median_value,median_rent,rent_to_price_at_1.0x,coc_at_1.0x,tenant_payment_risk,employment_stability,enhanced_score,gate1,tier_gate1,county_condition,zips_by_land_share
39035197800,Cuyahoga County OH,Census Tract 1978,F,973,25.81,400700.0,1466.0,0.73,-2.9,17.6,92.5,63.6,FAIL: not in positive-cash-flow set,6,,44113 (100%)
39113040405,Montgomery County OH,Census Tract 404.05,P,835,8.48,213900.0,1361.0,1.27,12.7,21.7,85.3,100,PASS,1,,45458 (88%); 45342 (11%); 45459 (2%)
39057200700,Greene County OH,Census Tract 2007,P,753,5.31,117200.0,891.0,1.52,19.8,28.8,88.0,97.0,PASS,1,,45324 (100%)
39035197300,Cuyahoga County OH,Census Tract 1973,P,730,19.36,202200.0,935.0,0.92,2.7,22.6,84.0,77.2,PASS,1,,44107 (80%); 44111 (20%)
39133600303,Portage County OH,Census Tract 6003.03,P,729,5.47,479300.0,2095.0,0.87,1.2,29.1,83.6,65.5,PASS,1,,44202 (100%)
39035197500,Cuyahoga County OH,Census Tract 1975,P,701,18.59,216500.0,1248.0,1.15,9.3,37.0,90.1,92.6,PASS,2,,44102 (100%)
39035118800,Cuyahoga County OH,Census Tract 1188,P,699,18.54,227000.0,1156.0,1.02,5.4,44.1,82.5,82.9,PASS,3,,44106 (87%); 44112 (13%)
39035197600,Cuyahoga County OH,Census Tract 1976,P,699,18.54,91200.0,898.0,1.97,32.8,33.3,75.9,95.7,PASS,1,,44109 (100%)
39035101102,Cuyahoga County OH,Census Tract 1011.02,F,673,17.85,,1046.0,,,,,,no data,,,44102 (100%)
39143962000,Sandusky County OH,Census Tract 9620,P,668,2.98,129300.0,745.0,1.15,9.2,22.1,80.3,89.1,PASS,1,,43410 (100%)
39035161500,Cuyahoga County OH,Census Tract 1615,P,664,17.61,267800.0,1142.0,0.85,0.6,25.0,88.0,70.6,PASS,1,,44107 (100%)
39035105300,Cuyahoga County OH,Census Tract 1053,F,657,17.42,84100.0,996.0,2.37,44.3,58.1,75.9,91.5,FAIL: tenant payment risk,6,,44109 (51%); 44102 (49%)
39149972000,Shelby County OH,Census Tract 9720,P,657,5.62,106000.0,780.0,1.47,18.4,21.4,82.7,97.2,PASS,1,,45365 (100%)
39035102101,Cuyahoga County OH,Census Tract 1021.01,P,638,16.92,89800.0,887.0,1.98,32.9,38.5,77.9,97.2,PASS,2,,44111 (100%)
39035120200,Cuyahoga County OH,Census Tract 1202,P,638,16.92,51800.0,681.0,2.63,51.8,33.6,66.7,89.6,PASS,2,,44104 (100%)
39035161200,Cuyahoga County OH,Census Tract 1612,P,618,16.39,276900.0,1298.0,0.94,3.0,16.6,88.3,75.1,PASS,1,,44107 (100%)
39035101700,Cuyahoga County OH,Census Tract 1017,P,616,16.34,131600.0,1086.0,1.65,23.6,34.5,73.8,96.1,PASS,2,,44102 (100%)
39035197400,Cuyahoga County OH,Census Tract 1974,P,615,16.31,122900.0,999.0,1.63,22.9,30.9,83.3,95.0,PASS,1,,44109 (97%); 44144 (3%)
39151713501,Stark County OH,Census Tract 7135.01,P,606,6.85,205600.0,1049.0,1.02,5.4,20.3,82.1,82.6,PASS,1,,44646 (77%); 44708 (23%)
39035161400,Cuyahoga County OH,Census Tract 1614,P,595,15.78,220700.0,1175.0,1.06,6.7,14.1,90.7,88.6,PASS,1,,44107 (100%)
39113090600,Montgomery County OH,Census Tract 906,P,590,5.99,184300.0,907.0,0.98,4.4,15.8,86.5,79.1,PASS,1,,45431 (100%)
39173021702,Wood County OH,Census Tract 217.02,P,583,2.9,171700.0,836.0,0.97,4.1,38.6,89.0,82.3,PASS,2,,43402 (100%)
39153503300,Summit County OH,Census Tract 5033,P,567,7.94,74600.0,847.0,2.27,41.4,35.2,81.6,100,PASS,2,,44306 (100%)
39035115900,Cuyahoga County OH,Census Tract 1159,P,564,14.96,80600.0,987.0,2.45,46.6,30.9,79.2,100,PASS,1,,44105 (96%); 44125 (4%)
39043040801,Erie County OH,Census Tract 408.01,F,558,7.4,,959.0,,,,,,no data,,,44870 (100%)
39035115400,Cuyahoga County OH,Census Tract 1154,P,555,14.72,55600.0,1011.0,3.64,80.8,32.1,74.2,97.0,PASS,1,,44105 (100%)
39035198100,Cuyahoga County OH,Census Tract 1981,F,547,14.51,63200.0,822.0,2.6,51.0,50.5,71.0,93.6,FAIL: tenant payment risk,5,,44105 (100%)
39113001900,Montgomery County OH,Census Tract 19,F,535,5.44,179500.0,732.0,0.82,-0.5,40.5,80.6,62.7,FAIL: not in positive-cash-flow set,6,,45403 (70%); 45402 (30%)
39035102200,Cuyahoga County OH,Census Tract 1022,P,527,13.98,101400.0,988.0,1.95,32.2,25.5,82.8,100,PASS,1,,44111 (86%); 44102 (14%)
39035198900,Cuyahoga County OH,Census Tract 1989,F,526,13.95,80100.0,930.0,2.32,42.9,45.8,74.1,94.8,FAIL: tenant payment risk,4,,44103 (100%)
39109365301,Miami County OH,Census Tract 3653.01,F,516,4.38,270000.0,890.0,0.66,-5.0,24.0,82.9,56.4,FAIL: not in positive-cash-flow set,6,,45373 (100%)
39095006500,Lucas County OH,Census Tract 65,P,512,6.71,133300.0,959.0,1.44,17.5,31.8,91.6,100,PASS,1,,43606 (89%); 43613 (11%)
39035119600,Cuyahoga County OH,Census Tract 1196,F,509,13.5,92000.0,,,,,,,no data,,,44104 (82%); 44120 (18%)
39113080300,Montgomery County OH,Census Tract 803,F,503,5.11,161200.0,698.0,0.87,1.0,57.5,75.3,63.6,FAIL: tenant payment risk,6,,45405 (97%); 45415 (3%)
39035119702,Cuyahoga County OH,Census Tract 1197.02,F,502,13.31,58300.0,852.0,2.92,60.2,51.1,76.0,92.6,FAIL: tenant payment risk,5,,44120 (100%)
39035105100,Cuyahoga County OH,Census Tract 1051,F,499,13.23,59600.0,882.0,2.96,61.3,49.3,65.5,92.9,FAIL: tenant payment risk,4,,44102 (69%); 44144 (31%)
39113001100,Montgomery County OH,Census Tract 11,P,499,5.07,55800.0,1037.0,3.72,83.1,39.8,74.0,93.4,PASS,2,,45405 (100%)
39035119900,Cuyahoga County OH,Census Tract 1199,P,497,13.18,49300.0,805.0,3.27,70.1,44.5,70.1,89.9,PASS,3,,44120 (100%)
39151715000,Stark County OH,Census Tract 7150,P,497,5.62,133000.0,777.0,1.17,9.7,26.5,85.7,88.5,PASS,1,,44646 (90%); 44647 (10%)
39151711211,Stark County OH,Census Tract 7112.11,P,494,5.58,194600.0,872.0,0.9,1.9,26.2,81.2,66.6,PASS,1,,44614 (100%)
39035160602,Cuyahoga County OH,Census Tract 1606.02,P,490,13.0,202400.0,979.0,0.97,3.9,30.0,86.5,79.2,PASS,1,,44107 (100%)
39035197700,Cuyahoga County OH,Census Tract 1977,F,490,13.0,317200.0,1314.0,0.83,-0.1,26.2,88.7,66.3,FAIL: not in positive-cash-flow set,6,,44113 (99%); 44109 (1%)
39037555101,Darke County OH,Census Tract 5551.01,P,488,4.59,104800.0,747.0,1.43,17.1,28.8,79.5,93.2,PASS,1,,45331 (100%)
39113020900,Montgomery County OH,Census Tract 209,P,488,4.96,169600.0,872.0,1.03,5.7,19.9,85.9,86.3,PASS,1,,45419 (100%)
39113020500,Montgomery County OH,Census Tract 205,P,487,4.95,172000.0,946.0,1.1,7.7,28.3,83.2,92.2,PASS,1,,45429 (100%)
39153502200,Summit County OH,Census Tract 5022,F,486,6.8,97100.0,923.0,1.9,30.8,47.5,77.7,98.5,FAIL: tenant payment risk,4,,44310 (91%); 44305 (9%)
39035116600,Cuyahoga County OH,Census Tract 1166,P,482,12.78,80100.0,1041.0,2.6,50.9,32.4,79.0,100,PASS,1,,44108 (100%)
39035119800,Cuyahoga County OH,Census Tract 1198,P,482,12.78,64500.0,1355.0,4.2,97.1,39.7,71.9,85.1,PASS,2,,44120 (100%)
39035120801,Cuyahoga County OH,Census Tract 1208.01,F,478,12.68,87400.0,1275.0,2.92,60.1,82.5,76.2,92.3,FAIL: tenant payment risk,6,,44120 (63%); 44128 (37%)
39035196100,Cuyahoga County OH,Census Tract 1961,P,474,12.57,122500.0,1174.0,1.92,31.3,19.5,85.8,100,PASS,1,,44125 (67%); 44105 (33%)
39035117900,Cuyahoga County OH,Census Tract 1179,F,472,12.52,63600.0,933.0,2.93,60.5,46.0,71.0,95.6,FAIL: tenant payment risk,4,,44112 (100%)
39151712900,Stark County OH,Census Tract 7129,P,471,5.32,151100.0,917.0,1.21,11.0,24.0,83.2,89.0,PASS,1,,44657 (95%); 44669 (5%)
39035183604,Cuyahoga County OH,Census Tract 1836.04,P,465,12.33,177600.0,990.0,1.11,8.2,41.7,78.3,79.6,PASS,3,,44120 (85%); 44122 (15%)
39035101800,Cuyahoga County OH,Census Tract 1018,P,464,12.31,103900.0,896.0,1.72,25.7,36.9,78.1,96.0,PASS,2,,44102 (100%)
39113021700,Montgomery County OH,Census Tract 217,P,462,4.69,232900.0,1005.0,0.86,0.9,24.3,84.2,71.5,PASS,1,,45440 (64%); 45429 (36%)
39035161100,Cuyahoga County OH,Census Tract 1611,P,460,12.2,265000.0,1316.0,0.99,4.7,12.1,89.5,80.2,PASS,1,,44107 (100%)
39153510100,Summit County OH,Census Tract 5101,P,457,6.4,109000.0,818.0,1.5,19.3,32.3,80.5,98.8,PASS,1,,44203 (100%)
39035116900,Cuyahoga County OH,Census Tract 1169,P,456,12.09,38000.0,1127.0,5.93,146.9,33.2,85.1,100,PASS,1,,44110 (96%); 44112 (4%)
39113021100,Montgomery County OH,Census Tract 211,P,456,4.63,140900.0,966.0,1.37,15.5,16.5,85.5,98.1,PASS,1,,45420 (100%)
39035160900,Cuyahoga County OH,Census Tract 1609,F,455,12.07,287400.0,1102.0,0.77,-1.9,16.9,88.3,62.9,FAIL: not in positive-cash-flow set,6,,44107 (79%); 44116 (21%)
39143961400,Sandusky County OH,Census Tract 9614,P,453,2.02,148400.0,686.0,0.92,2.7,21.2,85.9,74.1,PASS,1,,43420 (100%)
39021010500,Champaign County OH,Census Tract 105,P,441,3.67,170500.0,829.0,0.97,4.1,18.8,79.8,75.3,PASS,1,,43078 (100%)
39153506600,Summit County OH,Census Tract 5066,P,438,6.13,112500.0,833.0,1.48,18.7,38.8,71.2,95.6,PASS,2,,44302 (90%); 44303 (10%)
39035102700,Cuyahoga County OH,Census Tract 1027,P,437,11.59,75100.0,967.0,2.58,50.2,33.3,72.3,93.9,PASS,1,,44102 (99%); 44113 (1%)
39035141000,Cuyahoga County OH,Census Tract 1410,F,433,11.48,,1178.0,,,,,,no data,,,44118 (100%)
39157020300,Tuscarawas County OH,Census Tract 203,F,433,2.73,270500.0,785.0,0.58,-7.2,12.1,83.6,46.0,FAIL: not in positive-cash-flow set,6,,44612 (72%); 44697 (14%); 44626 (13%); 44622 (1%)
39035106600,Cuyahoga County OH,Census Tract 1066,P,432,11.46,105400.0,789.0,1.5,19.2,27.4,79.0,97.7,PASS,1,,44109 (72%); 44134 (23%); 44129 (5%)
39151711600,Stark County OH,Census Tract 7116,P,430,4.86,158800.0,956.0,1.2,10.7,17.6,80.7,89.6,PASS,1,,44708 (100%)
39035152102,Cuyahoga County OH,Census Tract 1521.02,P,428,11.35,118500.0,1249.0,2.11,36.8,17.3,86.5,100,PASS,1,,44123 (85%); 44119 (15%)
39169000600,Wayne County OH,Census Tract 6,F,426,3.16,225900.0,773.0,0.68,-4.2,29.2,80.9,50.0,FAIL: not in positive-cash-flow set,6,,44691 (100%)
39035105400,Cuyahoga County OH,Census Tract 1054,P,425,11.27,97600.0,915.0,1.88,30.0,43.6,86.9,94.5,PASS,3,,44109 (100%)
39035160400,Cuyahoga County OH,Census Tract 1604,P,424,11.25,265900.0,1171.0,0.88,1.4,25.9,86.2,70.7,PASS,1,,44107 (100%)
39113115011,Montgomery County OH,Census Tract 1150.11,P,422,4.29,160800.0,908.0,1.13,8.6,22.6,84.6,90.3,PASS,1,,45377 (100%)
39035110901,Cuyahoga County OH,Census Tract 1109.01,P,417,11.06,54600.0,966.0,3.54,78.0,34.9,82.1,97.6,PASS,2,,44105 (100%)
39113003300,Montgomery County OH,Census Tract 33,P,416,4.23,100800.0,1081.0,2.14,37.8,38.3,83.8,100,PASS,2,,45410 (77%); 45420 (23%)
39113100101,Montgomery County OH,Census Tract 1001.01,P,415,4.22,174600.0,860.0,0.99,4.4,29.9,82.9,71.9,PASS,1,,45424 (100%)
39035103500,Cuyahoga County OH,Census Tract 1035,F,414,10.98,367500.0,1158.0,0.63,-5.8,21.5,91.1,53.6,FAIL: not in positive-cash-flow set,6,,44102 (81%); 44113 (19%)
39035103602,Cuyahoga County OH,Census Tract 1036.02,F,413,10.95,359300.0,1481.0,0.82,-0.2,32.5,85.9,68.3,FAIL: not in positive-cash-flow set,6,,44113 (56%); 44102 (44%)
39113040401,Montgomery County OH,Census Tract 404.01,F,411,4.18,325100.0,1349.0,0.83,-0.0,40.2,85.1,60.2,FAIL: not in positive-cash-flow set,6,,45459 (100%)
39023000600,Clark County OH,Census Tract 6,P,409,8.41,104800.0,825.0,1.57,21.4,31.2,78.5,97.9,PASS,1,,45503 (100%)
39153508399,Summit County OH,Census Tract 5083.99,F,406,5.68,83700.0,904.0,2.16,38.3,46.0,79.4,96.5,FAIL: tenant payment risk,4,,44320 (55%); 44314 (25%); 44307 (20%)
39169000100,Wayne County OH,Census Tract 1,F,406,3.01,168400.0,700.0,0.83,-0.0,16.5,82.2,67.7,FAIL: not in positive-cash-flow set,6,,44691 (100%)
39035102800,Cuyahoga County OH,Census Tract 1028,P,405,10.74,59600.0,1000.0,3.36,72.7,37.1,77.3,95.1,PASS,2,,44109 (61%); 44102 (39%)
39035117500,Cuyahoga County OH,Census Tract 1175,P,404,10.71,57400.0,964.0,3.36,72.8,34.1,83.9,99.7,PASS,2,,44110 (100%)
39035106800,Cuyahoga County OH,Census Tract 1068,P,402,10.66,121700.0,871.0,1.43,17.3,33.8,81.7,90.8,PASS,2,,44109 (100%)
39035119401,Cuyahoga County OH,Census Tract 1194.01,P,395,10.48,127200.0,865.0,1.36,15.2,33.5,78.4,93.9,PASS,1,,44120 (100%)
39035123501,Cuyahoga County OH,Census Tract 1235.01,P,395,10.48,111900.0,1054.0,1.88,30.3,33.6,80.4,99.7,PASS,1,,44111 (100%)
39095007209,Lucas County OH,Census Tract 72.09,P,395,5.17,110200.0,926.0,1.68,24.4,30.9,86.6,100,PASS,1,,43614 (100%)
39149971800,Shelby County OH,Census Tract 9718,P,395,3.38,146600.0,946.0,1.29,13.2,26.3,83.3,94.9,PASS,1,,45365 (100%)
39037555102,Darke County OH,Census Tract 5551.02,P,390,3.67,94800.0,879.0,1.85,29.5,34.0,81.6,100,PASS,2,,45331 (100%)
39035183606,Cuyahoga County OH,Census Tract 1836.06,P,389,10.32,218500.0,1334.0,1.22,11.2,25.0,88.5,89.4,PASS,1,,44122 (100%)
39095004900,Lucas County OH,Census Tract 49,F,388,5.08,38400.0,1025.0,5.34,129.8,47.1,77.2,97.0,FAIL: tenant payment risk,4,,43605 (100%)
39043040802,Erie County OH,Census Tract 408.02,P,387,5.13,164900.0,838.0,1.02,5.3,27.2,78.9,81.4,PASS,1,,44870 (100%)
39007000601,Ashtabula County OH,Census Tract 6.01,P,385,3.98,114000.0,897.0,1.57,21.4,37.5,73.4,90.4,PASS,2,,44004 (100%)
39095000302,Lucas County OH,Census Tract 3.02,P,385,5.04,97100.0,789.0,1.63,22.9,29.2,77.7,94.2,PASS,1,,43612 (100%)
39109315100,Miami County OH,Census Tract 3151,P,385,3.27,149000.0,896.0,1.2,10.7,44.7,83.5,87.5,PASS,3,,45356 (100%)
39153506100,Summit County OH,Census Tract 5061,P,385,5.39,179900.0,961.0,1.07,6.8,34.2,80.4,81.3,PASS,2,,44313 (66%); 44320 (34%); 44302 (1%)
39035198000,Cuyahoga County OH,Census Tract 1980,F,384,10.18,46700.0,561.0,2.4,45.2,65.4,68.6,88.4,FAIL: tenant payment risk,6,,44105 (56%); 44127 (44%)
39151711312,Stark County OH,Census Tract 7113.12,F,384,4.34,322700.0,1028.0,0.64,-5.6,21.5,83.2,40.7,FAIL: not in positive-cash-flow set,6,,44646 (64%); 44718 (25%); 44647 (10%); 44720 (1%)
39035115700,Cuyahoga County OH,Census Tract 1157,P,378,10.03,55500.0,846.0,3.05,63.9,34.5,77.0,96.8,PASS,2,,44105 (100%)
39077915800,Huron County OH,Census Tract 9158,F,376,2.01,189500.0,746.0,0.79,-1.3,19.3,80.7,63.3,FAIL: not in positive-cash-flow set,6,,44857 (100%)
39113000500,Montgomery County OH,Census Tract 5,P,375,3.81,91700.0,888.0,1.94,31.8,42.4,76.8,94.6,PASS,3,,45406 (92%); 45405 (8%)
39095004702,Lucas County OH,Census Tract 47.02,F,374,4.9,47900.0,,,,,,,no data,,,43605 (100%)
39113010200,Montgomery County OH,Census Tract 102,F,374,3.8,337900.0,1294.0,0.77,-1.9,8.0,88.5,59.8,FAIL: not in positive-cash-flow set,6,,45419 (79%); 45409 (21%)
39113115012,Montgomery County OH,Census Tract 1150.12,F,374,3.8,274900.0,785.0,0.57,-7.5,18.2,87.4,48.5,FAIL: not in positive-cash-flow set,6,,45377 (53%); 45414 (47%)
39035115800,Cuyahoga County OH,Census Tract 1158,P,373,9.89,59500.0,918.0,3.09,64.9,23.4,74.5,98.3,PASS,1,,44105 (100%)
39151701500,Stark County OH,Census Tract 7015,P,372,4.2,34900.0,792.0,4.54,106.8,29.4,84.1,100,PASS,1,,44706 (44%); 44707 (36%); 44702 (16%); 44708 (4%)
39035101603,Cuyahoga County OH,Census Tract 1016.03,P,371,9.84,91400.0,1324.0,2.9,59.5,30.5,74.0,95.6,PASS,1,,44102 (70%); 44111 (30%)
39093097600,Lorain County OH,Census Tract 976,P,370,6.36,105600.0,590.0,1.12,8.2,43.8,66.3,78.6,PASS,3,,44035 (100%)
39057200300,Greene County OH,Census Tract 2003,P,369,2.6,123500.0,838.0,1.36,15.1,15.3,82.1,92.0,PASS,1,,45324 (100%)
39113002400,Montgomery County OH,Census Tract 24,P,369,3.75,91500.0,904.0,1.98,33.0,29.8,74.3,100,PASS,1,,45403 (90%); 45431 (10%)
39035127501,Cuyahoga County OH,Census Tract 1275.01,P,367,9.73,63100.0,966.0,3.06,64.2,37.3,82.3,95.3,PASS,2,,44105 (100%)
39103417300,Medina County OH,Census Tract 4173,P,366,2.02,233500.0,1017.0,0.87,1.1,19.0,85.3,70.5,PASS,1,,44281 (76%); 44270 (24%)
39035117600,Cuyahoga County OH,Census Tract 1176,P,364,9.65,103700.0,1048.0,2.02,34.3,38.3,78.2,99.5,PASS,2,,44119 (79%); 44110 (21%)
39153508900,Summit County OH,Census Tract 5089,F,362,5.07,,885.0,,,,,,no data,,,44304 (54%); 44325 (29%); 44306 (10%); 44308 (4%); 44311 (2%)
39035101201,Cuyahoga County OH,Census Tract 1012.01,F,359,9.52,329800.0,976.0,0.59,-6.9,30.1,82.0,47.1,FAIL: not in positive-cash-flow set,6,,44102 (100%)
39157020600,Tuscarawas County OH,Census Tract 206,P,358,2.26,215400.0,1067.0,0.99,4.6,23.0,81.9,76.0,PASS,1,,44622 (100%)
39035117300,Cuyahoga County OH,Census Tract 1173,F,357,9.47,38300.0,959.0,5.01,120.3,59.3,72.7,89.1,FAIL: tenant payment risk,6,,44110 (100%)
39057200400,Greene County OH,Census Tract 2004,P,357,2.52,123200.0,813.0,1.32,14.1,31.7,77.2,89.6,PASS,1,,45324 (100%)
39035111202,Cuyahoga County OH,Census Tract 1112.02,P,356,9.44,48300.0,891.0,3.69,82.3,18.8,88.8,100,PASS,1,,44103 (78%); 44108 (22%)
39151713700,Stark County OH,Census Tract 7137,P,355,4.01,124400.0,731.0,1.18,9.9,6.6,89.9,91.3,PASS,1,,44646 (91%); 44647 (9%)
39035161300,Cuyahoga County OH,Census Tract 1613,P,354,9.39,235600.0,1009.0,0.86,0.7,27.4,81.3,67.8,PASS,1,,44107 (100%)
39113040204,Montgomery County OH,Census Tract 402.04,P,354,3.6,245700.0,1300.0,1.06,6.5,18.8,86.2,89.4,PASS,1,,45459 (100%)
39151711900,Stark County OH,Census Tract 7119,P,351,3.97,156200.0,982.0,1.26,12.3,30.3,86.3,93.6,PASS,1,,44720 (100%)
39035198600,Cuyahoga County OH,Census Tract 1986,F,350,9.28,,479.0,,,,,,no data,,,44104 (78%); 44106 (20%); 44120 (2%)
39035160300,Cuyahoga County OH,Census Tract 1603,P,349,9.26,301400.0,1315.0,0.87,1.2,17.0,88.5,69.5,PASS,1,,44107 (100%)
39077915500,Huron County OH,Census Tract 9155,P,349,1.86,172700.0,885.0,1.02,5.6,30.5,78.9,72.9,PASS,1,,44857 (92%); 44846 (8%)
39173021701,Wood County OH,Census Tract 217.01,F,346,1.72,165400.0,957.0,1.16,9.4,58.1,89.7,88.0,FAIL: tenant payment risk,6,,43402 (100%)
39095006300,Lucas County OH,Census Tract 63,P,343,4.49,121200.0,771.0,1.27,12.7,12.3,87.5,91.2,PASS,1,,43613 (75%); 43606 (25%)
39113050105,Montgomery County OH,Census Tract 501.05,P,341,3.46,250000.0,1134.0,0.91,2.2,21.9,82.2,70.9,PASS,1,,45459 (59%); 45449 (41%)
39035101400,Cuyahoga County OH,Census Tract 1014,P,339,8.99,90700.0,967.0,2.13,37.5,40.2,80.2,95.2,PASS,2,,44111 (59%); 44102 (41%)
39035104800,Cuyahoga County OH,Census Tract 1048,P,339,8.99,157400.0,1134.0,1.44,17.5,30.0,82.1,95.6,PASS,1,,44109 (83%); 44113 (17%)
39133601501,Portage County OH,Census Tract 6015.01,F,339,2.54,168900.0,890.0,1.05,6.4,54.1,79.8,82.1,FAIL: tenant payment risk,5,,44240 (100%)
39085201400,Lake County OH,Census Tract 2014,F,337,1.39,244000.0,997.0,0.82,-0.4,24.0,85.1,69.1,FAIL: not in positive-cash-flow set,6,,44094 (100%)
39095004800,Lucas County OH,Census Tract 48,F,335,4.39,38200.0,1073.0,5.62,137.8,60.9,70.5,89.5,FAIL: tenant payment risk,6,,43605 (100%)
39113070101,Montgomery County OH,Census Tract 701.01,P,335,3.4,163400.0,947.0,1.16,9.4,25.7,79.5,83.2,PASS,1,,45426 (50%); 45417 (29%); 45309 (13%); 45315 (6%); 45345 (3%)
39035103800,Cuyahoga County OH,Census Tract 1038,P,334,8.86,149500.0,1051.0,1.41,16.5,38.5,75.3,85.1,PASS,2,,44113 (98%); 44109 (2%)
39035106200,Cuyahoga County OH,Census Tract 1062,P,334,8.86,112200.0,1021.0,1.82,28.5,35.2,81.2,96.4,PASS,2,,44144 (97%); 44109 (3%)
39035154601,Cuyahoga County OH,Census Tract 1546.01,P,334,8.86,108600.0,1151.0,2.12,37.1,37.3,80.3,92.6,PASS,2,,44125 (100%)
39035177304,Cuyahoga County OH,Census Tract 1773.04,P,332,8.81,151200.0,1089.0,1.44,17.5,30.3,81.7,93.9,PASS,1,,44134 (100%)
39153530901,Summit County OH,Census Tract 5309.01,P,332,4.65,192200.0,1018.0,1.06,6.6,17.4,79.7,83.8,PASS,1,,44278 (100%)
39035120600,Cuyahoga County OH,Census Tract 1206,P,330,8.75,50400.0,943.0,3.74,83.8,26.1,65.9,95.5,PASS,2,,44105 (63%); 44104 (20%); 44120 (17%)
39149971900,Shelby County OH,Census Tract 9719,P,330,2.82,200700.0,942.0,0.94,3.1,25.8,82.8,76.8,PASS,1,,45365 (100%)
39151701700,Stark County OH,Census Tract 7017,P,330,3.73,72700.0,774.0,2.13,37.4,43.9,72.2,97.7,PASS,3,,44703 (89%); 44702 (11%)
39035141300,Cuyahoga County OH,Census Tract 1413,F,327,8.67,480800.0,1884.0,0.78,-1.4,25.5,81.6,60.4,FAIL: not in positive-cash-flow set,6,,44106 (83%); 44118 (17%)
39057255000,Greene County OH,Census Tract 2550,F,327,2.31,342000.0,872.0,0.51,-9.3,23.5,80.2,46.0,FAIL: not in positive-cash-flow set,6,,45387 (100%)
39035102401,Cuyahoga County OH,Census Tract 1024.01,P,326,8.65,95900.0,1117.0,2.33,43.1,33.1,84.1,95.1,PASS,1,,44102 (100%)
39153506400,Summit County OH,Census Tract 5064,P,325,4.55,142800.0,908.0,1.27,12.7,27.2,87.0,88.8,PASS,1,,44302 (78%); 44303 (10%); 44313 (9%); 44320 (3%)
39035101501,Cuyahoga County OH,Census Tract 1015.01,P,323,8.57,87300.0,765.0,1.75,26.5,43.3,75.3,93.9,PASS,3,,44102 (85%); 44111 (15%)
39153507101,Summit County OH,Census Tract 5071.01,F,323,4.52,258300.0,1050.0,0.81,-0.5,31.7,90.9,63.1,FAIL: not in positive-cash-flow set,6,,44313 (100%)
39035119502,Cuyahoga County OH,Census Tract 1195.02,P,319,8.46,109000.0,539.0,0.99,4.5,31.3,78.0,77.0,PASS,1,,44120 (100%)
39035132100,Cuyahoga County OH,Census Tract 1321,P,319,8.46,123500.0,699.0,1.13,8.7,34.2,76.0,77.1,PASS,2,,44146 (100%)
39153503800,Summit County OH,Census Tract 5038,P,319,4.47,159800.0,852.0,1.07,6.8,32.0,76.5,81.9,PASS,1,,44306 (89%); 44312 (11%)
39151712601,Stark County OH,Census Tract 7126.01,P,318,3.59,169800.0,906.0,1.07,6.8,19.2,84.6,87.7,PASS,1,,44641 (100%)
39031961500,Coshocton County OH,Census Tract 9615,P,317,2.9,80700.0,858.0,2.13,37.3,42.2,80.9,94.9,PASS,3,,43812 (100%)
39035123900,Cuyahoga County OH,Census Tract 1239,P,317,8.41,150600.0,950.0,1.26,12.4,18.3,88.8,92.6,PASS,1,,44111 (100%)
39151700600,Stark County OH,Census Tract 7006,P,316,3.57,120500.0,862.0,1.43,17.3,35.0,82.3,94.2,PASS,2,,44703 (61%); 44709 (33%); 44714 (5%)
39151701000,Stark County OH,Census Tract 7010,P,316,3.57,59100.0,899.0,3.04,63.7,37.4,80.3,93.3,PASS,2,,44708 (97%); 44702 (3%)
39095007204,Lucas County OH,Census Tract 72.04,F,315,4.13,250100.0,888.0,0.71,-3.5,11.0,76.0,61.0,FAIL: not in positive-cash-flow set,6,,43537 (50%); 43614 (37%); 43615 (13%)
39151712602,Stark County OH,Census Tract 7126.02,P,314,3.55,188800.0,906.0,0.96,3.7,25.2,83.2,73.5,PASS,1,,44641 (100%)
39113125000,Montgomery County OH,Census Tract 1250,P,313,3.18,163800.0,1118.0,1.37,15.4,8.9,85.1,90.9,PASS,1,,45322 (100%)
39133601400,Portage County OH,Census Tract 6014,P,313,2.35,162700.0,980.0,1.2,10.7,34.4,74.2,86.4,PASS,2,,44240 (100%)
39035119402,Cuyahoga County OH,Census Tract 1194.02,F,312,8.27,75400.0,962.0,2.55,49.5,48.6,81.9,93.2,FAIL: tenant payment risk,4,,44120 (100%)
39133600902,Portage County OH,Census Tract 6009.02,F,311,2.33,167700.0,1089.0,1.3,13.5,52.2,81.7,88.7,FAIL: tenant payment risk,5,,44266 (100%)
39151713502,Stark County OH,Census Tract 7135.02,P,311,3.52,177200.0,925.0,1.04,6.1,23.4,83.1,82.2,PASS,1,,44646 (100%)
39157020801,Tuscarawas County OH,Census Tract 208.01,P,311,1.96,108100.0,880.0,1.63,22.9,39.0,80.9,97.9,PASS,2,,44663 (98%); 44622 (2%)
39035105602,Cuyahoga County OH,Census Tract 1056.02,P,310,8.22,95500.0,927.0,1.94,32.0,32.5,74.8,90.8,PASS,1,,44109 (100%)
39035152502,Cuyahoga County OH,Census Tract 1525.02,P,309,8.2,115600.0,1201.0,2.08,35.9,43.4,87.6,99.9,PASS,3,,44117 (48%); 44123 (36%); 44132 (11%); 44119 (5%)
39157020802,Tuscarawas County OH,Census Tract 208.02,P,309,1.95,146100.0,855.0,1.17,9.8,28.4,86.9,89.2,PASS,1,,44663 (100%)
39153532502,Summit County OH,Census Tract 5325.02,F,307,4.3,326300.0,1132.0,0.69,-4.0,29.8,82.9,43.6,FAIL: not in positive-cash-flow set,6,,44286 (98%); 44264 (1%); 44333 (1%)
39151711700,Stark County OH,Census Tract 7117,P,306,3.46,150500.0,778.0,1.03,5.8,18.6,84.7,82.3,PASS,1,,44709 (99%); 44714 (1%)
39077915700,Huron County OH,Census Tract 9157,P,305,1.63,151800.0,793.0,1.04,6.1,34.8,82.4,73.2,PASS,2,,44857 (100%)
39095008401,Lucas County OH,Census Tract 84.01,P,304,3.98,148700.0,1124.0,1.51,19.6,36.0,79.0,93.8,PASS,2,,43615 (100%)
39035105900,Cuyahoga County OH,Census Tract 1059,P,303,8.04,128600.0,884.0,1.37,15.6,27.4,87.3,85.5,PASS,1,,44109 (82%); 44134 (18%)
39133601300,Portage County OH,Census Tract 6013,F,303,2.27,258600.0,943.0,0.73,-2.9,37.7,81.3,51.2,FAIL: not in positive-cash-flow set,6,,44240 (100%)
39109355001,Miami County OH,Census Tract 3550.01,F,302,2.56,225800.0,847.0,0.75,-2.3,25.7,83.9,61.2,FAIL: not in positive-cash-flow set,6,,45371 (100%)
39153505400,Summit County OH,Census Tract 5054,P,301,4.21,76300.0,973.0,2.55,49.5,31.3,79.4,99.0,PASS,1,,44314 (100%)
39113002500,Montgomery County OH,Census Tract 25,P,300,3.05,117600.0,772.0,1.31,13.9,27.5,78.3,94.4,PASS,1,,45403 (44%); 45431 (33%); 45432 (23%)
39157021000,Tuscarawas County OH,Census Tract 210,P,300,1.89,156800.0,824.0,1.05,6.3,40.8,79.0,73.9,PASS,3,,44663 (100%)
39169001300,Wayne County OH,Census Tract 13,P,300,2.22,168700.0,847.0,1.0,5.0,13.4,86.4,79.4,PASS,1,,44667 (100%)
39095007102,Lucas County OH,Census Tract 71.02,P,299,3.92,211800.0,892.0,0.84,0.3,13.0,85.9,66.2,PASS,1,,43537 (100%)
39035117101,Cuyahoga County OH,Census Tract 1171.01,P,297,7.88,105700.0,871.0,1.65,23.5,40.5,85.7,99.3,PASS,2,,44110 (100%)
39043041100,Erie County OH,Census Tract 411,P,296,3.93,98600.0,906.0,1.84,29.0,34.0,84.1,90.6,PASS,2,,44870 (100%)
39007000900,Ashtabula County OH,Census Tract 9,P,295,3.05,149500.0,803.0,1.07,7.0,38.6,79.2,78.7,PASS,2,,44041 (98%); 44057 (2%)
39113130102,Montgomery County OH,Census Tract 1301.02,P,294,2.99,194000.0,951.0,0.98,4.3,33.3,83.1,73.2,PASS,1,,45309 (96%); 45315 (4%)
39035116800,Cuyahoga County OH,Census Tract 1168,P,293,7.77,58300.0,923.0,3.17,67.2,44.3,58.9,88.0,PASS,3,,44108 (100%)
39093022400,Lorain County OH,Census Tract 224,P,293,5.04,95700.0,680.0,1.42,17.0,29.2,69.1,90.3,PASS,1,,44052 (100%)
39113000801,Montgomery County OH,Census Tract 8.01,P,292,2.97,90500.0,1103.0,2.44,46.3,36.7,80.3,97.6,PASS,2,,45405 (67%); 45406 (33%)
39113050101,Montgomery County OH,Census Tract 501.01,P,292,2.97,164800.0,932.0,1.13,8.6,31.8,82.0,81.7,PASS,1,,45449 (100%)
39153510301,Summit County OH,Census Tract 5103.01,P,292,4.09,115300.0,770.0,1.34,14.5,24.5,80.9,95.6,PASS,1,,44203 (100%)
39035117203,Cuyahoga County OH,Census Tract 1172.03,P,288,7.64,87000.0,878.0,2.02,34.2,36.4,81.3,95.8,PASS,2,,44110 (100%)
39093096100,Lorain County OH,Census Tract 961,F,288,4.95,223100.0,839.0,0.75,-2.3,30.8,83.9,57.5,FAIL: not in positive-cash-flow set,6,,44090 (100%)
39085203000,Lake County OH,Census Tract 2030,P,286,1.18,237300.0,1153.0,0.97,4.0,7.2,83.4,74.8,PASS,1,,44060 (100%)
39109300100,Miami County OH,Census Tract 3001,F,285,2.42,262500.0,963.0,0.73,-2.8,32.8,81.3,52.3,FAIL: not in positive-cash-flow set,6,,45356 (100%)
39035141500,Cuyahoga County OH,Census Tract 1415,F,284,7.53,313200.0,1242.0,0.79,-1.1,31.0,86.9,67.7,FAIL: not in positive-cash-flow set,6,,44118 (100%)
39157022001,Tuscarawas County OH,Census Tract 220.01,P,284,1.79,128900.0,948.0,1.47,18.4,23.0,78.7,91.1,PASS,1,,44683 (100%)
39035198200,Cuyahoga County OH,Census Tract 1982,F,283,7.51,95000.0,784.0,1.65,23.6,54.7,73.2,93.7,FAIL: tenant payment risk,5,,44105 (56%); 44128 (24%); 44125 (20%)
39035198500,Cuyahoga County OH,Census Tract 1985,P,283,7.51,44000.0,1163.0,5.29,128.3,44.2,68.2,93.0,PASS,3,,44106 (60%); 44104 (39%); 44103 (1%)
39153520104,Summit County OH,Census Tract 5201.04,P,283,3.96,164900.0,1058.0,1.28,13.0,26.4,86.4,89.2,PASS,1,,44221 (100%)
39035102900,Cuyahoga County OH,Census Tract 1029,F,282,7.48,101700.0,1092.0,2.15,37.9,48.1,76.1,96.2,FAIL: tenant payment risk,4,,44109 (100%)
39051040702,Fulton County OH,Census Tract 407.02,P,282,1.46,155800.0,794.0,1.02,5.4,15.7,83.4,78.9,PASS,1,,43567 (100%)
39133600800,Portage County OH,Census Tract 6008,P,281,2.11,144800.0,882.0,1.22,11.1,26.8,86.0,93.5,PASS,1,,44266 (100%)
39151701200,Stark County OH,Census Tract 7012,P,280,3.16,85900.0,937.0,2.18,38.9,35.2,80.6,96.5,PASS,2,,44710 (83%); 44708 (17%)
39153503600,Summit County OH,Census Tract 5036,P,280,3.92,125200.0,960.0,1.53,20.2,20.3,83.8,98.8,PASS,1,,44306 (50%); 44312 (35%); 44305 (15%)
39153531405,Summit County OH,Census Tract 5314.05,F,278,3.89,287000.0,1058.0,0.74,-2.7,25.5,83.9,58.2,FAIL: not in positive-cash-flow set,6,,44312 (78%); 44685 (22%)
39057200104,Greene County OH,Census Tract 2001.04,P,275,1.94,134800.0,1151.0,1.71,25.2,37.8,85.4,100,PASS,2,,45424 (66%); 45324 (29%); 45435 (4%); 45433 (2%)
39035120802,Cuyahoga County OH,Census Tract 1208.02,F,274,7.27,87000.0,1152.0,2.65,52.3,54.5,70.8,86.9,FAIL: tenant payment risk,5,,44120 (60%); 44128 (40%)
39113050303,Montgomery County OH,Census Tract 503.03,P,273,2.77,153000.0,1082.0,1.41,16.8,27.4,88.0,100,PASS,1,,45449 (100%)
39151710500,Stark County OH,Census Tract 7105,P,273,3.09,78800.0,859.0,2.18,38.8,37.3,79.4,99.7,PASS,2,,44601 (100%)
39173020901,Wood County OH,Census Tract 209.01,P,272,1.35,197300.0,839.0,0.85,0.5,20.2,81.5,61.4,PASS,2,,43447 (68%); 43619 (30%); 43465 (2%)
39095004701,Lucas County OH,Census Tract 47.01,P,271,3.55,71600.0,1079.0,3.01,62.9,33.9,83.6,99.2,PASS,2,,43605 (100%)
39109365002,Miami County OH,Census Tract 3650.02,P,270,2.29,209800.0,1148.0,1.09,7.6,30.6,81.7,82.4,PASS,1,,45373 (62%); 45318 (38%)
39113080100,Montgomery County OH,Census Tract 801,P,270,2.74,73000.0,959.0,2.63,51.7,26.9,80.1,100,PASS,1,,45415 (39%); 45416 (30%); 45406 (16%); 45405 (15%)
39153520201,Summit County OH,Census Tract 5202.01,P,270,3.78,211700.0,1057.0,1.0,4.8,17.0,88.5,80.1,PASS,1,,44223 (96%); 44221 (4%)
39153502101,Summit County OH,Census Tract 5021.01,P,269,3.77,92000.0,748.0,1.63,22.9,39.3,78.0,89.8,PASS,2,,44310 (96%); 44221 (4%)
39057210101,Greene County OH,Census Tract 2101.01,P,268,1.89,264400.0,1478.0,1.12,8.2,12.8,89.4,90.6,PASS,1,,45431 (76%); 45324 (24%)
39151710200,Stark County OH,Census Tract 7102,P,267,3.02,92300.0,740.0,1.6,22.2,21.2,78.1,96.6,PASS,1,,44601 (100%)
39093060200,Lorain County OH,Census Tract 602,F,264,4.54,244000.0,911.0,0.75,-2.4,32.5,79.2,50.8,FAIL: not in positive-cash-flow set,6,,44074 (100%)
39113080400,Montgomery County OH,Census Tract 804,P,263,2.67,67400.0,890.0,2.64,52.1,21.7,80.0,100,PASS,1,,45405 (100%)
39035160200,Cuyahoga County OH,Census Tract 1602,F,262,6.95,285300.0,1087.0,0.76,-2.0,19.9,89.7,63.5,FAIL: not in positive-cash-flow set,6,,44107 (100%)
39093070902,Lorain County OH,Census Tract 709.02,P,262,4.51,101900.0,957.0,1.88,30.1,24.1,80.3,98.8,PASS,1,,44035 (100%)
39077916600,Huron County OH,Census Tract 9166,P,261,1.39,137800.0,821.0,1.19,10.4,27.6,79.7,78.5,PASS,1,,44851 (65%); 44889 (32%); 44826 (3%)
39151711800,Stark County OH,Census Tract 7118,P,261,2.95,195800.0,894.0,0.91,2.3,23.6,86.9,71.2,PASS,1,,44720 (39%); 44709 (34%); 44718 (27%)
39051040900,Fulton County OH,Census Tract 409,F,260,1.35,185900.0,755.0,0.81,-0.6,18.0,83.7,66.0,FAIL: not in positive-cash-flow set,6,,43502 (100%)
39153504100,Summit County OH,Census Tract 5041,P,260,3.64,33400.0,825.0,4.94,118.3,36.0,80.9,100,PASS,2,,44311 (64%); 44306 (34%); 44304 (2%)
39113050107,Montgomery County OH,Census Tract 501.07,P,259,2.63,269700.0,1409.0,1.04,6.1,26.8,90.0,90.7,PASS,1,,45342 (91%); 45459 (9%)
39153520202,Summit County OH,Census Tract 5202.02,P,259,3.63,153900.0,840.0,1.09,7.5,30.1,84.7,82.0,PASS,1,,44221 (80%); 44223 (20%)
39169003400,Wayne County OH,Census Tract 34,P,259,1.92,131600.0,881.0,1.34,14.6,25.5,78.0,88.2,PASS,1,,44270 (82%); 44276 (18%)
39085204000,Lake County OH,Census Tract 2040,P,258,1.07,147500.0,974.0,1.32,14.1,38.6,82.4,92.7,PASS,2,,44077 (100%)
39109365200,Miami County OH,Census Tract 3652,P,258,2.19,164700.0,867.0,1.05,6.4,34.7,84.8,82.4,PASS,2,,45373 (100%)
39085204400,Lake County OH,Census Tract 2044,F,257,1.06,168100.0,1043.0,1.24,11.8,48.3,78.6,87.4,FAIL: tenant payment risk,4,,44077 (100%)
39085204500,Lake County OH,Census Tract 2045,P,256,1.06,131400.0,954.0,1.45,17.9,39.4,77.4,93.7,PASS,2,,44077 (100%)
39113003404,Montgomery County OH,Census Tract 34.04,P,256,2.6,203500.0,1127.0,1.11,7.9,20.3,84.2,83.7,PASS,1,,45409 (43%); 45402 (36%); 45410 (21%)
39037530100,Darke County OH,Census Tract 5301,F,255,2.4,243400.0,725.0,0.6,-6.8,18.8,86.3,43.5,FAIL: not in positive-cash-flow set,6,,45380 (93%); 45308 (6%); 45318 (1%)
39031961400,Coshocton County OH,Census Tract 9614,P,253,2.32,83500.0,572.0,1.37,15.5,31.4,71.3,87.1,PASS,1,,43812 (100%)
39113030100,Montgomery County OH,Census Tract 301,P,253,2.57,122700.0,1060.0,1.73,25.8,38.9,80.7,96.2,PASS,2,,45439 (89%); 45409 (11%)
39151701100,Stark County OH,Census Tract 7011,P,253,2.86,130400.0,881.0,1.35,15.0,32.7,84.8,94.4,PASS,1,,44708 (100%)
39169000700,Wayne County OH,Census Tract 7,P,253,1.88,240600.0,1039.0,0.86,0.9,24.0,81.1,61.1,PASS,2,,44691 (100%)
39035160100,Cuyahoga County OH,Census Tract 1601,F,252,6.68,473100.0,1206.0,0.51,-9.3,6.2,87.2,44.8,FAIL: not in positive-cash-flow set,6,,44107 (100%)
39151700800,Stark County OH,Census Tract 7008,P,251,2.84,96600.0,866.0,1.79,27.7,35.9,79.4,97.6,PASS,2,,44703 (53%); 44709 (26%); 44708 (22%)
39035160500,Cuyahoga County OH,Census Tract 1605,F,250,6.63,369400.0,844.0,0.46,-10.8,23.9,78.8,41.3,FAIL: not in positive-cash-flow set,6,,44107 (100%)
39043040100,Erie County OH,Census Tract 401,P,249,3.3,187400.0,1073.0,1.15,9.0,18.2,82.5,88.0,PASS,1,,44089 (100%)
39077916300,Huron County OH,Census Tract 9163,P,249,1.33,129000.0,811.0,1.26,12.3,35.5,81.5,88.4,PASS,2,,44890 (71%); 44865 (27%); 44850 (3%)
39035117400,Cuyahoga County OH,Census Tract 1174,P,247,6.55,71500.0,877.0,2.45,46.7,37.4,78.7,95.2,PASS,2,,44110 (100%)
39035120400,Cuyahoga County OH,Census Tract 1204,P,247,6.55,70800.0,632.0,1.79,27.5,31.4,67.4,95.3,PASS,2,,44105 (54%); 44104 (46%)
39035151200,Cuyahoga County OH,Census Tract 1512,F,246,6.52,96200.0,779.0,1.62,22.7,48.7,65.5,88.5,FAIL: tenant payment risk,4,,44112 (100%)
39133600401,Portage County OH,Census Tract 6004.01,P,246,1.85,222500.0,1538.0,1.38,15.9,25.6,84.2,94.1,PASS,1,,44241 (96%); 44236 (4%)
39151702100,Stark County OH,Census Tract 7021,P,246,2.78,43800.0,904.0,4.13,94.9,31.7,75.9,98.8,PASS,1,,44707 (51%); 44704 (49%)
39113100400,Montgomery County OH,Census Tract 1004,P,245,2.49,230500.0,1241.0,1.08,7.1,31.0,84.2,85.3,PASS,1,,45424 (98%); 45344 (2%)
39035101901,Cuyahoga County OH,Census Tract 1019.01,P,244,6.47,188600.0,972.0,1.03,5.7,27.1,76.9,81.9,PASS,1,,44102 (100%)
39153520600,Summit County OH,Census Tract 5206,P,244,3.42,167800.0,948.0,1.13,8.6,15.6,81.8,86.4,PASS,1,,44221 (100%)
39035120701,Cuyahoga County OH,Census Tract 1207.01,P,243,6.44,52400.0,985.0,3.76,84.3,44.7,62.7,93.6,PASS,3,,44120 (75%); 44105 (25%)
39035151600,Cuyahoga County OH,Census Tract 1516,F,243,6.44,148400.0,788.0,1.06,6.6,47.9,73.1,73.8,FAIL: tenant payment risk,4,,44118 (77%); 44112 (23%)
39077916000,Huron County OH,Census Tract 9160,P,242,1.29,147800.0,834.0,1.13,8.6,16.9,81.1,81.6,PASS,1,,44811 (100%)
39151711324,Stark County OH,Census Tract 7113.24,P,242,2.74,290200.0,1732.0,1.19,10.4,21.5,80.3,87.6,PASS,1,,44720 (100%)
39057210604,Greene County OH,Census Tract 2106.04,P,240,1.69,298600.0,1451.0,0.97,4.0,20.0,82.3,84.0,PASS,1,,45431 (74%); 45434 (16%); 45324 (10%)
39157020700,Tuscarawas County OH,Census Tract 207,P,239,1.51,212900.0,983.0,0.92,2.6,21.6,85.8,71.8,PASS,1,,44622 (100%)
39157020900,Tuscarawas County OH,Census Tract 209,P,239,1.51,194200.0,951.0,0.98,4.3,14.7,87.6,80.4,PASS,1,,44663 (99%); 44622 (1%)
39093097300,Lorain County OH,Census Tract 973,F,238,4.09,80400.0,821.0,2.04,34.9,47.1,74.5,90.5,FAIL: tenant payment risk,4,,44052 (100%)
39153531801,Summit County OH,Census Tract 5318.01,P,238,3.33,168400.0,1179.0,1.4,16.4,22.6,82.0,96.8,PASS,1,,44319 (100%)
39095009003,Lucas County OH,Census Tract 90.03,P,237,3.1,310900.0,1724.0,1.11,8.0,34.5,74.2,80.4,PASS,2,,43537 (46%); 43542 (28%); 43566 (26%)
39151711122,Stark County OH,Census Tract 7111.22,F,237,2.68,323100.0,941.0,0.58,-7.2,6.3,83.4,48.4,FAIL: not in positive-cash-flow set,6,,44720 (98%); 44721 (1%)
39109345000,Miami County OH,Census Tract 3450,P,236,2.0,145100.0,963.0,1.33,14.3,23.1,83.1,85.5,PASS,1,,45383 (92%); 45339 (8%)
39151700702,Stark County OH,Census Tract 7007.02,P,236,2.67,115900.0,808.0,1.39,16.2,33.3,76.8,90.7,PASS,1,,44709 (96%); 44718 (3%); 44714 (1%)
39153533400,Summit County OH,Census Tract 5334,P,236,3.3,173300.0,1199.0,1.38,15.9,14.3,82.9,95.6,PASS,1,,44321 (55%); 44320 (40%); 44203 (3%); 44333 (2%)
39035135105,Cuyahoga County OH,Census Tract 1351.05,P,235,6.23,387300.0,1687.0,0.87,1.1,7.6,85.9,68.3,PASS,1,,44141 (100%)
39095009205,Lucas County OH,Census Tract 92.05,P,233,3.05,285300.0,1843.0,1.29,13.3,7.8,83.1,90.7,PASS,1,,43617 (69%); 43615 (31%)
39095010600,Lucas County OH,Census Tract 106,F,233,3.05,279900.0,556.0,0.4,-12.5,29.0,79.5,36.7,FAIL: not in positive-cash-flow set,6,,43604 (100%)
39103417001,Medina County OH,Census Tract 4170.01,F,232,1.28,239000.0,946.0,0.79,-1.2,23.2,87.8,56.9,FAIL: not in positive-cash-flow set,6,,44281 (100%)
39151710600,Stark County OH,Census Tract 7106,P,232,2.62,151100.0,1111.0,1.47,18.4,18.1,83.1,98.5,PASS,1,,44601 (100%)
39153502800,Summit County OH,Census Tract 5028,P,232,3.25,117100.0,951.0,1.62,22.8,34.1,78.1,99.0,PASS,2,,44305 (100%)
39153508800,Summit County OH,Census Tract 5088,F,232,3.25,83300.0,986.0,2.37,44.2,56.5,79.8,95.0,FAIL: tenant payment risk,6,,44320 (100%)
39133601200,Portage County OH,Census Tract 6012,P,231,1.73,220400.0,925.0,0.84,0.2,40.4,84.2,71.6,PASS,2,,44240 (100%)
39035198800,Cuyahoga County OH,Census Tract 1988,P,230,6.1,97600.0,824.0,1.69,24.7,37.4,73.7,90.1,PASS,2,,44106 (55%); 44103 (45%)
39095001202,Lucas County OH,Census Tract 12.02,P,230,3.01,61700.0,461.0,1.49,19.1,27.4,69.5,89.5,PASS,1,,43611 (95%); 43608 (5%)
39035150300,Cuyahoga County OH,Census Tract 1503,F,229,6.07,,853.0,,,,,,no data,,,44112 (99%); 44108 (1%)
39035141200,Cuyahoga County OH,Census Tract 1412,F,228,6.05,281800.0,1170.0,0.83,-0.0,26.2,86.5,64.4,FAIL: not in positive-cash-flow set,6,,44106 (52%); 44118 (48%)
39035101300,Cuyahoga County OH,Census Tract 1013,P,227,6.02,137500.0,825.0,1.2,10.6,22.3,87.1,90.9,PASS,1,,44102 (94%); 44107 (6%)
39035102102,Cuyahoga County OH,Census Tract 1021.02,P,227,6.02,108700.0,966.0,1.78,27.2,26.3,85.6,99.3,PASS,1,,44111 (100%)
39043041900,Erie County OH,Census Tract 419,F,227,3.01,267500.0,1082.0,0.81,-0.7,22.5,78.5,59.9,FAIL: not in positive-cash-flow set,6,,44870 (50%); 43438 (40%); 44839 (10%)
39173021200,Wood County OH,Census Tract 212,P,227,1.13,352300.0,1554.0,0.88,1.5,23.2,84.0,69.2,PASS,1,,43402 (64%); 43551 (32%); 43525 (2%); 43414 (1%)
39035102402,Cuyahoga County OH,Census Tract 1024.02,P,226,5.99,99800.0,1024.0,2.05,35.1,40.5,79.0,95.2,PASS,3,,44102 (100%)
39035150100,Cuyahoga County OH,Census Tract 1501,P,226,5.99,39800.0,639.0,3.21,68.5,39.5,69.3,91.1,PASS,2,,44112 (100%)
39113000802,Montgomery County OH,Census Tract 8.02,F,226,2.3,83800.0,988.0,2.36,44.0,48.7,76.8,92.4,FAIL: tenant payment risk,4,,45405 (78%); 45406 (22%)
39133601000,Portage County OH,Census Tract 6010,P,225,1.69,147600.0,916.0,1.24,11.8,23.1,81.7,85.1,PASS,1,,44266 (100%)
39151710300,Stark County OH,Census Tract 7103,P,225,2.54,129200.0,800.0,1.24,11.7,31.5,83.5,86.9,PASS,1,,44601 (100%)
39093023100,Lorain County OH,Census Tract 231,F,224,3.85,85100.0,834.0,1.96,32.5,46.0,79.2,91.5,FAIL: tenant payment risk,4,,44052 (67%); 44055 (33%)
39095005902,Lucas County OH,Census Tract 59.02,P,224,2.93,153200.0,1108.0,1.45,17.7,27.3,80.5,93.0,PASS,1,,43613 (92%); 43623 (8%)
39035154200,Cuyahoga County OH,Census Tract 1542,P,223,5.91,99100.0,791.0,1.6,22.0,28.9,65.1,96.5,PASS,2,,44125 (99%); 44105 (1%)
39095002100,Lucas County OH,Census Tract 21,P,223,2.92,140700.0,614.0,0.87,1.2,31.3,76.7,66.7,PASS,1,,43620 (83%); 43606 (13%); 43604 (4%)
39143961300,Sandusky County OH,Census Tract 9613,P,223,0.99,186700.0,867.0,0.93,2.8,16.9,80.2,71.6,PASS,1,,43420 (100%)
39169001000,Wayne County OH,Census Tract 10,P,223,1.65,235800.0,1086.0,0.92,2.6,26.1,82.3,75.0,PASS,1,,44667 (100%)
39095010200,Lucas County OH,Census Tract 102,P,222,2.91,89700.0,718.0,1.6,22.2,24.2,78.2,96.2,PASS,1,,43614 (67%); 43609 (33%)
39035187103,Cuyahoga County OH,Census Tract 1871.03,P,221,5.86,201900.0,1543.0,1.53,20.1,34.4,79.4,91.5,PASS,2,,44118 (100%)
39035199300,Cuyahoga County OH,Census Tract 1993,F,221,5.86,30700.0,921.0,6.0,148.8,58.0,68.2,92.6,FAIL: tenant payment risk,6,,44112 (97%); 44110 (3%)
39113020100,Montgomery County OH,Census Tract 201,F,220,2.24,195600.0,809.0,0.83,-0.1,19.5,87.3,67.8,FAIL: not in positive-cash-flow set,6,,45409 (94%); 45419 (5%); 45439 (1%)
39035199100,Cuyahoga County OH,Census Tract 1991,P,218,5.78,46800.0,879.0,3.76,84.2,34.8,65.6,88.5,PASS,2,,44108 (55%); 44106 (35%); 44112 (10%)
39113040403,Montgomery County OH,Census Tract 404.03,P,218,2.21,236300.0,1327.0,1.12,8.4,31.2,79.5,88.1,PASS,1,,45458 (99%); 45459 (1%)
39151712400,Stark County OH,Census Tract 7124,F,218,2.46,209600.0,696.0,0.66,-4.8,16.2,77.9,45.8,FAIL: not in positive-cash-flow set,6,,44641 (61%); 44705 (28%); 44730 (11%)
39113003201,Montgomery County OH,Census Tract 32.01,P,217,2.2,189200.0,989.0,1.05,6.2,33.8,87.8,82.7,PASS,2,,45419 (87%); 45420 (13%)
39151701300,Stark County OH,Census Tract 7013,P,217,2.45,82300.0,953.0,2.32,42.7,34.0,82.4,96.7,PASS,2,,44710 (66%); 44706 (29%); 44708 (4%)
39093024200,Lorain County OH,Census Tract 242,F,216,3.71,181300.0,923.0,1.02,5.4,50.6,79.5,73.0,FAIL: tenant payment risk,5,,44053 (100%)
39151711501,Stark County OH,Census Tract 7115.01,P,216,2.44,249800.0,1286.0,1.03,5.7,39.0,82.1,78.8,PASS,2,,44708 (100%)
39157020100,Tuscarawas County OH,Census Tract 201,F,216,1.36,218100.0,854.0,0.78,-1.4,31.7,81.6,59.8,FAIL: not in positive-cash-flow set,6,,44680 (42%); 44624 (37%); 44608 (21%)
39093070500,Lorain County OH,Census Tract 705,P,215,3.7,106300.0,865.0,1.63,22.9,44.2,79.5,90.6,PASS,3,,44035 (100%)
39153505700,Summit County OH,Census Tract 5057,P,215,3.01,74500.0,1102.0,2.96,61.3,31.4,84.8,100,PASS,1,,44314 (100%)
39035114600,Cuyahoga County OH,Census Tract 1146,P,213,5.65,166200.0,717.0,0.86,0.9,29.4,87.2,67.9,PASS,1,,44127 (100%)
39035137102,Cuyahoga County OH,Census Tract 1371.02,P,213,5.65,154300.0,871.0,1.13,8.6,21.1,85.1,87.1,PASS,1,,44144 (100%)
39173020701,Wood County OH,Census Tract 207.01,F,213,1.06,255000.0,1043.0,0.82,-0.4,19.5,84.0,67.6,FAIL: not in positive-cash-flow set,6,,43551 (96%); 43619 (3%); 43465 (1%); 43460 (1%)
39035116300,Cuyahoga County OH,Census Tract 1163,F,212,5.62,31800.0,716.0,4.5,105.7,50.3,70.8,86.7,FAIL: tenant payment risk,5,,44108 (100%)
39035198700,Cuyahoga County OH,Census Tract 1987,P,212,5.62,114100.0,584.0,1.02,5.5,31.4,72.2,74.6,PASS,1,,44103 (100%)
39077916200,Huron County OH,Census Tract 9162,P,211,1.13,117100.0,1034.0,1.77,26.9,39.6,82.1,89.8,PASS,2,,44890 (53%); 44807 (32%); 44865 (15%)
39095001601,Lucas County OH,Census Tract 16.01,P,211,2.76,82600.0,877.0,2.12,37.2,40.1,76.0,93.7,PASS,2,,43610 (73%); 43608 (27%)
39173020402,Wood County OH,Census Tract 204.02,P,211,1.05,297200.0,1284.0,0.86,0.9,11.1,83.4,70.2,PASS,1,,43551 (100%)
39007000802,Ashtabula County OH,Census Tract 8.02,P,210,2.17,171300.0,792.0,0.92,2.7,20.5,82.4,71.0,PASS,1,,44041 (98%); 44010 (2%)
39035104400,Cuyahoga County OH,Census Tract 1044,P,210,5.57,228400.0,1289.0,1.13,8.6,27.2,83.2,90.7,PASS,1,,44113 (99%); 44109 (1%)
39043041300,Erie County OH,Census Tract 413,P,210,2.78,144700.0,865.0,1.2,10.5,42.5,81.5,83.5,PASS,3,,44870 (100%)
39093097500,Lorain County OH,Census Tract 975,P,210,3.61,121100.0,945.0,1.56,21.0,38.3,78.0,92.5,PASS,2,,44055 (100%)
39021010600,Champaign County OH,Census Tract 106,P,209,1.74,197900.0,1004.0,1.01,5.3,19.0,84.2,73.5,PASS,1,,43078 (100%)
39035161000,Cuyahoga County OH,Census Tract 1610,P,209,5.54,264000.0,1334.0,1.01,5.2,15.8,89.9,86.3,PASS,1,,44107 (100%)
39037555002,Darke County OH,Census Tract 5550.02,F,209,1.97,215500.0,736.0,0.68,-4.3,28.9,80.3,53.2,FAIL: not in positive-cash-flow set,6,,45331 (100%)
39095000601,Lucas County OH,Census Tract 6.01,P,209,2.74,85100.0,1194.0,2.81,56.9,31.6,82.1,99.1,PASS,1,,43612 (100%)
39113050302,Montgomery County OH,Census Tract 503.02,P,209,2.12,202000.0,1109.0,1.1,7.7,25.0,85.0,81.0,PASS,1,,45449 (90%); 45342 (10%)
39093022800,Lorain County OH,Census Tract 228,P,208,3.58,108300.0,495.0,0.91,2.4,29.1,82.0,63.6,PASS,1,,44052 (97%); 44053 (3%)
39133601703,Portage County OH,Census Tract 6017.03,P,207,1.55,271000.0,1366.0,1.01,5.1,34.0,83.5,81.7,PASS,2,,44240 (98%); 44278 (2%)
39151713300,Stark County OH,Census Tract 7133,P,207,2.34,166800.0,1040.0,1.25,12.0,36.4,84.2,87.1,PASS,2,,44706 (85%); 44646 (15%)
39153508301,Summit County OH,Census Tract 5083.01,P,207,2.9,107300.0,919.0,1.71,25.4,41.8,73.8,93.5,PASS,3,,44308 (52%); 44302 (35%); 44303 (13%); 44304 (1%)
39007000103,Ashtabula County OH,Census Tract 1.03,P,206,2.13,97400.0,806.0,1.66,23.7,36.4,77.3,96.6,PASS,2,,44030 (100%)
39035108201,Cuyahoga County OH,Census Tract 1082.01,P,206,5.46,76300.0,1140.0,2.99,62.1,42.8,77.7,97.0,PASS,3,,44114 (76%); 44103 (24%)
39095001303,Lucas County OH,Census Tract 13.03,P,206,2.7,125300.0,1167.0,1.86,29.7,8.1,90.5,100,PASS,1,,43606 (100%)
39151702300,Stark County OH,Census Tract 7023,F,206,2.33,46000.0,700.0,3.04,63.7,45.4,77.3,95.5,FAIL: tenant payment risk,4,,44707 (86%); 44706 (14%)
39151714400,Stark County OH,Census Tract 7144,F,206,2.33,255500.0,810.0,0.63,-5.7,16.4,78.3,48.4,FAIL: not in positive-cash-flow set,6,,44646 (67%); 44647 (26%); 44706 (7%)
39057220202,Greene County OH,Census Tract 2202.02,P,205,1.45,240200.0,1388.0,1.16,9.3,9.3,84.0,89.4,PASS,1,,45305 (85%); 45458 (10%); 45370 (3%); 45459 (1%)
39035120500,Cuyahoga County OH,Census Tract 1205,P,204,5.41,57500.0,886.0,3.08,64.8,25.2,82.6,98.9,PASS,1,,44104 (61%); 44105 (39%)
39037570102,Darke County OH,Census Tract 5701.02,P,204,1.92,184500.0,897.0,0.97,4.1,20.0,83.8,74.4,PASS,1,,45304 (77%); 45337 (14%); 45382 (5%); 45309 (3%)
39095005400,Lucas County OH,Census Tract 54,F,204,2.67,39500.0,789.0,3.99,91.1,56.6,83.0,94.4,FAIL: tenant payment risk,6,,43609 (100%)
39113125103,Montgomery County OH,Census Tract 1251.03,F,204,2.07,225800.0,704.0,0.62,-6.0,22.2,80.8,46.6,FAIL: not in positive-cash-flow set,6,,45322 (84%); 45315 (16%)
39085204304,Lake County OH,Census Tract 2043.04,P,203,0.84,146100.0,943.0,1.29,13.2,24.9,87.0,92.2,PASS,1,,44077 (100%)
39113000700,Montgomery County OH,Census Tract 7,F,203,2.06,,1088.0,,,,,,no data,,,45402 (97%); 45406 (3%)
39035102300,Cuyahoga County OH,Census Tract 1023,F,202,5.36,108100.0,865.0,1.6,22.1,46.0,72.8,89.9,FAIL: tenant payment risk,4,,44102 (89%); 44111 (11%)
39095007306,Lucas County OH,Census Tract 73.06,P,202,2.65,98800.0,1054.0,2.13,37.5,35.5,72.8,100,PASS,2,,43615 (94%); 43609 (6%)
39095010500,Lucas County OH,Census Tract 105,P,202,2.65,46000.0,396.0,1.72,25.6,40.8,68.3,92.8,PASS,3,,43620 (87%); 43608 (8%); 43604 (3%); 43610 (1%)
39153531502,Summit County OH,Census Tract 5315.02,P,202,2.83,269300.0,1739.0,1.29,13.2,10.7,85.2,92.3,PASS,1,,44216 (48%); 44685 (34%); 44319 (14%); 44720 (4%)
39007000704,Ashtabula County OH,Census Tract 7.04,P,201,2.08,153400.0,639.0,0.83,0.0,30.0,76.0,62.0,PASS,2,,44004 (100%)
39093023200,Lorain County OH,Census Tract 232,P,201,3.46,67000.0,822.0,2.45,46.7,37.8,77.0,97.7,PASS,2,,44055 (85%); 44052 (15%)
39095004501,Lucas County OH,Census Tract 45.01,P,201,2.63,162800.0,858.0,1.05,6.4,24.9,85.3,84.2,PASS,1,,43614 (71%); 43609 (29%)
39153520301,Summit County OH,Census Tract 5203.01,P,201,2.81,163400.0,952.0,1.17,9.6,21.6,83.5,89.5,PASS,1,,44223 (100%)
39023000700,Clark County OH,Census Tract 7,P,200,4.11,78600.0,690.0,1.76,26.6,24.1,79.3,97.9,PASS,1,,45504 (94%); 45503 (6%)
39023002404,Clark County OH,Census Tract 24.04,P,200,4.11,203100.0,961.0,0.95,3.3,14.8,79.4,77.5,PASS,1,,45503 (100%)
39109315002,Miami County OH,Census Tract 3150.02,P,200,1.7,130500.0,808.0,1.24,11.7,26.1,86.1,85.7,PASS,1,,45356 (85%); 45318 (15%)
39023000200,Clark County OH,Census Tract 2,F,199,4.09,98100.0,902.0,1.84,29.0,53.2,83.6,98.1,FAIL: tenant payment risk,5,,45506 (97%); 45505 (3%)
39085203400,Lake County OH,Census Tract 2034,P,199,0.82,203400.0,1285.0,1.26,12.4,6.3,82.6,87.4,PASS,1,,44060 (100%)
39143961500,Sandusky County OH,Census Tract 9615,P,199,0.89,109700.0,859.0,1.57,21.2,38.5,82.3,95.4,PASS,2,,43420 (100%)
39035108701,Cuyahoga County OH,Census Tract 1087.01,F,198,5.25,158300.0,499.0,0.63,-5.8,45.9,55.8,37.6,FAIL: not in positive-cash-flow set,6,,44115 (59%); 44103 (29%); 44104 (13%)
39035123400,Cuyahoga County OH,Census Tract 1234,F,198,5.25,236800.0,780.0,0.66,-5.0,22.2,85.3,53.6,FAIL: not in positive-cash-flow set,6,,44111 (100%)
39113021502,Montgomery County OH,Census Tract 215.02,P,198,2.01,175400.0,980.0,1.12,8.2,34.2,81.6,80.8,PASS,2,,45429 (90%); 45419 (10%)
39055312201,Geauga County OH,Census Tract 3122.01,F,197,1.74,310200.0,1172.0,0.76,-2.2,23.5,81.4,56.2,FAIL: not in positive-cash-flow set,6,,44024 (100%)
39113091100,Montgomery County OH,Census Tract 911,F,197,2.0,,1455.0,,,,,,no data,,,45431 (100%)
39151712114,Stark County OH,Census Tract 7121.14,F,197,2.23,277200.0,1132.0,0.82,-0.4,28.2,87.1,69.8,FAIL: not in positive-cash-flow set,6,,44720 (100%)
39153509000,Summit County OH,Census Tract 5090,F,197,2.76,59800.0,925.0,3.09,65.1,52.0,77.4,95.9,FAIL: tenant payment risk,5,,44305 (99%); 44304 (1%)
39095007600,Lucas County OH,Census Tract 76,P,196,2.57,313300.0,1731.0,1.11,7.9,13.4,83.2,77.8,PASS,1,,43615 (51%); 43606 (49%)
39157021300,Tuscarawas County OH,Census Tract 213,P,196,1.23,222600.0,938.0,0.84,0.3,26.2,87.0,61.2,PASS,2,,44681 (64%); 43804 (23%); 43824 (10%); 43840 (3%)
39023000300,Clark County OH,Census Tract 3,F,195,4.01,43300.0,801.0,3.7,82.6,59.0,62.6,88.7,FAIL: tenant payment risk,6,,45505 (100%)
39021010200,Champaign County OH,Census Tract 102,P,194,1.61,181700.0,801.0,0.88,1.4,15.9,82.9,63.1,PASS,1,,43072 (64%); 43318 (14%); 45317 (11%); 43343 (8%); 45365 (1%); 45344 (1%); 45312 (1%)
39035183502,Cuyahoga County OH,Census Tract 1835.02,F,194,5.15,349200.0,922.0,0.53,-8.7,25.7,84.6,42.2,FAIL: not in positive-cash-flow set,6,,44120 (63%); 44122 (37%)
39103417200,Medina County OH,Census Tract 4172,F,194,1.07,241000.0,920.0,0.76,-2.0,24.9,87.7,56.7,FAIL: not in positive-cash-flow set,6,,44281 (71%); 44230 (19%); 44203 (10%)
39113001501,Montgomery County OH,Census Tract 15.01,P,194,1.97,216500.0,1272.0,1.18,9.9,28.9,80.4,89.2,PASS,1,,45402 (90%); 45410 (9%); 45423 (1%)
39143961700,Sandusky County OH,Census Tract 9617,P,193,0.86,145100.0,679.0,0.94,3.0,34.2,82.4,70.9,PASS,2,,43420 (100%)
39151711402,Stark County OH,Census Tract 7114.02,F,193,2.18,324400.0,854.0,0.53,-8.8,15.0,84.8,47.4,FAIL: not in positive-cash-flow set,6,,44718 (40%); 44646 (38%); 44708 (22%)
39151711001,Stark County OH,Census Tract 7110.01,F,192,2.17,248700.0,1030.0,0.83,-0.1,31.5,80.4,63.3,FAIL: not in positive-cash-flow set,6,,44632 (53%); 44721 (37%); 44685 (10%)
39035150400,Cuyahoga County OH,Census Tract 1504,F,190,5.04,45400.0,,,,,,,no data,,,44112 (100%)
39035106900,Cuyahoga County OH,Census Tract 1069,P,189,5.01,162400.0,902.0,1.11,8.0,38.6,79.9,84.8,PASS,2,,44109 (100%)
39077916400,Huron County OH,Census Tract 9164,P,189,1.01,143200.0,884.0,1.23,11.6,21.9,81.3,80.1,PASS,1,,44837 (52%); 44890 (25%); 44865 (17%); 44878 (6%)
39085204200,Lake County OH,Census Tract 2042,F,189,0.78,144100.0,1047.0,1.45,17.9,46.5,78.4,87.8,FAIL: tenant payment risk,4,,44077 (100%)
39085205001,Lake County OH,Census Tract 2050.01,P,189,0.78,279900.0,1344.0,0.96,3.7,24.1,85.1,73.4,PASS,1,,44060 (66%); 44077 (34%)
39113165100,Montgomery County OH,Census Tract 1651,F,189,1.92,156100.0,544.0,0.7,-3.9,34.2,72.6,48.0,FAIL: not in positive-cash-flow set,6,,45402 (73%); 45417 (27%)
39035108400,Cuyahoga County OH,Census Tract 1084,F,188,4.99,79200.0,1255.0,3.17,67.3,53.9,79.1,96.1,FAIL: tenant payment risk,5,,44103 (76%); 44114 (24%)
39035120702,Cuyahoga County OH,Census Tract 1207.02,P,188,4.99,49100.0,980.0,3.99,91.0,43.2,71.5,93.0,PASS,3,,44105 (52%); 44120 (47%); 44128 (1%)
39153520106,Summit County OH,Census Tract 5201.06,P,188,2.63,172800.0,1189.0,1.38,15.7,19.4,89.3,96.6,PASS,1,,44221 (100%)
39173020300,Wood County OH,Census Tract 203,F,188,0.93,234700.0,835.0,0.71,-3.5,21.1,85.7,56.2,FAIL: not in positive-cash-flow set,6,,43551 (63%); 43460 (37%)
39035116400,Cuyahoga County OH,Census Tract 1164,F,187,4.96,83100.0,785.0,1.89,30.5,46.2,67.4,86.2,FAIL: tenant payment risk,4,,44108 (100%)
39113000900,Montgomery County OH,Census Tract 9,P,187,1.9,91400.0,872.0,1.91,31.0,30.4,80.2,95.3,PASS,1,,45405 (58%); 45406 (42%)
39035117201,Cuyahoga County OH,Census Tract 1172.01,F,186,4.93,83000.0,470.0,1.13,8.7,51.0,68.5,77.2,FAIL: tenant payment risk,5,,44110 (100%)
39151712113,Stark County OH,Census Tract 7121.13,F,186,2.1,307700.0,969.0,0.63,-5.8,16.7,88.1,54.1,FAIL: not in positive-cash-flow set,6,,44720 (100%)
39035101101,Cuyahoga County OH,Census Tract 1011.01,P,185,4.91,189700.0,866.0,0.91,2.3,37.7,72.7,69.4,PASS,2,,44102 (100%)
39023002702,Clark County OH,Census Tract 27.02,P,184,3.78,157000.0,818.0,1.04,6.1,32.4,78.5,77.7,PASS,1,,45344 (100%)
39113125102,Montgomery County OH,Census Tract 1251.02,P,184,1.87,166400.0,958.0,1.15,9.2,32.5,83.6,81.5,PASS,1,,45322 (100%)
39153533501,Summit County OH,Census Tract 5335.01,F,183,2.56,452900.0,1477.0,0.65,-5.2,15.8,86.5,49.7,FAIL: not in positive-cash-flow set,6,,44321 (84%); 44333 (16%)
39113021800,Montgomery County OH,Census Tract 218,F,182,1.85,293000.0,1068.0,0.73,-3.0,25.4,87.3,58.8,FAIL: not in positive-cash-flow set,6,,45440 (100%)
39035117700,Cuyahoga County OH,Census Tract 1177,P,181,4.8,113500.0,838.0,1.48,18.6,44.6,82.1,93.1,PASS,3,,44119 (100%)
39035121500,Cuyahoga County OH,Census Tract 1215,P,181,4.8,73300.0,1072.0,2.92,60.3,30.8,80.8,95.3,PASS,1,,44128 (100%)
39043041200,Erie County OH,Census Tract 412,F,181,2.4,89600.0,825.0,1.84,29.1,45.4,84.0,98.4,FAIL: tenant payment risk,4,,44870 (100%)
39095002900,Lucas County OH,Census Tract 29,F,181,2.37,,258.0,,,,,,no data,,,43604 (66%); 43608 (34%)
39153507300,Summit County OH,Census Tract 5073,P,181,2.53,180400.0,925.0,1.03,5.6,22.8,84.7,82.6,PASS,1,,44303 (100%)
39153532902,Summit County OH,Census Tract 5329.02,F,181,2.53,357500.0,1066.0,0.6,-6.8,31.6,83.0,45.2,FAIL: not in positive-cash-flow set,6,,44223 (66%); 44224 (20%); 44264 (13%)
39173020601,Wood County OH,Census Tract 206.01,F,181,0.9,271400.0,970.0,0.71,-3.4,16.7,89.7,55.9,FAIL: not in positive-cash-flow set,6,,43551 (100%)
39035121401,Cuyahoga County OH,Census Tract 1214.01,P,180,4.77,61800.0,1147.0,3.71,83.0,36.0,70.2,91.3,PASS,2,,44105 (98%); 44128 (2%)
39093013202,Lorain County OH,Census Tract 132.02,P,180,3.1,334900.0,1682.0,1.0,5.0,15.6,88.8,82.1,PASS,1,,44011 (100%)
39113020200,Montgomery County OH,Census Tract 202,P,180,1.83,152700.0,1033.0,1.35,15.0,12.3,82.0,91.8,PASS,1,,45409 (40%); 45439 (37%); 45429 (23%)
39151712102,Stark County OH,Census Tract 7121.02,F,180,2.03,247200.0,942.0,0.76,-2.0,27.3,84.4,55.6,FAIL: not in positive-cash-flow set,6,,44721 (96%); 44652 (4%)
39151712300,Stark County OH,Census Tract 7123,P,180,2.03,173200.0,936.0,1.08,7.2,15.0,85.1,86.9,PASS,1,,44705 (52%); 44721 (33%); 44714 (16%)
39151711111,Stark County OH,Census Tract 7111.11,F,178,2.01,237500.0,894.0,0.75,-2.3,27.2,81.3,48.0,FAIL: not in positive-cash-flow set,6,,44685 (58%); 44632 (28%); 44260 (14%)
39113050503,Montgomery County OH,Census Tract 505.03,P,177,1.8,208600.0,1283.0,1.23,11.5,19.9,75.1,91.5,PASS,1,,45342 (100%)
39169003200,Wayne County OH,Census Tract 32,F,177,1.31,224700.0,842.0,0.75,-2.4,26.1,82.6,52.7,FAIL: not in positive-cash-flow set,6,,44618 (82%); 44667 (18%)
39095008303,Lucas County OH,Census Tract 83.03,F,176,2.31,242800.0,895.0,0.74,-2.7,17.4,80.6,61.6,FAIL: not in positive-cash-flow set,6,,43623 (98%); 43615 (2%)
39153502500,Summit County OH,Census Tract 5025,P,176,2.46,72700.0,963.0,2.65,52.3,31.8,79.7,97.3,PASS,1,,44305 (100%)
39153508600,Summit County OH,Census Tract 5086,P,176,2.46,87100.0,712.0,1.63,23.1,42.8,67.4,92.3,PASS,3,,44320 (80%); 44307 (20%)
39035140701,Cuyahoga County OH,Census Tract 1407.01,P,175,4.64,190200.0,1411.0,1.48,18.8,41.7,78.9,87.3,PASS,3,,44118 (100%)
39035151800,Cuyahoga County OH,Census Tract 1518,F,175,4.64,40400.0,818.0,4.05,92.7,46.3,75.7,89.5,FAIL: tenant payment risk,4,,44112 (88%); 44108 (12%)
39109315300,Miami County OH,Census Tract 3153,P,175,1.48,78800.0,952.0,2.42,45.6,25.2,83.8,100,PASS,1,,45356 (89%); 45373 (11%)
39035154400,Cuyahoga County OH,Census Tract 1544,F,174,4.61,102900.0,1356.0,2.64,52.0,48.3,84.4,99.0,FAIL: tenant payment risk,4,,44125 (97%); 44105 (3%)
39113040302,Montgomery County OH,Census Tract 403.02,P,174,1.77,241000.0,1221.0,1.01,5.2,34.3,86.0,79.5,PASS,2,,45458 (52%); 45459 (48%)
39035121300,Cuyahoga County OH,Census Tract 1213,P,173,4.59,44500.0,632.0,2.84,57.9,44.3,63.3,93.7,PASS,3,,44105 (100%)
39035199000,Cuyahoga County OH,Census Tract 1990,P,173,4.59,24100.0,952.0,7.9,203.6,34.5,72.8,93.8,PASS,2,,44103 (71%); 44108 (27%); 44106 (2%)
39095007401,Lucas County OH,Census Tract 74.01,P,173,2.27,147100.0,1052.0,1.43,17.2,33.9,85.6,98.2,PASS,2,,43615 (88%); 43607 (12%)
39035121200,Cuyahoga County OH,Census Tract 1212,F,172,4.56,59100.0,870.0,2.94,60.8,45.8,66.5,88.2,FAIL: tenant payment risk,4,,44105 (55%); 44120 (43%); 44128 (2%)
39057200901,Greene County OH,Census Tract 2009.01,F,172,1.21,334600.0,1110.0,0.66,-4.8,30.1,91.0,54.2,FAIL: not in positive-cash-flow set,6,,45324 (92%); 45385 (8%)
39113000400,Montgomery County OH,Census Tract 4,P,172,1.75,71400.0,933.0,2.61,51.3,33.0,77.4,97.1,PASS,1,,45406 (97%); 45402 (3%)
39113165000,Montgomery County OH,Census Tract 1650,P,172,1.75,210900.0,988.0,0.94,3.0,29.1,84.7,70.1,PASS,1,,45327 (93%); 45342 (7%)
39153505300,Summit County OH,Census Tract 5053,F,172,2.41,71300.0,722.0,2.03,34.4,50.1,64.0,88.5,FAIL: tenant payment risk,5,,44301 (50%); 44311 (50%)
39077915600,Huron County OH,Census Tract 9156,P,171,0.91,170100.0,850.0,1.0,4.8,26.1,85.5,73.2,PASS,1,,44857 (100%)
39035181204,Cuyahoga County OH,Census Tract 1812.04,P,170,4.51,286800.0,1412.0,0.98,4.4,32.0,85.3,76.5,PASS,1,,44116 (100%)
39143961600,Sandusky County OH,Census Tract 9616,P,170,0.76,110600.0,747.0,1.35,15.0,28.8,75.7,92.1,PASS,1,,43420 (100%)
39035161600,Cuyahoga County OH,Census Tract 1616,F,169,4.48,292900.0,931.0,0.64,-5.6,11.3,88.2,53.5,FAIL: not in positive-cash-flow set,6,,44107 (100%)
39035123603,Cuyahoga County OH,Census Tract 1236.03,P,168,4.46,176800.0,744.0,0.84,0.3,21.3,88.2,68.3,PASS,1,,44111 (87%); 44135 (13%)
39043040200,Erie County OH,Census Tract 402,F,168,2.23,251200.0,749.0,0.6,-6.8,26.8,80.1,40.0,FAIL: not in positive-cash-flow set,6,,44089 (90%); 44839 (10%)
39173020500,Wood County OH,Census Tract 205,F,168,0.84,279900.0,1118.0,0.8,-0.9,16.3,88.8,68.8,FAIL: not in positive-cash-flow set,6,,43551 (100%)
39035105500,Cuyahoga County OH,Census Tract 1055,P,167,4.43,85700.0,774.0,1.81,28.1,26.8,75.0,96.1,PASS,1,,44109 (100%)
39035141601,Cuyahoga County OH,Census Tract 1416.01,P,167,4.43,221700.0,1600.0,1.44,17.6,27.1,89.4,91.9,PASS,1,,44118 (100%)
39035190506,Cuyahoga County OH,Census Tract 1905.06,P,167,4.43,284800.0,1313.0,0.92,2.6,11.6,87.7,71.4,PASS,1,,44138 (100%)
39113070102,Montgomery County OH,Census Tract 701.02,P,167,1.7,147000.0,1128.0,1.53,20.2,36.1,69.7,86.7,PASS,2,,45426 (80%); 45415 (20%)
39113110202,Montgomery County OH,Census Tract 1102.02,P,167,1.7,223900.0,980.0,0.88,1.3,26.3,77.2,69.3,PASS,1,,45414 (86%); 45377 (14%)
39151713900,Stark County OH,Census Tract 7139,P,167,1.89,96700.0,717.0,1.48,18.8,25.3,77.6,94.5,PASS,1,,44647 (100%)
39035183100,Cuyahoga County OH,Census Tract 1831,F,166,4.4,429100.0,1033.0,0.48,-10.1,13.5,84.7,46.1,FAIL: not in positive-cash-flow set,6,,44120 (100%)
39035195600,Cuyahoga County OH,Census Tract 1956,P,166,4.4,158500.0,876.0,1.11,7.9,14.5,84.0,85.7,PASS,1,,44146 (100%)
39085205701,Lake County OH,Census Tract 2057.01,P,166,0.69,156100.0,997.0,1.28,12.8,24.5,82.1,88.7,PASS,1,,44057 (100%)
39035177104,Cuyahoga County OH,Census Tract 1771.04,P,165,4.38,141600.0,1194.0,1.69,24.6,26.9,87.7,85.1,PASS,1,,44129 (100%)
39057220201,Greene County OH,Census Tract 2202.01,P,165,1.16,353700.0,1790.0,1.01,5.2,19.3,85.1,83.4,PASS,1,,45305 (54%); 45440 (27%); 45459 (20%)
39035119701,Cuyahoga County OH,Census Tract 1197.01,F,164,4.35,99000.0,782.0,1.58,21.5,52.9,70.9,86.9,FAIL: tenant payment risk,5,,44120 (100%)
39095001302,Lucas County OH,Census Tract 13.02,P,164,2.15,120000.0,938.0,1.56,21.1,31.3,81.3,98.0,PASS,1,,43606 (100%)
39093028100,Lorain County OH,Census Tract 281,P,163,2.8,292700.0,1806.0,1.23,11.6,28.2,82.6,86.9,PASS,1,,44054 (93%); 44035 (7%)
39093070901,Lorain County OH,Census Tract 709.01,F,163,2.8,106600.0,834.0,1.56,21.1,45.1,63.2,85.4,FAIL: tenant payment risk,4,,44035 (100%)
39095004600,Lucas County OH,Census Tract 46,P,163,2.13,47600.0,792.0,3.33,71.9,17.4,77.2,96.0,PASS,1,,43605 (100%)
39149972100,Shelby County OH,Census Tract 9721,F,163,1.39,247900.0,841.0,0.68,-4.4,7.2,86.3,53.5,FAIL: not in positive-cash-flow set,6,,45365 (100%)
39095001700,Lucas County OH,Census Tract 17,P,162,2.12,45400.0,750.0,3.3,71.2,28.3,65.0,99.6,PASS,2,,43608 (100%)
39095005101,Lucas County OH,Census Tract 51.01,F,162,2.12,33200.0,,,,,,,no data,,,43605 (100%)
39153503500,Summit County OH,Census Tract 5035,P,161,2.25,58500.0,893.0,3.05,64.0,27.1,74.0,98.7,PASS,1,,44306 (100%)
39153532202,Summit County OH,Census Tract 5322.02,P,161,2.25,276700.0,1218.0,0.88,1.4,18.8,85.3,65.7,PASS,1,,44333 (98%); 44313 (2%)
39035175110,Cuyahoga County OH,Census Tract 1751.10,P,160,4.24,151600.0,1344.0,1.77,27.1,14.7,87.8,99.8,PASS,1,,44133 (100%)
39095003000,Lucas County OH,Census Tract 30,P,160,2.1,20000.0,461.0,4.61,108.8,40.9,68.5,89.1,PASS,3,,43604 (74%); 43611 (22%); 43608 (4%)
39113020400,Montgomery County OH,Census Tract 204,P,160,1.63,272500.0,1230.0,0.9,2.0,30.2,80.0,64.3,PASS,1,,45429 (76%); 45439 (21%); 45459 (2%)
39035152201,Cuyahoga County OH,Census Tract 1522.01,P,159,4.22,116300.0,928.0,1.6,22.0,27.2,89.1,96.3,PASS,1,,44123 (100%)
39035172102,Cuyahoga County OH,Census Tract 1721.02,P,159,4.22,208500.0,1558.0,1.49,19.1,23.8,87.9,98.0,PASS,1,,44124 (92%); 44143 (8%)
39095010300,Lucas County OH,Census Tract 103,P,159,2.08,47400.0,856.0,3.61,80.1,32.7,63.6,90.6,PASS,2,,43609 (60%); 43604 (40%)
39113000300,Montgomery County OH,Census Tract 3,P,159,1.62,47300.0,967.0,4.09,93.8,27.4,75.9,95.7,PASS,1,,45406 (100%)
39035141100,Cuyahoga County OH,Census Tract 1411,P,158,4.19,226800.0,1120.0,0.99,4.5,30.3,83.1,84.9,PASS,1,,44106 (59%); 44118 (41%)
39153501700,Summit County OH,Census Tract 5017,P,158,2.21,91500.0,876.0,1.91,31.2,34.5,79.6,96.4,PASS,2,,44311 (83%); 44304 (17%)
39153510500,Summit County OH,Census Tract 5105,P,158,2.21,111200.0,799.0,1.44,17.4,31.7,81.5,87.1,PASS,1,,44203 (100%)
39035121403,Cuyahoga County OH,Census Tract 1214.03,P,157,4.16,49400.0,845.0,3.42,74.6,37.9,70.7,90.8,PASS,2,,44105 (78%); 44128 (22%)
39035154100,Cuyahoga County OH,Census Tract 1541,P,157,4.16,91700.0,1137.0,2.48,47.5,35.2,84.5,100,PASS,2,,44125 (100%)
39095010002,Lucas County OH,Census Tract 100.02,P,157,2.06,183300.0,797.0,0.87,1.1,24.3,87.4,64.7,PASS,1,,43616 (100%)
39151713600,Stark County OH,Census Tract 7136,P,157,1.77,150700.0,815.0,1.08,7.2,29.8,83.5,76.9,PASS,1,,44646 (100%)
39153510302,Summit County OH,Census Tract 5103.02,P,157,2.2,180900.0,972.0,1.07,7.0,24.4,79.4,77.6,PASS,1,,44203 (89%); 44319 (11%)
39057270100,Greene County OH,Census Tract 2701,P,156,1.1,175100.0,913.0,1.04,6.1,17.2,82.3,77.8,PASS,1,,45335 (100%)
39153501900,Summit County OH,Census Tract 5019,P,156,2.18,144500.0,660.0,0.91,2.4,42.6,69.7,68.0,PASS,3,,44311 (78%); 44307 (22%)
39153530603,Summit County OH,Census Tract 5306.03,P,156,2.18,241000.0,1264.0,1.05,6.3,32.0,81.6,80.3,PASS,1,,44224 (94%); 44221 (6%)
39035118101,Cuyahoga County OH,Census Tract 1181.01,P,155,4.11,102900.0,909.0,1.77,26.9,32.6,71.0,90.5,PASS,1,,44108 (99%); 44106 (1%)
39035119501,Cuyahoga County OH,Census Tract 1195.01,P,155,4.11,142300.0,1102.0,1.55,20.7,24.5,75.2,96.8,PASS,1,,44120 (100%)
39085201200,Lake County OH,Census Tract 2012,P,155,0.64,158400.0,1166.0,1.47,18.4,31.8,77.6,90.1,PASS,1,,44094 (100%)
39035106500,Cuyahoga County OH,Census Tract 1065,P,154,4.08,114200.0,1048.0,1.84,28.9,30.6,80.5,93.8,PASS,1,,44144 (75%); 44129 (19%); 44109 (6%)
39035121100,Cuyahoga County OH,Census Tract 1211,P,154,4.08,50900.0,1146.0,4.5,105.7,35.2,74.9,97.5,PASS,2,,44105 (97%); 44120 (3%)
39085201700,Lake County OH,Census Tract 2017,P,154,0.64,153600.0,1250.0,1.63,22.9,21.8,84.3,96.3,PASS,1,,44094 (100%)
39133600901,Portage County OH,Census Tract 6009.01,P,154,1.16,116700.0,897.0,1.54,20.3,32.6,81.1,94.8,PASS,1,,44266 (100%)
39153531406,Summit County OH,Census Tract 5314.06,P,154,2.16,286400.0,1740.0,1.22,11.0,33.9,84.8,88.8,PASS,2,,44685 (76%); 44312 (16%); 44720 (8%)
39035177201,Cuyahoga County OH,Census Tract 1772.01,P,153,4.06,153600.0,1170.0,1.52,19.9,13.6,82.1,92.3,PASS,1,,44129 (62%); 44134 (38%)
39043040700,Erie County OH,Census Tract 407,P,153,2.03,99200.0,904.0,1.82,28.5,32.7,84.3,98.0,PASS,1,,44870 (100%)
39151710800,Stark County OH,Census Tract 7108,P,153,1.73,161000.0,781.0,0.97,4.0,24.7,81.1,74.0,PASS,1,,44601 (97%); 44201 (2%); 44640 (1%)
39151713402,Stark County OH,Census Tract 7134.02,P,153,1.73,171600.0,934.0,1.09,7.4,20.7,87.6,78.8,PASS,1,,44646 (47%); 44708 (38%); 44710 (14%)
39151714801,Stark County OH,Census Tract 7148.01,P,153,1.73,156400.0,899.0,1.15,9.2,22.9,84.3,82.0,PASS,1,,44662 (49%); 44608 (42%); 44613 (6%); 44624 (2%); 44689 (1%)
39153530501,Summit County OH,Census Tract 5305.01,P,153,2.14,220400.0,1109.0,1.01,5.0,11.7,84.6,75.3,PASS,1,,44224 (99%); 44240 (1%)
39035112301,Cuyahoga County OH,Census Tract 1123.01,F,152,4.03,145500.0,,,,,,,no data,,,44103 (100%)
39093060100,Lorain County OH,Census Tract 601,P,152,2.61,170200.0,1000.0,1.18,9.9,28.4,75.9,87.5,PASS,1,,44074 (97%); 44035 (3%)
39153503701,Summit County OH,Census Tract 5037.01,P,152,2.13,151100.0,745.0,0.99,4.4,17.9,80.7,76.0,PASS,1,,44312 (94%); 44305 (6%)
39153504500,Summit County OH,Census Tract 5045,P,152,2.13,78300.0,961.0,2.45,46.7,24.8,82.6,96.1,PASS,1,,44301 (96%); 44311 (4%)
39095004200,Lucas County OH,Census Tract 42,F,151,1.98,,1307.0,,,,,,no data,,,43609 (100%)
39095004503,Lucas County OH,Census Tract 45.03,P,151,1.98,138700.0,751.0,1.08,7.2,37.6,83.8,80.2,PASS,2,,43614 (100%)
39113002600,Montgomery County OH,Census Tract 26,P,151,1.53,107300.0,981.0,1.83,28.7,25.4,84.0,91.1,PASS,1,,45410 (78%); 45420 (22%)
39153520400,Summit County OH,Census Tract 5204,P,151,2.11,166500.0,1125.0,1.35,15.0,16.0,89.5,94.9,PASS,1,,44221 (70%); 44223 (30%)
39035118200,Cuyahoga County OH,Census Tract 1182,F,149,3.95,53300.0,1027.0,3.85,87.0,46.5,70.5,89.9,FAIL: tenant payment risk,4,,44108 (95%); 44106 (5%)
39035188106,Cuyahoga County OH,Census Tract 1881.06,F,149,3.95,137700.0,1101.0,1.6,22.1,47.3,75.8,90.2,FAIL: tenant payment risk,4,,44128 (100%)
39169002901,Wayne County OH,Census Tract 29.01,F,149,1.1,227100.0,908.0,0.8,-0.9,11.4,83.6,63.1,FAIL: not in positive-cash-flow set,6,,44230 (100%)
39035116700,Cuyahoga County OH,Census Tract 1167,F,148,3.93,65500.0,1026.0,3.13,66.3,46.9,58.7,92.2,FAIL: tenant payment risk,4,,44108 (100%)
39035154501,Cuyahoga County OH,Census Tract 1545.01,P,148,3.93,110900.0,885.0,1.6,22.0,30.9,77.8,88.5,PASS,1,,44125 (100%)
39151714600,Stark County OH,Census Tract 7146,P,148,1.67,165800.0,832.0,1.0,5.0,17.9,80.6,70.9,PASS,1,,44662 (63%); 44646 (35%); 44706 (2%)
39021010400,Champaign County OH,Census Tract 104,P,147,1.22,119600.0,990.0,1.66,23.7,18.8,83.9,97.0,PASS,1,,43078 (100%)
39035140500,Cuyahoga County OH,Census Tract 1405,P,147,3.9,145000.0,1008.0,1.39,16.1,18.6,91.8,93.5,PASS,1,,44121 (100%)
39035161900,Cuyahoga County OH,Census Tract 1619,F,147,3.9,263700.0,988.0,0.75,-2.4,24.3,93.4,63.6,FAIL: not in positive-cash-flow set,6,,44107 (100%)
39113020700,Montgomery County OH,Census Tract 207,P,147,1.49,202000.0,1227.0,1.21,11.0,26.7,89.3,92.6,PASS,1,,45429 (100%)
39151713100,Stark County OH,Census Tract 7131,P,147,1.66,141900.0,828.0,1.17,9.7,15.2,81.0,87.0,PASS,1,,44730 (76%); 44707 (16%); 44641 (4%); 44704 (4%)
39153520103,Summit County OH,Census Tract 5201.03,F,147,2.06,151500.0,1104.0,1.46,18.0,45.7,87.7,90.9,FAIL: tenant payment risk,4,,44221 (100%)
39023000901,Clark County OH,Census Tract 9.01,F,146,3.0,55400.0,804.0,2.9,59.6,46.3,75.2,92.3,FAIL: tenant payment risk,4,,45506 (77%); 45504 (23%)
39035105700,Cuyahoga County OH,Census Tract 1057,P,146,3.87,130300.0,734.0,1.13,8.5,26.8,72.6,80.2,PASS,1,,44109 (100%)
39103408101,Medina County OH,Census Tract 4081.01,P,146,0.81,167400.0,954.0,1.14,8.9,37.0,75.7,82.3,PASS,2,,44256 (100%)
39151713201,Stark County OH,Census Tract 7132.01,P,146,1.65,160500.0,980.0,1.22,11.2,32.9,81.8,82.4,PASS,1,,44707 (66%); 44706 (29%); 44626 (6%)
39035134204,Cuyahoga County OH,Census Tract 1342.04,P,145,3.85,186600.0,1008.0,1.08,7.2,31.4,76.6,80.1,PASS,1,,44017 (100%)
39095001500,Lucas County OH,Census Tract 15,F,145,1.9,44700.0,940.0,4.21,97.2,62.4,77.1,87.0,FAIL: tenant payment risk,6,,43606 (45%); 43610 (45%); 43620 (10%)
39103416200,Medina County OH,Census Tract 4162,F,145,0.8,300500.0,892.0,0.59,-6.9,32.3,85.0,46.7,FAIL: not in positive-cash-flow set,6,,44212 (45%); 44256 (34%); 44280 (21%)
39153520302,Summit County OH,Census Tract 5203.02,P,145,2.03,185200.0,1128.0,1.22,11.1,8.4,87.6,89.1,PASS,1,,44223 (79%); 44221 (21%)
39153530104,Summit County OH,Census Tract 5301.04,P,145,2.03,285600.0,1385.0,0.97,4.0,32.2,87.3,74.5,PASS,1,,44087 (100%)
39019720500,Carroll County OH,Census Tract 7205,P,144,0.65,164900.0,944.0,1.14,9.0,24.0,77.5,83.4,PASS,1,,44615 (100%)
39023001500,Clark County OH,Census Tract 15,P,144,2.96,96400.0,1068.0,2.22,39.9,17.1,84.7,100,PASS,1,,45503 (100%)
39035183603,Cuyahoga County OH,Census Tract 1836.03,P,144,3.82,123100.0,734.0,1.19,10.4,11.9,83.2,93.3,PASS,1,,44120 (100%)
39035198400,Cuyahoga County OH,Census Tract 1984,F,144,3.82,132100.0,282.0,0.43,-11.7,55.8,67.7,29.1,FAIL: not in positive-cash-flow set,6,,44104 (100%)
39109365102,Miami County OH,Census Tract 3651.02,F,144,1.22,204600.0,911.0,0.89,1.7,46.3,81.9,59.7,FAIL: tenant payment risk,4,,45373 (100%)
39023001200,Clark County OH,Census Tract 12,P,143,2.94,66900.0,780.0,2.33,43.2,42.5,79.0,91.2,PASS,3,,45505 (100%)
39153530401,Summit County OH,Census Tract 5304.01,P,143,2.0,223800.0,1167.0,1.04,6.1,35.4,85.1,78.3,PASS,2,,44224 (100%)
39153530402,Summit County OH,Census Tract 5304.02,P,143,2.0,219800.0,1132.0,1.03,5.7,8.5,87.7,84.7,PASS,1,,44224 (100%)
39035183402,Cuyahoga County OH,Census Tract 1834.02,F,142,3.77,218900.0,919.0,0.84,0.2,48.1,79.7,64.2,FAIL: tenant payment risk,4,,44120 (100%)
39113050401,Montgomery County OH,Census Tract 504.01,P,142,1.44,232400.0,1118.0,0.96,3.8,28.3,86.3,69.6,PASS,1,,45342 (100%)
39151711322,Stark County OH,Census Tract 7113.22,F,142,1.6,252300.0,900.0,0.71,-3.4,22.6,80.3,55.4,FAIL: not in positive-cash-flow set,6,,44718 (88%); 44708 (12%)
39153532999,Summit County OH,Census Tract 5329.99,P,142,1.99,299000.0,1250.0,0.84,0.1,28.7,84.8,63.3,PASS,1,,44685 (69%); 44720 (26%); 44312 (5%)
39007000500,Ashtabula County OH,Census Tract 5,P,141,1.46,98100.0,794.0,1.62,22.7,28.1,80.7,88.0,PASS,1,,44004 (100%)
39035111401,Cuyahoga County OH,Census Tract 1114.01,F,141,3.74,49700.0,773.0,3.11,65.6,61.3,58.3,85.3,FAIL: tenant payment risk,6,,44108 (100%)
39051040800,Fulton County OH,Census Tract 408,P,141,0.73,169800.0,796.0,0.94,3.1,25.3,84.0,63.7,PASS,1,,43521 (50%); 43502 (42%); 43567 (5%); 43570 (3%); 43557 (1%)
39093010400,Lorain County OH,Census Tract 104,P,141,2.42,248700.0,1471.0,1.18,10.1,15.9,86.7,90.1,PASS,1,,44012 (100%)
39095000900,Lucas County OH,Census Tract 9,F,141,1.85,39600.0,957.0,4.83,115.2,51.7,74.5,94.7,FAIL: tenant payment risk,5,,43612 (73%); 43608 (27%)
39095008802,Lucas County OH,Census Tract 88.02,F,141,1.85,218400.0,844.0,0.77,-1.7,35.4,81.3,55.5,FAIL: not in positive-cash-flow set,6,,43528 (100%)
39153501100,Summit County OH,Census Tract 5011,F,141,1.97,121700.0,1278.0,2.1,36.5,48.0,76.9,96.9,FAIL: tenant payment risk,4,,44304 (55%); 44310 (32%); 44305 (10%); 44308 (3%)
39133600402,Portage County OH,Census Tract 6004.02,F,140,1.05,298800.0,1096.0,0.73,-2.8,22.1,85.1,56.5,FAIL: not in positive-cash-flow set,6,,44241 (93%); 44266 (5%); 44240 (2%)
39149971500,Shelby County OH,Census Tract 9715,F,140,1.2,243200.0,981.0,0.81,-0.7,13.9,86.7,60.8,FAIL: not in positive-cash-flow set,6,,45302 (44%); 45306 (32%); 45871 (12%); 45869 (9%); 45865 (3%); 45336 (1%)
39035114800,Cuyahoga County OH,Census Tract 1148,F,139,3.69,,330.0,,,,,,no data,,,44104 (100%)
39035123502,Cuyahoga County OH,Census Tract 1235.02,P,139,3.69,159300.0,856.0,1.07,7.0,36.5,87.4,82.3,PASS,2,,44111 (100%)
39093097202,Lorain County OH,Census Tract 972.02,P,139,2.39,250100.0,1185.0,0.95,3.3,30.8,85.9,64.4,PASS,1,,44053 (100%)
39153505600,Summit County OH,Census Tract 5056,F,139,1.95,51500.0,851.0,3.3,71.2,51.2,70.3,91.7,FAIL: tenant payment risk,5,,44301 (72%); 44314 (28%)
39035114501,Cuyahoga County OH,Census Tract 1145.01,F,138,3.66,,676.0,,,,,,no data,,,44104 (78%); 44105 (11%); 44127 (10%)
39035177302,Cuyahoga County OH,Census Tract 1773.02,P,138,3.66,186400.0,1120.0,1.2,10.7,21.9,84.5,88.0,PASS,1,,44134 (100%)
39035199200,Cuyahoga County OH,Census Tract 1992,P,138,3.66,55700.0,937.0,3.36,72.9,29.8,78.8,95.4,PASS,1,,44108 (100%)
39077915900,Huron County OH,Census Tract 9159,P,138,0.74,182800.0,991.0,1.08,7.3,22.1,85.3,74.4,PASS,1,,44847 (52%); 44811 (35%); 44857 (7%); 44890 (6%)
39093094102,Lorain County OH,Census Tract 941.02,F,138,2.37,283700.0,920.0,0.65,-5.3,19.5,82.6,47.8,FAIL: not in positive-cash-flow set,6,,44050 (77%); 44044 (22%); 44074 (1%)
39109380100,Miami County OH,Census Tract 3801,F,138,1.17,345400.0,1410.0,0.82,-0.4,15.3,85.3,64.8,FAIL: not in positive-cash-flow set,6,,45371 (68%); 45344 (29%); 45424 (4%)
39113002300,Montgomery County OH,Census Tract 23,P,138,1.4,43000.0,913.0,4.25,98.3,41.8,78.4,96.9,PASS,3,,45403 (100%)
39035132302,Cuyahoga County OH,Census Tract 1323.02,P,136,3.61,128200.0,979.0,1.53,20.0,30.4,81.4,89.3,PASS,1,,44146 (100%)
39023003700,Clark County OH,Census Tract 37,F,135,2.78,226200.0,822.0,0.73,-3.0,31.4,80.4,51.9,FAIL: not in positive-cash-flow set,6,,45504 (49%); 45503 (39%); 45502 (12%)
39035173106,Cuyahoga County OH,Census Tract 1731.06,P,135,3.58,216300.0,1147.0,1.06,6.6,17.5,86.8,86.0,PASS,1,,44130 (100%)
39095006200,Lucas County OH,Census Tract 62,P,135,1.77,139000.0,772.0,1.11,8.0,41.0,80.9,73.0,PASS,3,,43613 (97%); 43612 (3%)
39151710400,Stark County OH,Census Tract 7104,F,135,1.53,,572.0,,,,,,no data,,,44601 (100%)
39151702500,Stark County OH,Census Tract 7025,P,134,1.51,59500.0,812.0,2.73,54.7,31.8,82.4,100,PASS,1,,44706 (99%); 44707 (1%)
39153506500,Summit County OH,Census Tract 5065,P,134,1.88,75600.0,1041.0,2.75,55.4,43.9,76.9,96.6,PASS,3,,44320 (86%); 44302 (14%)
39153532703,Summit County OH,Census Tract 5327.03,F,134,1.88,248500.0,,,,,,,no data,,,44067 (100%)
39153534000,Summit County OH,Census Tract 5340,P,134,1.88,489000.0,2637.0,1.08,7.1,29.6,84.8,77.4,PASS,1,,44236 (92%); 44224 (7%); 44264 (2%)
39157021700,Tuscarawas County OH,Census Tract 217,P,134,0.84,129700.0,810.0,1.25,12.0,39.7,71.0,85.9,PASS,2,,43832 (92%); 43840 (6%); 43749 (1%)
39023003400,Clark County OH,Census Tract 34,P,133,2.74,116700.0,829.0,1.42,17.0,38.4,77.0,90.4,PASS,2,,45504 (66%); 45503 (14%); 45505 (8%); 45502 (8%); 45506 (4%); 45501 (1%)
39095002401,Lucas County OH,Census Tract 24.01,P,133,1.74,89600.0,963.0,2.15,38.0,44.4,82.1,100,PASS,3,,43607 (100%)
39095008906,Lucas County OH,Census Tract 89.06,F,133,1.74,275500.0,938.0,0.68,-4.3,26.5,78.1,42.9,FAIL: not in positive-cash-flow set,6,,43566 (100%)
39113004200,Montgomery County OH,Census Tract 42,P,133,1.35,126400.0,828.0,1.31,13.8,31.7,76.0,83.4,PASS,1,,45417 (100%)
39151712000,Stark County OH,Census Tract 7120,P,133,1.5,226400.0,1122.0,0.99,4.6,16.9,84.2,77.4,PASS,1,,44720 (100%)
39169000900,Wayne County OH,Census Tract 9,F,133,0.99,229200.0,941.0,0.82,-0.3,13.0,85.9,63.1,FAIL: not in positive-cash-flow set,6,,44677 (45%); 44667 (29%); 44691 (16%); 44276 (7%); 44645 (3%)
39051040701,Fulton County OH,Census Tract 407.01,P,132,0.68,166200.0,888.0,1.07,6.8,14.3,84.3,84.4,PASS,1,,43567 (100%)
39095006700,Lucas County OH,Census Tract 67,F,132,1.73,95600.0,911.0,1.91,30.9,51.9,80.6,92.6,FAIL: tenant payment risk,5,,43607 (100%)
39095008905,Lucas County OH,Census Tract 89.05,P,132,1.73,324700.0,1462.0,0.9,2.0,22.5,84.6,65.1,PASS,1,,43566 (100%)
39153532706,Summit County OH,Census Tract 5327.06,P,132,1.85,232000.0,1599.0,1.38,15.7,13.0,83.8,93.5,PASS,1,,44067 (90%); 44264 (10%)
39093070300,Lorain County OH,Census Tract 703,P,131,2.25,127100.0,777.0,1.22,11.3,26.0,78.7,81.6,PASS,1,,44035 (95%); 44053 (5%)
39095002000,Lucas County OH,Census Tract 20,P,131,1.72,33000.0,1044.0,6.33,158.3,32.8,78.5,90.7,PASS,1,,43611 (100%)
39109315001,Miami County OH,Census Tract 3150.01,F,131,1.11,244600.0,868.0,0.71,-3.5,22.8,81.9,44.4,FAIL: not in positive-cash-flow set,6,,45356 (100%)
39095001400,Lucas County OH,Census Tract 14,P,130,1.7,76600.0,772.0,2.02,34.1,31.9,79.0,91.3,PASS,1,,43606 (98%); 43607 (2%)
39095003902,Lucas County OH,Census Tract 39.02,P,130,1.7,72800.0,981.0,2.7,53.7,37.2,81.3,93.4,PASS,2,,43609 (100%)
39095009206,Lucas County OH,Census Tract 92.06,P,130,1.7,255400.0,1503.0,1.18,9.9,37.9,82.0,85.0,PASS,2,,43617 (50%); 43560 (46%); 43615 (3%)
39021011505,Champaign County OH,Census Tract 115.05,F,129,1.07,214700.0,807.0,0.75,-2.3,20.4,82.8,55.6,FAIL: not in positive-cash-flow set,6,,43044 (100%)
39007000603,Ashtabula County OH,Census Tract 6.03,F,127,1.31,211900.0,690.0,0.65,-5.2,27.5,80.2,44.2,FAIL: not in positive-cash-flow set,6,,44004 (86%); 44041 (14%)
39095005701,Lucas County OH,Census Tract 57.01,P,127,1.66,136400.0,883.0,1.29,13.3,24.1,83.4,88.6,PASS,1,,43612 (100%)
39103415300,Medina County OH,Census Tract 4153,P,127,0.7,214400.0,1222.0,1.14,8.9,28.1,84.5,87.1,PASS,1,,44212 (100%)
39103417100,Medina County OH,Census Tract 4171,P,127,0.7,242900.0,1358.0,1.12,8.3,24.5,84.5,80.7,PASS,1,,44281 (100%)
39133601503,Portage County OH,Census Tract 6015.03,F,127,0.95,249800.0,1101.0,0.88,1.4,63.3,79.9,64.1,FAIL: tenant payment risk,6,,44240 (100%)
39151711121,Stark County OH,Census Tract 7111.21,F,127,1.44,287400.0,970.0,0.68,-4.5,9.4,84.2,51.8,FAIL: not in positive-cash-flow set,6,,44685 (89%); 44720 (10%); 44632 (2%)
39153504200,Summit County OH,Census Tract 5042,F,127,1.78,48500.0,1063.0,4.38,102.3,46.7,76.9,91.5,FAIL: tenant payment risk,4,,44311 (100%)
39035117102,Cuyahoga County OH,Census Tract 1171.02,F,126,3.34,49000.0,1144.0,4.67,110.5,49.3,81.4,90.7,FAIL: tenant payment risk,4,,44110 (100%)
39077915400,Huron County OH,Census Tract 9154,F,126,0.67,222800.0,848.0,0.76,-2.0,11.0,84.2,48.7,FAIL: not in positive-cash-flow set,6,,44889 (56%); 44826 (31%); 44857 (13%)
39095000400,Lucas County OH,Census Tract 4,P,126,1.65,81000.0,1084.0,2.68,53.1,23.6,89.1,95.7,PASS,1,,43612 (100%)
39095007502,Lucas County OH,Census Tract 75.02,P,126,1.65,162300.0,1089.0,1.34,14.7,38.6,86.1,88.4,PASS,2,,43615 (100%)
39113050402,Montgomery County OH,Census Tract 504.02,P,126,1.28,132200.0,947.0,1.43,17.3,34.3,88.2,94.3,PASS,2,,45342 (100%)
39151711321,Stark County OH,Census Tract 7113.21,P,126,1.42,294500.0,1385.0,0.94,3.1,23.3,81.0,73.7,PASS,1,,44720 (69%); 44718 (31%)
39035175108,Cuyahoga County OH,Census Tract 1751.08,P,125,3.32,162600.0,1201.0,1.48,18.6,25.5,80.5,94.7,PASS,1,,44133 (100%)
39043040500,Erie County OH,Census Tract 405,P,125,1.66,224800.0,982.0,0.87,1.2,16.0,86.1,71.0,PASS,1,,44839 (100%)
39113001200,Montgomery County OH,Census Tract 12,F,125,1.27,58400.0,825.0,2.83,57.4,50.2,79.9,92.8,FAIL: tenant payment risk,5,,45405 (100%)
39113003000,Montgomery County OH,Census Tract 30,P,124,1.26,126500.0,968.0,1.53,20.1,28.7,85.6,99.0,PASS,1,,45420 (100%)
39157021501,Tuscarawas County OH,Census Tract 215.01,P,124,0.78,209600.0,1015.0,0.97,3.9,23.0,78.8,69.6,PASS,1,,44663 (100%)
39169000500,Wayne County OH,Census Tract 5,P,124,0.92,191400.0,923.0,0.96,3.8,20.0,83.8,71.8,PASS,1,,44691 (100%)
39095005200,Lucas County OH,Census Tract 52,P,123,1.61,72100.0,760.0,2.11,36.8,36.0,77.4,88.4,PASS,2,,43605 (100%)
39023000500,Clark County OH,Census Tract 5,P,122,2.51,54800.0,835.0,3.05,63.8,18.0,72.5,98.6,PASS,1,,45503 (100%)
39035196200,Cuyahoga County OH,Census Tract 1962,F,122,3.24,,1067.0,,,,,,no data,,,44132 (100%)
39095008000,Lucas County OH,Census Tract 80,P,122,1.6,233100.0,1049.0,0.9,2.0,43.3,79.5,58.3,PASS,3,,43623 (59%); 43560 (41%)
39035112100,Cuyahoga County OH,Census Tract 1121,P,120,3.18,36900.0,408.0,2.21,39.7,31.9,67.1,92.8,PASS,2,,44103 (100%)
39035131104,Cuyahoga County OH,Census Tract 1311.04,P,120,3.18,451700.0,2065.0,0.91,2.4,28.8,75.6,71.5,PASS,1,,44122 (100%)
39057260100,Greene County OH,Census Tract 2601,F,120,0.85,308900.0,882.0,0.57,-7.5,17.6,77.8,41.3,FAIL: not in positive-cash-flow set,6,,45314 (61%); 45335 (21%); 45385 (9%); 45368 (7%); 43153 (2%)
39113002000,Montgomery County OH,Census Tract 20,F,120,1.22,72600.0,796.0,2.19,39.2,50.0,76.6,93.9,FAIL: tenant payment risk,5,,45403 (100%)
39153503702,Summit County OH,Census Tract 5037.02,P,120,1.68,138800.0,1006.0,1.45,17.8,26.4,80.6,86.8,PASS,1,,44312 (94%); 44305 (6%)
39157021100,Tuscarawas County OH,Census Tract 211,P,120,0.76,168100.0,939.0,1.12,8.2,29.4,78.9,83.3,PASS,1,,44622 (89%); 44663 (11%)
39113040203,Montgomery County OH,Census Tract 402.03,P,119,1.21,237000.0,1119.0,0.94,3.2,11.2,82.1,74.2,PASS,1,,45459 (70%); 45440 (30%)
39153507400,Summit County OH,Census Tract 5074,F,119,1.67,222000.0,846.0,0.76,-2.0,42.7,64.9,48.6,FAIL: not in positive-cash-flow set,6,,44303 (46%); 44304 (37%); 44310 (14%); 44308 (3%)
39093071400,Lorain County OH,Census Tract 714,P,118,2.03,107600.0,944.0,1.75,26.6,34.1,76.4,94.2,PASS,2,,44035 (100%)
39095001602,Lucas County OH,Census Tract 16.02,P,118,1.55,99600.0,1150.0,2.31,42.6,43.3,84.2,94.7,PASS,3,,43610 (100%)
39095004000,Lucas County OH,Census Tract 40,F,117,1.53,45100.0,,,,,,,no data,,,43609 (100%)
39133600103,Portage County OH,Census Tract 6001.03,P,117,0.88,184300.0,893.0,0.97,4.0,24.4,80.8,67.6,PASS,1,,44231 (98%); 44491 (2%)
39023000400,Clark County OH,Census Tract 4,P,116,2.39,77400.0,748.0,1.93,31.7,31.1,75.3,98.2,PASS,1,,45505 (93%); 45503 (7%)
39035108301,Cuyahoga County OH,Census Tract 1083.01,P,116,3.08,113000.0,942.0,1.67,24.1,30.9,83.7,98.2,PASS,1,,44114 (45%); 44103 (42%); 44115 (14%)
39035155101,Cuyahoga County OH,Census Tract 1551.01,F,116,3.08,444900.0,,,,,,,no data,,,44143 (100%)
39043041702,Erie County OH,Census Tract 417.02,P,116,1.54,190900.0,965.0,1.01,5.2,31.8,79.1,71.3,PASS,1,,44870 (65%); 44824 (21%); 43464 (14%)
39153505500,Summit County OH,Census Tract 5055,P,116,1.62,95200.0,952.0,2.0,33.6,33.1,84.5,95.6,PASS,1,,44314 (100%)
39007000703,Ashtabula County OH,Census Tract 7.03,P,115,1.19,56800.0,948.0,3.34,72.2,32.0,78.1,91.9,PASS,1,,44004 (100%)
39051040500,Fulton County OH,Census Tract 405,F,115,0.6,216600.0,882.0,0.81,-0.5,10.9,86.1,57.9,FAIL: not in positive-cash-flow set,6,,43515 (48%); 43567 (32%); 43533 (19%); 43532 (1%)
39055312300,Geauga County OH,Census Tract 3123,F,115,1.01,209700.0,778.0,0.74,-2.6,32.2,80.3,50.4,FAIL: not in positive-cash-flow set,6,,44062 (98%); 44046 (2%)
39113021501,Montgomery County OH,Census Tract 215.01,P,115,1.17,157900.0,1300.0,1.65,23.5,28.3,88.0,97.0,PASS,1,,45429 (91%); 45420 (9%)
39143962200,Sandusky County OH,Census Tract 9622,P,115,0.51,159600.0,712.0,0.89,1.7,22.4,77.6,67.5,PASS,1,,44811 (100%)
39173020602,Wood County OH,Census Tract 206.02,P,115,0.57,402600.0,1896.0,0.94,3.2,16.0,85.0,72.8,PASS,1,,43551 (100%)
39173022400,Wood County OH,Census Tract 224,P,115,0.57,118000.0,797.0,1.35,15.0,19.8,80.2,89.3,PASS,1,,45872 (99%); 45889 (1%)
39007000602,Ashtabula County OH,Census Tract 6.02,P,114,1.18,131400.0,900.0,1.37,15.5,36.6,76.1,80.4,PASS,2,,44004 (100%)
39023002701,Clark County OH,Census Tract 27.01,P,114,2.34,108900.0,853.0,1.57,21.2,39.2,79.2,93.1,PASS,2,,45344 (100%)
39031961800,Coshocton County OH,Census Tract 9618,P,114,1.04,130500.0,692.0,1.06,6.6,36.2,80.5,74.5,PASS,2,,43845 (70%); 43832 (20%); 43812 (7%); 43749 (3%)
39113001700,Montgomery County OH,Census Tract 17,P,114,1.16,47700.0,615.0,2.58,50.3,36.9,73.3,97.2,PASS,2,,45404 (100%)
39153504600,Summit County OH,Census Tract 5046,P,114,1.6,68400.0,1033.0,3.02,63.0,21.5,78.5,99.0,PASS,1,,44306 (54%); 44301 (26%); 44311 (20%)
39043040400,Erie County OH,Census Tract 404,F,113,1.5,247100.0,859.0,0.7,-3.9,30.8,77.9,37.8,FAIL: not in positive-cash-flow set,6,,44839 (87%); 44870 (13%)
39057240500,Greene County OH,Census Tract 2405,F,113,0.8,214300.0,852.0,0.8,-1.1,25.9,81.2,59.0,FAIL: not in positive-cash-flow set,6,,45385 (100%)
39093023000,Lorain County OH,Census Tract 230,P,113,1.94,109000.0,919.0,1.69,24.6,42.2,82.1,86.6,PASS,3,,44052 (100%)
39093023300,Lorain County OH,Census Tract 233,P,113,1.94,90800.0,984.0,2.17,38.5,37.3,74.1,97.0,PASS,2,,44052 (88%); 44055 (12%)
39095002700,Lucas County OH,Census Tract 27,F,113,1.48,,762.0,,,,,,no data,,,43604 (100%)
39153501800,Summit County OH,Census Tract 5018,P,113,1.58,89500.0,999.0,2.23,40.3,24.5,83.8,97.2,PASS,1,,44307 (100%)
39035132301,Cuyahoga County OH,Census Tract 1323.01,P,112,2.97,143900.0,1126.0,1.56,21.1,29.1,83.1,94.4,PASS,1,,44146 (100%)
39057210602,Greene County OH,Census Tract 2106.02,P,112,0.79,242700.0,1617.0,1.33,14.4,29.5,83.8,89.4,PASS,1,,45434 (87%); 45432 (9%); 45301 (4%)
39085201300,Lake County OH,Census Tract 2013,P,111,0.46,223300.0,1433.0,1.28,13.0,45.0,77.3,85.9,PASS,3,,44094 (100%)
39093022601,Lorain County OH,Census Tract 226.01,P,111,1.91,154300.0,1051.0,1.36,15.3,41.6,78.6,88.2,PASS,3,,44053 (99%); 44052 (1%)
39103415801,Medina County OH,Census Tract 4158.01,P,111,0.61,325700.0,1395.0,0.86,0.7,31.9,90.8,65.9,PASS,1,,44212 (100%)
39133601100,Portage County OH,Census Tract 6011,P,111,0.83,168900.0,837.0,0.99,4.6,14.4,85.5,71.2,PASS,1,,44266 (100%)
39153502102,Summit County OH,Census Tract 5021.02,P,111,1.55,132800.0,951.0,1.43,17.3,40.9,81.0,90.6,PASS,3,,44310 (100%)
39035109801,Cuyahoga County OH,Census Tract 1098.01,F,110,2.92,,267.0,,,,,,no data,,,44104 (100%)
39035172104,Cuyahoga County OH,Census Tract 1721.04,F,110,2.92,407100.0,1185.0,0.58,-7.2,18.5,83.9,46.6,FAIL: not in positive-cash-flow set,6,,44124 (74%); 44143 (26%)
39085206700,Lake County OH,Census Tract 2067,P,110,0.45,185400.0,1205.0,1.3,13.5,29.0,81.4,85.1,PASS,1,,44057 (93%); 44041 (7%)
39103408102,Medina County OH,Census Tract 4081.02,F,110,0.61,275900.0,1100.0,0.8,-1.0,22.7,84.5,56.4,FAIL: not in positive-cash-flow set,6,,44256 (100%)
39151712800,Stark County OH,Census Tract 7128,P,110,1.24,198900.0,836.0,0.84,0.3,19.9,82.0,61.8,PASS,2,,44601 (52%); 44641 (17%); 44669 (14%); 44634 (9%); 44657 (8%)
39153503100,Summit County OH,Census Tract 5031,F,110,1.54,53800.0,796.0,2.96,61.3,62.6,76.9,94.8,FAIL: tenant payment risk,6,,44306 (100%)
39169003500,Wayne County OH,Census Tract 35,F,110,0.82,207400.0,710.0,0.68,-4.2,24.6,80.5,42.1,FAIL: not in positive-cash-flow set,6,,44270 (63%); 44276 (37%)
39173020401,Wood County OH,Census Tract 204.01,F,110,0.55,323600.0,971.0,0.6,-6.7,34.4,84.3,48.5,FAIL: not in positive-cash-flow set,6,,43551 (100%)
39173021902,Wood County OH,Census Tract 219.02,P,110,0.55,198900.0,836.0,0.84,0.3,38.5,82.8,66.0,PASS,2,,43402 (100%)
39007000400,Ashtabula County OH,Census Tract 4,P,109,1.13,97900.0,743.0,1.52,19.8,23.0,78.7,88.5,PASS,1,,44004 (100%)
39035117800,Cuyahoga County OH,Census Tract 1178,F,109,2.89,59600.0,1034.0,3.47,76.0,49.5,75.7,92.2,FAIL: tenant payment risk,5,,44110 (82%); 44117 (18%)
39035124600,Cuyahoga County OH,Census Tract 1246,F,109,2.89,86200.0,1165.0,2.7,53.9,46.7,79.0,96.0,FAIL: tenant payment risk,4,,44135 (89%); 44130 (11%)
39035140800,Cuyahoga County OH,Census Tract 1408,P,109,2.89,218600.0,1243.0,1.14,8.8,42.6,79.7,86.9,PASS,3,,44118 (55%); 44121 (45%)
39151714302,Stark County OH,Census Tract 7143.02,P,109,1.23,161200.0,832.0,1.03,5.8,39.0,78.4,73.4,PASS,2,,44646 (100%)
39057240100,Greene County OH,Census Tract 2401,F,108,0.76,198900.0,689.0,0.69,-4.0,31.3,78.8,47.4,FAIL: not in positive-cash-flow set,6,,45385 (100%)
39113070300,Montgomery County OH,Census Tract 703,F,108,1.1,73400.0,852.0,2.32,42.9,48.8,80.8,94.5,FAIL: tenant payment risk,4,,45426 (51%); 45417 (49%)
39035152501,Cuyahoga County OH,Census Tract 1525.01,P,107,2.84,105800.0,1384.0,2.62,51.4,24.8,83.7,97.8,PASS,1,,44119 (62%); 44123 (38%)
39035177406,Cuyahoga County OH,Census Tract 1774.06,P,107,2.84,159500.0,1313.0,1.65,23.5,18.9,87.1,95.3,PASS,1,,44134 (70%); 44129 (30%)
39043041000,Erie County OH,Census Tract 410,P,107,1.42,103800.0,864.0,1.66,24.0,27.7,77.0,98.4,PASS,1,,44870 (100%)
39113050104,Montgomery County OH,Census Tract 501.04,P,107,1.09,221100.0,1246.0,1.13,8.5,29.1,75.0,85.8,PASS,1,,45459 (82%); 45449 (18%)
39113100202,Montgomery County OH,Census Tract 1002.02,P,107,1.09,150200.0,1323.0,1.76,26.8,28.6,87.3,94.6,PASS,1,,45424 (100%)
39153531802,Summit County OH,Census Tract 5318.02,P,107,1.5,184400.0,793.0,0.86,0.8,14.7,83.3,67.5,PASS,1,,44319 (91%); 44306 (8%); 44312 (1%)
39157020200,Tuscarawas County OH,Census Tract 202,F,107,0.67,230000.0,860.0,0.75,-2.4,27.8,84.2,51.9,FAIL: not in positive-cash-flow set,6,,44622 (48%); 44612 (43%); 44680 (9%)
39055311300,Geauga County OH,Census Tract 3113,F,106,0.93,244800.0,970.0,0.79,-1.1,26.2,83.6,58.2,FAIL: not in positive-cash-flow set,6,,44021 (86%); 44062 (13%); 44024 (1%)
39095000800,Lucas County OH,Census Tract 8,P,106,1.39,48500.0,927.0,3.82,86.1,29.2,78.4,96.9,PASS,1,,43610 (92%); 43612 (7%); 43608 (1%)
39095007202,Lucas County OH,Census Tract 72.02,P,106,1.39,191500.0,818.0,0.85,0.7,35.4,81.7,63.4,PASS,2,,43614 (100%)
39143961000,Sandusky County OH,Census Tract 9610,F,106,0.47,192600.0,692.0,0.72,-3.3,25.3,84.3,49.2,FAIL: not in positive-cash-flow set,6,,43469 (43%); 43431 (39%); 43416 (8%); 43442 (6%); 43430 (4%)
39031961300,Coshocton County OH,Census Tract 9613,F,105,0.96,128500.0,532.0,0.83,-0.1,25.7,75.9,53.4,FAIL: not in positive-cash-flow set,6,,43812 (100%)
39057210401,Greene County OH,Census Tract 2104.01,P,105,0.74,301200.0,1298.0,0.86,0.9,27.8,85.1,66.0,PASS,1,,45440 (100%)
39095002402,Lucas County OH,Census Tract 24.02,P,105,1.38,61500.0,890.0,2.89,59.4,32.2,79.6,90.6,PASS,1,,43607 (84%); 43606 (16%)
39157022002,Tuscarawas County OH,Census Tract 220.02,P,105,0.66,103700.0,926.0,1.79,27.5,25.8,78.4,96.9,PASS,1,,44683 (94%); 44699 (6%)
39143962100,Sandusky County OH,Census Tract 9621,P,104,0.46,202700.0,1071.0,1.06,6.5,33.1,81.6,76.1,PASS,1,,43410 (41%); 44811 (29%); 43464 (27%); 44824 (2%); 44836 (1%)
39007001402,Ashtabula County OH,Census Tract 14.02,P,103,1.06,151700.0,872.0,1.15,9.2,35.2,79.4,75.0,PASS,2,,44076 (64%); 44085 (28%); 44047 (8%)
39151711002,Stark County OH,Census Tract 7110.02,F,103,1.16,299700.0,842.0,0.56,-7.8,12.1,86.1,40.3,FAIL: not in positive-cash-flow set,6,,44632 (87%); 44721 (13%)
39153531002,Summit County OH,Census Tract 5310.02,P,103,1.44,121000.0,1211.0,2.0,33.7,18.5,77.2,83.9,PASS,1,,44312 (100%)
39035151500,Cuyahoga County OH,Census Tract 1515,P,102,2.71,65500.0,841.0,2.57,50.0,44.4,74.5,89.9,PASS,3,,44112 (100%)
39035123100,Cuyahoga County OH,Census Tract 1231,P,101,2.68,224400.0,1146.0,1.02,5.5,22.0,84.5,81.3,PASS,1,,44111 (99%); 44107 (1%)
39113070500,Montgomery County OH,Census Tract 705,P,101,1.03,132700.0,1048.0,1.58,21.5,34.0,78.7,93.0,PASS,2,,45426 (100%)
39169001200,Wayne County OH,Census Tract 12,P,101,0.75,140900.0,739.0,1.05,6.3,37.1,81.8,78.4,PASS,2,,44667 (100%)
39035140600,Cuyahoga County OH,Census Tract 1406,P,100,2.65,169400.0,1833.0,2.16,38.4,29.4,76.3,91.7,PASS,1,,44118 (100%)
39057200500,Greene County OH,Census Tract 2005,P,100,0.71,121800.0,1155.0,1.9,30.7,22.4,76.0,97.1,PASS,1,,45324 (100%)
39133600200,Portage County OH,Census Tract 6002,F,100,0.75,265500.0,969.0,0.73,-2.9,14.2,86.6,50.5,FAIL: not in positive-cash-flow set,6,,44255 (84%); 44202 (14%); 44234 (2%)
39151701800,Stark County OH,Census Tract 7018,P,100,1.13,49000.0,716.0,2.92,60.2,41.1,75.8,93.0,PASS,3,,44704 (45%); 44705 (36%); 44730 (16%); 44707 (2%); 44702 (1%)
39153530108,Summit County OH,Census Tract 5301.08,F,100,1.4,382400.0,1366.0,0.71,-3.4,29.6,81.1,50.2,FAIL: not in positive-cash-flow set,6,,44087 (81%); 44202 (19%)
39007001102,Ashtabula County OH,Census Tract 11.02,P,99,1.02,205100.0,1043.0,1.02,5.3,27.6,82.8,70.8,PASS,1,,44047 (79%); 44004 (10%); 44010 (10%)
39019720200,Carroll County OH,Census Tract 7202,P,99,0.45,147300.0,862.0,1.17,9.8,26.2,81.6,83.7,PASS,1,,44657 (78%); 44644 (20%); 44625 (2%)
39113001802,Montgomery County OH,Census Tract 18.02,F,99,1.01,66700.0,1005.0,3.01,62.8,46.0,79.3,93.5,FAIL: tenant payment risk,4,,45404 (100%)
39113003402,Montgomery County OH,Census Tract 34.02,F,99,1.01,239800.0,1188.0,0.99,4.6,50.6,71.1,73.7,FAIL: tenant payment risk,5,,45409 (65%); 45410 (35%)
39113020800,Montgomery County OH,Census Tract 208,P,99,1.01,246300.0,1117.0,0.91,2.2,39.1,81.2,70.2,PASS,2,,45429 (89%); 45419 (11%)
39113120103,Montgomery County OH,Census Tract 1201.03,P,99,1.01,193000.0,1004.0,1.04,6.0,23.5,84.9,75.6,PASS,1,,45415 (100%)
39153532003,Summit County OH,Census Tract 5320.03,P,99,1.39,215700.0,1045.0,0.97,4.0,5.3,84.0,74.3,PASS,1,,44203 (97%); 44281 (3%)
39057220102,Greene County OH,Census Tract 2201.02,F,98,0.69,453400.0,1163.0,0.51,-9.2,19.7,86.9,37.4,FAIL: not in positive-cash-flow set,6,,45370 (42%); 45305 (30%); 45385 (23%); 45068 (4%)
39095005801,Lucas County OH,Census Tract 58.01,P,98,1.28,157500.0,824.0,1.05,6.2,18.4,84.8,83.6,PASS,1,,43613 (82%); 43612 (18%)
39035177405,Cuyahoga County OH,Census Tract 1774.05,P,97,2.57,155900.0,877.0,1.13,8.5,24.0,83.1,80.0,PASS,1,,44129 (100%)
39035196400,Cuyahoga County OH,Census Tract 1964,F,97,2.57,79500.0,978.0,2.46,46.9,47.0,79.1,94.0,FAIL: tenant payment risk,4,,44135 (69%); 44111 (31%)
39093022200,Lorain County OH,Census Tract 222,P,97,1.67,111800.0,1063.0,1.9,30.8,39.4,83.3,98.4,PASS,2,,44052 (100%)
39103408304,Medina County OH,Census Tract 4083.04,F,97,0.54,283600.0,897.0,0.63,-5.7,27.0,88.3,43.8,FAIL: not in positive-cash-flow set,6,,44256 (100%)
39019720300,Carroll County OH,Census Tract 7203,F,96,0.43,219400.0,644.0,0.59,-7.0,25.4,75.0,39.2,FAIL: not in positive-cash-flow set,6,,44644 (58%); 44615 (20%); 44688 (16%); 44730 (3%); 44657 (2%)
39035181201,Cuyahoga County OH,Census Tract 1812.01,F,96,2.55,318700.0,868.0,0.54,-8.3,20.3,82.8,37.4,FAIL: not in positive-cash-flow set,6,,44116 (100%)
39085202800,Lake County OH,Census Tract 2028,P,96,0.4,231300.0,1364.0,1.18,10.0,41.4,83.3,78.1,PASS,3,,44060 (100%)
39031961600,Coshocton County OH,Census Tract 9616,P,95,0.87,164100.0,827.0,1.01,5.1,20.0,82.8,78.0,PASS,1,,43812 (100%)
39035106100,Cuyahoga County OH,Census Tract 1061,P,95,2.52,140400.0,1004.0,1.43,17.2,29.1,79.7,91.9,PASS,1,,44144 (100%)
39035116500,Cuyahoga County OH,Census Tract 1165,F,95,2.52,68500.0,1013.0,2.96,61.2,49.0,68.2,92.1,FAIL: tenant payment risk,4,,44108 (100%)
39035111700,Cuyahoga County OH,Census Tract 1117,F,94,2.49,32500.0,1070.0,6.58,165.7,54.0,73.1,91.6,FAIL: tenant payment risk,5,,44103 (100%)
39035136101,Cuyahoga County OH,Census Tract 1361.01,P,94,2.49,243100.0,1071.0,0.88,1.4,18.5,88.0,62.5,PASS,2,,44147 (100%)
39035184105,Cuyahoga County OH,Census Tract 1841.05,P,94,2.49,356600.0,1778.0,1.0,4.8,17.5,86.0,80.2,PASS,1,,44139 (100%)
39085202901,Lake County OH,Census Tract 2029.01,P,94,0.39,242200.0,1492.0,1.23,11.5,25.7,86.7,86.8,PASS,1,,44060 (100%)
39095000602,Lucas County OH,Census Tract 6.02,P,94,1.23,98100.0,1140.0,2.32,43.0,31.3,85.1,94.8,PASS,1,,43612 (96%); 43610 (4%)
39113003100,Montgomery County OH,Census Tract 31,P,94,0.96,133100.0,745.0,1.12,8.3,31.2,84.0,82.1,PASS,1,,45420 (100%)
39113050502,Montgomery County OH,Census Tract 505.02,F,94,0.96,234200.0,845.0,0.72,-3.2,18.1,87.8,52.3,FAIL: not in positive-cash-flow set,6,,45342 (100%)
39113140100,Montgomery County OH,Census Tract 1401,P,94,0.96,211600.0,1073.0,1.01,5.3,26.2,82.8,75.4,PASS,1,,45309 (67%); 45345 (20%); 45381 (12%); 45426 (1%)
39153520500,Summit County OH,Census Tract 5205,P,94,1.32,169500.0,990.0,1.17,9.7,18.7,85.1,81.9,PASS,1,,44221 (100%)
39157021600,Tuscarawas County OH,Census Tract 216,P,94,0.59,147800.0,821.0,1.11,8.0,25.9,80.9,79.1,PASS,1,,44621 (69%); 44683 (20%); 44675 (10%)
39035189109,Cuyahoga County OH,Census Tract 1891.09,F,93,2.47,314100.0,1244.0,0.79,-1.1,25.6,79.5,61.2,FAIL: not in positive-cash-flow set,6,,44145 (100%)
39095007700,Lucas County OH,Census Tract 77,P,93,1.22,191200.0,1045.0,1.09,7.5,23.3,80.5,79.4,PASS,1,,43606 (88%); 43623 (12%)
39113125104,Montgomery County OH,Census Tract 1251.04,P,93,0.94,199000.0,1095.0,1.1,7.7,23.7,84.5,81.1,PASS,1,,45315 (64%); 45322 (36%)
39153505900,Summit County OH,Census Tract 5059,P,93,1.3,94900.0,1092.0,2.3,42.3,29.4,77.5,96.9,PASS,1,,44301 (63%); 44314 (33%); 44319 (4%)
39153530605,Summit County OH,Census Tract 5306.05,P,93,1.3,300800.0,1544.0,1.03,5.6,27.7,85.9,76.4,PASS,1,,44224 (100%)
39035118301,Cuyahoga County OH,Census Tract 1183.01,P,92,2.44,119300.0,1038.0,1.74,26.2,26.4,78.7,92.4,PASS,1,,44106 (100%)
39035126100,Cuyahoga County OH,Census Tract 1261,P,92,2.44,81300.0,1037.0,2.55,49.5,41.4,76.6,93.3,PASS,3,,44121 (67%); 44112 (33%)
39035178101,Cuyahoga County OH,Census Tract 1781.01,P,92,2.44,170600.0,1070.0,1.25,12.2,30.1,85.5,88.2,PASS,1,,44130 (100%)
39035183501,Cuyahoga County OH,Census Tract 1835.01,P,92,2.44,152100.0,1456.0,1.91,31.2,15.3,83.2,100,PASS,1,,44122 (100%)
39095008502,Lucas County OH,Census Tract 85.02,P,92,1.2,164700.0,975.0,1.18,10.1,25.8,82.6,85.5,PASS,1,,43615 (100%)
39133602102,Portage County OH,Census Tract 6021.02,P,92,0.69,205700.0,942.0,0.92,2.4,24.5,77.1,68.1,PASS,1,,44260 (90%); 44632 (9%); 44312 (1%)
39169001100,Wayne County OH,Census Tract 11,F,92,0.68,212700.0,758.0,0.71,-3.4,21.2,81.4,54.3,FAIL: not in positive-cash-flow set,6,,44667 (100%)
39035187105,Cuyahoga County OH,Census Tract 1871.05,F,91,2.41,275400.0,1111.0,0.81,-0.7,42.9,82.6,58.6,FAIL: not in positive-cash-flow set,6,,44118 (91%); 44121 (9%)
39151711412,Stark County OH,Census Tract 7114.12,P,91,1.03,186800.0,940.0,1.01,5.0,26.8,84.1,75.8,PASS,1,,44647 (51%); 44646 (49%)
39035174205,Cuyahoga County OH,Census Tract 1742.05,P,90,2.39,214100.0,1159.0,1.08,7.2,26.6,87.0,87.2,PASS,1,,44070 (100%)
39035188107,Cuyahoga County OH,Census Tract 1881.07,F,90,2.39,295600.0,1004.0,0.68,-4.4,29.0,83.3,48.9,FAIL: not in positive-cash-flow set,6,,44128 (100%)
39035189110,Cuyahoga County OH,Census Tract 1891.10,P,90,2.39,311700.0,1600.0,1.03,5.6,21.1,82.9,84.1,PASS,1,,44145 (100%)
39095006900,Lucas County OH,Census Tract 69,P,90,1.18,124600.0,1087.0,1.74,26.3,28.2,81.9,94.8,PASS,1,,43614 (100%)
39173022100,Wood County OH,Census Tract 221,P,90,0.45,148900.0,775.0,1.04,6.0,20.2,83.5,71.3,PASS,1,,43466 (56%); 43406 (22%); 43457 (19%); 43450 (2%); 44817 (1%)
39035173104,Cuyahoga County OH,Census Tract 1731.04,P,89,2.36,205100.0,1559.0,1.52,19.8,26.9,83.1,89.6,PASS,1,,44130 (100%)
39057200103,Greene County OH,Census Tract 2001.03,P,89,0.63,193700.0,882.0,0.91,2.3,18.1,84.9,70.2,PASS,1,,45324 (100%)
39109350101,Miami County OH,Census Tract 3501.01,F,89,0.76,323300.0,1111.0,0.69,-4.2,34.9,83.8,43.1,FAIL: not in positive-cash-flow set,6,,45371 (98%); 45373 (2%); 45383 (1%)
39133601801,Portage County OH,Census Tract 6018.01,F,89,0.67,260100.0,1033.0,0.79,-1.1,25.6,83.6,58.6,FAIL: not in positive-cash-flow set,6,,44266 (90%); 44272 (7%); 44240 (3%)
39153505800,Summit County OH,Census Tract 5058,P,89,1.25,101600.0,826.0,1.63,22.9,24.0,86.7,98.3,PASS,1,,44314 (100%)
39153531501,Summit County OH,Census Tract 5315.01,P,89,1.25,240500.0,1093.0,0.91,2.2,18.6,78.5,69.8,PASS,1,,44319 (93%); 44685 (7%); 44312 (1%)
39153531601,Summit County OH,Census Tract 5316.01,P,89,1.25,232000.0,1220.0,1.05,6.3,16.3,83.3,80.8,PASS,1,,44319 (98%); 44203 (2%)
39169000300,Wayne County OH,Census Tract 3,F,89,0.66,238200.0,902.0,0.76,-2.1,33.9,80.2,56.0,FAIL: not in positive-cash-flow set,6,,44691 (100%)
39035186201,Cuyahoga County OH,Census Tract 1862.01,P,88,2.33,279000.0,1624.0,1.16,9.6,29.4,82.6,86.8,PASS,1,,44136 (100%)
39085203500,Lake County OH,Census Tract 2035,F,88,0.36,320200.0,,,,,,,no data,,,44060 (100%)
39153531103,Summit County OH,Census Tract 5311.03,P,88,1.23,192400.0,968.0,1.01,5.0,15.4,77.1,71.9,PASS,1,,44312 (73%); 44319 (15%); 44306 (12%)
39035152301,Cuyahoga County OH,Census Tract 1523.01,P,87,2.31,167300.0,1004.0,1.2,10.6,33.2,83.8,83.9,PASS,1,,44132 (100%)
39057240600,Greene County OH,Census Tract 2406,F,87,0.61,251100.0,1035.0,0.82,-0.2,37.2,74.3,55.9,FAIL: not in positive-cash-flow set,6,,45385 (75%); 45387 (14%); 45384 (11%)
39109350102,Miami County OH,Census Tract 3501.02,F,87,0.74,327600.0,901.0,0.55,-8.1,25.8,87.9,41.5,FAIL: not in positive-cash-flow set,6,,45373 (71%); 45371 (29%)
39113165200,Montgomery County OH,Census Tract 1652,P,87,0.88,176300.0,822.0,0.93,2.9,41.4,82.3,69.0,PASS,3,,45405 (77%); 45406 (23%)
39133602000,Portage County OH,Census Tract 6020,P,87,0.65,209500.0,1109.0,1.06,6.5,27.0,80.6,75.3,PASS,1,,44201 (71%); 44260 (18%); 44632 (9%); 44272 (2%)
39023003101,Clark County OH,Census Tract 31.01,P,86,1.77,158100.0,896.0,1.13,8.7,17.0,82.2,78.0,PASS,1,,45323 (47%); 45324 (28%); 45344 (25%)
39085203700,Lake County OH,Census Tract 2037,F,86,0.36,444200.0,1014.0,0.46,-10.8,24.2,82.2,31.3,FAIL: not in positive-cash-flow set,6,,44094 (51%); 44060 (49%)
39095004402,Lucas County OH,Census Tract 44.02,P,86,1.13,77800.0,1151.0,2.96,61.3,29.6,84.8,100,PASS,1,,43609 (100%)
39095010001,Lucas County OH,Census Tract 100.01,F,86,1.13,199800.0,717.0,0.72,-3.3,21.9,84.6,47.1,FAIL: not in positive-cash-flow set,6,,43616 (98%); 43605 (2%)
39133600302,Portage County OH,Census Tract 6003.02,F,86,0.65,390100.0,737.0,0.38,-13.1,9.7,82.1,33.8,FAIL: not in positive-cash-flow set,6,,44202 (100%)
39133600500,Portage County OH,Census Tract 6005,P,86,0.65,174000.0,969.0,1.11,8.1,32.4,79.4,77.0,PASS,1,,44266 (55%); 44255 (44%); 44241 (1%)
39153508000,Summit County OH,Census Tract 5080,F,86,1.2,279400.0,1115.0,0.8,-1.0,22.4,88.0,64.5,FAIL: not in positive-cash-flow set,6,,44313 (72%); 44223 (28%)
39153530902,Summit County OH,Census Tract 5309.02,P,86,1.2,227500.0,1091.0,0.96,3.7,29.4,83.3,71.9,PASS,1,,44278 (100%)
39173021300,Wood County OH,Census Tract 213,F,86,0.43,253800.0,941.0,0.74,-2.6,20.5,81.8,47.5,FAIL: not in positive-cash-flow set,6,,43402 (48%); 43522 (46%); 43569 (6%)
39093070600,Lorain County OH,Census Tract 706,P,85,1.46,137800.0,878.0,1.27,12.7,36.0,87.6,81.5,PASS,2,,44035 (100%)
39113000200,Montgomery County OH,Census Tract 2,F,85,0.86,46300.0,981.0,4.24,98.1,50.7,74.5,95.7,FAIL: tenant payment risk,5,,45406 (100%)
39113040306,Montgomery County OH,Census Tract 403.06,F,85,0.86,366300.0,977.0,0.53,-8.6,15.2,81.8,32.0,FAIL: not in positive-cash-flow set,6,,45458 (100%)
39153510200,Summit County OH,Census Tract 5102,P,85,1.19,110600.0,856.0,1.55,20.6,17.2,82.1,93.9,PASS,1,,44203 (100%)
39153530101,Summit County OH,Census Tract 5301.01,P,85,1.19,383800.0,1628.0,0.85,0.5,18.1,88.1,62.7,PASS,1,,44087 (74%); 44202 (26%)
39035140301,Cuyahoga County OH,Census Tract 1403.01,P,84,2.23,98300.0,1320.0,2.69,53.4,44.5,79.4,89.6,PASS,3,,44112 (100%)
39093021100,Lorain County OH,Census Tract 211,P,84,1.44,143300.0,1044.0,1.46,18.0,20.7,83.5,90.7,PASS,1,,44054 (100%)
39113115002,Montgomery County OH,Census Tract 1150.02,P,84,0.85,173200.0,983.0,1.14,8.7,15.5,85.6,86.1,PASS,1,,45377 (69%); 45371 (31%)
39085206100,Lake County OH,Census Tract 2061,P,83,0.34,207100.0,961.0,0.93,2.8,23.2,84.1,64.3,PASS,1,,44057 (100%)
39095005501,Lucas County OH,Census Tract 55.01,P,83,1.09,102400.0,953.0,1.86,29.7,32.0,77.3,93.7,PASS,1,,43611 (95%)
39151712500,Stark County OH,Census Tract 7125,P,83,0.94,169600.0,1557.0,1.84,28.9,32.3,85.8,94.2,PASS,1,,44641 (98%); 44730 (2%)
39023002100,Clark County OH,Census Tract 21,F,82,1.69,129200.0,1266.0,1.96,32.5,46.0,75.1,95.3,FAIL: tenant payment risk,4,,45502 (45%); 45506 (44%); 45504 (11%)
39035183605,Cuyahoga County OH,Census Tract 1836.05,F,82,2.17,271200.0,1095.0,0.81,-0.7,34.6,84.8,62.1,FAIL: not in positive-cash-flow set,6,,44122 (100%)
39037500100,Darke County OH,Census Tract 5001,P,82,0.77,231900.0,966.0,0.83,0.0,31.7,83.4,56.3,PASS,2,,45348 (28%); 45362 (21%); 45388 (16%); 45380 (13%); 45390 (11%); 45846 (10%); 45883 (1%)
39043040900,Erie County OH,Census Tract 409,P,82,1.09,144800.0,1011.0,1.4,16.3,24.7,80.8,85.0,PASS,1,,44870 (100%)
39085200600,Lake County OH,Census Tract 2006,P,82,0.34,166600.0,1343.0,1.61,22.5,11.4,88.3,96.0,PASS,1,,44092 (100%)
39153530606,Summit County OH,Census Tract 5306.06,F,81,1.13,295900.0,1014.0,0.69,-4.2,28.7,87.5,46.2,FAIL: not in positive-cash-flow set,6,,44224 (100%)
39007001001,Ashtabula County OH,Census Tract 10.01,P,80,0.83,202500.0,995.0,0.98,4.4,40.6,82.0,65.9,PASS,3,,44084 (55%); 44085 (31%); 44041 (13%); 44086 (1%)
39035177501,Cuyahoga County OH,Census Tract 1775.01,P,80,2.12,152000.0,1054.0,1.39,16.0,24.2,87.1,91.3,PASS,1,,44134 (100%)
39051040200,Fulton County OH,Census Tract 402,P,80,0.41,176100.0,927.0,1.05,6.4,10.2,82.7,78.5,PASS,1,,43558 (100%)
39095004504,Lucas County OH,Census Tract 45.04,P,80,1.05,180700.0,814.0,0.9,2.0,12.9,86.7,67.2,PASS,1,,43614 (100%)
39095008701,Lucas County OH,Census Tract 87.01,F,80,1.05,243400.0,997.0,0.82,-0.4,17.0,85.5,65.8,FAIL: not in positive-cash-flow set,6,,43615 (100%)
39151712201,Stark County OH,Census Tract 7122.01,F,80,0.9,281900.0,974.0,0.69,-4.0,37.7,78.4,46.9,FAIL: not in positive-cash-flow set,6,,44709 (56%); 44720 (42%); 44721 (2%)
39153502300,Summit County OH,Census Tract 5023,P,80,1.12,82100.0,785.0,1.91,31.1,40.4,81.9,92.7,PASS,2,,44305 (100%)
39113040406,Montgomery County OH,Census Tract 404.06,P,79,0.8,402600.0,2574.0,1.28,12.9,28.4,82.0,85.6,PASS,1,,45458 (95%); 45342 (5%)
39143961800,Sandusky County OH,Census Tract 9618,F,79,0.35,122200.0,845.0,1.38,15.9,49.4,76.0,80.5,FAIL: tenant payment risk,4,,43420 (100%)
39043041600,Erie County OH,Census Tract 416,P,78,1.03,226600.0,1069.0,0.94,3.2,14.5,83.4,72.5,PASS,1,,44870 (100%)
39085203200,Lake County OH,Census Tract 2032,P,78,0.32,164500.0,1147.0,1.39,16.2,21.3,88.2,97.2,PASS,1,,44060 (95%); 44094 (5%)
39095001001,Lucas County OH,Census Tract 10.01,P,78,1.02,33400.0,922.0,5.52,135.1,39.0,72.2,92.3,PASS,2,,43608 (100%)
39103406000,Medina County OH,Census Tract 4060,F,78,0.43,467200.0,1175.0,0.5,-9.5,4.7,85.6,30.3,FAIL: not in positive-cash-flow set,6,,44281 (71%); 44256 (23%); 44274 (4%); 44321 (2%)
39035190505,Cuyahoga County OH,Census Tract 1905.05,P,77,2.04,345700.0,1543.0,0.89,1.8,8.0,91.8,70.9,PASS,1,,44138 (100%)
39051040400,Fulton County OH,Census Tract 404,P,77,0.4,166500.0,947.0,1.14,8.8,32.5,84.1,79.6,PASS,1,,43515 (100%)
39057240303,Greene County OH,Census Tract 2403.03,P,77,0.54,156700.0,1004.0,1.28,13.0,27.6,81.6,87.1,PASS,1,,45385 (100%)
39093070200,Lorain County OH,Census Tract 702,P,77,1.32,172600.0,964.0,1.12,8.2,18.3,83.9,77.0,PASS,1,,44035 (99%); 44053 (1%)
39113021601,Montgomery County OH,Census Tract 216.01,P,77,0.78,250800.0,1126.0,0.9,1.9,23.2,82.0,67.6,PASS,1,,45440 (68%); 45429 (32%)
39169001900,Wayne County OH,Census Tract 19,P,77,0.57,169200.0,858.0,1.01,5.3,13.8,85.2,71.0,PASS,1,,44676 (85%); 44638 (10%); 44611 (5%)
39023003302,Clark County OH,Census Tract 33.02,P,76,1.56,167700.0,723.0,0.86,0.9,24.7,83.0,62.7,PASS,1,,45368 (82%); 43153 (18%); 43140 (1%)
39035137103,Cuyahoga County OH,Census Tract 1371.03,P,76,2.02,168500.0,1356.0,1.61,22.4,16.8,80.7,95.8,PASS,1,,44144 (80%); 44129 (18%); 44130 (2%)
39035197900,Cuyahoga County OH,Census Tract 1979,P,76,2.02,45600.0,705.0,3.09,65.1,37.0,73.9,92.7,PASS,2,,44127 (75%); 44115 (25%)
39113050301,Montgomery County OH,Census Tract 503.01,P,76,0.77,139700.0,610.0,0.87,1.2,25.0,84.0,62.1,PASS,2,,45449 (53%); 45342 (47%)
39143961100,Sandusky County OH,Census Tract 9611,P,76,0.34,144400.0,635.0,0.88,1.4,11.5,83.8,61.2,PASS,2,,43431 (68%); 43435 (28%); 43406 (4%)
39035197200,Cuyahoga County OH,Census Tract 1972,F,75,1.99,77300.0,728.0,1.88,30.3,53.9,53.1,84.8,"FAIL: tenant payment risk, employment stability",5,,44103 (63%); 44106 (21%); 44104 (16%)
39103408201,Medina County OH,Census Tract 4082.01,F,75,0.41,257500.0,931.0,0.72,-3.1,15.6,81.8,48.2,FAIL: not in positive-cash-flow set,6,,44256 (100%)
39113002200,Montgomery County OH,Census Tract 22,F,75,0.76,62000.0,1015.0,3.27,70.3,52.7,84.5,91.9,FAIL: tenant payment risk,5,,45410 (100%)
39151714100,Stark County OH,Census Tract 7141,P,75,0.85,109600.0,930.0,1.7,24.9,34.2,85.2,94.9,PASS,2,,44647 (100%)
39153504800,Summit County OH,Census Tract 5048,P,75,1.05,121100.0,1063.0,1.76,26.6,9.7,83.8,94.4,PASS,1,,44301 (95%); 44319 (5%)
39021011506,Champaign County OH,Census Tract 115.06,P,74,0.62,188700.0,1014.0,1.07,7.0,24.3,82.3,74.4,PASS,1,,43084 (51%); 43060 (24%); 43044 (18%); 43045 (7%)
39035177103,Cuyahoga County OH,Census Tract 1771.03,P,74,1.96,170100.0,953.0,1.12,8.3,26.3,87.3,84.7,PASS,1,,44129 (83%); 44130 (17%)
39035189111,Cuyahoga County OH,Census Tract 1891.11,F,74,1.96,523400.0,1507.0,0.58,-7.4,23.1,82.9,42.7,FAIL: not in positive-cash-flow set,6,,44145 (100%)
39035194300,Cuyahoga County OH,Census Tract 1943,P,74,1.96,311900.0,1687.0,1.08,7.2,40.9,82.0,70.1,PASS,3,,44143 (85%); 44040 (14%)
39057240302,Greene County OH,Census Tract 2403.02,P,74,0.52,148700.0,815.0,1.1,7.6,31.6,75.9,77.8,PASS,1,,45385 (100%)
39095006802,Lucas County OH,Census Tract 68.02,P,74,0.97,156800.0,818.0,1.04,6.1,32.3,80.6,80.3,PASS,1,,43614 (100%)
39103408202,Medina County OH,Census Tract 4082.02,F,74,0.41,268600.0,1061.0,0.79,-1.2,19.9,85.4,53.7,FAIL: not in positive-cash-flow set,6,,44256 (100%)
39113010100,Montgomery County OH,Census Tract 101,F,74,0.75,465700.0,1882.0,0.81,-0.7,14.3,86.5,60.5,FAIL: not in positive-cash-flow set,6,,45419 (89%); 45409 (11%)
39157020400,Tuscarawas County OH,Census Tract 204,P,74,0.47,200100.0,890.0,0.89,1.7,34.6,79.4,61.6,PASS,2,,44656 (53%); 44663 (19%); 44622 (8%); 44675 (7%); 44643 (6%); 44678 (5%); 44671 (1%)
39169000800,Wayne County OH,Census Tract 8,P,74,0.55,217300.0,1067.0,0.98,4.3,20.4,81.3,76.7,PASS,1,,44691 (86%); 44677 (14%)
39035197100,Cuyahoga County OH,Census Tract 1971,F,73,1.94,429700.0,1481.0,0.69,-4.1,25.3,81.8,44.5,FAIL: not in positive-cash-flow set,6,,44022 (67%); 44122 (33%)
39055311700,Geauga County OH,Census Tract 3117,P,73,0.64,503300.0,3501.0,1.39,16.1,32.2,81.3,92.1,PASS,1,,44023 (99%); 44022 (1%)
39095003300,Lucas County OH,Census Tract 33,F,73,0.96,54200.0,884.0,3.26,70.0,53.2,69.2,81.2,FAIL: tenant payment risk,5,,43607 (56%); 43604 (44%)
39095007901,Lucas County OH,Census Tract 79.01,P,73,0.96,121300.0,1166.0,1.92,31.4,22.0,82.0,89.6,PASS,1,,43623 (88%); 43613 (12%)
39149971600,Shelby County OH,Census Tract 9716,P,73,0.62,290900.0,1214.0,0.83,0.1,30.0,85.8,55.7,PASS,2,,45845 (56%); 45865 (22%); 45302 (11%); 45365 (10%); 45333 (1%); 45388 (1%)
39151711502,Stark County OH,Census Tract 7115.02,F,73,0.83,204000.0,799.0,0.78,-1.4,11.6,83.0,51.8,FAIL: not in positive-cash-flow set,6,,44718 (63%); 44708 (37%)
39153531407,Summit County OH,Census Tract 5314.07,F,73,1.02,274900.0,912.0,0.66,-4.8,21.7,87.8,43.7,FAIL: not in positive-cash-flow set,6,,44720 (93%); 44216 (5%); 44685 (2%)
39085200800,Lake County OH,Census Tract 2008,P,72,0.3,180700.0,1398.0,1.55,20.6,28.3,82.6,82.6,PASS,1,,44092 (100%)
39095003200,Lucas County OH,Census Tract 32,P,72,0.94,43300.0,950.0,4.39,102.4,12.7,74.5,98.7,PASS,1,,43607 (100%)
39095006400,Lucas County OH,Census Tract 64,P,72,0.94,154300.0,954.0,1.24,11.7,5.9,93.5,89.7,PASS,1,,43613 (86%); 43606 (14%)
39173020702,Wood County OH,Census Tract 207.02,P,72,0.36,32000.0,1315.0,8.22,212.7,23.4,78.5,97.7,PASS,1,,43551 (98%); 43402 (2%); 43465 (1%)
39095007208,Lucas County OH,Census Tract 72.08,P,71,0.93,170900.0,997.0,1.17,9.7,39.9,83.8,85.0,PASS,2,,43614 (100%)
39153504700,Summit County OH,Census Tract 5047,P,71,0.99,104800.0,1199.0,2.29,41.9,24.0,80.8,97.1,PASS,1,,44301 (80%); 44306 (20%)
39173021000,Wood County OH,Census Tract 210,P,71,0.35,202300.0,1493.0,1.48,18.6,28.2,84.0,93.2,PASS,1,,43551 (43%); 43443 (36%); 43450 (13%); 43430 (6%); 43463 (1%)
39035174206,Cuyahoga County OH,Census Tract 1742.06,P,70,1.86,202400.0,1089.0,1.08,7.0,29.4,89.5,80.6,PASS,1,,44070 (100%)
39035177403,Cuyahoga County OH,Census Tract 1774.03,P,70,1.86,157700.0,1416.0,1.8,27.8,21.0,86.2,86.7,PASS,1,,44129 (99%); 44130 (1%)
39095002800,Lucas County OH,Census Tract 28,F,70,0.92,,1002.0,,,,,,no data,,,43604 (100%)
39095006600,Lucas County OH,Census Tract 66,P,70,0.92,84900.0,763.0,1.8,27.8,20.2,76.8,99.0,PASS,1,,43607 (100%)
39095008100,Lucas County OH,Census Tract 81,P,70,0.92,158300.0,826.0,1.04,6.1,22.6,81.8,75.8,PASS,1,,43560 (100%)
39103413000,Medina County OH,Census Tract 4130,F,70,0.39,269000.0,936.0,0.7,-3.9,12.8,84.2,42.3,FAIL: not in positive-cash-flow set,6,,44273 (76%); 44281 (17%); 44270 (6%); 44256 (1%)
39153530604,Summit County OH,Census Tract 5306.04,P,70,0.98,252100.0,1079.0,0.86,0.7,22.5,81.8,54.6,PASS,3,,44224 (100%)
39153530800,Summit County OH,Census Tract 5308,F,70,0.98,258100.0,,,,,,,no data,,,44278 (51%); 44262 (49%)
39035152202,Cuyahoga County OH,Census Tract 1522.02,P,69,1.83,97400.0,1100.0,2.26,41.1,44.8,81.4,95.5,PASS,3,,44123 (95%); 44132 (5%)
39035153107,Cuyahoga County OH,Census Tract 1531.07,F,69,1.83,337300.0,943.0,0.56,-7.8,37.1,82.8,37.0,FAIL: not in positive-cash-flow set,6,,44126 (100%)
39169003700,Wayne County OH,Census Tract 37,F,69,0.51,252100.0,711.0,0.56,-7.7,5.7,86.3,44.3,FAIL: not in positive-cash-flow set,6,,44606 (94%); 44667 (6%)
39035152605,Cuyahoga County OH,Census Tract 1526.05,P,68,1.8,141400.0,850.0,1.2,10.7,27.4,81.6,80.2,PASS,1,,44117 (97%); 44143 (3%)
39035152400,Cuyahoga County OH,Census Tract 1524,P,67,1.78,116000.0,1364.0,2.35,43.8,34.5,73.2,91.8,PASS,2,,44119 (100%)
39095003600,Lucas County OH,Census Tract 36,P,67,0.88,53500.0,942.0,3.52,77.5,29.6,69.4,93.5,PASS,1,,43607 (67%); 43604 (27%); 43609 (6%)
39095005102,Lucas County OH,Census Tract 51.02,P,67,0.88,47300.0,749.0,3.17,67.3,35.2,74.2,87.8,PASS,2,,43605 (100%)
39109325000,Miami County OH,Census Tract 3250,F,67,0.57,181600.0,588.0,0.65,-5.3,17.2,79.7,47.4,FAIL: not in positive-cash-flow set,6,,45318 (100%)
39095008602,Lucas County OH,Census Tract 86.02,P,66,0.86,129200.0,1225.0,1.9,30.7,17.0,89.9,100,PASS,1,,43615 (100%)
39133601802,Portage County OH,Census Tract 6018.02,P,66,0.5,256300.0,1151.0,0.9,1.9,17.7,84.1,65.4,PASS,1,,44272 (61%); 44240 (23%); 44201 (8%); 44266 (5%); 44260 (4%)
39153502600,Summit County OH,Census Tract 5026,P,66,0.92,85400.0,1193.0,2.79,56.5,29.1,79.6,98.6,PASS,1,,44305 (100%)
39153507501,Summit County OH,Census Tract 5075.01,P,66,0.92,200000.0,987.0,0.99,4.5,44.9,81.2,77.6,PASS,3,,44313 (66%); 44310 (34%)
39153507502,Summit County OH,Census Tract 5075.02,P,66,0.92,95300.0,1038.0,2.18,38.8,38.6,74.6,90.8,PASS,2,,44310 (100%)
39035138109,Cuyahoga County OH,Census Tract 1381.09,P,65,1.72,168500.0,1131.0,1.34,14.7,30.0,86.2,81.6,PASS,1,,44142 (86%); 44135 (14%)
39035195900,Cuyahoga County OH,Census Tract 1959,F,65,1.72,445300.0,1140.0,0.51,-9.2,29.7,82.9,34.5,FAIL: not in positive-cash-flow set,6,,44022 (100%)
39037560102,Darke County OH,Census Tract 5601.02,P,65,0.61,151700.0,831.0,1.1,7.6,17.2,80.6,78.8,PASS,1,,45331 (67%); 45346 (20%); 45332 (11%); 45304 (2%)
39095007104,Lucas County OH,Census Tract 71.04,P,65,0.85,183500.0,1007.0,1.1,7.7,22.9,85.6,83.9,PASS,1,,43537 (100%)
39095008501,Lucas County OH,Census Tract 85.01,P,65,0.85,145100.0,1245.0,1.72,25.5,26.3,76.2,88.2,PASS,1,,43615 (100%)
39109330100,Miami County OH,Census Tract 3301,F,65,0.55,252600.0,754.0,0.6,-6.8,18.1,83.6,42.6,FAIL: not in positive-cash-flow set,6,,45359 (33%); 45318 (23%); 45339 (17%); 45337 (11%); 45308 (11%); 45373 (5%)
39113091000,Montgomery County OH,Census Tract 910,P,65,0.66,129900.0,841.0,1.29,13.3,29.0,85.2,86.8,PASS,1,,45432 (100%)
39173020200,Wood County OH,Census Tract 202,P,65,0.32,163200.0,1166.0,1.43,17.2,20.5,86.4,88.4,PASS,1,,43460 (100%)
39057280300,Greene County OH,Census Tract 2803,F,64,0.45,,1422.0,,,,,,no data,,,45433 (68%); 45324 (27%); 45424 (5%)
39093023600,Lorain County OH,Census Tract 236,P,64,1.1,110100.0,909.0,1.65,23.6,33.1,76.0,92.2,PASS,1,,44055 (100%)
39151713401,Stark County OH,Census Tract 7134.01,P,64,0.72,150300.0,1270.0,1.69,24.7,37.3,83.4,85.8,PASS,2,,44710 (50%); 44708 (50%)
39035109701,Cuyahoga County OH,Census Tract 1097.01,F,63,1.67,,739.0,,,,,,no data,,,44115 (92%); 44101 (8%)
39035151700,Cuyahoga County OH,Census Tract 1517,P,63,1.67,68000.0,912.0,2.68,53.3,36.3,73.0,88.6,PASS,2,,44112 (96%); 44106 (4%)
39035175201,Cuyahoga County OH,Census Tract 1752.01,F,63,1.67,337000.0,922.0,0.55,-8.2,15.7,84.5,41.5,FAIL: not in positive-cash-flow set,6,,44133 (100%)
39037510100,Darke County OH,Census Tract 5101,P,63,0.59,122100.0,813.0,1.33,14.4,15.6,79.0,89.6,PASS,1,,45390 (67%); 45331 (29%); 45303 (4%)
39085200700,Lake County OH,Census Tract 2007,P,63,0.26,159900.0,1043.0,1.3,13.6,19.1,83.5,88.3,PASS,1,,44092 (100%)
39157020500,Tuscarawas County OH,Census Tract 205,F,63,0.4,246100.0,744.0,0.6,-6.5,26.2,79.0,37.5,FAIL: not in positive-cash-flow set,6,,44622 (47%); 44624 (23%); 44681 (17%); 44680 (6%); 44663 (6%)
39035152702,Cuyahoga County OH,Census Tract 1527.02,P,62,1.64,145900.0,1002.0,1.37,15.6,35.5,75.4,88.3,PASS,2,,44117 (100%)
39035180102,Cuyahoga County OH,Census Tract 1801.02,P,62,1.64,207100.0,1705.0,1.65,23.5,33.3,76.2,80.2,PASS,1,,44143 (100%)
39085202700,Lake County OH,Census Tract 2027,F,62,0.26,320100.0,1059.0,0.66,-4.9,43.4,83.2,33.4,FAIL: not in positive-cash-flow set,6,,44060 (100%)
39085205702,Lake County OH,Census Tract 2057.02,P,62,0.26,150000.0,941.0,1.25,12.2,21.0,83.8,80.5,PASS,1,,44057 (100%)
39095008903,Lucas County OH,Census Tract 89.03,F,62,0.81,322000.0,901.0,0.56,-7.8,20.1,86.6,39.6,FAIL: not in positive-cash-flow set,6,,43571 (80%); 43566 (18%); 43542 (2%)
39133602101,Portage County OH,Census Tract 6021.01,P,62,0.47,220200.0,1109.0,1.01,5.1,13.5,84.4,71.3,PASS,1,,44260 (100%)
39153532705,Summit County OH,Census Tract 5327.05,P,62,0.87,295100.0,1433.0,0.97,4.0,21.3,81.6,63.4,PASS,1,,44067 (100%)
39035124500,Cuyahoga County OH,Census Tract 1245,P,61,1.62,120100.0,1118.0,1.86,29.7,26.0,77.2,94.6,PASS,1,,44135 (100%)
39095006100,Lucas County OH,Census Tract 61,P,61,0.8,121200.0,1220.0,2.01,34.0,16.8,84.1,95.1,PASS,1,,43613 (100%)
39095009500,Lucas County OH,Census Tract 95,P,61,0.8,213700.0,1020.0,0.95,3.5,7.1,82.0,72.5,PASS,1,,43558 (78%); 43571 (20%); 43542 (2%)
39103402000,Medina County OH,Census Tract 4020,F,61,0.34,415300.0,1726.0,0.83,-0.0,7.9,84.0,60.5,FAIL: not in positive-cash-flow set,6,,44280 (93%); 44256 (6%); 44212 (1%)
39103408001,Medina County OH,Census Tract 4080.01,P,61,0.34,223000.0,1272.0,1.14,8.9,22.9,84.0,81.7,PASS,1,,44256 (100%)
39103408003,Medina County OH,Census Tract 4080.03,P,61,0.34,286300.0,1493.0,1.04,6.1,30.1,82.6,75.5,PASS,1,,44256 (100%)
39103416100,Medina County OH,Census Tract 4161,P,61,0.34,250700.0,1463.0,1.17,9.7,10.8,84.7,81.0,PASS,1,,44212 (75%); 44256 (25%)
39153506800,Summit County OH,Census Tract 5068,F,61,0.85,,670.0,,,,,,no data,,,44311 (51%); 44307 (37%); 44301 (9%); 44308 (2%); 44302 (1%)
39035123601,Cuyahoga County OH,Census Tract 1236.01,P,60,1.59,175100.0,1281.0,1.46,18.2,27.2,90.0,89.7,PASS,1,,44135 (90%); 44111 (10%)
39035124100,Cuyahoga County OH,Census Tract 1241,P,60,1.59,123000.0,1114.0,1.81,28.2,19.0,83.4,95.6,PASS,1,,44111 (100%)
39057200600,Greene County OH,Census Tract 2006,F,60,0.42,174900.0,,,,,,,no data,,,45324 (100%)
39095002500,Lucas County OH,Census Tract 25,P,60,0.79,57200.0,849.0,2.97,61.5,40.7,66.0,84.8,PASS,3,,43607 (51%); 43606 (49%)
39113090900,Montgomery County OH,Census Tract 909,P,60,0.61,152500.0,843.0,1.11,7.9,29.5,83.4,81.1,PASS,1,,45431 (61%); 45432 (39%)
39153502700,Summit County OH,Census Tract 5027,P,60,0.84,131800.0,970.0,1.47,18.4,26.9,85.1,88.6,PASS,1,,44305 (100%)
39169002400,Wayne County OH,Census Tract 24,P,60,0.44,192700.0,900.0,0.93,3.0,12.9,83.1,60.6,PASS,2,,44217 (75%); 44691 (16%); 44677 (9%)
39169002500,Wayne County OH,Census Tract 25,P,60,0.44,220800.0,997.0,0.9,2.1,29.0,81.7,63.7,PASS,1,,44276 (60%); 44270 (18%); 44217 (12%); 44645 (6%); 44677 (2%); 44273 (2%)
39007001303,Ashtabula County OH,Census Tract 13.03,P,59,0.61,157300.0,889.0,1.13,8.6,21.4,81.8,71.6,PASS,1,,44032 (53%); 44003 (38%); 44047 (5%); 44082 (4%)
39035135103,Cuyahoga County OH,Census Tract 1351.03,F,59,1.56,306700.0,1191.0,0.78,-1.6,23.5,79.9,53.9,FAIL: not in positive-cash-flow set,6,,44141 (100%)
39095003901,Lucas County OH,Census Tract 39.01,P,59,0.77,73500.0,973.0,2.65,52.3,37.4,81.2,98.2,PASS,2,,43609 (100%)
39095007501,Lucas County OH,Census Tract 75.01,P,59,0.77,153100.0,836.0,1.09,7.5,35.4,80.7,79.5,PASS,2,,43607 (70%); 43615 (30%)
39095008210,Lucas County OH,Census Tract 82.10,P,59,0.77,161800.0,1058.0,1.31,13.7,6.5,82.9,88.7,PASS,1,,43560 (100%)
39113001801,Montgomery County OH,Census Tract 18.01,F,59,0.6,90800.0,794.0,1.75,26.4,46.7,65.8,92.5,FAIL: tenant payment risk,4,,45404 (100%)
39113040201,Montgomery County OH,Census Tract 402.01,F,59,0.6,308900.0,1027.0,0.66,-4.8,13.5,84.1,47.4,FAIL: not in positive-cash-flow set,6,,45429 (100%)
39153531101,Summit County OH,Census Tract 5311.01,P,59,0.83,136000.0,970.0,1.43,17.1,17.1,83.9,92.2,PASS,1,,44312 (55%); 44250 (45%)
39173020800,Wood County OH,Census Tract 208,P,59,0.29,151000.0,1083.0,1.43,17.4,18.5,82.8,88.4,PASS,1,,43465 (79%); 43447 (21%)
39035123200,Cuyahoga County OH,Census Tract 1232,P,58,1.54,173800.0,1693.0,1.95,32.2,23.4,88.7,94.8,PASS,1,,44111 (96%); 44107 (4%)
39035140302,Cuyahoga County OH,Census Tract 1403.02,P,58,1.54,112400.0,819.0,1.46,18.0,20.8,83.7,93.2,PASS,1,,44121 (84%); 44118 (10%); 44112 (5%)
39035176200,Cuyahoga County OH,Census Tract 1762,P,58,1.54,213700.0,1218.0,1.14,8.9,28.6,84.3,82.6,PASS,1,,44138 (100%)
39035187104,Cuyahoga County OH,Census Tract 1871.04,P,58,1.54,249100.0,1720.0,1.38,15.8,26.1,87.4,95.1,PASS,1,,44118 (100%)
39095000301,Lucas County OH,Census Tract 3.01,F,58,0.76,113100.0,993.0,1.76,26.6,46.9,75.0,86.9,FAIL: tenant payment risk,4,,43612 (100%)
39113021900,Montgomery County OH,Census Tract 219,F,58,0.59,243000.0,962.0,0.79,-1.1,12.3,83.2,61.5,FAIL: not in positive-cash-flow set,6,,45440 (100%)
39133600403,Portage County OH,Census Tract 6004.03,P,58,0.44,168300.0,1417.0,1.68,24.5,19.7,86.1,96.0,PASS,1,,44241 (90%); 44255 (10%)
39035177303,Cuyahoga County OH,Census Tract 1773.03,P,57,1.51,144700.0,1213.0,1.68,24.3,30.8,79.6,90.5,PASS,1,,44134 (100%)
39085204303,Lake County OH,Census Tract 2043.03,P,57,0.24,318600.0,1772.0,1.11,8.1,20.8,87.1,87.5,PASS,1,,44077 (100%)
39095009101,Lucas County OH,Census Tract 91.01,F,57,0.75,375300.0,1078.0,0.57,-7.4,11.3,84.1,39.7,FAIL: not in positive-cash-flow set,6,,43528 (60%); 43617 (40%)
39113090303,Montgomery County OH,Census Tract 903.03,P,57,0.58,271700.0,1341.0,0.99,4.5,8.1,82.2,76.0,PASS,1,,45424 (100%)
39023001700,Clark County OH,Census Tract 17,P,56,1.15,153800.0,810.0,1.05,6.4,29.4,71.6,77.6,PASS,1,,45503 (100%)
39085205002,Lake County OH,Census Tract 2050.02,P,56,0.23,282500.0,1288.0,0.91,2.3,3.2,86.4,68.7,PASS,1,,44077 (98%); 44060 (2%)
39093013101,Lorain County OH,Census Tract 131.01,P,56,0.96,386500.0,2335.0,1.21,10.8,41.4,83.4,75.7,PASS,3,,44011 (100%)
39095008209,Lucas County OH,Census Tract 82.09,F,56,0.73,282200.0,979.0,0.69,-4.0,16.1,85.0,54.9,FAIL: not in positive-cash-flow set,6,,43560 (100%)
39103417002,Medina County OH,Census Tract 4170.02,F,56,0.31,311500.0,1135.0,0.73,-3.0,30.9,85.2,51.7,FAIL: not in positive-cash-flow set,6,,44281 (100%)
39109365001,Miami County OH,Census Tract 3650.01,P,56,0.48,291700.0,1649.0,1.13,8.6,12.5,87.9,84.1,PASS,1,,45373 (97%); 45318 (3%)
39153532702,Summit County OH,Census Tract 5327.02,P,56,0.78,166700.0,876.0,1.05,6.3,38.8,84.4,72.7,PASS,2,,44067 (100%)
39035178102,Cuyahoga County OH,Census Tract 1781.02,P,55,1.46,181300.0,1191.0,1.31,13.9,24.6,87.1,92.5,PASS,1,,44130 (100%)
39095008204,Lucas County OH,Census Tract 82.04,P,55,0.72,218800.0,998.0,0.91,2.3,18.8,83.7,71.3,PASS,1,,43560 (100%)
39095009800,Lucas County OH,Census Tract 98,F,55,0.72,259300.0,992.0,0.77,-1.9,7.7,82.3,48.3,FAIL: not in positive-cash-flow set,6,,43616 (98%)
39113070400,Montgomery County OH,Census Tract 704,P,55,0.56,102600.0,1033.0,2.01,34.0,7.6,81.4,97.1,PASS,1,,45426 (100%)
39093057100,Lorain County OH,Census Tract 571,P,54,0.93,200900.0,1140.0,1.13,8.7,25.9,79.6,75.1,PASS,1,,44074 (43%); 44035 (30%); 44001 (27%)
39093071201,Lorain County OH,Census Tract 712.01,P,54,0.93,127700.0,963.0,1.51,19.5,21.8,83.1,87.5,PASS,1,,44035 (100%)
39113003800,Montgomery County OH,Census Tract 38,P,54,0.55,43300.0,945.0,4.36,101.8,41.7,82.6,97.4,PASS,3,,45402 (61%); 45417 (39%)
39035189108,Cuyahoga County OH,Census Tract 1891.08,P,53,1.41,511200.0,2601.0,1.02,5.4,37.6,81.1,66.0,PASS,2,,44145 (100%)
39095000703,Lucas County OH,Census Tract 7.03,P,53,0.69,80000.0,901.0,2.25,40.9,38.3,87.2,100,PASS,2,,43606 (67%); 43613 (33%)
39113070700,Montgomery County OH,Census Tract 707,F,53,0.54,103800.0,1105.0,2.13,37.4,47.6,82.2,94.9,FAIL: tenant payment risk,4,,45416 (73%); 45426 (27%)
39173021601,Wood County OH,Census Tract 216.01,P,53,0.26,255300.0,1088.0,0.85,0.6,7.3,81.5,64.4,PASS,1,,43402 (100%)
39035136104,Cuyahoga County OH,Census Tract 1361.04,F,52,1.38,518800.0,1091.0,0.42,-11.8,17.9,88.2,41.9,FAIL: not in positive-cash-flow set,6,,44147 (100%)
39095001800,Lucas County OH,Census Tract 18,F,52,0.68,31800.0,963.0,6.06,150.5,63.8,70.2,91.6,FAIL: tenant payment risk,6,,43608 (100%)
39103412000,Medina County OH,Census Tract 4120,F,52,0.29,290400.0,971.0,0.67,-4.7,4.3,84.1,45.1,FAIL: not in positive-cash-flow set,6,,44273 (63%); 44217 (14%); 44256 (7%); 44254 (7%); 44251 (6%); 44214 (2%); 44215 (1%)
39113001600,Montgomery County OH,Census Tract 16,P,52,0.53,127800.0,690.0,1.08,7.1,36.7,78.8,79.3,PASS,2,,45414 (100%)
39151714902,Stark County OH,Census Tract 7149.02,P,52,0.59,147500.0,905.0,1.23,11.4,17.4,80.5,84.9,PASS,1,,44688 (74%); 44643 (24%); 44626 (1%)
39169001400,Wayne County OH,Census Tract 14,F,52,0.39,251700.0,891.0,0.71,-3.6,15.4,80.8,43.2,FAIL: not in positive-cash-flow set,6,,44667 (36%); 44691 (36%); 44606 (28%)
39007001401,Ashtabula County OH,Census Tract 14.01,F,51,0.53,253600.0,633.0,0.5,-9.6,15.3,86.1,33.2,FAIL: not in positive-cash-flow set,6,,44099 (40%); 44076 (31%); 44085 (19%); 44062 (8%); 44064 (1%)
39023001400,Clark County OH,Census Tract 14,P,51,1.05,87900.0,925.0,2.1,36.7,32.1,72.9,96.0,PASS,1,,45505 (99%); 45503 (1%)
39023002403,Clark County OH,Census Tract 24.03,P,51,1.05,160800.0,771.0,0.96,3.7,29.7,80.4,71.4,PASS,1,,45503 (99%); 45502 (1%)
39035136103,Cuyahoga County OH,Census Tract 1361.03,F,51,1.35,315400.0,,,,,,,no data,,,44147 (99%); 44141 (1%)
39095002600,Lucas County OH,Census Tract 26,F,51,0.67,,1086.0,,,,,,no data,,,43607 (32%); 43606 (26%); 43604 (22%); 43620 (20%)
39095009203,Lucas County OH,Census Tract 92.03,P,51,0.67,360700.0,1839.0,1.02,5.4,15.8,86.0,74.7,PASS,1,,43560 (48%); 43617 (37%); 43528 (14%)
39151711112,Stark County OH,Census Tract 7111.12,F,51,0.58,265000.0,981.0,0.74,-2.6,11.3,82.3,49.2,FAIL: not in positive-cash-flow set,6,,44685 (96%); 44632 (4%)
39173020902,Wood County OH,Census Tract 209.02,P,51,0.25,206400.0,1097.0,1.06,6.7,29.2,89.2,72.1,PASS,1,,43551 (38%); 43465 (33%); 43447 (19%); 43430 (10%)
39007000801,Ashtabula County OH,Census Tract 8.01,P,50,0.52,181400.0,898.0,0.99,4.6,28.3,84.2,68.9,PASS,1,,44041 (100%)
39023003001,Clark County OH,Census Tract 30.01,F,50,1.03,234800.0,953.0,0.81,-0.6,27.8,78.7,55.6,FAIL: not in positive-cash-flow set,6,,45324 (66%); 45323 (24%); 45341 (7%); 45502 (2%)
39035189107,Cuyahoga County OH,Census Tract 1891.07,P,50,1.33,303100.0,1974.0,1.3,13.6,21.5,81.1,79.7,PASS,1,,44145 (100%)
39085206300,Lake County OH,Census Tract 2063,F,50,0.21,235100.0,872.0,0.74,-2.6,31.8,83.2,46.7,FAIL: not in positive-cash-flow set,6,,44081 (90%); 44077 (7%); 44057 (4%)
39095007003,Lucas County OH,Census Tract 70.03,P,50,0.65,158600.0,1371.0,1.73,25.8,26.7,89.2,97.7,PASS,1,,43537 (100%)
39095010100,Lucas County OH,Census Tract 101,P,50,0.65,150300.0,925.0,1.23,11.5,23.5,84.9,84.2,PASS,1,,43616 (100%)
39113080500,Montgomery County OH,Census Tract 805,P,50,0.51,113100.0,929.0,1.64,23.4,44.0,83.7,88.1,PASS,3,,45414 (100%)
39143961900,Sandusky County OH,Census Tract 9619,P,50,0.22,143400.0,845.0,1.18,10.0,24.9,82.4,77.8,PASS,1,,43420 (51%); 43410 (30%); 44836 (18%)
39035152701,Cuyahoga County OH,Census Tract 1527.01,F,49,1.3,144900.0,809.0,1.12,8.2,57.7,65.7,67.6,FAIL: tenant payment risk,6,,44117 (100%)
39093080500,Lorain County OH,Census Tract 805,F,49,0.84,320400.0,977.0,0.61,-6.4,31.7,86.1,37.2,FAIL: not in positive-cash-flow set,6,,44039 (100%)
39095001100,Lucas County OH,Census Tract 11,F,49,0.64,63400.0,1086.0,3.43,74.7,59.5,77.4,89.6,FAIL: tenant payment risk,6,,43608 (44%); 43611 (36%); 43612 (21%)
39103405000,Medina County OH,Census Tract 4050,F,49,0.27,436700.0,970.0,0.44,-11.2,2.3,86.5,35.1,FAIL: not in positive-cash-flow set,6,,44256 (95%); 44281 (3%); 44333 (2%)
39133600602,Portage County OH,Census Tract 6006.02,P,49,0.37,200400.0,999.0,1.0,4.8,18.8,81.3,70.5,PASS,1,,44288 (34%); 44255 (24%); 44266 (22%); 44231 (11%)
39035197000,Cuyahoga County OH,Census Tract 1970,P,48,1.27,112700.0,1065.0,1.89,30.5,28.3,76.4,97.9,PASS,1,,44128 (96%); 44146 (4%)
39095005300,Lucas County OH,Census Tract 53,P,48,0.63,39100.0,765.0,3.91,88.7,34.9,78.8,98.0,PASS,2,,43605 (100%)
39109355002,Miami County OH,Census Tract 3550.02,P,48,0.41,199400.0,880.0,0.88,1.5,17.6,82.8,59.3,PASS,2,,45371 (100%)
39113004300,Montgomery County OH,Census Tract 43,F,48,0.49,76400.0,881.0,2.31,42.5,46.6,76.3,92.1,FAIL: tenant payment risk,4,,45417 (100%)
39113150100,Montgomery County OH,Census Tract 1501,P,48,0.49,164000.0,900.0,1.1,7.7,12.8,80.6,75.2,PASS,1,,45325 (66%); 45345 (25%); 45327 (7%); 45381 (2%)
39151700200,Stark County OH,Census Tract 7002,P,48,0.54,80300.0,928.0,2.31,42.6,36.3,75.3,90.7,PASS,2,,44705 (100%)
39007000200,Ashtabula County OH,Census Tract 2,P,47,0.49,167300.0,904.0,1.08,7.2,28.9,79.7,73.5,PASS,1,,44030 (60%); 44048 (30%); 44004 (8%); 44068 (3%)
39093071300,Lorain County OH,Census Tract 713,F,47,0.81,224100.0,,,,,,,no data,,,44035 (100%)
39103411002,Medina County OH,Census Tract 4110.02,P,47,0.26,160700.0,902.0,1.12,8.4,17.9,83.7,76.2,PASS,1,,44254 (100%)
39113100201,Montgomery County OH,Census Tract 1002.01,P,47,0.48,157100.0,1184.0,1.51,19.5,30.3,84.0,94.1,PASS,1,,45424 (100%)
39035107000,Cuyahoga County OH,Census Tract 1070,P,46,1.22,161200.0,1031.0,1.28,12.9,8.7,88.6,85.4,PASS,1,,44109 (100%)
39035118602,Cuyahoga County OH,Census Tract 1186.02,F,46,1.22,82400.0,399.0,0.97,3.9,45.2,73.0,65.5,FAIL: tenant payment risk,4,,44106 (100%)
39035186103,Cuyahoga County OH,Census Tract 1861.03,F,46,1.22,307600.0,,,,,,,no data,,,44149 (94%); 44136 (6%)
39095007402,Lucas County OH,Census Tract 74.02,P,46,0.6,143100.0,746.0,1.04,6.1,37.2,84.1,77.6,PASS,2,,43607 (100%)
39133600705,Portage County OH,Census Tract 6007.05,F,46,0.35,247800.0,851.0,0.69,-4.2,5.3,86.3,50.1,FAIL: not in positive-cash-flow set,6,,44272 (43%); 44266 (40%); 44201 (17%)
39151711323,Stark County OH,Census Tract 7113.23,F,46,0.52,330200.0,,,,,,,no data,,,44646 (40%); 44216 (24%); 44720 (21%); 44614 (15%)
39153530105,Summit County OH,Census Tract 5301.05,P,46,0.64,231200.0,1088.0,0.94,3.2,33.9,77.2,70.1,PASS,2,,44087 (68%); 44236 (32%)
39007000101,Ashtabula County OH,Census Tract 1.01,P,45,0.46,115300.0,577.0,1.0,4.9,33.1,65.7,68.9,PASS,2,,44030 (100%)
39035134100,Cuyahoga County OH,Census Tract 1341,P,45,1.19,170200.0,1156.0,1.36,15.2,15.9,84.4,96.7,PASS,1,,44017 (100%)
39035170102,Cuyahoga County OH,Census Tract 1701.02,P,45,1.19,213100.0,1211.0,1.14,8.8,5.0,88.0,84.7,PASS,1,,44124 (100%)
39055312203,Geauga County OH,Census Tract 3122.03,F,45,0.4,271700.0,989.0,0.73,-3.0,17.9,84.5,47.2,FAIL: not in positive-cash-flow set,6,,44024 (100%)
39057200101,Greene County OH,Census Tract 2001.01,P,45,0.32,187900.0,959.0,1.02,5.4,26.0,85.7,75.1,PASS,1,,45324 (100%)
39095000201,Lucas County OH,Census Tract 2.01,P,45,0.59,94700.0,1336.0,2.82,57.3,38.7,86.6,92.8,PASS,2,,43612 (100%)
39095006000,Lucas County OH,Census Tract 60,P,45,0.59,153800.0,1053.0,1.37,15.5,38.4,84.3,90.2,PASS,2,,43613 (94%); 43623 (6%)
39151700500,Stark County OH,Census Tract 7005,P,45,0.51,63100.0,950.0,3.01,62.8,23.0,70.1,96.6,PASS,1,,44705 (51%); 44714 (46%); 44704 (3%)
39151714702,Stark County OH,Census Tract 7147.02,F,45,0.51,236300.0,850.0,0.72,-3.2,22.5,86.1,46.9,FAIL: not in positive-cash-flow set,6,,44647 (32%); 44666 (27%); 44662 (25%); 44618 (16%)
39153532004,Summit County OH,Census Tract 5320.04,F,45,0.63,219700.0,889.0,0.81,-0.6,23.1,84.9,55.1,FAIL: not in positive-cash-flow set,6,,44203 (88%); 44320 (8%); 44321 (4%)
39023002607,Clark County OH,Census Tract 26.07,P,44,0.91,182900.0,1202.0,1.31,13.9,37.2,74.9,83.2,PASS,2,,45503 (96%); 45502 (4%)
39035112200,Cuyahoga County OH,Census Tract 1122,F,44,1.17,159000.0,818.0,1.03,5.7,58.1,79.9,67.6,FAIL: tenant payment risk,6,,44103 (54%); 44106 (46%)
39035152703,Cuyahoga County OH,Census Tract 1527.03,P,44,1.17,139600.0,1188.0,1.7,25.1,13.1,85.2,91.3,PASS,1,,44143 (51%); 44117 (49%)
39051040300,Fulton County OH,Census Tract 403,F,44,0.23,221700.0,755.0,0.68,-4.3,40.4,79.7,40.0,FAIL: not in positive-cash-flow set,6,,43558 (52%); 43515 (46%); 43532 (3%)
39093080103,Lorain County OH,Census Tract 801.03,P,44,0.76,197000.0,872.0,0.89,1.5,21.2,84.1,67.3,PASS,1,,44039 (100%)
39109365101,Miami County OH,Census Tract 3651.01,F,44,0.37,254500.0,874.0,0.69,-4.2,28.1,86.9,42.8,FAIL: not in positive-cash-flow set,6,,45373 (81%); 45356 (19%)
39023002502,Clark County OH,Census Tract 25.02,P,43,0.88,170700.0,1001.0,1.17,9.8,17.2,71.5,83.8,PASS,1,,45504 (78%); 45502 (22%)
39035153103,Cuyahoga County OH,Census Tract 1531.03,P,43,1.14,227300.0,1442.0,1.27,12.6,23.5,82.1,84.1,PASS,1,,44126 (83%); 44135 (17%)
39035177101,Cuyahoga County OH,Census Tract 1771.01,P,43,1.14,174600.0,1078.0,1.23,11.6,37.2,82.3,87.8,PASS,2,,44130 (99%); 44142 (1%)
39037520100,Darke County OH,Census Tract 5201,P,43,0.4,152600.0,649.0,0.85,0.5,13.4,85.0,62.7,PASS,1,,45303 (39%); 45380 (33%); 45331 (14%); 45362 (13%)
39095007302,Lucas County OH,Census Tract 73.02,P,43,0.56,98000.0,1007.0,2.06,35.2,31.2,77.1,87.0,PASS,1,,43615 (76%); 43607 (24%)
39113050106,Montgomery County OH,Census Tract 501.06,P,43,0.44,281200.0,1766.0,1.26,12.2,6.7,91.4,89.6,PASS,1,,45342 (93%); 45066 (7%)
39133601901,Portage County OH,Census Tract 6019.01,F,43,0.32,234300.0,800.0,0.68,-4.3,8.2,86.3,45.0,FAIL: not in positive-cash-flow set,6,,44201 (95%); 44411 (5%)
39153510400,Summit County OH,Census Tract 5104,P,43,0.6,150600.0,965.0,1.28,13.0,28.2,81.8,81.3,PASS,1,,44203 (100%)
39169001800,Wayne County OH,Census Tract 18,F,43,0.32,275800.0,842.0,0.61,-6.4,7.4,82.9,42.4,FAIL: not in positive-cash-flow set,6,,44691 (54%); 44627 (23%); 44676 (23%)
39007001301,Ashtabula County OH,Census Tract 13.01,F,42,0.43,213900.0,807.0,0.75,-2.2,19.4,77.8,50.2,FAIL: not in positive-cash-flow set,6,,44093 (49%); 44003 (37%); 44076 (6%); 44047 (5%); 44428 (2%)
39023001600,Clark County OH,Census Tract 16,P,42,0.86,192100.0,834.0,0.87,1.1,31.7,81.8,56.3,PASS,2,,45505 (49%); 45503 (47%); 45502 (4%)
39023002501,Clark County OH,Census Tract 25.01,P,42,0.86,214700.0,989.0,0.92,2.6,32.1,75.0,63.3,PASS,1,,45503 (87%); 45502 (13%)
39035174207,Cuyahoga County OH,Census Tract 1742.07,F,42,1.11,229700.0,856.0,0.75,-2.5,30.7,84.4,46.1,FAIL: not in positive-cash-flow set,6,,44070 (100%)
39093022100,Lorain County OH,Census Tract 221,P,42,0.72,136300.0,996.0,1.46,18.1,19.1,84.8,93.8,PASS,1,,44052 (100%)
39093070700,Lorain County OH,Census Tract 707,P,42,0.72,101900.0,969.0,1.9,30.8,38.3,83.6,94.4,PASS,2,,44035 (100%)
39113004600,Montgomery County OH,Census Tract 46,F,42,0.43,84300.0,,,,,,,no data,,,45417 (65%); 45428 (35%)
39153504400,Summit County OH,Census Tract 5044,P,42,0.59,82300.0,1075.0,2.61,51.3,35.7,85.3,92.8,PASS,2,,44301 (100%)
39023001101,Clark County OH,Census Tract 11.01,F,41,0.84,93300.0,961.0,2.06,35.4,56.4,69.2,90.8,FAIL: tenant payment risk,6,,45506 (97%); 45505 (3%)
39023003301,Clark County OH,Census Tract 33.01,F,41,0.84,200600.0,804.0,0.8,-0.9,16.4,83.8,54.9,FAIL: not in positive-cash-flow set,6,,45368 (66%); 45369 (28%); 45502 (4%); 45505 (2%)
39035124300,Cuyahoga County OH,Census Tract 1243,P,41,1.09,118600.0,1195.0,2.02,34.1,27.1,85.9,89.3,PASS,1,,44135 (73%); 44111 (27%)
39035171204,Cuyahoga County OH,Census Tract 1712.04,P,41,1.09,81900.0,1010.0,2.47,47.1,25.2,83.4,96.7,PASS,1,,44137 (100%)
39055312100,Geauga County OH,Census Tract 3121,F,41,0.36,266700.0,,,,,,,no data,,,44062 (59%); 44491 (17%); 44231 (16%); 44021 (7%); 44080 (1%)
39085206200,Lake County OH,Census Tract 2062,P,41,0.17,196200.0,952.0,0.97,4.0,11.6,79.3,69.7,PASS,1,,44077 (64%); 44045 (36%)
39113100203,Montgomery County OH,Census Tract 1002.03,P,41,0.42,162200.0,1131.0,1.39,16.2,20.3,85.1,84.2,PASS,1,,45424 (100%)
39113100301,Montgomery County OH,Census Tract 1003.01,P,41,0.42,135300.0,1306.0,1.93,31.6,16.1,85.2,89.0,PASS,1,,45424 (100%)
39173021400,Wood County OH,Census Tract 214,P,41,0.2,154700.0,869.0,1.12,8.4,18.5,84.5,74.7,PASS,1,,43511 (46%); 43569 (42%); 43462 (8%); 43522 (3%); 43541 (1%)
39035177608,Cuyahoga County OH,Census Tract 1776.08,P,40,1.06,147600.0,1104.0,1.5,19.1,15.2,78.0,92.7,PASS,1,,44134 (62%); 44129 (38%)
39085201000,Lake County OH,Census Tract 2010,F,40,0.17,288100.0,1051.0,0.73,-2.9,29.4,85.7,55.5,FAIL: not in positive-cash-flow set,6,,44092 (66%); 44094 (34%)
39093013102,Lorain County OH,Census Tract 131.02,F,40,0.69,440700.0,,,,,,,no data,,,44011 (100%)
39093077100,Lorain County OH,Census Tract 771,F,40,0.69,283900.0,998.0,0.7,-3.7,13.1,80.2,39.6,FAIL: not in positive-cash-flow set,6,,44044 (39%); 44050 (38%); 44074 (14%); 44035 (9%)
39095005502,Lucas County OH,Census Tract 55.02,P,40,0.52,120100.0,816.0,1.36,15.2,11.2,77.9,83.7,PASS,1,,43611 (100%)
39133601704,Portage County OH,Census Tract 6017.04,P,40,0.3,301000.0,1578.0,1.05,6.2,32.1,84.0,71.6,PASS,1,,44240 (88%); 44266 (12%)
39149972300,Shelby County OH,Census Tract 9723,P,40,0.34,222500.0,1154.0,1.04,5.9,10.8,83.1,75.0,PASS,1,,45363 (30%); 45333 (29%); 45365 (25%); 45356 (14%); 45845 (1%); 45380 (1%)
39153532302,Summit County OH,Census Tract 5323.02,P,40,0.56,352300.0,1637.0,0.93,2.8,30.1,82.4,65.8,PASS,1,,44333 (96%); 44286 (4%)
39007000701,Ashtabula County OH,Census Tract 7.01,P,39,0.4,90400.0,815.0,1.8,28.0,29.0,75.8,91.1,PASS,1,,44004 (100%)
39035123800,Cuyahoga County OH,Census Tract 1238,F,39,1.03,119700.0,474.0,0.79,-1.1,46.9,73.7,50.0,FAIL: not in positive-cash-flow set,6,,44135 (100%)
39035186106,Cuyahoga County OH,Census Tract 1861.06,P,39,1.03,228300.0,1149.0,1.01,5.0,23.9,85.3,78.7,PASS,1,,44136 (100%)
39085202100,Lake County OH,Census Tract 2021,P,39,0.16,138200.0,942.0,1.36,15.3,30.0,89.0,95.0,PASS,1,,44095 (100%)
39093071202,Lorain County OH,Census Tract 712.02,P,39,0.67,195700.0,1056.0,1.08,7.1,22.2,81.8,70.6,PASS,1,,44035 (100%)
39095003100,Lucas County OH,Census Tract 31,P,39,0.51,55000.0,1022.0,3.72,83.1,15.3,85.9,100,PASS,1,,43607 (100%)
39103410000,Medina County OH,Census Tract 4100,P,39,0.22,266500.0,1201.0,0.9,2.0,22.2,86.7,63.3,PASS,1,,44235 (46%); 44275 (45%); 44287 (5%); 44090 (2%); 44880 (1%)
39133600703,Portage County OH,Census Tract 6007.03,P,39,0.29,108700.0,1012.0,1.86,29.7,30.1,89.7,92.6,PASS,1,,44266 (61%)
39169000200,Wayne County OH,Census Tract 2,F,39,0.29,241600.0,936.0,0.77,-1.6,32.1,82.5,51.7,FAIL: not in positive-cash-flow set,6,,44691 (100%)
39035177404,Cuyahoga County OH,Census Tract 1774.04,P,38,1.01,179500.0,1706.0,1.9,30.8,19.1,85.5,95.3,PASS,1,,44129 (100%)
39035177607,Cuyahoga County OH,Census Tract 1776.07,F,38,1.01,252300.0,978.0,0.78,-1.6,21.6,85.3,59.5,FAIL: not in positive-cash-flow set,6,,44130 (68%); 44129 (32%)
39035179101,Cuyahoga County OH,Census Tract 1791.01,F,38,1.01,524000.0,,,,,,,no data,,,44124 (99%); 44122 (1%)
39035187106,Cuyahoga County OH,Census Tract 1871.06,P,38,1.01,271200.0,1489.0,1.1,7.7,23.1,83.9,81.7,PASS,1,,44118 (92%); 44121 (5%); 44122 (4%)
39093097201,Lorain County OH,Census Tract 972.01,F,38,0.65,276800.0,718.0,0.52,-9.0,13.5,84.8,34.3,FAIL: not in positive-cash-flow set,6,,44053 (81%); 44001 (19%)
39113000600,Montgomery County OH,Census Tract 6,P,38,0.39,117300.0,1172.0,2.0,33.6,42.9,72.9,89.1,PASS,3,,45406 (96%); 45402 (4%)
39113002900,Montgomery County OH,Census Tract 29,P,38,0.39,102900.0,1125.0,2.19,39.0,17.5,85.5,94.6,PASS,1,,45420 (100%)
39151713202,Stark County OH,Census Tract 7132.02,P,38,0.43,152700.0,1059.0,1.39,16.0,5.8,84.5,89.7,PASS,1,,44706 (81%); 44662 (19%)
39153506200,Summit County OH,Census Tract 5062,F,38,0.53,101500.0,1120.0,2.21,39.6,46.7,80.9,91.2,FAIL: tenant payment risk,4,,44320 (100%)
39153531701,Summit County OH,Census Tract 5317.01,P,38,0.53,197000.0,863.0,0.88,1.3,1.1,82.6,62.1,PASS,2,,44216 (87%); 44203 (11%); 44645 (1%)
39019720700,Carroll County OH,Census Tract 7207,P,37,0.17,204800.0,1102.0,1.08,7.0,13.2,77.7,76.1,PASS,1,,44615 (47%); 44695 (24%); 44675 (15%); 43988 (7%); 44621 (7%)
39035153105,Cuyahoga County OH,Census Tract 1531.05,P,37,0.98,210400.0,1030.0,0.98,4.2,24.7,84.1,78.2,PASS,1,,44126 (96%); 44116 (4%)
39035177202,Cuyahoga County OH,Census Tract 1772.02,P,37,0.98,142200.0,1135.0,1.6,22.0,35.6,86.1,87.4,PASS,2,,44134 (99%); 44129 (1%)
39035192800,Cuyahoga County OH,Census Tract 1928,F,37,0.98,411900.0,1125.0,0.55,-8.2,20.9,82.8,40.3,FAIL: not in positive-cash-flow set,6,,44108 (94%); 44110 (6%)
39093095100,Lorain County OH,Census Tract 951,F,37,0.64,276200.0,1054.0,0.76,-2.0,14.9,78.5,44.2,FAIL: not in positive-cash-flow set,6,,44044 (94%); 44253 (3%); 44256 (2%); 44280 (1%)
39095000701,Lucas County OH,Census Tract 7.01,P,37,0.48,72300.0,1101.0,3.05,63.8,35.2,67.0,84.1,PASS,2,,43613 (99%); 43612 (1%)
39095007304,Lucas County OH,Census Tract 73.04,P,37,0.48,195200.0,1176.0,1.2,10.8,17.5,82.9,86.6,PASS,1,,43615 (72%); 43528 (28%)
39095008402,Lucas County OH,Census Tract 84.02,P,37,0.48,167200.0,1413.0,1.69,24.7,12.5,82.2,91.0,PASS,1,,43615 (61%); 43623 (30%); 43617 (9%)
39095008702,Lucas County OH,Census Tract 87.02,F,37,0.48,142900.0,1057.0,1.48,18.7,47.0,84.9,87.5,FAIL: tenant payment risk,4,,43615 (63%); 43528 (37%)
39113050600,Montgomery County OH,Census Tract 506,P,37,0.38,187400.0,1185.0,1.26,12.5,30.3,83.2,82.9,PASS,1,,45342 (38%); 45327 (21%); 45345 (18%); 45417 (17%); 45325 (5%); 45005 (1%)
39151710700,Stark County OH,Census Tract 7107,P,37,0.42,182200.0,913.0,1.0,4.9,10.0,80.9,76.6,PASS,1,,44601 (100%)
39151712700,Stark County OH,Census Tract 7127,F,37,0.42,259900.0,933.0,0.72,-3.3,20.6,85.6,49.3,FAIL: not in positive-cash-flow set,6,,44641 (84%); 44601 (11%); 44721 (5%)
39153533200,Summit County OH,Census Tract 5332,F,37,0.52,393800.0,1606.0,0.82,-0.5,13.2,86.4,58.3,FAIL: not in positive-cash-flow set,6,,44236 (100%)
39173021901,Wood County OH,Census Tract 219.01,F,37,0.18,238700.0,968.0,0.81,-0.6,28.8,84.6,61.7,FAIL: not in positive-cash-flow set,6,,43402 (100%)
39031961700,Coshocton County OH,Census Tract 9617,P,36,0.33,171400.0,779.0,0.91,2.2,31.4,79.4,60.2,PASS,2,,43812 (87%); 43845 (13%)
39037560101,Darke County OH,Census Tract 5601.01,P,36,0.34,159300.0,863.0,1.08,7.3,24.4,82.3,75.1,PASS,1,,45346 (42%); 45347 (21%); 45304 (18%); 45332 (11%); 45331 (6%); 45382 (3%)
39109340100,Miami County OH,Census Tract 3401,F,36,0.31,255200.0,918.0,0.72,-3.2,7.8,82.0,49.2,FAIL: not in positive-cash-flow set,6,,45383 (43%); 45337 (19%); 45339 (15%); 45322 (11%); 45373 (6%); 45309 (3%); 45304 (1%); 45361 (1%)
39113021400,Montgomery County OH,Census Tract 214,P,36,0.37,194200.0,1047.0,1.08,7.1,27.7,86.3,80.9,PASS,1,,45420 (86%); 45429 (12%); 45440 (2%)
39113040103,Montgomery County OH,Census Tract 401.03,P,36,0.37,327500.0,1882.0,1.15,9.1,37.8,75.2,77.6,PASS,2,,45459 (100%)
39151700400,Stark County OH,Census Tract 7004,P,36,0.41,113500.0,831.0,1.46,18.2,13.9,84.8,92.0,PASS,1,,44714 (90%); 44705 (10%)
39151711202,Stark County OH,Census Tract 7112.02,P,36,0.41,201800.0,1406.0,1.39,16.2,15.6,86.2,87.1,PASS,1,,44666 (50%); 44614 (33%); 44647 (16%)
39153531702,Summit County OH,Census Tract 5317.02,P,36,0.5,238000.0,1073.0,0.9,2.0,35.7,82.5,58.0,PASS,2,,44216 (69%); 44203 (16%); 44614 (10%); 44319 (5%)
39157021900,Tuscarawas County OH,Census Tract 219,P,36,0.23,147700.0,1037.0,1.4,16.5,13.7,84.5,88.3,PASS,1,,44699 (31%); 43837 (29%); 44683 (29%); 44629 (11%)
39169001700,Wayne County OH,Census Tract 17,F,36,0.27,340100.0,910.0,0.54,-8.5,3.0,84.5,37.2,FAIL: not in positive-cash-flow set,6,,44606 (36%); 44627 (31%); 44662 (12%); 44624 (11%); 44618 (10%); 44691 (1%)
39019720100,Carroll County OH,Census Tract 7201,P,35,0.16,224800.0,957.0,0.85,0.6,9.0,81.2,58.9,PASS,2,,44615 (32%); 44427 (23%); 44651 (17%); 43945 (13%); 44657 (7%); 44625 (5%); 44607 (2%)
39035160603,Cuyahoga County OH,Census Tract 1606.03,F,35,0.93,400800.0,986.0,0.49,-9.8,25.2,91.3,44.6,FAIL: not in positive-cash-flow set,6,,44107 (100%)
39043041400,Erie County OH,Census Tract 414,P,35,0.46,223000.0,995.0,0.89,1.7,20.7,80.9,63.3,PASS,1,,44870 (100%)
39043041800,Erie County OH,Census Tract 418,F,35,0.46,235600.0,942.0,0.8,-0.9,5.0,83.1,53.5,FAIL: not in positive-cash-flow set,6,,44846 (28%); 44811 (22%); 44847 (21%); 44870 (10%); 44824 (9%); 44839 (8%); 44857 (2%)
39085204700,Lake County OH,Census Tract 2047,P,35,0.14,191500.0,1311.0,1.37,15.5,19.2,83.6,90.7,PASS,1,,44077 (100%)
39095009901,Lucas County OH,Census Tract 99.01,P,35,0.46,264200.0,1345.0,1.02,5.4,29.1,78.1,71.9,PASS,1,,43616 (100%)
39103416400,Medina County OH,Census Tract 4164,P,35,0.19,258900.0,1388.0,1.07,6.9,16.6,87.9,79.5,PASS,1,,44212 (100%)
39133601702,Portage County OH,Census Tract 6017.02,F,35,0.26,224900.0,787.0,0.7,-3.8,8.1,85.5,47.7,FAIL: not in positive-cash-flow set,6,,44240 (65%); 44260 (24%); 44266 (7%); 44278 (4%)
39149971400,Shelby County OH,Census Tract 9714,F,35,0.3,233000.0,911.0,0.78,-1.4,14.3,84.8,51.7,FAIL: not in positive-cash-flow set,6,,45334 (33%); 45340 (30%); 45302 (18%); 45306 (17%); 45365 (1%)
39023003102,Clark County OH,Census Tract 31.02,P,34,0.7,189800.0,977.0,1.03,5.7,23.2,83.2,63.6,PASS,1,,45502 (70%); 45323 (30%)
39035107701,Cuyahoga County OH,Census Tract 1077.01,F,34,0.9,,1609.0,,,,,,no data,,,44115 (52%); 44113 (31%); 44114 (16%)
39093097402,Lorain County OH,Census Tract 974.02,F,34,0.58,425500.0,1768.0,0.83,-0.0,35.6,87.4,57.7,FAIL: not in positive-cash-flow set,6,,44012 (100%)
39095005000,Lucas County OH,Census Tract 50,P,34,0.45,54100.0,1136.0,4.2,97.0,38.4,78.3,91.6,PASS,2,,43605 (100%)
39095008904,Lucas County OH,Census Tract 89.04,F,34,0.45,268900.0,884.0,0.66,-5.0,28.1,82.5,44.0,FAIL: not in positive-cash-flow set,6,,43571 (77%); 43566 (23%)
39153507202,Summit County OH,Census Tract 5072.02,P,34,0.48,182400.0,1154.0,1.27,12.5,24.9,84.3,91.4,PASS,1,,44313 (87%); 44303 (11%); 44302 (2%)
39153507600,Summit County OH,Census Tract 5076,F,34,0.48,103200.0,1128.0,2.19,39.0,45.3,82.3,92.4,FAIL: tenant payment risk,4,,44310 (100%)
39019720400,Carroll County OH,Census Tract 7204,P,33,0.15,174500.0,861.0,0.99,4.5,8.0,82.2,70.6,PASS,1,,44620 (33%); 44643 (22%); 44615 (18%); 44675 (13%); 44656 (10%); 44688 (3%)
39023002902,Clark County OH,Census Tract 29.02,P,33,0.68,146700.0,883.0,1.2,10.7,21.4,79.3,77.9,PASS,1,,45341 (93%); 45344 (7%)
39085200100,Lake County OH,Census Tract 2001,P,33,0.14,232000.0,981.0,0.85,0.4,25.8,76.1,58.4,PASS,2,,44095 (100%)
39085200200,Lake County OH,Census Tract 2002,P,33,0.14,158200.0,1138.0,1.44,17.5,15.5,88.5,92.6,PASS,1,,44095 (100%)
39085205400,Lake County OH,Census Tract 2054,F,33,0.14,254800.0,950.0,0.75,-2.5,23.7,86.8,48.0,FAIL: not in positive-cash-flow set,6,,44081 (100%)
39093071100,Lorain County OH,Census Tract 711,P,33,0.57,167900.0,1125.0,1.34,14.6,18.5,86.3,89.1,PASS,1,,44035 (100%)
39153503200,Summit County OH,Census Tract 5032,F,33,0.46,51600.0,1066.0,4.13,95.0,45.2,71.2,93.3,FAIL: tenant payment risk,4,,44306 (100%)
39153506700,Summit County OH,Census Tract 5067,F,33,0.46,83100.0,922.0,2.22,40.0,47.5,75.7,93.5,FAIL: tenant payment risk,4,,44307 (99%); 44320 (1%)
39173021100,Wood County OH,Census Tract 211,P,33,0.16,252900.0,1061.0,0.84,0.2,6.9,85.8,63.9,PASS,1,,43450 (58%); 43402 (23%); 43406 (13%); 43443 (3%); 43431 (2%); 43551 (1%)
39035171102,Cuyahoga County OH,Census Tract 1711.02,P,32,0.85,92400.0,1397.0,3.02,63.1,24.4,79.7,92.2,PASS,1,,44137 (100%)
39153532301,Summit County OH,Census Tract 5323.01,F,32,0.45,653000.0,,,,,,,no data,,,44333 (97%); 44321 (2%); 44286 (1%)
39035118900,Cuyahoga County OH,Census Tract 1189,P,31,0.82,256300.0,1509.0,1.18,10.0,40.7,72.6,79.7,PASS,3,,44106 (95%); 44103 (5%)
39035122300,Cuyahoga County OH,Census Tract 1223,F,31,0.82,71000.0,931.0,2.62,51.6,58.5,72.1,92.4,FAIL: tenant payment risk,6,,44128 (100%)
39093091200,Lorain County OH,Census Tract 912,F,31,0.53,196800.0,,,,,,,no data,,,44044 (56%); 44028 (44%)
39093094101,Lorain County OH,Census Tract 941.01,P,31,0.53,244000.0,1167.0,0.96,3.6,34.5,81.3,56.8,PASS,2,,44090 (47%); 44050 (29%); 44044 (12%); 44253 (11%); 44275 (1%)
39095007802,Lucas County OH,Census Tract 78.02,P,31,0.41,162100.0,777.0,0.96,3.7,22.5,85.2,72.2,PASS,1,,43623 (100%)
39095008208,Lucas County OH,Census Tract 82.08,F,31,0.41,411300.0,1359.0,0.66,-4.9,15.9,83.5,41.3,FAIL: not in positive-cash-flow set,6,,43560 (100%)
39113080600,Montgomery County OH,Census Tract 806,P,31,0.31,81800.0,1141.0,2.79,56.4,32.1,77.4,88.8,PASS,1,,45414 (100%)
39035174103,Cuyahoga County OH,Census Tract 1741.03,F,30,0.8,236300.0,,,,,,,no data,,,44070 (100%)
39035196800,Cuyahoga County OH,Census Tract 1968,P,30,0.8,359100.0,1683.0,0.94,3.0,39.0,76.0,71.9,PASS,2,,44106 (100%)
39043040300,Erie County OH,Census Tract 403,P,30,0.4,261800.0,1121.0,0.86,0.7,28.2,82.1,56.7,PASS,2,,44814 (45%); 44889 (31%); 44839 (15%); 44826 (5%); 44089 (3%); 44857 (1%); 44846 (1%)
39093080702,Lorain County OH,Census Tract 807.02,P,30,0.52,322400.0,1676.0,1.04,6.0,22.9,84.1,72.9,PASS,1,,44039 (100%)
39143960800,Sandusky County OH,Census Tract 9608,P,30,0.13,175000.0,781.0,0.89,1.8,15.9,78.7,64.5,PASS,1,,43420 (72%); 43464 (22%); 43410 (6%)
39151714200,Stark County OH,Census Tract 7142,P,30,0.34,80700.0,916.0,2.27,41.4,28.3,84.4,97.7,PASS,1,,44646 (100%)
39173020100,Wood County OH,Census Tract 201,P,30,0.15,183100.0,965.0,1.05,6.4,27.4,86.9,74.1,PASS,1,,43619 (97%); 43465 (2%); 43605 (1%)
39031961200,Coshocton County OH,Census Tract 9612,P,29,0.27,181100.0,881.0,0.97,4.1,11.5,74.6,63.6,PASS,1,,43812 (55%); 43811 (19%); 43749 (11%); 43821 (10%); 43832 (3%); 43844 (2%)
39035185104,Cuyahoga County OH,Census Tract 1851.04,P,29,0.77,199900.0,1530.0,1.53,20.1,17.3,86.2,89.0,PASS,1,,44121 (58%); 44143 (38%); 44124 (4%)
39093024000,Lorain County OH,Census Tract 240,P,29,0.5,123400.0,764.0,1.24,11.7,29.4,83.6,82.7,PASS,1,,44055 (74%); 44052 (26%)
39093030102,Lorain County OH,Census Tract 301.02,F,29,0.5,278400.0,1082.0,0.78,-1.6,23.2,76.5,51.1,FAIL: not in positive-cash-flow set,6,,44089 (89%); 44001 (11%)
39095009103,Lucas County OH,Census Tract 91.03,F,29,0.38,287700.0,1160.0,0.81,-0.7,18.4,85.5,58.5,FAIL: not in positive-cash-flow set,6,,43528 (84%); 43537 (16%)
39113120101,Montgomery County OH,Census Tract 1201.01,F,29,0.29,205100.0,,,,,,,no data,,,45315 (59%); 45322 (30%); 45309 (12%)
39133601502,Portage County OH,Census Tract 6015.02,F,29,0.22,,967.0,,,,,,no data,,,44243 (65%); 44240 (35%)
39153505200,Summit County OH,Census Tract 5052,F,29,0.41,69000.0,882.0,2.56,49.7,51.7,78.0,89.3,FAIL: tenant payment risk,5,,44307 (56%); 44314 (44%)
39153531001,Summit County OH,Census Tract 5310.01,P,29,0.41,175400.0,992.0,1.13,8.6,36.9,86.9,76.2,PASS,2,,44260 (64%); 44312 (15%); 44278 (12%); 44305 (10%)
39035121800,Cuyahoga County OH,Census Tract 1218,P,28,0.74,96600.0,842.0,1.74,26.3,27.6,71.9,86.7,PASS,1,,44122 (67%); 44128 (33%)
39103408301,Medina County OH,Census Tract 4083.01,P,28,0.15,297200.0,1696.0,1.14,8.9,17.5,86.0,86.1,PASS,1,,44256 (100%)
39151714000,Stark County OH,Census Tract 7140,P,28,0.32,135000.0,885.0,1.31,13.8,21.9,84.4,85.1,PASS,1,,44647 (100%)
39153530103,Summit County OH,Census Tract 5301.03,F,28,0.39,289200.0,1163.0,0.8,-0.8,43.6,86.9,51.6,FAIL: not in positive-cash-flow set,6,,44087 (100%)
39007001002,Ashtabula County OH,Census Tract 10.02,F,27,0.28,214700.0,742.0,0.69,-4.0,6.0,79.2,43.2,FAIL: not in positive-cash-flow set,6,,44041 (54%); 44010 (31%); 44084 (11%); 44047 (4%)
39035134205,Cuyahoga County OH,Census Tract 1342.05,P,27,0.72,183900.0,1471.0,1.6,22.1,18.8,79.0,82.1,PASS,1,,44017 (100%)
39057210300,Greene County OH,Census Tract 2103,F,27,0.19,272000.0,1121.0,0.82,-0.2,22.6,82.9,54.6,FAIL: not in positive-cash-flow set,6,,45430 (64%); 45434 (23%); 45432 (14%)
39085204800,Lake County OH,Census Tract 2048,P,27,0.11,183700.0,860.0,0.94,3.0,30.2,80.1,60.9,PASS,2,,44077 (100%)
39093071500,Lorain County OH,Census Tract 715,P,27,0.46,188100.0,887.0,0.94,3.2,18.6,76.8,57.2,PASS,2,,44035 (100%)
39095001201,Lucas County OH,Census Tract 12.01,P,27,0.35,121600.0,914.0,1.5,19.3,33.2,80.3,85.1,PASS,1,,43611 (100%)
39095001900,Lucas County OH,Census Tract 19,F,27,0.35,,783.0,,,,,,no data,,,43608 (100%)
39113070202,Montgomery County OH,Census Tract 702.02,P,27,0.27,37200.0,928.0,4.99,119.7,26.1,78.2,96.5,PASS,1,,45417 (100%)
39151700701,Stark County OH,Census Tract 7007.01,P,27,0.31,153200.0,837.0,1.09,7.5,37.1,78.2,80.4,PASS,2,,44709 (100%)
39153531102,Summit County OH,Census Tract 5311.02,P,27,0.38,191300.0,1173.0,1.23,11.4,16.2,84.5,81.5,PASS,1,,44312 (68%); 44685 (30%); 44260 (2%)
39023003200,Clark County OH,Census Tract 32,F,26,0.53,214500.0,887.0,0.83,-0.1,18.3,81.1,58.0,FAIL: not in positive-cash-flow set,6,,45502 (70%); 45368 (18%); 45387 (6%); 45506 (3%); 45314 (3%)
39035189105,Cuyahoga County OH,Census Tract 1891.05,P,26,0.69,352800.0,1722.0,0.98,4.2,35.4,82.7,63.0,PASS,2,,44145 (100%)
39035198300,Cuyahoga County OH,Census Tract 1983,P,26,0.69,133300.0,933.0,1.4,16.4,37.5,79.2,86.2,PASS,2,,44128 (52%); 44122 (48%)
39095000202,Lucas County OH,Census Tract 2.02,P,26,0.34,99300.0,1022.0,2.06,35.3,27.2,87.6,94.0,PASS,1,,43612 (57%); 43613 (43%)
39103416000,Medina County OH,Census Tract 4160,P,26,0.14,249000.0,1166.0,0.94,3.0,28.9,88.8,69.5,PASS,1,,44212 (100%)
39151712202,Stark County OH,Census Tract 7122.02,F,26,0.29,259700.0,1014.0,0.78,-1.5,14.4,85.9,57.0,FAIL: not in positive-cash-flow set,6,,44721 (50%); 44714 (28%); 44705 (22%)
39151714901,Stark County OH,Census Tract 7149.01,P,26,0.29,169800.0,850.0,1.0,4.9,27.2,78.6,67.1,PASS,1,,44626 (76%); 44643 (19%); 44706 (5%); 44662 (1%)
39157021400,Tuscarawas County OH,Census Tract 214,F,26,0.16,249300.0,768.0,0.62,-6.2,11.3,83.1,43.1,FAIL: not in positive-cash-flow set,6,,43840 (46%); 44663 (33%); 44681 (16%); 43824 (4%)
39169002200,Wayne County OH,Census Tract 22,P,26,0.19,163900.0,850.0,1.04,5.9,21.0,79.9,70.2,PASS,1,,44287 (90%); 44214 (10%)
39173022300,Wood County OH,Census Tract 223,P,26,0.13,149700.0,881.0,1.18,9.9,12.2,83.5,81.9,PASS,1,,43413 (25%); 45872 (21%); 43516 (19%); 43511 (17%); 44817 (16%); 43529 (1%)
39023002901,Clark County OH,Census Tract 29.01,P,25,0.51,123500.0,869.0,1.41,16.6,17.9,84.0,87.1,PASS,1,,45344 (94%); 45341 (6%)
39023003002,Clark County OH,Census Tract 30.02,F,25,0.51,239900.0,833.0,0.69,-4.0,30.2,78.8,33.5,FAIL: not in positive-cash-flow set,6,,45502 (83%); 45323 (11%); 45506 (6%); 45387 (1%)
39035123700,Cuyahoga County OH,Census Tract 1237,P,25,0.66,147600.0,1093.0,1.48,18.7,10.4,85.8,93.1,PASS,1,,44135 (100%)
39035124202,Cuyahoga County OH,Census Tract 1242.02,P,25,0.66,119300.0,783.0,1.31,13.9,25.2,77.1,86.5,PASS,1,,44135 (100%)
39035195700,Cuyahoga County OH,Census Tract 1957,P,25,0.66,192400.0,1109.0,1.15,9.2,19.6,78.1,75.8,PASS,1,,44146 (55%); 44139 (45%)
39037550100,Darke County OH,Census Tract 5501,F,25,0.24,198900.0,741.0,0.75,-2.5,5.9,84.0,50.2,FAIL: not in positive-cash-flow set,6,,45331 (99%); 45303 (1%)
39051040600,Fulton County OH,Census Tract 406,P,25,0.13,217000.0,1022.0,0.94,3.2,2.4,80.8,66.8,PASS,1,,43567 (83%); 43521 (10%); 43533 (7%)
39095001301,Lucas County OH,Census Tract 13.01,P,25,0.33,257000.0,1438.0,1.12,8.3,8.4,88.6,81.3,PASS,1,,43606 (100%)
39113001000,Montgomery County OH,Census Tract 10,P,25,0.25,135600.0,870.0,1.28,13.0,38.8,75.4,82.3,PASS,2,,45402 (91%); 45406 (9%)
39153530502,Summit County OH,Census Tract 5305.02,P,25,0.35,252200.0,1268.0,1.01,5.0,22.6,80.6,65.8,PASS,1,,44224 (96%); 44240 (4%)
39169002902,Wayne County OH,Census Tract 29.02,F,25,0.19,211500.0,764.0,0.72,-3.1,11.7,81.8,47.2,FAIL: not in positive-cash-flow set,6,,44230 (79%); 44270 (18%); 44203 (2%); 44216 (1%)
39173022200,Wood County OH,Census Tract 222,P,25,0.12,152700.0,715.0,0.94,3.0,24.3,80.3,62.3,PASS,2,,44830 (63%); 44817 (27%); 43457 (10%); 43467 (1%)
39031961000,Coshocton County OH,Census Tract 9610,P,24,0.22,166000.0,826.0,1.0,4.7,38.5,82.3,66.2,PASS,2,,43812 (51%); 43844 (28%); 43824 (10%); 44654 (10%); 43804 (1%)
39035152302,Cuyahoga County OH,Census Tract 1523.02,P,24,0.64,114300.0,1345.0,2.35,43.8,15.6,82.7,97.9,PASS,1,,44132 (100%)
39035181203,Cuyahoga County OH,Census Tract 1812.03,F,24,0.64,351300.0,1007.0,0.57,-7.4,29.0,89.0,35.3,FAIL: not in positive-cash-flow set,6,,44116 (100%)
39055311500,Geauga County OH,Census Tract 3115,F,24,0.21,367900.0,1194.0,0.65,-5.3,12.7,83.6,41.9,FAIL: not in positive-cash-flow set,6,,44072 (78%); 44022 (22%)
39057280200,Greene County OH,Census Tract 2802,P,24,0.17,278400.0,1929.0,1.39,16.0,28.7,78.9,79.2,PASS,1,,45387 (79%); 45314 (20%); 45385 (2%)
39093023400,Lorain County OH,Census Tract 234,P,24,0.41,144400.0,625.0,0.87,1.0,36.4,77.9,59.6,PASS,2,,44053 (100%)
39093070102,Lorain County OH,Census Tract 701.02,P,24,0.41,191800.0,893.0,0.93,2.9,13.0,85.3,67.5,PASS,1,,44035 (100%)
39093090100,Lorain County OH,Census Tract 901,F,24,0.41,352700.0,1167.0,0.66,-4.9,33.0,82.8,40.0,FAIL: not in positive-cash-flow set,6,,44028 (100%)
39095008207,Lucas County OH,Census Tract 82.07,P,24,0.31,246300.0,1110.0,0.9,2.0,29.1,81.3,62.2,PASS,2,,43560 (100%)
39095008801,Lucas County OH,Census Tract 88.01,P,24,0.31,243900.0,1078.0,0.88,1.5,29.4,90.1,64.9,PASS,1,,43537 (92%); 43528 (8%)
39103408002,Medina County OH,Census Tract 4080.02,P,24,0.13,390200.0,1864.0,0.96,3.6,44.2,77.7,66.9,PASS,3,,44256 (100%)
39113040305,Montgomery County OH,Census Tract 403.05,F,24,0.24,438200.0,,,,,,,no data,,,45458 (100%)
39035138106,Cuyahoga County OH,Census Tract 1381.06,P,23,0.61,158400.0,1075.0,1.36,15.1,22.5,77.3,85.1,PASS,1,,44142 (100%)
39035174106,Cuyahoga County OH,Census Tract 1741.06,P,23,0.61,199200.0,1311.0,1.32,14.0,17.6,85.2,91.1,PASS,1,,44070 (100%)
39035178201,Cuyahoga County OH,Census Tract 1782.01,P,23,0.61,149700.0,1155.0,1.54,20.5,36.2,81.1,90.0,PASS,2,,44130 (100%)
39055310700,Geauga County OH,Census Tract 3107,F,23,0.2,313200.0,,,,,,,no data,,,44026 (100%)
39057280102,Greene County OH,Census Tract 2801.02,F,23,0.16,282000.0,877.0,0.62,-6.0,6.1,84.8,41.6,FAIL: not in positive-cash-flow set,6,,45335 (53%); 45385 (36%); 45169 (10%)
39085201600,Lake County OH,Census Tract 2016,F,23,0.09,285900.0,921.0,0.64,-5.4,46.6,85.6,39.0,FAIL: not in positive-cash-flow set,6,,44094 (100%)
39093030101,Lorain County OH,Census Tract 301.01,P,23,0.4,144500.0,1065.0,1.47,18.5,31.3,79.9,81.8,PASS,1,,44089 (100%)
39093097401,Lorain County OH,Census Tract 974.01,F,23,0.4,507500.0,2094.0,0.83,-0.2,12.1,85.8,58.0,FAIL: not in positive-cash-flow set,6,,44012 (100%)
39095008206,Lucas County OH,Census Tract 82.06,F,23,0.3,350500.0,1320.0,0.75,-2.3,33.2,85.3,51.4,FAIL: not in positive-cash-flow set,6,,43560 (100%)
39103404000,Medina County OH,Census Tract 4040,F,23,0.13,397100.0,,,,,,,no data,,,44256 (100%)
39103415802,Medina County OH,Census Tract 4158.02,P,23,0.13,301500.0,2125.0,1.41,16.6,2.0,80.0,86.2,PASS,1,,44212 (90%); 44149 (10%)
39113003900,Montgomery County OH,Census Tract 39,F,23,0.23,40000.0,1064.0,5.32,129.3,53.3,73.5,90.5,FAIL: tenant payment risk,5,,45417 (100%)
39133600706,Portage County OH,Census Tract 6007.06,F,23,0.17,258200.0,888.0,0.69,-4.1,56.2,84.0,39.2,FAIL: not in positive-cash-flow set,6,,44412 (68%); 44444 (14%); 44266 (8%); 44272 (7%); 44411 (2%); 44429 (1%)
39007000102,Ashtabula County OH,Census Tract 1.02,P,22,0.23,137600.0,797.0,1.16,9.4,27.3,79.3,72.6,PASS,1,,44030 (100%)
39023002301,Clark County OH,Census Tract 23.01,P,22,0.45,229500.0,969.0,0.84,0.4,7.6,81.3,51.2,PASS,3,,45369 (65%); 43044 (28%); 43140 (6%); 43010 (1%)
39035124201,Cuyahoga County OH,Census Tract 1242.01,P,22,0.58,99200.0,977.0,1.97,32.8,26.1,83.0,95.4,PASS,1,,44135 (55%); 44111 (45%)
39037540100,Darke County OH,Census Tract 5401,P,22,0.21,151700.0,869.0,1.15,9.0,26.2,82.2,74.9,PASS,1,,45308 (75%); 45331 (24%); 45328 (1%)
39057210402,Greene County OH,Census Tract 2104.02,P,22,0.16,275900.0,1662.0,1.2,10.7,16.2,80.9,85.5,PASS,1,,45430 (93%); 45440 (7%)
39093050200,Lorain County OH,Census Tract 502,F,22,0.38,219800.0,824.0,0.75,-2.4,26.6,84.1,49.2,FAIL: not in positive-cash-flow set,6,,44001 (100%)
39103408303,Medina County OH,Census Tract 4083.03,P,22,0.12,246000.0,1123.0,0.91,2.3,25.4,85.0,67.0,PASS,1,,44256 (100%)
39103409002,Medina County OH,Census Tract 4090.02,P,22,0.12,257400.0,1281.0,1.0,4.7,16.2,84.9,62.6,PASS,1,,44256 (83%); 44215 (10%); 44254 (8%)
39113004400,Montgomery County OH,Census Tract 44,P,22,0.22,47200.0,790.0,3.35,72.5,38.5,73.4,89.4,PASS,2,,45417 (100%)
39153507102,Summit County OH,Census Tract 5071.02,F,22,0.31,326300.0,810.0,0.5,-9.7,11.7,81.5,34.8,FAIL: not in positive-cash-flow set,6,,44313 (73%); 44320 (16%); 44333 (12%)
39153507201,Summit County OH,Census Tract 5072.01,P,22,0.31,207500.0,869.0,0.84,0.2,17.2,89.1,51.0,PASS,3,,44313 (100%)
39153533502,Summit County OH,Census Tract 5335.02,P,22,0.31,314300.0,2004.0,1.28,12.8,36.7,82.0,79.9,PASS,2,,44321 (68%); 44203 (22%); 44281 (10%)
39035109301,Cuyahoga County OH,Census Tract 1093.01,F,21,0.56,118200.0,257.0,0.43,-11.4,37.6,48.8,24.7,FAIL: not in positive-cash-flow set,6,,44115 (100%)
39035135106,Cuyahoga County OH,Census Tract 1351.06,F,21,0.56,408900.0,,,,,,,no data,,,44141 (100%)
39035156102,Cuyahoga County OH,Census Tract 1561.02,P,21,0.56,298100.0,1345.0,0.9,2.0,13.1,85.3,63.2,PASS,1,,44131 (94%); 44141 (6%)
39037570101,Darke County OH,Census Tract 5701.01,F,21,0.2,209100.0,569.0,0.54,-8.3,9.6,81.2,37.2,FAIL: not in positive-cash-flow set,6,,45304 (51%); 45331 (35%); 45308 (14%)
39055310100,Geauga County OH,Census Tract 3101,F,21,0.19,269200.0,1049.0,0.78,-1.5,20.6,83.0,49.1,FAIL: not in positive-cash-flow set,6,,44086 (88%); 44057 (10%); 44024 (2%)
39085200900,Lake County OH,Census Tract 2009,P,21,0.09,148000.0,1003.0,1.36,15.1,23.0,82.5,81.3,PASS,1,,44092 (100%)
39085202000,Lake County OH,Census Tract 2020,P,21,0.09,178300.0,1001.0,1.12,8.4,26.8,84.7,70.9,PASS,1,,44095 (100%)
39095008304,Lucas County OH,Census Tract 83.04,F,21,0.28,355600.0,1275.0,0.72,-3.3,26.6,81.9,56.8,FAIL: not in positive-cash-flow set,6,,43623 (68%); 43560 (32%)
39173021602,Wood County OH,Census Tract 216.02,P,21,0.1,244700.0,1025.0,0.84,0.2,34.0,77.0,60.2,PASS,2,,43402 (100%)
39007000702,Ashtabula County OH,Census Tract 7.02,F,20,0.21,195900.0,,,,,,,no data,,,44004 (72%); 44041 (17%); 44010 (12%)
39035140702,Cuyahoga County OH,Census Tract 1407.02,F,20,0.53,173100.0,1525.0,1.76,26.8,51.5,75.2,94.2,FAIL: tenant payment risk,5,,44118 (100%)
39093023900,Lorain County OH,Census Tract 239,P,20,0.34,100200.0,971.0,1.94,31.9,36.9,84.5,92.7,PASS,2,,44055 (100%)
39093091100,Lorain County OH,Census Tract 911,P,20,0.34,233200.0,1287.0,1.1,7.8,26.9,76.5,74.4,PASS,1,,44044 (64%); 44028 (22%); 44035 (9%); 44039 (5%)
39095001002,Lucas County OH,Census Tract 10.02,P,20,0.26,59700.0,932.0,3.12,66.0,40.4,77.6,90.0,PASS,2,,43608 (100%)
39095003500,Lucas County OH,Census Tract 35,P,20,0.26,36800.0,1214.0,6.6,166.1,19.5,67.1,77.3,PASS,2,,43607 (100%)
39095005503,Lucas County OH,Census Tract 55.03,P,20,0.26,143300.0,1038.0,1.45,17.8,9.7,85.0,91.1,PASS,1,,43611 (100%)
39095005705,Lucas County OH,Census Tract 57.05,P,20,0.26,108000.0,1024.0,1.9,30.7,39.3,88.8,92.2,PASS,2,,43612 (100%)
39113003403,Montgomery County OH,Census Tract 34.03,P,20,0.2,258300.0,1175.0,0.91,2.3,26.8,62.0,67.5,PASS,2,,45409 (54%); 45420 (30%); 45419 (6%); 45469 (5%); 45410 (5%)
39133601902,Portage County OH,Census Tract 6019.02,P,20,0.15,164900.0,960.0,1.16,9.6,25.5,83.1,76.3,PASS,1,,44411 (78%); 44449 (14%); 44201 (6%); 44272 (2%)
39151700100,Stark County OH,Census Tract 7001,F,20,0.23,101600.0,290.0,0.57,-7.5,34.7,67.5,35.2,FAIL: not in positive-cash-flow set,6,,44702 (80%); 44704 (13%); 44703 (7%)
39035170101,Cuyahoga County OH,Census Tract 1701.01,S,19,0.5,189300.0,1182.0,1.25,12.0,28.7,83.9,88.9,PASS,1,,44124 (100%)
39085200400,Lake County OH,Census Tract 2004,S,19,0.08,166000.0,985.0,1.19,10.2,22.6,82.4,81.6,PASS,1,,44095 (81%); 44092 (19%)
39093070400,Lorain County OH,Census Tract 704,S,19,0.33,124100.0,1092.0,1.76,26.7,20.3,81.5,91.4,PASS,1,,44035 (100%)
39095009104,Lucas County OH,Census Tract 91.04,S,19,0.25,223600.0,1197.0,1.07,6.9,39.1,77.4,71.8,PASS,2,,43528 (49%); 43542 (37%); 43537 (14%)
39103403001,Medina County OH,Census Tract 4030.01,S,19,0.1,271100.0,1630.0,1.2,10.7,17.9,84.6,78.5,PASS,1,,44253 (90%); 44256 (10%)
39113040303,Montgomery County OH,Census Tract 403.03,F,19,0.19,335900.0,1342.0,0.8,-0.9,16.0,80.8,57.1,FAIL: not in positive-cash-flow set,6,,45458 (52%); 45459 (48%)
39113070201,Montgomery County OH,Census Tract 702.01,S,19,0.19,84300.0,779.0,1.85,29.3,37.4,75.5,88.1,PASS,2,,45417 (100%)
39149972200,Shelby County OH,Census Tract 9722,F,19,0.16,181900.0,,,,,,,no data,,,45365 (91%); 45317 (4%); 45353 (4%); 45356 (1%)
39151714802,Stark County OH,Census Tract 7148.02,F,19,0.21,271500.0,957.0,0.7,-3.6,13.7,82.2,46.7,FAIL: not in positive-cash-flow set,6,,44662 (72%); 44612 (14%); 44608 (6%); 44626 (5%); 44706 (3%)
39157021800,Tuscarawas County OH,Census Tract 218,S,19,0.12,154500.0,928.0,1.2,10.6,16.0,83.6,82.1,PASS,1,,43837 (43%); 43832 (38%); 44629 (15%); 43840 (3%); 43973 (1%); 44663 (1%)
39169003300,Wayne County OH,Census Tract 33,F,19,0.14,257900.0,830.0,0.64,-5.4,8.1,79.6,43.2,FAIL: not in positive-cash-flow set,6,,44618 (74%); 44606 (15%); 44667 (11%)
39023002608,Clark County OH,Census Tract 26.08,S,18,0.37,197800.0,1087.0,1.1,7.7,22.3,81.2,78.7,PASS,1,,45503 (91%); 45502 (9%)
39035134206,Cuyahoga County OH,Census Tract 1342.06,S,18,0.48,190300.0,1130.0,1.19,10.3,12.7,83.8,85.2,PASS,1,,44017 (100%)
39035138105,Cuyahoga County OH,Census Tract 1381.05,S,18,0.48,187600.0,879.0,0.94,3.0,34.9,86.3,71.4,PASS,2,,44142 (77%); 44135 (23%)
39035186107,Cuyahoga County OH,Census Tract 1861.07,S,18,0.48,294200.0,2110.0,1.43,17.4,23.3,86.4,85.6,PASS,1,,44136 (100%)
39055312000,Geauga County OH,Census Tract 3120,F,18,0.16,231200.0,910.0,0.79,-1.3,7.5,85.3,52.4,FAIL: not in positive-cash-flow set,6,,44021 (53%); 44234 (35%); 44231 (12%)
39085201900,Lake County OH,Census Tract 2019,S,18,0.07,199700.0,894.0,0.9,1.8,29.1,82.0,67.1,PASS,1,,44095 (100%)
39085204900,Lake County OH,Census Tract 2049,S,18,0.07,228900.0,1198.0,1.05,6.2,22.4,88.8,71.9,PASS,1,,44077 (100%)
39113002700,Montgomery County OH,Census Tract 27,S,18,0.18,102100.0,1066.0,2.09,36.2,40.4,83.1,92.2,PASS,2,,45410 (95%); 45420 (5%)
39149971700,Shelby County OH,Census Tract 9717,F,18,0.15,231100.0,894.0,0.77,-1.7,27.5,81.2,44.2,FAIL: not in positive-cash-flow set,6,,45365 (83%); 45302 (14%); 45340 (2%)
39151700300,Stark County OH,Census Tract 7003,S,18,0.2,54500.0,957.0,3.51,77.2,35.1,75.4,92.7,PASS,2,,44705 (100%)
39169002300,Wayne County OH,Census Tract 23,F,18,0.13,247900.0,939.0,0.76,-2.1,6.4,80.8,50.0,FAIL: not in positive-cash-flow set,6,,44214 (47%); 44691 (32%); 44217 (18%); 44287 (3%)
39169003000,Wayne County OH,Census Tract 30,S,18,0.13,226400.0,1103.0,0.97,4.1,4.5,84.9,69.4,PASS,1,,44645 (81%); 44270 (10%); 44230 (8%)
39023001000,Clark County OH,Census Tract 10,S,17,0.35,85500.0,888.0,2.08,35.9,20.8,74.9,92.7,PASS,1,,45506 (100%)
39023001102,Clark County OH,Census Tract 11.02,S,17,0.35,101400.0,827.0,1.63,23.0,15.8,75.5,89.1,PASS,1,,45506 (99%); 45505 (1%)
39035153104,Cuyahoga County OH,Census Tract 1531.04,S,17,0.45,206000.0,1590.0,1.54,20.5,12.5,89.5,93.9,PASS,1,,44126 (100%)
39035171203,Cuyahoga County OH,Census Tract 1712.03,S,17,0.45,104200.0,1630.0,3.13,66.2,25.1,76.4,94.5,PASS,1,,44137 (99%); 44125 (1%)
39035192900,Cuyahoga County OH,Census Tract 1929,F,17,0.45,304700.0,979.0,0.64,-5.4,5.4,78.9,34.4,FAIL: not in positive-cash-flow set,6,,44125 (100%)
39043041701,Erie County OH,Census Tract 417.01,F,17,0.23,190000.0,447.0,0.47,-10.4,49.5,81.0,25.3,FAIL: not in positive-cash-flow set,6,,44824 (74%); 44870 (26%)
39095004401,Lucas County OH,Census Tract 44.01,S,17,0.22,58600.0,1020.0,3.48,76.3,42.8,80.9,91.9,PASS,3,,43609 (100%)
39103409001,Medina County OH,Census Tract 4090.01,S,17,0.09,238200.0,1345.0,1.13,8.6,1.0,80.2,74.8,PASS,1,,44275 (47%); 44256 (28%); 44254 (18%); 44253 (7%)
39113050504,Montgomery County OH,Census Tract 505.04,F,17,0.17,271000.0,1086.0,0.8,-0.9,28.2,90.7,60.2,FAIL: not in positive-cash-flow set,6,,45342 (100%)
39113130101,Montgomery County OH,Census Tract 1301.01,S,17,0.17,209700.0,1066.0,1.02,5.3,34.5,77.2,68.5,PASS,2,,45309 (87%); 45322 (9%); 45354 (4%)
39169003100,Wayne County OH,Census Tract 31,F,17,0.13,245400.0,968.0,0.79,-1.2,6.6,85.1,56.4,FAIL: not in positive-cash-flow set,6,,44667 (30%); 44666 (25%); 44645 (23%); 44618 (19%); 44614 (3%)
39023001300,Clark County OH,Census Tract 13,S,16,0.33,97700.0,1010.0,2.07,35.6,20.9,84.0,96.0,PASS,1,,45505 (100%)
39035140100,Cuyahoga County OH,Census Tract 1401,S,16,0.42,143500.0,1325.0,1.85,29.2,44.6,68.7,83.7,PASS,3,,44121 (97%); 44112 (3%)
39035171104,Cuyahoga County OH,Census Tract 1711.04,F,16,0.42,78100.0,1384.0,3.54,78.1,49.1,76.6,92.6,FAIL: tenant payment risk,4,,44137 (99%); 44146 (1%)
39035172101,Cuyahoga County OH,Census Tract 1721.01,S,16,0.42,164200.0,1449.0,1.76,26.9,6.6,86.8,95.0,PASS,1,,44124 (100%)
39035177609,Cuyahoga County OH,Census Tract 1776.09,S,16,0.42,237900.0,1344.0,1.13,8.6,16.1,78.9,75.3,PASS,1,,44129 (53%); 44134 (44%); 44133 (3%)
39035181100,Cuyahoga County OH,Census Tract 1811,F,16,0.42,458100.0,1022.0,0.45,-11.1,25.2,83.2,33.1,FAIL: not in positive-cash-flow set,6,,44116 (100%)
39035185103,Cuyahoga County OH,Census Tract 1851.03,S,16,0.42,133900.0,1492.0,2.23,40.2,32.8,83.7,87.3,PASS,1,,44121 (100%)
39085202500,Lake County OH,Census Tract 2025,S,16,0.07,204600.0,1062.0,1.04,5.9,17.8,86.3,79.6,PASS,1,,44060 (100%)
39093050302,Lorain County OH,Census Tract 503.02,S,16,0.28,281400.0,1318.0,0.94,3.0,20.6,82.0,65.5,PASS,1,,44001 (100%)
39095007103,Lucas County OH,Census Tract 71.03,F,16,0.21,218800.0,842.0,0.77,-1.8,16.2,86.2,58.1,FAIL: not in positive-cash-flow set,6,,43537 (100%)
39095009002,Lucas County OH,Census Tract 90.02,S,16,0.21,377200.0,1703.0,0.9,2.1,23.3,79.6,60.6,PASS,2,,43537 (90%); 43542 (10%)
39113020601,Montgomery County OH,Census Tract 206.01,S,16,0.16,209000.0,873.0,0.84,0.1,4.7,79.5,50.3,PASS,3,,45429 (100%)
39113020602,Montgomery County OH,Census Tract 206.02,F,16,0.16,265700.0,,,,,,,no data,,,45429 (100%)
39113021000,Montgomery County OH,Census Tract 210,S,16,0.16,149700.0,1206.0,1.61,22.5,27.3,84.9,94.7,PASS,1,,45419 (54%); 45420 (46%)
39113120102,Montgomery County OH,Census Tract 1201.02,S,16,0.16,214500.0,1425.0,1.33,14.3,29.2,84.2,83.1,PASS,1,,45415 (92%); 45322 (8%)
39151711212,Stark County OH,Census Tract 7112.12,S,16,0.18,200900.0,991.0,0.99,4.5,22.3,86.6,66.5,PASS,1,,44614 (100%)
39151711411,Stark County OH,Census Tract 7114.11,F,16,0.18,319100.0,,,,,,,no data,,,44646 (68%); 44614 (17%); 44647 (15%)
39151714701,Stark County OH,Census Tract 7147.01,S,16,0.18,209000.0,964.0,0.92,2.6,17.6,83.7,63.7,PASS,1,,44647 (99%); 44666 (1%)
39007000300,Ashtabula County OH,Census Tract 3,S,15,0.15,155600.0,888.0,1.14,8.9,28.6,82.9,76.7,PASS,1,,44004 (96%); 44048 (4%)
39035103300,Cuyahoga County OH,Census Tract 1033,S,15,0.4,187200.0,1141.0,1.22,11.2,31.1,72.5,81.1,PASS,1,,44113 (100%)
39035184104,Cuyahoga County OH,Census Tract 1841.04,F,15,0.4,351400.0,1114.0,0.63,-5.7,44.3,83.4,34.6,FAIL: not in positive-cash-flow set,6,,44139 (100%)
39035184108,Cuyahoga County OH,Census Tract 1841.08,F,15,0.4,465700.0,1500.0,0.64,-5.4,30.0,82.7,44.7,FAIL: not in positive-cash-flow set,6,,44139 (100%)
39057210201,Greene County OH,Census Tract 2102.01,S,15,0.11,232800.0,1215.0,1.04,6.1,14.5,81.3,74.3,PASS,1,,45432 (71%); 45431 (29%)
39057220101,Greene County OH,Census Tract 2201.01,S,15,0.11,454100.0,2038.0,0.9,1.9,0.6,87.6,65.4,PASS,1,,45305 (57%); 45440 (43%)
39095010400,Lucas County OH,Census Tract 104,F,15,0.2,188800.0,853.0,0.9,2.1,58.2,69.1,67.4,FAIL: tenant payment risk,6,,43606 (73%); 43607 (27%)
39113021602,Montgomery County OH,Census Tract 216.02,F,15,0.15,240100.0,1132.0,0.94,3.2,47.2,81.3,62.3,FAIL: tenant payment risk,4,,45440 (100%)
39057240700,Greene County OH,Census Tract 2407,S,14,0.1,180600.0,1111.0,1.23,11.5,10.0,80.6,83.1,PASS,1,,45385 (100%)
39093013201,Lorain County OH,Census Tract 132.01,F,14,0.24,420100.0,,,,,,,no data,,,44011 (100%)
39095005602,Lucas County OH,Census Tract 56.02,F,14,0.18,108400.0,,,,,,,no data,,,43612 (84%); 43611 (16%)
39095007002,Lucas County OH,Census Tract 70.02,S,14,0.18,206100.0,1137.0,1.1,7.8,17.7,87.4,78.1,PASS,1,,43537 (100%)
39113000100,Montgomery County OH,Census Tract 1,S,14,0.14,68100.0,1234.0,3.62,80.4,19.0,77.0,90.4,PASS,1,,45406 (63%); 45416 (37%)
39133601600,Portage County OH,Census Tract 6016,S,14,0.11,257000.0,1316.0,1.02,5.5,32.7,81.8,68.8,PASS,1,,44240 (80%); 44266 (17%); 44224 (3%)
39153532600,Summit County OH,Census Tract 5326,F,14,0.2,379200.0,1204.0,0.64,-5.7,23.5,79.7,32.7,FAIL: not in positive-cash-flow set,6,,44264 (72%); 44236 (17%); 44141 (8%); 44223 (3%)
39169980000,Wayne County OH,Census Tract 9800,F,14,0.1,147200.0,,,,,,,no data,,,44691 (100%)
39023002605,Clark County OH,Census Tract 26.05,S,13,0.27,263700.0,1455.0,1.1,7.8,1.1,82.8,70.8,PASS,1,,45502 (88%); 45503 (12%)
39035134300,Cuyahoga County OH,Census Tract 1343,S,13,0.34,210800.0,895.0,0.85,0.5,30.5,80.3,55.4,PASS,2,,44017 (100%)
39085205300,Lake County OH,Census Tract 2053,F,13,0.05,241400.0,1000.0,0.83,-0.1,1.5,87.6,58.2,FAIL: not in positive-cash-flow set,6,,44081 (75%); 44057 (13%); 44077 (11%)
39095000702,Lucas County OH,Census Tract 7.02,S,13,0.17,82100.0,1314.0,3.2,68.2,12.6,89.0,100,PASS,1,,43613 (100%)
39103408305,Medina County OH,Census Tract 4083.05,S,13,0.07,379100.0,1814.0,0.96,3.6,26.0,86.2,67.4,PASS,1,,44256 (100%)
39113002800,Montgomery County OH,Census Tract 28,F,13,0.13,124900.0,1112.0,1.78,27.3,47.8,80.9,86.7,FAIL: tenant payment risk,4,,45432 (100%)
39113003500,Montgomery County OH,Census Tract 35,S,13,0.13,66600.0,927.0,2.78,56.2,40.8,68.4,86.8,PASS,3,,45417 (99%); 45402 (1%)
39093010200,Lorain County OH,Census Tract 102,S,12,0.21,329500.0,1690.0,1.03,5.6,1.6,86.1,73.2,PASS,1,,44012 (100%)
39095009001,Lucas County OH,Census Tract 90.01,F,12,0.16,405000.0,1133.0,0.56,-7.8,55.6,86.7,29.6,FAIL: not in positive-cash-flow set,6,,43542 (72%); 43558 (14%); 43571 (10%); 43537 (4%)
39103403002,Medina County OH,Census Tract 4030.02,F,12,0.07,352200.0,,,,,,,no data,,,44256 (97%); 44253 (2%)
39113080700,Montgomery County OH,Census Tract 807,S,12,0.12,67500.0,730.0,2.16,38.3,9.7,73.8,95.8,PASS,1,,45414 (100%)
39113100102,Montgomery County OH,Census Tract 1001.02,S,12,0.12,220900.0,1876.0,1.7,25.0,8.5,84.1,93.0,PASS,1,,45424 (100%)
39151710900,Stark County OH,Census Tract 7109,F,12,0.14,239700.0,883.0,0.74,-2.7,34.9,80.2,47.9,FAIL: not in positive-cash-flow set,6,,44641 (36%); 44601 (29%); 44632 (28%); 44721 (5%); 44201 (1%)
39153520105,Summit County OH,Census Tract 5201.05,S,12,0.17,180400.0,833.0,0.92,2.6,18.9,85.4,67.6,PASS,1,,44221 (100%)
39157021503,Tuscarawas County OH,Census Tract 215.03,S,12,0.08,153700.0,926.0,1.2,10.8,22.2,86.7,75.9,PASS,1,,44663 (83%); 44629 (13%); 44682 (3%)
39169002100,Wayne County OH,Census Tract 21,F,12,0.09,244400.0,898.0,0.73,-2.8,20.8,82.5,47.3,FAIL: not in positive-cash-flow set,6,,44691 (65%); 44287 (28%); 44214 (7%)
39023002602,Clark County OH,Census Tract 26.02,S,11,0.23,222900.0,1119.0,1.0,5.0,33.3,83.0,65.3,PASS,1,,45502 (83%); 45504 (11%); 43078 (5%); 45344 (1%); 45372 (1%)
39035133103,Cuyahoga County OH,Census Tract 1331.03,S,11,0.29,159700.0,1096.0,1.37,15.6,32.4,80.5,86.9,PASS,1,,44146 (87%); 44128 (13%)
39035173103,Cuyahoga County OH,Census Tract 1731.03,F,11,0.29,267100.0,889.0,0.67,-4.8,17.6,84.1,49.2,FAIL: not in positive-cash-flow set,6,,44130 (100%)
39035177504,Cuyahoga County OH,Census Tract 1775.04,S,11,0.29,187000.0,882.0,0.94,3.2,16.1,82.6,56.6,PASS,2,,44134 (100%)
39037555001,Darke County OH,Census Tract 5550.01,F,11,0.1,185300.0,,,,,,,no data,,,45331 (100%)
39055310600,Geauga County OH,Census Tract 3106,F,11,0.1,327000.0,,,,,,,no data,,,44026 (100%)
39095006801,Lucas County OH,Census Tract 68.01,S,11,0.14,85600.0,705.0,1.65,23.5,35.0,84.8,89.9,PASS,2,,43609 (95%); 43614 (5%)
39113004100,Montgomery County OH,Census Tract 41,F,11,0.11,87000.0,,,,,,,no data,,,45417 (97%); 45402 (3%)
39151713000,Stark County OH,Census Tract 7130,S,11,0.12,193800.0,975.0,1.01,5.0,5.0,84.7,69.8,PASS,1,,44730 (50%); 44669 (27%); 44657 (11%); 44641 (6%); 44688 (2%); 44707 (2%)
39157021200,Tuscarawas County OH,Census Tract 212,S,11,0.07,114600.0,916.0,1.6,22.1,13.1,82.7,84.3,PASS,1,,44663 (73%); 44621 (17%); 44675 (6%); 44653 (4%)
39173021500,Wood County OH,Census Tract 215,S,11,0.05,210300.0,1007.0,0.96,3.6,21.6,83.0,60.2,PASS,2,,43462 (41%); 43569 (23%); 43402 (23%); 43451 (12%); 43413 (1%)
39173022500,Wood County OH,Census Tract 225,S,11,0.05,223700.0,1063.0,0.95,3.4,31.3,77.2,67.0,PASS,1,,43402 (43%); 43451 (30%); 43466 (12%); 43413 (11%); 43450 (3%); 43437 (1%); 43462 (1%)
39031960900,Coshocton County OH,Census Tract 9609,S,10,0.09,198200.0,966.0,0.97,4.1,19.3,82.0,62.0,PASS,2,,43824 (69%); 43832 (21%); 43812 (5%); 43804 (4%)
39035123602,Cuyahoga County OH,Census Tract 1236.02,F,10,0.27,179400.0,782.0,0.87,1.2,53.1,76.3,56.9,FAIL: tenant payment risk,5,,44135 (76%); 44111 (24%)
39035137101,Cuyahoga County OH,Census Tract 1371.01,S,10,0.27,167400.0,929.0,1.11,8.0,20.6,87.8,81.6,PASS,1,,44144 (93%); 44130 (6%); 44102 (1%)
39035152101,Cuyahoga County OH,Census Tract 1521.01,S,10,0.27,166800.0,1563.0,1.87,30.0,12.0,78.1,87.9,PASS,1,,44123 (62%); 44119 (38%)
39035153106,Cuyahoga County OH,Census Tract 1531.06,F,10,0.27,250900.0,980.0,0.78,-1.5,16.8,87.5,55.8,FAIL: not in positive-cash-flow set,6,,44126 (100%)
39035171103,Cuyahoga County OH,Census Tract 1711.03,S,10,0.27,96400.0,946.0,1.96,32.6,33.1,73.7,92.4,PASS,1,,44137 (97%); 44128 (3%)
39035174105,Cuyahoga County OH,Census Tract 1741.05,S,10,0.27,234600.0,1597.0,1.36,15.3,7.4,81.6,84.2,PASS,1,,44070 (100%)
39035175202,Cuyahoga County OH,Census Tract 1752.02,F,10,0.27,331100.0,956.0,0.58,-7.3,18.4,85.7,41.3,FAIL: not in positive-cash-flow set,6,,44133 (100%)
39035183300,Cuyahoga County OH,Census Tract 1833,S,10,0.27,421800.0,1838.0,0.87,1.1,41.9,86.4,57.8,PASS,3,,44122 (95%); 44118 (5%)
39095005803,Lucas County OH,Census Tract 58.03,S,10,0.13,114000.0,1083.0,1.9,30.8,21.3,81.0,83.2,PASS,1,,43613 (100%)
39133600304,Portage County OH,Census Tract 6003.04,S,10,0.08,297300.0,1394.0,0.94,3.1,31.3,83.1,59.6,PASS,2,,44202 (100%)
39153531602,Summit County OH,Census Tract 5316.02,S,10,0.14,202600.0,1194.0,1.18,10.0,1.0,85.6,79.7,PASS,1,,44319 (54%); 44216 (45%); 44614 (1%)
39007001201,Ashtabula County OH,Census Tract 12.01,S,9,0.09,173400.0,923.0,1.06,6.7,17.3,82.4,71.0,PASS,1,,44047 (47%); 44048 (32%); 44004 (15%); 44030 (4%); 44032 (2%)
39035131105,Cuyahoga County OH,Census Tract 1311.05,S,9,0.24,428400.0,1928.0,0.9,2.0,26.7,88.8,68.1,PASS,1,,44122 (100%)
39035132200,Cuyahoga County OH,Census Tract 1322,S,9,0.24,150600.0,1421.0,1.89,30.4,5.0,83.6,82.5,PASS,1,,44146 (100%)
39035170202,Cuyahoga County OH,Census Tract 1702.02,S,9,0.24,217400.0,1529.0,1.41,16.6,27.3,82.9,90.0,PASS,1,,44124 (100%)
39035174107,Cuyahoga County OH,Census Tract 1741.07,S,9,0.24,186700.0,1215.0,1.3,13.5,28.6,85.7,80.8,PASS,1,,44070 (100%)
39035177605,Cuyahoga County OH,Census Tract 1776.05,S,9,0.24,210000.0,1645.0,1.57,21.2,11.4,81.2,86.0,PASS,1,,44130 (100%)
39035190502,Cuyahoga County OH,Census Tract 1905.02,S,9,0.24,63700.0,1800.0,5.65,138.8,39.4,73.8,82.4,PASS,2,,44138 (100%)
39035192300,Cuyahoga County OH,Census Tract 1923,S,9,0.24,234400.0,1148.0,0.98,4.3,9.5,83.5,62.3,PASS,2,,44131 (98%); 44109 (2%)
39035194500,Cuyahoga County OH,Census Tract 1945,S,9,0.24,743400.0,3111.0,0.84,0.2,1.8,79.9,59.0,PASS,2,,44040 (100%)
39035195800,Cuyahoga County OH,Census Tract 1958,S,9,0.24,473400.0,2016.0,0.85,0.6,17.9,84.2,58.1,PASS,2,,44022 (50%); 44139 (50%)
39085206500,Lake County OH,Census Tract 2065,F,9,0.04,338500.0,1318.0,0.78,-1.5,38.1,81.6,47.4,FAIL: not in positive-cash-flow set,6,,44060 (100%)
39093022500,Lorain County OH,Census Tract 225,S,9,0.15,131400.0,1068.0,1.63,22.9,27.7,77.7,79.0,PASS,1,,44052 (100%)
39093090200,Lorain County OH,Census Tract 902,S,9,0.15,356700.0,1766.0,0.99,4.6,27.4,83.0,64.5,PASS,1,,44028 (100%)
39095007206,Lucas County OH,Census Tract 72.06,F,9,0.12,218000.0,,,,,,,no data,,,43614 (100%)
39103415400,Medina County OH,Census Tract 4154,S,9,0.05,241800.0,1179.0,0.98,4.1,20.4,83.8,68.1,PASS,1,,44212 (100%)
39133600603,Portage County OH,Census Tract 6006.03,S,9,0.07,150300.0,1020.0,1.36,15.1,40.8,82.5,79.5,PASS,3,,44288 (35%); 44231 (25%)
39153530903,Summit County OH,Census Tract 5309.03,S,9,0.13,247600.0,1276.0,1.03,5.7,1.1,82.8,71.2,PASS,1,,44278 (100%)
39153532501,Summit County OH,Census Tract 5325.01,F,9,0.13,583600.0,2167.0,0.74,-2.6,12.8,80.6,48.6,FAIL: not in positive-cash-flow set,6,,44286 (83%); 44141 (17%)
39153532701,Summit County OH,Census Tract 5327.01,S,9,0.13,333300.0,2282.0,1.37,15.5,33.8,82.0,79.6,PASS,2,,44056 (74%); 44087 (20%); 44236 (5%)
39035177503,Cuyahoga County OH,Census Tract 1775.03,F,8,0.21,225200.0,742.0,0.66,-5.0,55.2,78.6,26.7,FAIL: not in positive-cash-flow set,6,,44134 (100%)
39035178206,Cuyahoga County OH,Census Tract 1782.06,F,8,0.21,170700.0,1342.0,1.57,21.3,46.3,83.6,87.2,FAIL: tenant payment risk,4,,44130 (100%)
39035182103,Cuyahoga County OH,Census Tract 1821.03,S,8,0.21,249400.0,1655.0,1.33,14.3,43.9,82.3,79.4,PASS,3,,44131 (99%); 44134 (1%)
39035185201,Cuyahoga County OH,Census Tract 1852.01,S,8,0.21,113300.0,1075.0,1.9,30.7,17.0,84.9,94.6,PASS,1,,44118 (59%); 44121 (41%)
39077916100,Huron County OH,Census Tract 9161,S,8,0.04,194600.0,976.0,1.0,4.9,19.2,82.0,69.8,PASS,1,,44890 (52%); 44855 (33%); 44847 (7%); 44807 (6%); 44811 (1%)
39085206600,Lake County OH,Census Tract 2066,S,8,0.03,160500.0,1085.0,1.35,15.0,35.1,82.7,81.6,PASS,2,,44095 (100%)
39093024100,Lorain County OH,Census Tract 241,S,8,0.14,191700.0,830.0,0.87,1.0,44.9,79.2,54.8,PASS,3,,44053 (49%); 44052 (46%); 44001 (5%)
39021010100,Champaign County OH,Census Tract 101,F,7,0.06,243600.0,830.0,0.68,-4.3,5.4,83.7,44.2,FAIL: not in positive-cash-flow set,6,,43009 (70%); 43060 (27%); 43078 (3%)
39035141602,Cuyahoga County OH,Census Tract 1416.02,S,7,0.19,156300.0,1171.0,1.5,19.2,19.7,85.0,89.8,PASS,1,,44118 (100%)
39035151300,Cuyahoga County OH,Census Tract 1513,F,7,0.19,159000.0,292.0,0.37,-13.4,40.3,68.5,24.7,FAIL: not in positive-cash-flow set,6,,44112 (100%)
39035189112,Cuyahoga County OH,Census Tract 1891.12,S,7,0.19,306000.0,1811.0,1.18,10.1,15.4,84.6,79.8,PASS,1,,44145 (100%)
39055311600,Geauga County OH,Census Tract 3116,F,7,0.06,432800.0,,,,,,,no data,,,44022 (100%)
39095005804,Lucas County OH,Census Tract 58.04,S,7,0.09,162100.0,764.0,0.94,3.2,36.1,84.5,69.6,PASS,2,,43613 (100%)
39133600704,Portage County OH,Census Tract 6007.04,F,7,0.05,244600.0,675.0,0.55,-8.1,14.5,82.5,31.0,FAIL: not in positive-cash-flow set,6,,44266 (40%); 44444 (24%); 44285 (4%); 44412 (1%)
39153503400,Summit County OH,Census Tract 5034,F,7,0.1,40600.0,852.0,4.2,96.9,46.9,70.8,92.1,FAIL: tenant payment risk,4,,44306 (75%); 44305 (25%)
39035176100,Cuyahoga County OH,Census Tract 1761,S,6,0.16,227500.0,1621.0,1.43,17.1,31.9,84.5,82.9,PASS,1,,44138 (100%)
39085205800,Lake County OH,Census Tract 2058,F,6,0.02,259600.0,,,,,,,no data,,,44057 (100%)
39093050301,Lorain County OH,Census Tract 503.01,F,6,0.1,289000.0,879.0,0.61,-6.4,34.8,84.8,28.6,FAIL: not in positive-cash-flow set,6,,44001 (93%); 44035 (7%)
39103416300,Medina County OH,Census Tract 4163,S,6,0.03,267800.0,1212.0,0.91,2.1,36.1,87.1,53.3,PASS,3,,44212 (100%)
39113021200,Montgomery County OH,Census Tract 212,F,6,0.06,201400.0,689.0,0.68,-4.2,34.3,86.3,45.0,FAIL: not in positive-cash-flow set,6,,45420 (62%); 45429 (38%)
39153533000,Summit County OH,Census Tract 5330,S,6,0.08,143800.0,896.0,1.25,11.9,23.2,85.2,79.5,PASS,1,,44203 (72%); 44319 (28%)
39035154603,Cuyahoga County OH,Census Tract 1546.03,F,5,0.13,108700.0,1100.0,2.02,34.3,67.4,86.9,86.4,FAIL: tenant payment risk,6,,44125 (100%)
39035173107,Cuyahoga County OH,Census Tract 1731.07,S,5,0.13,218300.0,924.0,0.85,0.4,20.5,79.8,61.4,PASS,2,,44130 (83%); 44017 (17%)
39035186105,Cuyahoga County OH,Census Tract 1861.05,S,5,0.13,286400.0,1863.0,1.3,13.5,32.8,82.5,79.7,PASS,1,,44149 (100%)
39093080101,Lorain County OH,Census Tract 801.01,S,5,0.09,208900.0,1359.0,1.3,13.5,16.2,80.5,80.0,PASS,1,,44039 (100%)
39133600102,Portage County OH,Census Tract 6001.02,F,5,0.04,277500.0,891.0,0.64,-5.5,22.5,80.5,38.7,FAIL: not in positive-cash-flow set,6,,44234 (66%); 44231 (28%); 44255 (6%)
39169002000,Wayne County OH,Census Tract 20,F,5,0.04,215600.0,,,,,,,no data,,,44691 (79%); 44676 (21%)
39007001101,Ashtabula County OH,Census Tract 11.01,S,4,0.04,173900.0,858.0,0.99,4.5,30.3,80.1,65.2,PASS,1,,44047 (75%); 44032 (15%); 44085 (8%); 44084 (3%)
39035183200,Cuyahoga County OH,Census Tract 1832,F,4,0.11,611100.0,1231.0,0.4,-12.3,41.5,85.0,22.9,FAIL: not in positive-cash-flow set,6,,44122 (45%); 44120 (29%); 44118 (26%)
39085201101,Lake County OH,Census Tract 2011.01,F,4,0.02,,1225.0,,,,,,no data,,,44094 (100%)
39095009400,Lucas County OH,Census Tract 94,F,4,0.05,282100.0,1148.0,0.81,-0.5,18.1,81.0,53.3,FAIL: not in positive-cash-flow set,6,,43558 (75%); 43528 (25%)
39109390100,Miami County OH,Census Tract 3901,F,4,0.03,254000.0,781.0,0.61,-6.2,15.0,87.5,34.0,FAIL: not in positive-cash-flow set,6,,45312 (30%); 45326 (26%); 45373 (24%); 45317 (9%); 45356 (5%); 45344 (5%); 45371 (2%)
39113090700,Montgomery County OH,Census Tract 907,S,4,0.04,118300.0,1216.0,2.06,35.3,18.9,78.2,91.3,PASS,1,,45431 (100%)
39153530700,Summit County OH,Census Tract 5307,F,4,0.06,319400.0,,,,,,,no data,,,44224 (100%)
39035177505,Cuyahoga County OH,Census Tract 1775.05,S,2,0.05,227500.0,1067.0,0.94,3.1,19.2,80.6,65.7,PASS,1,,44134 (100%)
39035185101,Cuyahoga County OH,Census Tract 1851.01,S,2,0.05,142700.0,1536.0,2.15,38.0,23.4,82.0,94.2,PASS,1,,44121 (100%)
39051040100,Fulton County OH,Census Tract 401,S,2,0.01,220000.0,1263.0,1.15,9.1,12.9,84.0,72.5,PASS,1,,43558 (35%); 43540 (34%); 43515 (29%); 43504 (1%)
39085205100,Lake County OH,Census Tract 2051,F,2,0.01,436400.0,,,,,,,no data,,,44077 (87%); 44024 (8%); 44060 (6%)
39093093100,Lorain County OH,Census Tract 931,F,2,0.03,240500.0,929.0,0.77,-1.7,23.6,77.0,47.8,FAIL: not in positive-cash-flow set,6,,44090 (52%); 44074 (37%); 44889 (10%); 44049 (1%); 44050 (1%)
39113060100,Montgomery County OH,Census Tract 601,S,2,0.02,149100.0,1106.0,1.48,18.8,16.3,83.6,84.6,PASS,1,,45417 (79%); 45342 (21%)
39143960900,Sandusky County OH,Census Tract 9609,S,2,0.01,248800.0,1080.0,0.87,1.1,10.5,85.0,55.8,PASS,2,,43420 (58%); 43442 (21%); 43435 (10%); 43431 (7%); 43449 (3%)
39021011001,Champaign County OH,Census Tract 110.01,F,1,0.01,235200.0,,,,,,,no data,,,43078 (71%); 43072 (25%); 45502 (4%)
39023002601,Clark County OH,Census Tract 26.01,S,1,0.02,227500.0,1189.0,1.05,6.2,8.2,83.2,71.9,PASS,1,,45344 (75%); 45502 (25%); 45349 (1%)
39035180104,Cuyahoga County OH,Census Tract 1801.04,S,1,0.03,214300.0,943.0,0.88,1.4,22.1,76.1,59.3,PASS,2,,44143 (100%)
39035186206,Cuyahoga County OH,Census Tract 1862.06,F,1,0.03,445100.0,1151.0,0.52,-9.1,22.5,82.6,31.8,FAIL: not in positive-cash-flow set,6,,44149 (99%); 44136 (1%)
39143961200,Sandusky County OH,Census Tract 9612,S,1,0.0,198500.0,842.0,0.85,0.5,19.0,79.5,55.5,PASS,2,,43420 (35%); 43435 (24%); 43407 (19%); 44841 (11%); 43457 (9%); 43406 (2%)
39007001202,Ashtabula County OH,Census Tract 12.02,F,0,0.0,184900.0,691.0,0.75,-2.4,31.5,80.0,32.5,FAIL: not in positive-cash-flow set,6,,44082 (51%); 44030 (45%); 44048 (2%); 44047 (1%)
39007001304,Ashtabula County OH,Census Tract 13.04,S,0,0.0,126000.0,777.0,1.23,11.6,41.1,72.4,63.0,PASS,3,,44003 (100%)
39007990000,Ashtabula County OH,Census Tract 9900,F,0,0.0,,,,,,,,no data,,,
39019720600,Carroll County OH,Census Tract 7206,F,0,0.0,166600.0,,,,,,,no data,,,44615 (41%); 43903 (23%); 43988 (13%); 44651 (10%); 43945 (10%); 43908 (2%); 43986 (1%)
39021011501,Champaign County OH,Census Tract 115.01,S,0,0.0,254900.0,1261.0,0.99,4.5,21.0,82.9,66.8,PASS,1,,43078 (52%); 43357 (31%); 43318 (7%); 43009 (6%); 43072 (4%)
39021011504,Champaign County OH,Census Tract 115.04,F,0,0.0,255400.0,959.0,0.75,-2.3,35.5,80.3,42.9,FAIL: not in positive-cash-flow set,6,,43078 (68%); 43044 (25%); 43009 (7%)
39023000902,Clark County OH,Census Tract 9.02,S,0,0.0,69600.0,991.0,2.85,58.1,12.9,62.5,92.8,PASS,2,,45506 (100%)
39023001900,Clark County OH,Census Tract 19,F,0,0.0,187100.0,752.0,0.8,-0.8,11.8,83.4,52.4,FAIL: not in positive-cash-flow set,6,,45504 (100%)
39023002000,Clark County OH,Census Tract 20,F,0,0.0,193700.0,599.0,0.62,-6.1,1.9,86.0,37.8,FAIL: not in positive-cash-flow set,6,,45504 (81%); 45506 (19%)
39023002200,Clark County OH,Census Tract 22,F,0,0.0,255700.0,,,,,,,no data,,,45502 (63%); 45505 (24%); 45506 (12%); 45503 (1%)
39023002800,Clark County OH,Census Tract 28,S,0,0.0,260400.0,1118.0,0.86,0.8,7.1,79.1,54.4,PASS,3,,45344 (71%); 45504 (19%); 45506 (7%); 45319 (1%); 45502 (1%); 45341 (1%)
39031961100,Coshocton County OH,Census Tract 9611,S,0,0.0,171800.0,778.0,0.91,2.1,29.3,81.7,52.9,PASS,3,,43844 (51%); 43843 (17%); 43822 (10%); 43821 (7%); 44637 (6%); 43006 (6%); 43014 (2%); 43805 (1%)
39035107101,Cuyahoga County OH,Census Tract 1071.01,S,0,0.0,155100.0,1696.0,2.19,39.0,18.2,80.2,97.6,PASS,1,,44114 (88%); 44113 (12%)
39035107802,Cuyahoga County OH,Census Tract 1078.02,F,0,0.0,,1098.0,,,,,,no data,,,44114 (92%); 44115 (8%)
39035121700,Cuyahoga County OH,Census Tract 1217,S,0,0.0,100100.0,1274.0,2.55,49.4,37.0,88.1,89.5,PASS,2,,44128 (100%)
39035121900,Cuyahoga County OH,Census Tract 1219,S,0,0.0,79500.0,1087.0,2.73,54.8,14.6,66.4,91.0,PASS,2,,44128 (100%)
39035122100,Cuyahoga County OH,Census Tract 1221,S,0,0.0,106300.0,820.0,1.54,20.5,23.9,75.6,82.0,PASS,1,,44128 (79%); 44122 (21%)
39035122200,Cuyahoga County OH,Census Tract 1222,F,0,0.0,66200.0,1049.0,3.17,67.3,60.3,67.4,79.7,FAIL: tenant payment risk,6,,44128 (100%)
39035130103,Cuyahoga County OH,Census Tract 1301.03,S,0,0.0,419400.0,1842.0,0.88,1.3,13.8,84.1,51.4,PASS,3,,44140 (100%)
39035130104,Cuyahoga County OH,Census Tract 1301.04,S,0,0.0,378200.0,1613.0,0.85,0.6,39.6,85.5,53.7,PASS,3,,44140 (100%)
39035130105,Cuyahoga County OH,Census Tract 1301.05,F,0,0.0,272600.0,809.0,0.59,-6.9,19.8,84.4,39.3,FAIL: not in positive-cash-flow set,6,,44140 (100%)
39035130106,Cuyahoga County OH,Census Tract 1301.06,S,0,0.0,336600.0,1469.0,0.87,1.2,3.3,85.1,53.8,PASS,3,,44140 (100%)
39035131103,Cuyahoga County OH,Census Tract 1311.03,S,0,0.0,387800.0,2694.0,1.39,16.1,3.2,84.5,87.0,PASS,1,,44122 (100%)
39035133104,Cuyahoga County OH,Census Tract 1331.04,F,0,0.0,,999.0,,,,,,no data,,,44146 (100%)
39035134203,Cuyahoga County OH,Census Tract 1342.03,F,0,0.0,260000.0,,,,,,,no data,,,44017 (100%)
39035135104,Cuyahoga County OH,Census Tract 1351.04,S,0,0.0,365400.0,3228.0,1.77,26.9,19.7,81.9,87.9,PASS,1,,44141 (100%)
39035136105,Cuyahoga County OH,Census Tract 1361.05,F,0,0.0,342100.0,,,,,,,no data,,,44147 (100%)
39035138107,Cuyahoga County OH,Census Tract 1381.07,S,0,0.0,145500.0,1299.0,1.79,27.5,22.1,84.1,84.3,PASS,1,,44142 (92%); 44135 (8%)
39035138108,Cuyahoga County OH,Census Tract 1381.08,S,0,0.0,168600.0,1426.0,1.69,24.8,12.7,83.4,85.3,PASS,1,,44142 (100%)
39035138110,Cuyahoga County OH,Census Tract 1381.10,S,0,0.0,187000.0,1500.0,1.6,22.3,22.2,81.7,84.8,PASS,1,,44142 (100%)
39035140400,Cuyahoga County OH,Census Tract 1404,S,0,0.0,148900.0,1096.0,1.47,18.4,15.3,83.3,89.9,PASS,1,,44121 (100%)
39035140900,Cuyahoga County OH,Census Tract 1409,S,0,0.0,173300.0,1622.0,1.87,30.0,24.1,85.4,93.4,PASS,1,,44118 (100%)
39035141400,Cuyahoga County OH,Census Tract 1414,S,0,0.0,346900.0,1537.0,0.89,1.6,31.8,82.9,58.2,PASS,2,,44118 (69%); 44106 (31%)
39035141700,Cuyahoga County OH,Census Tract 1417,S,0,0.0,208900.0,1740.0,1.67,24.0,13.7,85.5,89.1,PASS,1,,44118 (100%)
39035152303,Cuyahoga County OH,Census Tract 1523.03,S,0,0.0,132800.0,1271.0,1.91,31.2,23.7,84.1,87.6,PASS,1,,44132 (100%)
39035154502,Cuyahoga County OH,Census Tract 1545.02,S,0,0.0,143800.0,1046.0,1.45,17.9,35.4,78.8,84.4,PASS,2,,44125 (95%); 44137 (5%)
39035154604,Cuyahoga County OH,Census Tract 1546.04,S,0,0.0,115400.0,1395.0,2.42,45.7,27.5,87.1,92.1,PASS,1,,44125 (100%)
39035155102,Cuyahoga County OH,Census Tract 1551.02,S,0,0.0,264400.0,1789.0,1.35,15.0,16.5,83.5,82.6,PASS,1,,44143 (100%)
39035156101,Cuyahoga County OH,Census Tract 1561.01,F,0,0.0,364300.0,1456.0,0.8,-0.9,14.8,82.6,48.6,FAIL: not in positive-cash-flow set,6,,44131 (97%); 44125 (3%)
39035160604,Cuyahoga County OH,Census Tract 1606.04,S,0,0.0,167100.0,1193.0,1.43,17.2,27.0,82.2,89.6,PASS,1,,44107 (100%)
39035170201,Cuyahoga County OH,Census Tract 1702.01,S,0,0.0,254400.0,1341.0,1.05,6.4,19.9,82.2,72.5,PASS,1,,44124 (78%); 44122 (22%)
39035171205,Cuyahoga County OH,Census Tract 1712.05,S,0,0.0,113700.0,840.0,1.48,18.6,24.4,76.6,87.8,PASS,1,,44137 (100%)
39035171206,Cuyahoga County OH,Census Tract 1712.06,S,0,0.0,121400.0,1424.0,2.35,43.6,17.3,79.9,89.8,PASS,1,,44137 (100%)
39035172105,Cuyahoga County OH,Census Tract 1721.05,F,0,0.0,305600.0,1128.0,0.74,-2.7,26.2,82.0,52.8,FAIL: not in positive-cash-flow set,6,,44124 (70%); 44143 (30%)
39035172201,Cuyahoga County OH,Census Tract 1722.01,S,0,0.0,202000.0,1163.0,1.15,9.2,28.9,88.5,79.1,PASS,1,,44124 (100%)
39035172202,Cuyahoga County OH,Census Tract 1722.02,S,0,0.0,222900.0,999.0,0.9,1.9,23.9,78.0,67.8,PASS,1,,44124 (100%)
39035173105,Cuyahoga County OH,Census Tract 1731.05,F,0,0.0,243100.0,,,,,,,no data,,,44130 (100%)
39035174104,Cuyahoga County OH,Census Tract 1741.04,S,0,0.0,257000.0,1150.0,0.89,1.8,24.9,82.8,56.5,PASS,2,,44070 (100%)
39035174203,Cuyahoga County OH,Census Tract 1742.03,F,0,0.0,259600.0,1157.0,0.89,1.7,48.7,80.2,52.8,FAIL: tenant payment risk,4,,44070 (100%)
39035174204,Cuyahoga County OH,Census Tract 1742.04,F,0,0.0,223800.0,,,,,,,no data,,,44070 (100%)
39035175105,Cuyahoga County OH,Census Tract 1751.05,F,0,0.0,318500.0,895.0,0.56,-7.8,2.9,81.6,34.7,FAIL: not in positive-cash-flow set,6,,44133 (100%)
39035175106,Cuyahoga County OH,Census Tract 1751.06,F,0,0.0,332200.0,,,,,,,no data,,,44133 (100%)
39035175107,Cuyahoga County OH,Census Tract 1751.07,S,0,0.0,320900.0,1676.0,1.04,6.1,8.9,82.7,70.4,PASS,1,,44133 (100%)
39035175109,Cuyahoga County OH,Census Tract 1751.09,S,0,0.0,270000.0,1563.0,1.16,9.4,21.9,83.1,74.1,PASS,1,,44133 (100%)
39035177604,Cuyahoga County OH,Census Tract 1776.04,S,0,0.0,168200.0,1266.0,1.51,19.4,1.0,84.5,86.7,PASS,1,,44130 (100%)
39035177606,Cuyahoga County OH,Census Tract 1776.06,S,0,0.0,210100.0,1134.0,1.08,7.1,35.2,80.7,69.7,PASS,2,,44129 (71%); 44130 (29%)
39035178204,Cuyahoga County OH,Census Tract 1782.04,S,0,0.0,209600.0,996.0,0.95,3.4,37.8,81.5,69.2,PASS,2,,44130 (100%)
39035178205,Cuyahoga County OH,Census Tract 1782.05,S,0,0.0,192600.0,1272.0,1.32,14.1,32.7,84.3,78.9,PASS,1,,44130 (100%)
39035179102,Cuyahoga County OH,Census Tract 1791.02,F,0,0.0,652400.0,,,,,,,no data,,,44124 (100%)
39035180103,Cuyahoga County OH,Census Tract 1801.03,F,0,0.0,210100.0,1132.0,1.08,7.1,45.5,81.5,65.7,FAIL: tenant payment risk,4,,44143 (100%)
39035182104,Cuyahoga County OH,Census Tract 1821.04,F,0,0.0,255900.0,,,,,,,no data,,,44131 (100%)
39035182105,Cuyahoga County OH,Census Tract 1821.05,S,0,0.0,252400.0,1594.0,1.26,12.4,23.0,81.5,77.8,PASS,1,,44131 (100%)
39035182106,Cuyahoga County OH,Census Tract 1821.06,F,0,0.0,276000.0,,,,,,,no data,,,44131 (100%)
39035183401,Cuyahoga County OH,Census Tract 1834.01,S,0,0.0,296100.0,1420.0,0.96,3.7,19.3,83.9,59.4,PASS,2,,44120 (100%)
39035184103,Cuyahoga County OH,Census Tract 1841.03,F,0,0.0,445300.0,1803.0,0.81,-0.6,0.3,86.8,55.3,FAIL: not in positive-cash-flow set,6,,44139 (100%)
39035184106,Cuyahoga County OH,Census Tract 1841.06,S,0,0.0,251600.0,1428.0,1.14,8.7,28.3,81.1,66.0,PASS,1,,44139 (100%)
39035185102,Cuyahoga County OH,Census Tract 1851.02,S,0,0.0,149200.0,1220.0,1.64,23.1,8.7,85.3,85.1,PASS,1,,44121 (100%)
39035185202,Cuyahoga County OH,Census Tract 1852.02,S,0,0.0,122700.0,1525.0,2.49,47.6,34.5,84.5,89.4,PASS,2,,44121 (97%); 44118 (3%)
39035185203,Cuyahoga County OH,Census Tract 1852.03,S,0,0.0,201100.0,2063.0,2.05,35.1,25.4,82.4,87.9,PASS,1,,44121 (99%); 44122 (1%)
39035186104,Cuyahoga County OH,Census Tract 1861.04,S,0,0.0,249400.0,1182.0,0.95,3.3,32.3,81.6,61.6,PASS,2,,44149 (90%); 44136 (10%)
39035186202,Cuyahoga County OH,Census Tract 1862.02,S,0,0.0,354700.0,1792.0,1.01,5.1,22.4,79.7,59.3,PASS,2,,44136 (100%)
39035186203,Cuyahoga County OH,Census Tract 1862.03,F,0,0.0,285800.0,,,,,,,no data,,,44136 (100%)
39035186205,Cuyahoga County OH,Census Tract 1862.05,S,0,0.0,320000.0,1401.0,0.88,1.3,20.7,85.8,57.5,PASS,2,,44149 (91%); 44136 (9%)
39035188103,Cuyahoga County OH,Census Tract 1881.03,S,0,0.0,106800.0,1357.0,2.54,49.2,18.6,75.4,84.1,PASS,1,,44122 (86%); 44128 (14%)
39035190503,Cuyahoga County OH,Census Tract 1905.03,F,0,0.0,226500.0,884.0,0.78,-1.5,0.9,84.3,50.9,FAIL: not in positive-cash-flow set,6,,44138 (100%)
39035194100,Cuyahoga County OH,Census Tract 1941,F,0,0.0,301800.0,863.0,0.57,-7.5,19.3,82.6,32.0,FAIL: not in positive-cash-flow set,6,,44146 (100%)
39035196000,Cuyahoga County OH,Census Tract 1960,F,0,0.0,203800.0,1405.0,1.38,15.8,54.5,78.2,78.9,FAIL: tenant payment risk,5,,44118 (75%); 44112 (25%)
39035196300,Cuyahoga County OH,Census Tract 1963,F,0,0.0,688800.0,1768.0,0.51,-9.2,29.9,80.0,29.5,FAIL: not in positive-cash-flow set,6,,44022 (98%); 44040 (2%)
39035980100,Cuyahoga County OH,Census Tract 9801,F,0,0.0,,,,,,,,no data,,,44115 (45%); 44113 (24%); 44127 (21%); 44101 (6%); 44105 (5%)
39035980200,Cuyahoga County OH,Census Tract 9802,F,0,0.0,,,,,,,,no data,,,44102 (100%)
39035980500,Cuyahoga County OH,Census Tract 9805,F,0,0.0,,,,,,,,no data,,,44135 (82%); 44142 (18%)
39035980900,Cuyahoga County OH,Census Tract 9809,F,0,0.0,,,,,,,,no data,,,44110 (80%); 44119 (20%)
39035981000,Cuyahoga County OH,Census Tract 9810,F,0,0.0,,,,,,,,no data,,,44122 (100%)
39035981100,Cuyahoga County OH,Census Tract 9811,F,0,0.0,,,,,,,,no data,,,44142 (100%)
39035990000,Cuyahoga County OH,Census Tract 9900,F,0,0.0,,,,,,,,no data,,,
39043990100,Erie County OH,Census Tract 9901,F,0,0.0,,,,,,,,no data,,,
39055310200,Geauga County OH,Census Tract 3102,F,0,0.0,247200.0,,,,,,,no data,,,44064 (91%); 44024 (7%); 44086 (2%)
39055310800,Geauga County OH,Census Tract 3108,F,0,0.0,374100.0,,,,,,,no data,,,44024 (79%); 44026 (21%); 44072 (1%)
39055310900,Geauga County OH,Census Tract 3109,S,0,0.0,279000.0,1172.0,0.84,0.2,20.4,82.7,55.2,PASS,2,,44024 (78%); 44021 (11%); 44046 (11%)
39055311000,Geauga County OH,Census Tract 3110,S,0,0.0,222400.0,1059.0,0.95,3.5,13.4,82.7,62.8,PASS,1,,44046 (52%); 44062 (32%); 44099 (13%); 44024 (2%)
39055311400,Geauga County OH,Census Tract 3114,F,0,0.0,310500.0,839.0,0.54,-8.4,26.8,85.0,21.2,FAIL: not in positive-cash-flow set,6,,44065 (79%); 44072 (9%); 44021 (7%); 44024 (4%); 44026 (1%)
39055311800,Geauga County OH,Census Tract 3118,S,0,0.0,407700.0,2141.0,1.05,6.3,18.1,85.4,70.9,PASS,1,,44023 (91%); 44202 (9%)
39055311900,Geauga County OH,Census Tract 3119,S,0,0.0,428700.0,2310.0,1.08,7.1,33.6,87.1,64.1,PASS,1,,44023 (100%)
39055312202,Geauga County OH,Census Tract 3122.02,F,0,0.0,365700.0,,,,,,,no data,,,44024 (88%); 44060 (11%); 44094 (2%)
39055312400,Geauga County OH,Census Tract 3124,S,0,0.0,172200.0,927.0,1.08,7.1,18.5,84.1,69.3,PASS,1,,44062 (100%)
39057200902,Greene County OH,Census Tract 2009.02,S,0,0.0,233100.0,1574.0,1.35,14.9,1.5,81.3,78.3,PASS,1,,45324 (78%); 45385 (11%); 45387 (11%)
39057210102,Greene County OH,Census Tract 2101.02,S,0,0.0,309600.0,1430.0,0.92,2.7,20.5,87.3,72.2,PASS,1,,45431 (100%)
39057210202,Greene County OH,Census Tract 2102.02,S,0,0.0,268300.0,1558.0,1.16,9.5,14.1,84.4,76.2,PASS,1,,45432 (78%); 45431 (22%)
39057210500,Greene County OH,Census Tract 2105,F,0,0.0,427000.0,1833.0,0.86,0.8,53.1,83.1,52.1,FAIL: tenant payment risk,5,,45385 (60%); 45434 (29%); 45440 (6%); 45305 (5%)
39057210603,Greene County OH,Census Tract 2106.03,S,0,0.0,408000.0,2328.0,1.14,8.9,10.4,82.9,77.1,PASS,1,,45385 (77%); 45434 (19%); 45324 (4%)
39057210605,Greene County OH,Census Tract 2106.05,F,0,0.0,309500.0,1118.0,0.72,-3.1,29.7,84.6,38.4,FAIL: not in positive-cash-flow set,6,,45431 (37%); 45432 (32%); 45434 (31%)
39057230100,Greene County OH,Census Tract 2301,F,0,0.0,300400.0,1125.0,0.75,-2.4,48.7,80.2,40.8,FAIL: not in positive-cash-flow set,6,,45385 (54%); 45370 (27%); 45068 (18%)
39057240200,Greene County OH,Census Tract 2402,S,0,0.0,113500.0,1149.0,2.02,34.4,34.3,79.5,93.0,PASS,2,,45385 (100%)
39057240304,Greene County OH,Census Tract 2403.04,S,0,0.0,235400.0,1148.0,0.98,4.1,10.7,84.8,65.6,PASS,1,,45385 (100%)
39057280101,Greene County OH,Census Tract 2801.01,S,0,0.0,231300.0,1133.0,0.98,4.3,4.8,81.5,66.0,PASS,1,,45385 (80%); 45335 (20%)
39077916500,Huron County OH,Census Tract 9165,F,0,0.0,216800.0,796.0,0.73,-2.8,27.5,81.3,42.2,FAIL: not in positive-cash-flow set,6,,44857 (49%); 44851 (29%); 44837 (13%); 44826 (6%); 44855 (2%); 44890 (2%)
39085200300,Lake County OH,Census Tract 2003,S,0,0.0,169400.0,1513.0,1.79,27.5,1.4,87.9,94.5,PASS,1,,44095 (100%)
39085200500,Lake County OH,Census Tract 2005,S,0,0.0,163800.0,1590.0,1.94,32.0,6.1,87.8,88.5,PASS,1,,44095 (100%)
39085201102,Lake County OH,Census Tract 2011.02,S,0,0.0,361200.0,1649.0,0.91,2.3,35.5,85.0,59.1,PASS,2,,44094 (100%)
39085201500,Lake County OH,Census Tract 2015,S,0,0.0,227500.0,1460.0,1.28,13.0,21.4,89.6,87.6,PASS,1,,44094 (100%)
39085201800,Lake County OH,Census Tract 2018,S,0,0.0,208800.0,1527.0,1.46,18.2,19.2,80.9,81.7,PASS,1,,44095 (100%)
39085202400,Lake County OH,Census Tract 2024,S,0,0.0,171100.0,1063.0,1.24,11.8,12.8,89.2,79.1,PASS,1,,44060 (100%)
39085202600,Lake County OH,Census Tract 2026,S,0,0.0,156500.0,1249.0,1.6,22.0,24.9,87.8,82.1,PASS,1,,44060 (100%)
39085202902,Lake County OH,Census Tract 2029.02,S,0,0.0,175100.0,1361.0,1.55,20.8,12.3,80.1,84.8,PASS,1,,44060 (100%)
39085205200,Lake County OH,Census Tract 2052,F,0,0.0,328700.0,,,,,,,no data,,,44077 (66%); 44057 (15%); 44086 (12%); 44024 (4%); 44081 (3%)
39085206400,Lake County OH,Census Tract 2064,F,0,0.0,405800.0,785.0,0.39,-12.8,3.0,80.5,27.6,FAIL: not in positive-cash-flow set,6,,44094 (100%)
39085990000,Lake County OH,Census Tract 9900,F,0,0.0,,,,,,,,no data,,,
39093010300,Lorain County OH,Census Tract 103,S,0,0.0,273200.0,1302.0,0.95,3.5,25.7,84.6,59.4,PASS,2,,44012 (100%)
39093021200,Lorain County OH,Census Tract 212,S,0,0.0,176000.0,1086.0,1.23,11.6,17.4,84.6,81.5,PASS,1,,44054 (100%)
39093023500,Lorain County OH,Census Tract 235,S,0,0.0,123300.0,1145.0,1.86,29.5,20.5,80.9,89.4,PASS,1,,44052 (83%); 44055 (17%)
39093050100,Lorain County OH,Census Tract 501,F,0,0.0,241800.0,,,,,,,no data,,,44001 (44%); 44035 (35%); 44053 (20%)
39093050400,Lorain County OH,Census Tract 504,S,0,0.0,180600.0,988.0,1.09,7.6,27.0,80.7,70.6,PASS,1,,44001 (100%)
39093070101,Lorain County OH,Census Tract 701.01,S,0,0.0,193800.0,1305.0,1.35,14.8,1.7,80.0,77.1,PASS,1,,44035 (100%)
39093080104,Lorain County OH,Census Tract 801.04,S,0,0.0,184200.0,1470.0,1.6,22.0,23.5,84.7,84.3,PASS,1,,44039 (100%)
39093080600,Lorain County OH,Census Tract 806,S,0,0.0,219800.0,1689.0,1.54,20.3,35.0,84.7,80.9,PASS,2,,44039 (100%)
39093080701,Lorain County OH,Census Tract 807.01,S,0,0.0,306300.0,2189.0,1.43,17.2,0.3,84.6,85.9,PASS,1,,44039 (100%)
39093092100,Lorain County OH,Census Tract 921,F,0,0.0,310600.0,1125.0,0.72,-3.1,48.0,80.1,39.7,FAIL: not in positive-cash-flow set,6,,44001 (42%); 44074 (31%); 44889 (20%); 44089 (7%)
39093097100,Lorain County OH,Census Tract 971,F,0,0.0,280600.0,,,,,,,no data,,,44090 (64%); 44851 (24%); 44880 (6%); 44275 (4%); 44859 (2%)
39093990200,Lorain County OH,Census Tract 9902,F,0,0.0,,,,,,,,no data,,,
39095005601,Lucas County OH,Census Tract 56.01,S,0,0.0,181600.0,1068.0,1.18,9.9,11.2,85.0,79.6,PASS,1,,43611 (100%)
39095005703,Lucas County OH,Census Tract 57.03,S,0,0.0,86500.0,1118.0,2.58,50.5,29.4,86.8,92.3,PASS,1,,43612 (100%)
39095005704,Lucas County OH,Census Tract 57.04,S,0,0.0,90600.0,890.0,1.96,32.6,27.5,76.0,82.0,PASS,1,,43612 (100%)
39095005901,Lucas County OH,Census Tract 59.01,F,0,0.0,160000.0,696.0,0.87,1.1,55.5,81.4,55.4,FAIL: tenant payment risk,5,,43613 (98%); 43623 (2%)
39095007004,Lucas County OH,Census Tract 70.04,S,0,0.0,186700.0,1178.0,1.26,12.4,29.7,84.3,78.3,PASS,1,,43537 (100%)
39095007207,Lucas County OH,Census Tract 72.07,F,0,0.0,183700.0,1024.0,1.11,8.2,63.5,82.7,62.5,FAIL: tenant payment risk,6,,43614 (100%)
39095007305,Lucas County OH,Census Tract 73.05,S,0,0.0,20700.0,856.0,8.27,214.2,29.8,78.9,90.7,PASS,1,,43615 (97%); 43528 (3%)
39095007307,Lucas County OH,Census Tract 73.07,S,0,0.0,116100.0,699.0,1.2,10.7,35.7,89.0,78.5,PASS,2,,43615 (93%); 43609 (7%)
39095007801,Lucas County OH,Census Tract 78.01,S,0,0.0,152300.0,1390.0,1.83,28.6,23.5,81.9,88.5,PASS,1,,43623 (100%)
39095007903,Lucas County OH,Census Tract 79.03,S,0,0.0,127500.0,915.0,1.44,17.4,16.5,83.7,88.8,PASS,1,,43623 (100%)
39095007904,Lucas County OH,Census Tract 79.04,S,0,0.0,159100.0,951.0,1.2,10.5,35.4,85.1,78.2,PASS,2,,43623 (100%)
39095008205,Lucas County OH,Census Tract 82.05,F,0,0.0,274200.0,,,,,,,no data,,,43560 (100%)
39095008302,Lucas County OH,Census Tract 83.02,F,0,0.0,280000.0,,,,,,,no data,,,43615 (99%); 43606 (1%)
39095008601,Lucas County OH,Census Tract 86.01,S,0,0.0,150200.0,928.0,1.24,11.6,26.3,78.6,83.7,PASS,1,,43615 (100%)
39095008703,Lucas County OH,Census Tract 87.03,F,0,0.0,267500.0,700.0,0.52,-8.9,3.8,87.1,35.8,FAIL: not in positive-cash-flow set,6,,43528 (100%)
39095009204,Lucas County OH,Census Tract 92.04,F,0,0.0,416100.0,1173.0,0.56,-7.7,19.1,82.7,34.5,FAIL: not in positive-cash-flow set,6,,43560 (100%)
39095009300,Lucas County OH,Census Tract 93,F,0,0.0,237600.0,595.0,0.5,-9.5,0.4,81.3,28.7,FAIL: not in positive-cash-flow set,6,,43504 (65%); 43558 (20%); 43560 (11%); 43528 (4%)
39095009600,Lucas County OH,Census Tract 96,S,0,0.0,232800.0,1120.0,0.96,3.8,30.7,83.0,60.3,PASS,2,,43522 (52%); 43571 (26%); 43566 (13%); 43558 (4%); 43532 (4%); 43547 (2%)
39095009700,Lucas County OH,Census Tract 97,F,0,0.0,210100.0,,,,,,,no data,,,43412 (56%); 43616 (32%); 43445 (12%)
39095009902,Lucas County OH,Census Tract 99.02,S,0,0.0,221500.0,1094.0,0.99,4.5,9.7,81.5,67.1,PASS,1,,43616 (100%)
39095990000,Lucas County OH,Census Tract 9900,F,0,0.0,,,,,,,,no data,,,
39103400100,Medina County OH,Census Tract 4001,S,0,0.0,443500.0,2096.0,0.95,3.3,43.0,80.7,58.0,PASS,3,,44233 (100%)
39103407000,Medina County OH,Census Tract 4070,F,0,0.0,454600.0,2019.0,0.89,1.6,38.8,87.3,48.4,FAIL: enhanced score,4,,44256 (76%); 44273 (20%); 44281 (5%)
39103411001,Medina County OH,Census Tract 4110.01,F,0,0.0,263900.0,,,,,,,no data,,,44254 (62%); 44214 (15%); 44287 (13%); 44235 (10%)
39103415100,Medina County OH,Census Tract 4151,F,0,0.0,336400.0,,,,,,,no data,,,44212 (100%)
39103415200,Medina County OH,Census Tract 4152,F,0,0.0,244400.0,994.0,0.81,-0.5,12.0,85.8,53.6,FAIL: not in positive-cash-flow set,6,,44212 (100%)
39109320100,Miami County OH,Census Tract 3201,S,0,0.0,163700.0,1375.0,1.68,24.4,3.8,83.2,88.0,PASS,1,,45318 (71%); 45308 (25%); 45356 (5%)
39109365302,Miami County OH,Census Tract 3653.02,F,0,0.0,347800.0,994.0,0.57,-7.5,16.0,81.4,33.9,FAIL: not in positive-cash-flow set,6,,45373 (100%)
39113020300,Montgomery County OH,Census Tract 203,F,0,0.0,278700.0,,,,,,,no data,,,45429 (58%); 45419 (40%); 45409 (3%)
39113021301,Montgomery County OH,Census Tract 213.01,S,0,0.0,143300.0,1221.0,1.7,25.1,27.2,86.3,92.4,PASS,1,,45420 (81%); 45432 (19%)
39113021302,Montgomery County OH,Census Tract 213.02,S,0,0.0,143400.0,1318.0,1.84,29.0,30.2,86.0,92.5,PASS,1,,45420 (100%)
39113030200,Montgomery County OH,Census Tract 302,S,0,0.0,169500.0,1092.0,1.29,13.2,44.8,81.7,77.2,PASS,3,,45439 (93%); 45342 (5%); 45417 (2%)
39113040101,Montgomery County OH,Census Tract 401.01,S,0,0.0,284300.0,1203.0,0.85,0.4,37.8,83.2,51.9,PASS,3,,45459 (59%); 45429 (41%)
39113040102,Montgomery County OH,Census Tract 401.02,F,0,0.0,409100.0,,,,,,,no data,,,45459 (66%); 45429 (34%)
39113060200,Montgomery County OH,Census Tract 602,F,0,0.0,103100.0,1261.0,2.45,46.5,61.9,58.9,82.7,FAIL: tenant payment risk,6,,45417 (100%)
39113060300,Montgomery County OH,Census Tract 603,S,0,0.0,88700.0,1105.0,2.49,47.8,8.5,67.3,88.7,PASS,2,,45417 (100%)
39113070600,Montgomery County OH,Census Tract 706,F,0,0.0,139200.0,,,,,,,no data,,,45426 (95%); 45406 (5%)
39113080200,Montgomery County OH,Census Tract 802,F,0,0.0,157900.0,1239.0,1.57,21.2,52.0,82.7,80.7,FAIL: tenant payment risk,5,,45415 (100%)
39113090302,Montgomery County OH,Census Tract 903.02,S,0,0.0,182900.0,964.0,1.05,6.4,27.6,84.2,76.0,PASS,1,,45404 (60%); 45424 (36%); 45403 (3%)
39113090304,Montgomery County OH,Census Tract 903.04,S,0,0.0,213000.0,1012.0,0.95,3.4,15.1,82.6,67.8,PASS,1,,45424 (100%)
39113090800,Montgomery County OH,Census Tract 908,S,0,0.0,122200.0,1158.0,1.9,30.6,31.5,74.9,86.2,PASS,1,,45431 (100%)
39113100302,Montgomery County OH,Census Tract 1003.02,S,0,0.0,139800.0,1273.0,1.82,28.5,14.0,82.6,89.3,PASS,1,,45424 (100%)
39113110100,Montgomery County OH,Census Tract 1101,F,0,0.0,297500.0,,,,,,,no data,,,45377 (81%); 45414 (16%); 45371 (3%)
39113110201,Montgomery County OH,Census Tract 1102.01,F,0,0.0,293200.0,,,,,,,no data,,,45414 (100%)
39113160100,Montgomery County OH,Census Tract 1601,F,0,0.0,295600.0,994.0,0.67,-4.6,3.8,84.3,43.4,FAIL: not in positive-cash-flow set,6,,45327 (98%); 45042 (2%)
39113980000,Montgomery County OH,Census Tract 9800,F,0,0.0,,,,,,,,no data,,,45431 (100%)
39151712112,Stark County OH,Census Tract 7121.12,F,0,0.0,289900.0,,,,,,,no data,,,44720 (98%); 44721 (2%)
39153507203,Summit County OH,Census Tract 5072.03,F,0,0.0,321500.0,1150.0,0.72,-3.3,25.6,85.9,47.9,FAIL: not in positive-cash-flow set,6,,44303 (44%); 44313 (41%); 44310 (15%)
39153532001,Summit County OH,Census Tract 5320.01,S,0,0.0,168000.0,1151.0,1.37,15.5,27.5,80.9,79.6,PASS,1,,44203 (98%); 44230 (2%)
39153532708,Summit County OH,Census Tract 5327.08,F,0,0.0,272900.0,574.0,0.42,-11.8,15.9,88.3,27.2,FAIL: not in positive-cash-flow set,6,,44056 (100%)
39153532901,Summit County OH,Census Tract 5329.01,S,0,0.0,271300.0,1425.0,1.05,6.3,26.7,82.3,69.1,PASS,1,,44223 (58%); 44313 (19%); 44264 (18%); 44333 (6%)
39153533101,Summit County OH,Census Tract 5331.01,F,0,0.0,456800.0,,,,,,,no data,,,44236 (100%)
39153533102,Summit County OH,Census Tract 5331.02,F,0,0.0,616900.0,2464.0,0.8,-0.9,43.9,82.8,49.3,FAIL: not in positive-cash-flow set,6,,44236 (100%)
39153534100,Summit County OH,Census Tract 5341,S,0,0.0,521900.0,3501.0,1.34,14.7,0.4,84.7,85.7,PASS,1,,44236 (100%)
39157021502,Tuscarawas County OH,Census Tract 215.02,F,0,0.0,212200.0,,,,,,,no data,,,44663 (79%); 44629 (11%); 43840 (10%); 43837 (1%)
39173021800,Wood County OH,Census Tract 218,F,0,0.0,,935.0,,,,,,no data,,,43402 (70%); 43403 (30%)
