block_group,pop,Arson_pos,Assault_pos,Burglary_pos,Drug-Related Crime_pos,Murder_pos,Robbery_pos,Theft_pos,Vandalism_pos,Vehicle Theft_pos,Arson_grade,Assault_grade,Burglary_grade,Drug-Related Crime_grade,Murder_grade,Robbery_grade,Theft_grade,Vandalism_grade,Vehicle Theft_grade,pages
360070001001,840,0.598,0.694,0.889,0.52,0.889,0.241,0.428,0.321,0.156,C,D+,D-,C+,D-,B+,B-,B,A-,13790;13903
360070001002,683,0.837,0.872,0.954,0.711,0.934,0.821,0.895,0.52,0.278,D,D-,F,D+,F,D,D-,C+,B+,13790;13903;13904;13905
360070001003,759,0.889,0.799,0.954,0.644,0.889,0.768,0.598,0.428,0.282,D-,D,F,C-,D-,D+,C,B-,B+,13790;13903;13904;13905
360070001004,898,0.156,0.895,0.934,0.417,0.934,0.756,0.799,0.482,0.237,A-,D-,F,B-,F,D+,D,C+,B+,13790;13903
360070002001,1152,0.764,0.895,0.985,0.844,0.934,0.895,0.934,0.543,0.278,D+,D-,F,D,F,D-,F,C,B+,13790;13903;13904;13905
360070002002,801,0.644,0.934,0.961,0.482,0.934,0.78,0.895,0.504,0.299,C-,F,F,C+,F,D,D-,C+,B+,13790;13903;13905
360070002003,1294,0.237,0.895,0.954,0.445,0.858,0.504,0.543,0.52,0.273,B+,D-,F,B-,D-,C+,C,C+,B+,13790;13904;13905
360070003001,857,0.237,0.934,0.837,0.737,0.694,0.241,0.694,0.428,0.321,B+,F,D,D+,D+,B+,D+,B-,B,13790;13901;13904;13905
360070003002,831,0.611,0.889,0.934,0.388,0.711,0.794,0.872,0.52,0.267,C,D-,F,B-,D+,D,D-,C+,B+,13790;13903;13904;13905
360070003003,1101,0.597,0.895,0.934,0.43,0.895,0.644,0.597,0.467,0.206,C,D-,F,B-,D-,C-,C,C+,A-,13790;13903;13904;13905
360070004001,1026,0.611,0.913,0.934,0.282,0.934,0.837,0.751,0.467,0.273,C,D-,F,B+,F,D,D+,C+,B+,13790;13904;13905
360070004002,1218,0.24,0.78,0.872,0.285,0.658,0.361,0.504,0.24,0.144,B+,D,D-,B+,C-,B,C+,B+,A,13790;13901;13904;13905
360070005001,970,0.523,0.913,0.934,0.482,0.799,0.658,0.756,0.467,0.212,C+,D-,F,C+,D,C-,D+,C+,A-,13790;13903;13904;13905
360070005002,529,0.794,0.934,0.954,0.482,0.934,0.934,0.858,0.543,0.299,D,F,F,C+,F,F,D-,C,B+,13790;13903;13904;13905
360070005003,462,0.774,0.895,0.934,0.504,0.751,0.866,0.934,0.523,0.282,D,D-,F,C+,D+,D-,F,C+,B+,13790;13903;13904;13905
360070006001,734,0.504,0.934,0.954,0.597,0.934,0.846,0.895,0.52,0.244,C+,F,F,C,F,D,D-,C+,B+,13901;13904;13905
360070006002,659,0.644,0.934,0.954,0.504,0.799,0.837,0.895,0.445,0.278,C-,F,F,C+,D,D,D-,B-,B+,13904;13905
360070006003,859,0.611,0.934,0.961,0.52,0.934,0.935,0.913,0.523,0.282,C,F,F,C+,F,F,D-,C+,B+,13903;13904;13905
360070007001,1280,0.206,0.799,0.866,0.282,0.799,0.06,0.568,0.316,0.185,A-,D,D-,B+,D,A+,C,B,A-,13903;13904;13905
360070007002,767,0.644,0.895,0.954,0.737,0.934,0.872,0.837,0.523,0.316,C-,D-,F,D+,F,D-,D,C+,B,13903;13904;13905
360070007003,809,0.128,0.895,0.895,0.278,0.661,0.467,0.799,0.17,0.181,A,D-,D-,B+,C-,C+,D,A-,A-,13903;13904;13905
360070007004,645,0.523,0.858,0.913,0.299,0.764,0.336,0.737,0.278,0.173,C+,D-,D-,B+,D+,B,D+,B+,A-,13903;13904;13905
360070009001,1084,0.077,0.799,0.895,0.267,0.694,0.428,0.644,0.385,0.237,A,D,D-,B+,D+,B-,C-,B-,B+,13903;13904;13905
360070009002,633,0.597,0.895,0.935,0.482,0.934,0.866,0.866,0.523,0.273,C,D-,F,C+,F,D-,D-,C+,B+,13903;13904;13905
360070011001,631,0.954,0.985,0.985,0.768,0.954,0.961,0.954,0.568,0.285,F,F,F,D+,F,F,F,C,B+,13790;13903;13904;13905
360070011002,1516,0.181,0.935,0.895,0.428,0.764,0.568,0.835,0.445,0.238,A-,F,D-,B-,D+,C,D,B-,B+,13903;13904;13905
360070012002,1203,0.895,0.961,0.954,0.954,0.846,0.934,0.961,0.568,0.282,D-,F,F,F,D,F,F,C,B+,13790;13903;13904;13905
360070013001,1179,0.737,0.895,0.934,0.598,0.858,0.661,0.469,0.418,0.267,D+,D-,F,C,D-,C-,C+,B-,B+,13790
360070013003,706,0.611,0.934,0.934,0.694,0.889,0.895,0.737,0.504,0.267,C,F,F,D+,D-,D-,D+,C+,B+,13790
360070013004,482,0.799,0.954,0.985,0.837,0.934,0.954,0.954,0.568,0.34,D,F,F,D,F,F,F,C,B,13790;13903;13905
360070014011,700,0.756,0.934,0.934,0.737,0.935,0.858,0.934,0.504,0.273,D+,F,F,D+,F,D-,F,C+,B+,13903;13905
360070014013,739,0.737,0.858,0.913,0.326,0.934,0.837,0.751,0.523,0.299,D+,D-,D-,B,F,D,D+,C+,B+,13790
360070014021,1178,0.185,0.611,0.866,0.106,0.934,0.06,0.658,0.285,0.187,A-,C,D-,A,F,A+,C-,B+,A-,13903;13904;13905
360070014022,763,0.658,0.78,0.846,0.388,0.934,0.598,0.482,0.482,0.316,C-,D,D,B-,F,C,C+,C+,B,13903;13905
360070014023,934,0.568,0.794,0.934,0.34,0.934,0.694,0.751,0.523,0.241,C,D,F,B,F,D+,D+,C+,B+,13790;13903;13904;13905
360070015001,796,0.895,0.686,0.934,0.504,0.935,0.362,0.568,0.428,0.206,D-,C-,F,C+,F,B,C,B-,A-,13790;13903;13905
360070015002,1035,0.445,0.694,0.814,0.128,0.858,0.395,0.417,0.321,0.185,B-,D+,D,A,D-,B-,B-,B,A-,13903;13904;13905
360070015003,1012,0.048,0.278,0.611,0.105,0.774,0.014,0.012,0.153,0.153,A+,B+,C,A,D,A+,A+,A,A,13903;13904;13905
360070015004,584,0.774,0.445,0.858,0.173,0.866,0.143,0.214,0.212,0.146,D,B-,D-,A-,D-,A,A-,A-,A,13903;13904;13905
360070015005,1103,0.751,0.711,0.935,0.362,0.866,0.282,0.212,0.337,0.244,D+,D+,F,B,D-,B+,A-,B,B+,13790;13903;13904;13905
360070016001,708,0.799,0.935,0.961,0.568,0.954,0.934,0.934,0.543,0.238,D,F,F,C,F,F,F,C,B+,13903;13904;13905
360070016002,917,0.467,0.568,0.913,0.238,0.855,0.299,0.469,0.238,0.173,C+,C,D-,B+,D-,B+,C+,B+,A-,13903
360070016003,652,0.238,0.206,0.78,0.028,0.794,0.121,0.187,0.214,0.122,B+,A-,D,A+,D,A,A-,A-,A,13903;13904;13905
360070017001,1012,0.237,0.934,0.954,0.316,0.895,0.467,0.598,0.52,0.237,B+,F,F,B,D-,C+,C,C+,B+,13903;13904;13905
360070017002,624,0.187,0.794,0.934,0.267,0.935,0.362,0.278,0.445,0.153,A-,D,F,B+,F,B,B+,B-,A,13903;13905
360070017003,879,0.09,0.756,0.866,0.111,0.895,0.417,0.504,0.237,0.181,A,D+,D-,A,D-,B-,C+,B+,A-,13903
360070017004,943,0.244,0.844,0.934,0.282,0.934,0.568,0.611,0.43,0.143,B+,D,F,B+,F,C,C,B-,A,13903
360070017005,632,0.711,0.954,0.961,0.523,0.954,0.934,0.961,0.568,0.278,D+,F,F,C+,F,F,F,C,B+,13903;13904;13905
360070018001,795,0.278,0.934,0.934,0.395,0.934,0.568,0.78,0.523,0.185,B+,F,F,B-,F,C,D,C+,A-,13903;13904;13905
360070018002,953,0.17,0.895,0.934,0.285,0.889,0.385,0.78,0.385,0.181,A-,D-,F,B+,D-,B-,D,B-,A-,13903;13904;13905
360070018003,616,0.52,0.844,0.934,0.187,0.934,0.844,0.774,0.523,0.214,C+,D,F,A-,F,D,D,C+,A-,13903;13904;13905
360070018004,732,0.395,0.774,0.934,0.072,0.846,0.504,0.449,0.428,0.206,B-,D,F,A+,D,C+,B-,B-,A-,13903;13904;13905
360070018005,996,0.173,0.889,0.895,0.237,0.858,0.764,0.774,0.449,0.206,A-,D-,D-,B+,D-,D+,D,B-,A-,13903;13904;13905
360070121022,659,0.267,0.543,0.751,0.143,0.348,0.543,0.543,0.089,0.09,B+,C,D+,A,B,C,C,A,A,13901
360070121023,784,0.543,0.273,0.794,0.412,0.17,0.181,0.568,0.24,0.144,C,B+,D,B-,A-,A-,C,B+,A,13901
360070121031,859,0.504,0.837,0.934,0.821,0.31,0.78,0.954,0.52,0.244,C+,D,F,D,B,D,F,C+,B+,13790;13901;13904
360070122011,658,0.895,0.814,0.913,0.566,0.361,0.737,0.768,0.482,0.244,D-,D,D-,C,B,D+,D+,C+,B+,13901
360070122012,1132,0.17,0.597,0.768,0.278,0.156,0.078,0.237,0.273,0.206,A-,C,D+,B+,A-,A,B+,B+,A-,13901
360070122013,702,0.504,0.598,0.895,0.173,0.388,0.768,0.644,0.236,0.17,C+,C,D-,A-,B-,D+,C-,B+,A-,13901
360070126001,1310,0.336,0.187,0.187,0.353,0.071,0.028,0.694,0.004,0.089,B,A-,A-,B,A+,A+,D+,A+,A,13904
360070126002,870,0.144,0.774,0.611,0.048,0.078,0.012,0.694,0.077,0.16,A,D,C,A+,A,A+,D+,A,A-,13904
360070126005,770,0.858,0.934,0.954,0.774,0.644,0.858,0.935,0.52,0.285,D-,F,F,D,C-,D-,F,C+,B+,13904
360070126006,1105,0.644,0.895,0.644,0.504,0.711,0.321,0.821,0.34,0.241,C-,D-,C-,C+,D+,B,D,B,B+,13904
360070127014,977,0.737,0.658,0.895,0.362,0.299,0.568,0.837,0.445,0.238,D+,C-,D-,B,B+,C,D,B-,B+,13903
360070127021,824,0.644,0.711,0.799,0.09,0.737,0.467,0.385,0.385,0.128,C-,D+,D,A,D+,C+,B-,B-,A,13903
360070127022,1237,0.077,0.597,0.799,0.143,0.768,0.17,0.467,0.361,0.122,A,C,D,A,D+,A-,C+,B,A,13903
360070127023,1074,0.173,0.625,0.846,0.048,0.858,0.121,0.111,0.197,0.078,A-,C-,D,A+,D-,A,A,A-,A,13903
360070128001,1148,0.694,0.756,0.934,0.658,0.844,0.568,0.523,0.316,0.238,D+,D+,F,C-,D,C,C+,B,B+,13790;13901;13904;13905
360070128002,1240,0.267,0.858,0.935,0.267,0.658,0.566,0.846,0.241,0.165,B+,D-,F,B+,C-,C,D,B+,A-,13901;13904;13905
360070128003,911,0.17,0.799,0.858,0.282,0.611,0.273,0.774,0.353,0.181,A-,D,D-,B+,C,B+,D,B,A-,13790;13901;13904;13905
360070128004,1191,0.661,0.866,0.934,0.52,0.737,0.661,0.866,0.428,0.237,C-,D-,F,C+,D+,C-,D-,B-,B+,13790;13901;13904;13905
360070128005,610,0.846,0.889,0.895,0.794,0.52,0.625,0.694,0.362,0.31,D,D-,D-,D,C+,C-,D+,B,B,13790;13901;13904;13905
360070129001,1272,0.469,0.278,0.837,0.214,0.173,0.187,0.337,0.062,0.237,C+,B+,D,A-,A-,A-,B,A+,B+,13790;13905
360070130001,1285,0.09,0.143,0.611,0.185,0.072,0.128,0.598,0.072,0.214,A,A,C,A-,A+,A,C,A+,A-,13760;13790;13905
360070130002,578,0.835,0.611,0.895,0.774,0.846,0.799,0.711,0.482,0.237,D,C,D-,D,D,D,D+,C+,B+,13760;13790;13905
360070130003,958,0.361,0.185,0.658,0.336,0.321,0.237,0.737,0.144,0.31,B,A-,C-,B,B,B+,D+,A,B,13760;13790;13905
360070130004,1397,0.105,0.014,0.273,0.187,0.197,0.048,0.611,0.028,0.285,A,A+,B+,A-,A-,A+,C,A+,B+,13760;13790;13905
360070131001,509,0.644,0.794,0.858,0.482,0.661,0.737,0.694,0.543,0.385,C-,D,D-,C+,C-,D+,D+,C,B-,13760;13790
360070131002,890,0.568,0.598,0.846,0.774,0.661,0.388,0.821,0.267,0.362,C,C,D,D,C-,B-,D,B+,B,13760;13790
360070131003,1395,0.568,0.568,0.844,0.858,0.52,0.445,0.934,0.428,0.362,C,C,D,D-,C+,B-,F,B-,B,13760;13790
360070132011,899,0.644,0.348,0.694,0.428,0.52,0.244,0.598,0.212,0.31,C-,B,D+,B-,C+,B+,C,A-,B,13760;13790
360070132012,1387,0.337,0.278,0.31,0.165,0.336,0.105,0.482,0.156,0.278,B,B+,B,A-,B,A,C+,A-,B+,13760;13790
360070132021,1183,0.111,0.321,0.543,0.337,0.128,0.028,0.445,0.089,0.267,A,B,C,B,A,A+,B-,A,B+,13760;13790
360070132022,1311,0.385,0.089,0.388,0.236,0.206,0.09,0.278,0.093,0.282,B-,A,B-,B+,A-,A,B+,A,B+,13760;13790
360070132023,692,0.711,0.428,0.658,0.482,0.482,0.187,0.737,0.278,0.285,D+,B-,C-,C+,C+,A-,D+,B+,B+,13760;13790
360070133011,944,0.52,0.644,0.504,0.278,0.156,0.014,0.814,0.185,0.316,C+,C-,C+,B+,A-,A+,D,A-,B,13760
360070133012,408,0.523,0.337,0.658,0.428,0.093,0.045,0.181,0.153,0.273,C+,B,C-,B-,A,A+,A-,A,B+,13760
360070133013,1221,0.316,0.321,0.658,0.181,0.523,0.156,0.467,0.299,0.299,B,B,C-,A-,C+,A-,C+,B+,B+,13760
360070133014,762,0.794,0.445,0.837,0.278,0.774,0.241,0.711,0.24,0.299,D,B-,D,B+,D,B+,D+,B+,B+,13760
360070133015,1516,0.644,0.837,0.694,0.711,0.316,0.187,0.866,0.273,0.337,C-,D,D+,D+,B,A-,D-,B+,B,13760
360070133031,1113,0.121,0.611,0.353,0.214,0.045,0.004,0.568,0.06,0.241,A,C,B,A-,A+,A+,C,A+,B+,13760
360070133032,1457,0.52,0.417,0.694,0.267,0.111,0.021,0.568,0.237,0.278,C+,B-,D+,B+,A,A+,C,B+,B+,13760
360070133041,759,0.282,0.048,0.625,0.187,0.111,0.077,0.078,0.009,0.206,B+,A+,C-,A-,A,A,A,A+,A-,13760;13790
360070133042,1462,0.197,0.181,0.321,0.445,0.09,0.023,0.214,0.021,0.24,A-,A-,B,B-,A,A+,A-,A+,B+,13760;13790
360070133043,1580,0.445,0.078,0.598,0.428,0.06,0.077,0.321,0.048,0.206,B-,A,C,B-,A+,A,B,A+,A-,13760
360070133044,1178,0.428,0.482,0.661,0.445,0.237,0.299,0.568,0.128,0.267,B-,C+,C-,B-,B+,B+,C,A,B+,13760
360070133045,972,0.369,0.156,0.469,0.237,0.156,0.021,0.316,0.173,0.273,B,A-,C+,B+,A-,A+,B,A-,B+,13760
360070134001,623,0.122,0.43,0.644,0.52,0.238,0.023,0.737,0.273,0.282,A,B-,C-,C+,B+,A+,D+,B+,B+,13760
360070134002,1367,0.611,0.846,0.78,0.794,0.598,0.417,0.737,0.52,0.417,C,D,D,D,C,B-,D+,C+,B-,13760
360070134003,1131,0.644,0.361,0.78,0.482,0.212,0.206,0.428,0.31,0.299,C-,B,D,C+,A-,A-,B-,B,B+,13760
360070134004,1378,0.543,0.611,0.821,0.658,0.694,0.34,0.768,0.395,0.321,C,C,D,C-,D+,B,D+,B-,B,13760
360070135001,557,0.764,0.658,0.895,0.711,0.895,0.644,0.799,0.504,0.316,D+,C-,D-,D+,D-,C-,D,C+,B,13760
360070135002,629,0.934,0.961,0.954,0.985,0.934,0.934,0.961,0.568,0.467,F,F,F,F,F,F,F,C,C+,13760
360070135003,802,0.751,0.814,0.846,0.794,0.658,0.799,0.934,0.523,0.388,D+,D,D,D,C-,D,F,C+,B-,13760
360070136001,804,0.598,0.467,0.774,0.611,0.482,0.278,0.737,0.244,0.267,C,C+,D,C,C+,B+,D+,B+,B+,13760
360070136002,688,0.846,0.661,0.895,0.866,0.661,0.768,0.799,0.445,0.336,D,C-,D-,D-,C-,D+,D,B-,B,13760
360070136003,1240,0.181,0.846,0.78,0.844,0.445,0.428,0.872,0.385,0.353,A-,D,D,D,B-,B-,D-,B-,B,13760
360070136005,623,0.751,0.711,0.751,0.756,0.661,0.417,0.78,0.445,0.34,D+,D+,D+,D+,C-,B-,D,B-,B,13760
360070137001,990,0.321,0.43,0.128,0.361,0.523,0.052,0.837,0.181,0.278,B,B-,A,B,C+,A+,D,A-,B+,13760
360070137002,686,0.52,0.78,0.774,0.598,0.543,0.611,0.794,0.395,0.361,C+,D,D,C,C,C,D,B-,B,13760
360070137003,1576,0.388,0.756,0.846,0.597,0.52,0.187,0.756,0.412,0.316,B-,D+,D,C,C+,A-,D+,B-,B,13760
360070138001,910,0.285,0.768,0.895,0.395,0.821,0.282,0.282,0.388,0.214,B+,D+,D-,B-,D,B+,B+,B-,A-,13790;13901;13904;13905
360070138002,627,0.985,0.934,0.961,0.737,0.954,0.934,0.711,0.543,0.316,F,F,F,D+,F,F,D+,C,B,13790;13905
360070138003,825,0.737,0.299,0.895,0.337,0.756,0.267,0.445,0.504,0.187,D+,B+,D-,B,D+,B+,B-,C+,A-,13790;13905
360070138004,1101,0.751,0.598,0.913,0.568,0.756,0.165,0.428,0.388,0.187,D+,C,D-,C,D+,A-,B-,B-,A-,13790;13901;13905
360070139001,424,0.991,0.985,0.985,0.961,0.985,0.985,0.985,0.694,0.417,F,F,F,F,F,F,F,D+,B-,13790;13905
360070139002,935,0.543,0.846,0.934,0.482,0.774,0.799,0.751,0.482,0.206,C,D,F,C+,D,D,D+,C+,A-,13790;13905
360070139003,633,0.644,0.846,0.934,0.523,0.799,0.658,0.737,0.467,0.238,C-,D,F,C+,D,C-,D+,C+,B+,13790
360070140001,960,0.395,0.737,0.913,0.267,0.774,0.543,0.711,0.412,0.206,B-,D+,D-,B+,D,C,D+,B-,A-,13790
360070140002,908,0.362,0.837,0.934,0.385,0.711,0.212,0.34,0.417,0.181,B,D,F,B-,D+,A-,B,B-,A-,13790
360070140003,1313,0.214,0.895,0.935,0.504,0.855,0.78,0.52,0.504,0.238,A-,D-,F,C+,D-,D,C+,C+,B+,13790;13903;13905
360070141001,627,0.658,0.625,0.954,0.31,0.835,0.644,0.692,0.395,0.267,C-,C-,F,B,D,C-,C-,B-,B+,13790;13903;13905
360070141002,649,0.858,0.751,0.954,0.523,0.835,0.694,0.611,0.362,0.238,D-,D+,F,C+,D,D+,C,B,B+,13903;13905
360070141003,1016,0.611,0.774,0.954,0.336,0.895,0.52,0.598,0.43,0.206,C,D,F,B,D-,C+,C,B-,A-,13790;13903;13905
360070141004,797,0.388,0.711,0.934,0.316,0.768,0.285,0.181,0.299,0.111,B-,D+,F,B,D+,B+,A-,B+,A,13790;13903;13905
360070142001,1627,0.321,0.282,0.711,0.014,0.17,0.004,0.467,0.009,0.241,B,B+,D+,A+,A-,A+,C+,A+,B+,13790;13905
360070142002,972,0.737,0.321,0.661,0.093,0.353,0.062,0.43,0.012,0.267,D+,B,C-,A,B,A+,B-,A+,B+,13760;13790;13905
360070142003,1019,0.799,0.895,0.954,0.418,0.799,0.866,0.985,0.52,0.237,D,D-,F,B-,D,D-,F,C+,B+,13760;13790;13905
360070143012,617,0.895,0.889,0.954,0.644,0.895,0.953,0.961,0.543,0.299,D-,D-,F,C-,D-,F,F,C,B+,13760;13790;13905
360070143013,877,0.858,0.469,0.889,0.469,0.768,0.611,0.889,0.34,0.236,D-,C+,D-,C+,D+,C,D-,B,B+,13760;13905
360070143014,887,0.774,0.611,0.872,0.09,0.846,0.428,0.78,0.418,0.187,D,C,D-,A,D,B-,D,B-,A-,13760;13905
360070143015,1089,0.105,0.173,0.799,0.121,0.611,0.128,0.78,0.278,0.237,A,A-,D,A,C,A,D,B+,B+,13760;13905
360070143021,2538,0.428,0.799,0.934,0.121,0.889,0.523,0.737,0.445,0.237,B-,D,F,A,D-,C+,D+,B-,B+,13903;13905
360070143022,717,0.611,0.181,0.756,0.09,0.846,0.17,0.388,0.316,0.09,C,A-,D+,A,D,A-,B-,B,A,13903
360070143023,7626,0.144,0.181,0.482,0.045,0.504,0.004,0.077,0.187,0.236,A,A-,C+,A+,C+,A+,A,A-,B+,13903
360070144001,1097,0.482,0.504,0.644,0.482,0.597,0.278,0.78,0.16,0.321,C+,C+,C-,C+,C,B+,D,A-,B,13760
360070144002,1163,0.611,0.362,0.774,0.644,0.504,0.348,0.774,0.278,0.316,C,B,D,C-,C+,B,D,B+,B,13760
360070144003,848,0.889,0.34,0.711,0.694,0.821,0.768,0.644,0.445,0.353,D-,B,D+,D+,D,D+,C-,B-,B,13760
360070144004,967,0.799,0.774,0.889,0.858,0.844,0.737,0.889,0.388,0.31,D,D,D-,D-,D,D+,D-,B-,B,13760
360150001001,854,0.644,0.855,0.858,0.285,0.445,0.611,0.889,0.348,0.128,C-,D-,D-,B+,B-,C,D-,B,A,14901
360150001002,869,0.934,0.895,0.961,0.756,0.751,0.846,0.895,0.504,0.187,F,D-,F,D+,D+,D,D-,C+,A-,14901
360150001003,912,0.954,0.934,0.895,0.417,0.895,0.858,0.895,0.543,0.244,F,F,D-,B-,D-,D-,D-,C,B+,14901
360150002001,1179,0.611,0.895,0.913,0.417,0.837,0.737,0.934,0.52,0.212,C,D-,D-,B-,D,D+,F,C+,A-,14901
360150002002,1463,0.31,0.611,0.846,0.048,0.597,0.156,0.846,0.185,0.09,B,C,D,A+,C,A-,D,A-,A,14901
360150003001,1471,0.954,0.934,0.895,0.661,0.934,0.774,0.799,0.445,0.24,F,F,D-,C-,F,D,D,B-,B+,14901
360150004001,555,0.658,0.694,0.934,0.185,0.566,0.661,0.934,0.385,0.156,C-,D+,F,A-,C,C-,F,B-,A-,14901
360150004002,612,0.889,0.954,0.895,0.212,0.78,0.855,0.934,0.52,0.237,D-,F,D-,A-,D,D-,F,C+,B+,14901
360150004003,946,0.244,0.611,0.774,0.035,0.658,0.09,0.799,0.241,0.089,B+,C,D,A+,C-,A,D,B+,A,14901
360150005001,562,0.794,0.611,0.858,0.028,0.467,0.362,0.846,0.282,0.143,D,C,D-,A+,C+,B,D,B+,A,14901
360150005002,1186,0.417,0.661,0.794,0.035,0.598,0.237,0.794,0.369,0.072,B-,C-,D,A+,C,B+,D,B,A+,14901
360150005003,1164,0.597,0.846,0.764,0.035,0.566,0.348,0.858,0.395,0.111,C,D,D+,A+,C,B,D-,B-,A,14901
360150006001,980,0.934,0.913,0.78,0.048,0.598,0.467,0.445,0.523,0.185,F,D-,D,A+,C,C+,B-,C+,A-,14901
360150006002,1104,0.799,0.934,0.913,0.237,0.794,0.644,0.889,0.504,0.185,D,F,D-,B+,D,C-,D-,C+,A-,14901
360150006003,780,0.482,0.837,0.799,0.105,0.694,0.543,0.889,0.469,0.17,C+,D,D,A,D+,C,D-,C+,A-,14901
360150007001,589,0.78,0.934,0.913,0.236,0.889,0.872,0.934,0.482,0.214,D,F,D-,B+,D-,D-,F,C+,A-,14901
360150007002,1223,0.523,0.934,0.821,0.43,0.568,0.694,0.935,0.52,0.185,C+,F,D,B-,C,D+,F,C+,A-,14901
360150007003,595,0.895,0.954,0.961,0.895,0.872,0.895,0.961,0.568,0.267,D-,F,F,D-,D-,D-,F,C,B+,14901
360150009001,769,0.821,0.895,0.895,0.156,0.846,0.611,0.837,0.469,0.206,D,D-,D-,A-,D,C,D,C+,A-,14901
360150009003,787,0.467,0.644,0.694,0.021,0.644,0.206,0.751,0.385,0.077,C+,C-,D+,A+,C-,A-,D+,B-,A,14901
360150009004,652,0.467,0.598,0.711,0.035,0.598,0.267,0.889,0.385,0.122,C+,C,D+,A+,C,B+,D-,B-,A,14901
360150009005,498,0.872,0.934,0.934,0.24,0.658,0.751,0.889,0.238,0.181,D-,F,F,B+,C-,D+,D-,B+,A-,14901
360150010001,648,0.934,0.954,0.954,0.846,0.895,0.889,0.954,0.543,0.24,F,F,F,D,D-,D-,F,C,B+,14901
360150010002,1079,0.694,0.895,0.858,0.078,0.543,0.737,0.872,0.469,0.185,D+,D-,D-,A,C,D+,D-,C+,A-,14901
360150010003,1043,0.568,0.889,0.467,0.09,0.543,0.282,0.895,0.445,0.156,C,D-,C+,A,C,B+,D-,B-,A-,14901
360150011001,978,0.299,0.428,0.385,0.028,0.445,0.045,0.694,0.181,0.089,B+,B-,B-,A+,B-,A+,D+,A-,A,14901
360150011002,888,0.568,0.799,0.711,0.035,0.625,0.321,0.768,0.316,0.077,C,D,D+,A+,C-,B,D+,B,A,14901
360150011003,908,0.543,0.889,0.844,0.09,0.611,0.267,0.858,0.361,0.153,C,D-,D,A,C,B+,D-,B,A,14901
360150011004,580,0.799,0.866,0.737,0.121,0.644,0.568,0.837,0.417,0.089,D,D-,D+,A,C-,C,D,B-,A,14901
360150106002,1067,0.644,0.78,0.934,0.17,0.611,0.543,0.889,0.428,0.144,C-,D,F,A-,C,C,D-,B-,A,14901
360150106003,1142,0.821,0.611,0.889,0.353,0.348,0.543,0.913,0.362,0.143,D,C,D-,B,B,C,D-,B,A,14901
360150108003,601,0.913,0.895,0.954,0.385,0.774,0.895,0.846,0.504,0.238,D-,D-,F,B-,D,D-,D,C+,B+,14901
360150108004,551,0.611,0.504,0.895,0.105,0.661,0.467,0.835,0.237,0.156,C,C+,D-,A,C-,C+,D,B+,A-,14901
360150108005,811,0.568,0.895,0.934,0.077,0.658,0.597,0.895,0.388,0.237,C,D-,F,A,C-,C,D-,B-,B+,14901
360150109001,1521,0.156,0.337,0.467,0.014,0.348,0.077,0.756,0.045,0.06,A-,B,C+,A+,B,A,D+,A+,A+,14901
360150109002,1154,0.774,0.445,0.78,0.028,0.187,0.173,0.661,0.021,0.111,D,B-,D,A+,A-,A-,C-,A+,A,14901
360150109003,1251,0.24,0.187,0.467,0.009,0.24,0.048,0.751,0.014,0.105,B+,A-,C+,A+,B+,A+,D+,A+,A,14901
360150109004,1089,0.846,0.504,0.768,0.021,0.173,0.294,0.794,0.028,0.122,D,C+,D+,A+,A-,B+,D,A+,A,14901
360150110004,637,0.658,0.858,0.694,0.395,0.737,0.543,0.774,0.111,0.121,C-,D-,D+,B-,D+,C,D,A,A,14901
360150111011,1536,0.658,0.78,0.895,0.144,0.337,0.31,0.866,0.348,0.165,C-,D,D-,A,B,B,D-,B,A-,14901
360150111023,1012,0.858,0.751,0.78,0.089,0.336,0.156,0.774,0.336,0.122,D-,D+,D,A,B,A-,D,B,A,14901
361019623013,1907,0.187,0.467,0.34,0.428,0.09,0.004,0.004,0.143,0.143,A-,C+,B,B-,A,A+,A+,A,A,14830
361019623021,1186,0.299,0.077,0.111,0.326,0.181,0.071,0.048,0.028,0.071,B+,A,A,B,A-,A+,A+,A+,A+,14830
361019623022,705,0.799,0.504,0.694,0.737,0.658,0.694,0.467,0.445,0.173,D,C+,D+,D+,C-,D+,C+,B-,A-,14830
361019624001,1352,0.711,0.244,0.543,0.751,0.267,0.048,0.43,0.273,0.105,D+,B+,C,D+,B+,A+,B-,B+,A,14830
361019624002,1424,0.445,0.321,0.282,0.238,0.611,0.089,0.004,0.156,0.052,B-,B,B+,B+,C,A,A+,A-,A+,14830
361019625001,1147,0.611,0.482,0.021,0.568,0.598,0.212,0.048,0.316,0.048,C,C+,A+,C,C,A-,A+,B,A+,14830
361019625002,1160,0.598,0.445,0.694,0.858,0.568,0.395,0.52,0.267,0.06,C,B-,D+,D-,C,B-,C+,B+,A+,14830
361019626001,1254,0.694,0.694,0.821,0.694,0.388,0.348,0.821,0.467,0.111,D+,D+,D,D+,B-,B,D,C+,A,14830
361019626002,1008,0.445,0.598,0.004,0.24,0.445,0.048,0.004,0.128,0.048,B-,C,A+,B+,B-,A+,A+,A,A+,14830
361019627001,1146,0.837,0.658,0.661,0.934,0.34,0.523,0.821,0.417,0.111,D,C-,C-,F,B,C+,D,B-,A,14830
361019627002,949,0.597,0.021,0.143,0.206,0.388,0.09,0.128,0.105,0.111,C,A+,A,A-,B-,A,A,A,A,14830
361019627003,1111,0.362,0.009,0.071,0.237,0.278,0.09,0.111,0.153,0.023,B,A+,A+,B+,B+,A,A,A,A+,14830
361019628001,983,0.737,0.395,0.417,0.78,0.737,0.273,0.523,0.336,0.077,D+,B-,B-,D,D+,B+,C+,B,A,14830
361019628003,1299,0.445,0.34,0.128,0.071,0.093,0.014,0.078,0.028,0.004,B-,B,A,A+,A,A+,A,A+,A+,14830
361019629001,1795,0.388,0.028,0.267,0.238,0.751,0.012,0.06,0.048,0.028,B-,A+,B+,B+,D+,A+,A+,A+,A+,14830
361019629002,1044,0.52,0.004,0.598,0.52,0.273,0.048,0.566,0.06,0.048,C+,A+,C,C+,B+,A+,C,A+,A+,14830
361070207023,1469,0.737,0.105,0.611,0.144,0.197,0.206,0.187,0.009,0.004,D+,A,C,A,A-,A-,A-,A+,A+,14892
361070207024,759,0.267,0.212,0.611,0.122,0.348,0.009,0.273,0.023,0.048,B+,A-,C,A,B,A+,B+,A+,A+,14892
361070207031,971,0.597,0.206,0.504,0.078,0.568,0.156,0.52,0.24,0.048,C,A-,C+,A,C,A-,C+,B+,A+,14892
361070207032,1417,0.187,0.417,0.52,0.267,0.644,0.004,0.244,0.237,0.111,A-,B-,C+,B+,C-,A+,B+,B+,A,14892
361070207033,1151,0.821,0.644,0.799,0.504,0.282,0.035,0.644,0.24,0.071,D,C-,D,C+,B+,A+,C-,B+,A+,14892
361070207034,778,0.661,0.611,0.794,0.737,0.658,0.156,0.889,0.445,0.078,C-,C,D,D+,C-,A-,D-,B-,A,14892
370510007012,1381,0.467,0.187,0.501,0.504,0.644,0.467,0.658,0.361,0.694,C+,A-,C+,C+,C-,C+,C-,B,D+,28301
370510008001,751,0.889,0.774,0.954,0.644,0.961,0.954,0.954,0.991,0.913,D-,D,F,C-,F,F,F,F,D-,28301
370510008002,837,0.388,0.872,0.954,0.658,0.934,0.858,0.934,0.858,0.934,B-,D-,F,C-,F,D-,F,D-,F,28301
370510008003,1000,0.385,0.934,0.991,0.597,0.954,0.934,0.991,0.961,0.934,B-,F,F,C,F,F,F,F,F,28301
370510009001,680,0.837,0.711,0.821,0.52,0.866,0.52,0.694,0.858,0.866,D,D+,D,C+,D-,C+,D+,D-,D-,28301
370510009002,742,0.934,0.991,0.991,0.985,0.961,0.961,0.961,0.991,0.991,F,F,F,F,F,F,F,F,F,28301
370510009003,881,0.611,0.858,0.78,0.644,0.895,0.597,0.837,0.895,0.895,C,D-,D,C-,D-,C,D,D-,D-,28301
370510009004,810,0.934,0.991,0.961,0.954,0.954,0.961,0.985,0.961,0.934,F,F,F,F,F,F,F,F,F,28301
370510009005,658,0.598,0.895,0.934,0.467,0.895,0.837,0.913,0.858,0.934,C,D-,F,C+,D-,D,D-,D-,F,28301
370510009006,899,0.523,0.711,0.756,0.52,0.872,0.597,0.872,0.866,0.895,C+,D+,D+,C+,D-,C,D-,D-,D-,28301
370510010001,1218,0.835,0.895,0.934,0.644,0.954,0.768,0.935,0.895,0.799,D,D-,F,C-,F,D+,F,D-,D,28301
370510010002,1692,0.846,0.961,0.961,0.866,0.961,0.954,0.954,0.985,0.895,D,F,F,D-,F,F,F,F,D-,28301
370510011001,1096,0.611,0.846,0.737,0.238,0.934,0.611,0.694,0.866,0.611,C,D,D+,B+,F,C,D+,D-,C,28301
370510011002,1005,0.934,0.954,0.934,0.711,0.983,0.844,0.737,0.895,0.737,F,F,F,D+,F,D,D+,D-,D+,28301
370510011003,1836,0.711,0.934,0.858,0.598,0.954,0.658,0.644,0.794,0.737,D+,F,D-,C,F,C-,C-,D,D+,28301
370510012001,1359,0.611,0.751,0.568,0.206,0.858,0.418,0.737,0.799,0.568,C,D+,C,A-,D-,B-,D+,D,C,28301
370510012002,838,0.794,0.954,0.934,0.661,0.983,0.866,0.846,0.934,0.774,D,F,F,C-,F,D-,D,F,D,28301
370510012003,995,0.858,0.991,0.991,0.913,0.991,0.991,0.934,0.991,0.858,D-,F,F,D-,F,F,F,F,D-,28301
370510012004,1341,0.445,0.598,0.568,0.146,0.934,0.568,0.737,0.78,0.568,B-,C,C,A,F,C,D+,D,C,28301
370510012005,1144,0.889,0.814,0.774,0.658,0.985,0.774,0.661,0.895,0.598,D-,D,D,C-,F,D,C-,D-,C,28301
370510021001,1470,0.661,0.934,0.961,0.794,0.954,0.866,0.913,0.895,0.991,C-,F,F,D,F,D-,D-,D-,F,28301
370510021003,1239,0.737,0.858,0.913,0.52,0.846,0.889,0.935,0.895,0.985,D+,D-,D-,C+,D,D-,F,D-,F,28301
370510023011,1096,0.523,0.935,0.889,0.52,0.934,0.504,0.694,0.846,0.895,C+,F,D-,C+,F,C+,D+,D,D-,28301
370510023012,1418,0.711,0.835,0.774,0.417,0.934,0.467,0.768,0.756,0.846,D+,D,D,B-,F,C+,D+,D+,D,28301
370510024012,708,0.934,0.985,0.991,0.694,0.991,0.954,0.961,0.991,0.991,F,F,F,D+,F,F,F,F,F,28301
370510036011,1486,,0.611,0.568,0.021,0.568,0.077,,0.388,,,C,C,A+,C,A,,B-,,28390
370510036013,701,,0.961,0.954,0.644,0.846,0.934,,0.934,,,F,F,C-,D,F,,F,,28390
370510036021,499,,0.991,0.954,0.52,0.954,0.985,,0.934,,,F,F,C+,F,F,,F,,28390
370510036022,424,,0.954,0.991,0.543,0.889,0.991,,0.991,,,F,F,C,D-,F,,F,,28390
370510036023,1196,,0.611,0.611,0.09,0.598,0.156,,0.361,,,C,C,A,C,A-,,B,,28390
370510038001,862,0.954,0.991,0.991,0.961,0.992,0.961,0.961,0.991,0.837,F,F,F,F,F,F,F,F,D,28301
370630007001,1413,0.173,0.768,0.694,0.872,0.385,0.961,0.846,0.711,0.764,A-,D+,D+,D-,B-,F,D,D+,D+,27703
370630007002,1180,0.316,0.105,0.954,0.504,0.418,0.991,0.597,0.799,0.78,B,A,F,C+,B-,F,C,D,D,27703
370630007003,1108,0.445,0.316,0.737,0.445,0.598,0.934,0.568,0.658,0.794,B-,B,D+,B-,C,F,C,C-,D,27703
370630009001,863,0.146,0.764,0.991,0.794,0.412,0.992,0.934,0.954,0.844,A,D+,F,D,B-,F,F,F,D,27703
370630009002,920,0.121,0.737,0.523,0.711,0.362,0.985,0.445,0.543,0.711,A,D+,C+,D+,B,F,B-,C,D+,27703
370630010011,907,0.694,0.934,0.934,0.895,0.611,0.991,0.895,0.895,0.858,D+,F,F,D-,C,F,D-,D-,D-,27703
370630010012,1482,0.278,0.895,0.846,0.658,0.523,0.991,0.858,0.78,0.858,B+,D-,D,C-,C+,F,D-,D,D-,27703
370630010014,716,0.568,0.644,0.895,0.543,0.237,0.991,0.78,0.737,0.694,C,C-,D-,C,B+,F,D,D+,D+,27703
370630010021,859,0.428,0.814,0.934,0.889,0.369,0.992,0.934,0.799,0.935,B-,D,F,D-,B,F,F,D,F,27703
370630010022,850,0.934,0.991,0.991,0.934,0.78,0.992,0.985,0.768,0.934,F,F,F,F,D,F,F,D+,F,27703
370630010023,1372,0.611,0.799,0.961,0.658,0.52,0.991,0.846,0.737,0.774,C,D,F,C-,C+,F,D,D+,D,27703
370630010024,1336,0.395,0.934,0.895,0.895,0.821,0.992,0.934,0.821,0.895,B-,F,D-,D-,D,F,F,D,D-,27703
370630010025,1723,0.185,0.658,0.866,0.348,0.021,0.991,0.78,0.568,0.694,A-,C-,D-,B,A+,F,D,C,D+,27703
370630011001,1995,0.237,0.78,0.597,0.799,0.504,0.985,0.625,0.543,0.756,B+,D,C,D,C+,F,C-,C,D+,27703
370630013011,778,0.31,0.846,0.954,0.858,0.661,0.991,0.866,0.954,0.844,B,D,F,D-,C-,F,D-,F,D,27703
370630013012,654,0.316,0.846,0.895,0.837,0.316,0.991,0.846,0.814,0.692,B,D,D-,D,B,F,D,D,C-,27703
370630013031,1700,0.156,0.385,0.504,0.482,0.467,0.934,0.388,0.52,0.711,A-,B-,C+,C+,C+,F,B-,C+,D+,27703
370630013032,2352,0.395,0.004,0.121,0.568,0.267,0.934,0.362,0.244,0.661,B-,A+,A,C,B+,F,B,B+,C-,27703
370630013041,1226,0.362,0.711,0.482,0.78,0.467,0.991,0.658,0.895,0.694,B,D+,C+,D,C+,F,C-,D-,D+,27703
370630013042,1555,0.417,0.866,0.794,0.895,0.238,0.991,0.844,0.846,0.774,B-,D-,D,D-,B+,F,D,D,D,27703
370630014001,773,0.43,0.794,0.814,0.644,0.625,0.991,0.961,0.954,0.794,B-,D,D,C-,C-,F,F,F,D,27703
370630014002,1973,0.412,0.846,0.711,0.814,0.737,0.991,0.768,0.846,0.846,B-,D,D+,D,D+,F,D+,D,D,27703
370630018021,1562,0.238,0.658,0.895,0.482,0.644,0.934,0.611,0.568,0.889,B+,C-,D-,C+,C-,F,C,C,D-,27703
370630018022,2661,0.337,0.78,0.934,0.737,0.764,0.961,0.895,0.794,0.954,B,D,F,D+,D+,F,D-,D,F,27703
370630018023,2423,0.241,0.598,0.78,0.644,0.071,0.889,0.799,0.568,0.737,B+,C,D,C-,A+,D-,D,C,D+,27703
370630018024,902,0.992,0.935,0.983,0.992,0.935,0.992,0.837,0.954,0.992,F,F,F,F,F,F,D,F,F,27703
370630018081,2185,0.388,0.482,0.954,0.756,0.611,0.737,0.751,0.768,0.866,B-,C+,F,D+,C,D+,D+,D+,D-,27703
370630018082,2715,0.156,0.417,0.895,0.543,0.644,0.644,0.799,0.428,0.768,A-,B-,D-,C,C-,C-,D,B-,D+,27703
370630018083,2086,0.273,0.353,0.694,0.445,0.294,0.504,0.711,0.52,0.711,B+,B,D+,B-,B+,C+,D+,C+,D+,27703
370630018084,4512,0.077,0.052,0.467,0.467,0.128,0.206,0.299,0.273,0.644,A,A+,C+,C+,A,A-,B+,B+,C-,27703
370630018091,1664,0.111,0.206,0.985,0.934,0.566,0.482,0.482,0.568,0.895,A,A-,F,F,C,C+,C+,C,D-,27703
370630018092,2550,0.153,0.361,0.523,0.482,0.06,0.598,0.598,0.316,0.658,A,B,C+,C+,A+,C,C,B,C-,27703
370630018093,1392,0.181,0.43,0.814,0.934,0.128,0.661,0.821,0.737,0.934,A-,B-,D,F,A,C-,D,D+,F,27703
370630018094,732,0.814,0.846,0.992,0.991,0.644,0.991,0.992,0.961,0.985,D,D,F,F,C-,F,F,F,F,27703
370630018095,978,0.737,0.821,0.991,0.961,0.395,0.889,0.844,0.658,0.991,D+,D,F,F,B-,D-,D,C-,F,27703
370630018101,1268,0.362,0.611,0.954,0.895,0.06,0.961,0.934,0.611,0.866,B,C,F,D-,A+,F,F,C,D-,27703
370630018102,1280,0.469,0.658,0.992,0.523,0.267,0.991,0.934,0.504,0.799,C+,C-,F,C+,B+,F,F,C+,D,27703
370630018103,1002,0.244,0.449,0.895,0.611,0.523,0.934,0.799,0.644,0.799,B+,B-,D-,C,C+,F,D,C-,D,27703
370630018111,1190,0.889,0.598,0.846,0.858,0.523,0.889,0.78,0.694,0.913,D-,C,D,D-,C+,D-,D,D+,D-,27703
370630018112,1024,0.846,0.353,0.855,0.445,0.737,0.934,0.794,0.337,0.794,D,B,D-,B-,D+,F,D,B,D,27703
370630018113,780,0.991,0.611,0.934,0.658,0.794,0.895,0.837,0.543,0.844,F,C,F,C-,D,D-,D,C,D,27703
370630018114,714,0.985,0.737,0.934,0.694,0.799,0.934,0.872,0.658,0.799,F,D+,F,D+,D,F,D-,C-,D,27703
370630018115,1521,0.694,0.611,0.934,0.774,0.858,0.692,0.954,0.694,0.78,D+,C,F,D,D-,C-,F,D+,D,27703
370630018116,1149,0.846,0.737,0.844,0.644,0.78,0.961,0.837,0.644,0.954,D,D+,D,C-,D,F,D,C-,F,27703
370630019001,2208,0.035,0.336,0.212,0.24,0.023,0.078,0.395,0.111,0.756,A+,B,A-,B+,A+,A,B-,A,D+,27703
370630019003,2441,0.482,0.144,0.06,0.692,0.093,0.273,0.52,0.282,0.737,C+,A,A+,C-,A,B+,C+,B+,D+,27703
370630019004,620,0.694,0.237,0.523,0.711,0.523,0.644,0.794,0.543,0.814,D+,B+,C+,D+,C+,C-,D,C,D,27703
370630020091,1940,0.362,0.644,0.711,0.321,0.598,0.934,0.751,0.598,0.799,B,C-,D+,B,C,F,D+,C,D,27703
370630020092,1053,0.543,0.889,0.846,0.866,0.692,0.985,0.711,0.866,0.889,C,D-,D,D-,C-,F,D+,D-,D-,27703
370630020093,1807,0.991,0.953,0.799,0.686,0.764,0.985,0.934,0.934,0.934,F,F,D,C-,D+,F,F,F,F,27703
370630020251,2614,0.111,0.212,0.299,0.105,0.267,0.428,0.244,0.089,0.566,A,A-,B+,A,B+,B-,B+,A,C,27703
370630020253,1157,0.06,0.24,0.611,0.267,0.206,0.482,0.077,0.111,0.711,A+,B+,C,B+,A-,C+,A,A,D+,27703
370630020254,974,0.153,0.482,0.568,0.418,0.467,0.661,0.467,0.299,0.737,A,C+,C,B-,C+,C-,C+,B+,D+,27703
370630020261,2575,0.023,0.597,0.658,0.362,0.028,0.846,0.504,0.353,0.737,A+,C,C-,B,A+,D,C+,B,D+,27703
370630020262,3016,0.071,0.611,0.267,0.388,0.267,0.837,0.711,0.568,0.794,A+,C,B+,B-,B+,D,D+,C,D,27703
370630020263,1240,0.388,0.661,0.934,0.644,0.111,0.954,0.799,0.799,0.934,B-,C-,F,C-,A,F,D,D,F,27703
370630020353,2423,0.072,0.023,0.52,0.244,0.321,0.644,0.568,0.128,0.658,A+,A+,C+,B+,B,C-,C,A,C-,27703
370630022002,1766,0.385,0.934,0.597,0.846,0.206,0.991,0.934,0.751,0.858,B-,F,C,D,A-,F,F,D+,D-,27703
370630023001,2434,0.961,0.895,0.694,0.764,0.048,0.985,0.935,0.954,0.661,F,D-,D+,D+,A+,F,F,F,C-,27703
370650204001,812,0.954,0.992,0.992,0.895,0.992,0.991,0.895,0.991,0.934,F,F,F,D-,F,F,D-,F,F,27804
370650204002,579,0.837,0.961,0.991,0.504,0.991,0.954,0.625,0.954,0.934,D,F,F,C+,F,F,C-,F,F,27804
370650204003,795,0.504,0.991,0.961,0.09,0.991,0.913,0.737,0.954,0.794,C+,F,F,A,F,D-,D+,F,D,27804
370650204004,588,0.238,0.985,0.991,0.282,0.992,0.895,0.774,0.934,0.78,B+,F,F,B+,F,D-,D,F,D,27804
370650204005,1561,0.523,0.954,0.821,0.316,0.991,0.694,0.692,0.858,0.711,C+,F,D,B,F,D+,C-,D-,D+,27804
370850712021,3377,,0.412,0.143,0.267,0.071,0.009,,0.048,,,B-,A,B+,A+,A+,,A+,,28390
370850712022,1174,,0.611,0.611,0.122,0.568,0.09,,0.206,,,C,C,A,C,A,,A-,,28390
370850712031,1540,,0.428,0.467,0.052,0.237,0.035,,0.206,,,B-,C+,A+,B+,A+,,A-,,28390
370850712032,1152,,0.388,0.241,0.072,0.004,0.014,,0.156,,,B-,B+,A+,A+,A+,,A-,,28390
370850713032,5253,,0.267,0.237,0.004,0.048,0.004,,0.012,,,B+,B+,A+,A+,A+,,A+,,28390
371270103012,715,0.78,0.846,0.837,0.004,0.935,0.858,0.821,0.482,0.568,D,D,D,A+,F,D-,D,C+,C,27804
371270104001,599,0.992,0.985,0.992,0.06,0.992,0.991,0.895,0.954,0.934,F,F,F,A+,F,F,D-,F,F,27804
371270104002,1287,0.711,0.983,0.985,0.004,0.991,0.954,0.934,0.417,0.799,D+,F,F,A+,F,F,F,B-,D,27804
371270104003,986,0.837,0.985,0.934,0.028,0.961,0.935,0.543,0.799,0.866,D,F,F,A+,F,F,C,D,D-,27804
371270105031,1211,0.278,0.737,0.361,0.385,0.814,0.737,0.482,0.388,0.52,B+,D+,B,B-,D,D+,C+,B-,C+,27804
371270105032,1603,0.185,0.469,0.417,0.004,0.711,0.523,0.418,0.181,0.361,A-,C+,B-,A+,D+,C+,B-,A-,B,27804
371270105041,1280,0.267,0.395,0.187,0.004,0.737,0.523,0.362,0.321,0.34,B+,B-,A-,A+,D+,C+,B,B,B,27804
371270105042,1371,0.934,0.913,0.821,0.028,0.895,0.858,0.837,0.598,0.658,F,D-,D,A+,D-,D-,D,C,C-,27804
371270105044,1623,0.934,0.611,0.694,0.012,0.821,0.774,0.694,0.467,0.388,F,C,D+,A+,D,D,D+,C+,B-,27804
371270105051,666,0.543,0.954,0.935,0.206,0.895,0.954,0.482,0.991,0.751,C,F,F,A-,D-,F,C+,F,D+,27804
371270105052,607,0.821,0.991,0.961,0.954,0.934,0.991,0.992,0.991,0.872,D,F,F,F,F,F,F,F,D-,27804
371270105053,785,0.658,0.934,0.934,0.895,0.895,0.846,0.866,0.934,0.661,C-,F,F,D-,D-,D,D-,F,C-,27804
371270105054,1546,0.428,0.913,0.737,0.004,0.858,0.692,0.756,0.858,0.658,B-,D-,D+,A+,D-,C-,D+,D-,C-,27804
371270105061,880,0.658,0.737,0.895,0.004,0.837,0.889,0.954,0.954,0.611,C-,D+,D-,A+,D,D-,F,F,C,27804
371270105062,1775,0.156,0.52,0.597,0.004,0.711,0.737,0.837,0.598,0.661,A-,C+,C,A+,D+,D+,D,C,C-,27804
371270105063,1105,0.445,0.799,0.568,0.004,0.895,0.694,0.523,0.482,0.482,B-,D,C,A+,D-,D+,C+,C+,C+,27804
371270106011,882,0.543,0.658,0.611,0.004,0.934,0.543,0.31,0.568,0.467,C,C-,C,A+,F,C,B,C,C+,27804
371270106012,1696,0.214,0.661,0.428,0.004,0.837,0.428,0.212,0.273,0.428,A-,C-,B-,A+,D,B-,A-,B+,B-,27804
371270106031,1532,0.282,0.418,0.858,0.004,0.866,0.523,0.299,0.395,0.52,B+,B-,D-,A+,D-,C+,B+,B-,C+,27804
371270106041,1776,0.504,0.756,0.337,0.009,0.799,0.428,0.273,0.52,0.523,C+,D+,B,A+,D,B-,B+,C+,C+,27804
371270106042,1061,0.52,0.985,0.895,0.934,0.954,0.961,0.961,0.895,0.774,C+,F,D-,F,F,F,F,D-,D,27804
371270106043,993,0.694,0.568,0.52,0.021,0.737,0.661,0.214,0.34,0.482,D+,C,C+,A+,D+,C-,A-,B,C+,27804
371270108021,1782,0.173,0.412,0.611,0.023,0.543,0.954,0.316,0.072,0.105,A-,B-,C,A+,C,F,B,A+,A,27804
371270111011,2357,0.523,0.694,0.611,0.106,0.611,0.913,0.78,0.566,0.417,C+,D+,C,A,C,D-,D,C,B-,27804
371270111012,1716,0.267,0.445,0.185,0.014,0.543,0.598,0.445,0.156,0.362,B+,B-,A-,A+,C,C,B-,A-,B,27804
390130101003,667,0.658,0.52,0.568,0.385,0.568,0.598,0.418,0.858,0.34,C-,C+,C,B-,C,C,B-,D-,B,43935
390130101004,696,0.267,0.694,0.445,0.212,0.737,0.321,0.316,0.694,0.299,B+,D+,B-,A-,D+,B,B,D+,B+,43935
390130101005,496,0.78,0.794,0.796,0.321,0.711,0.658,0.737,0.954,0.353,D,D,D,B,D+,C-,D+,F,B,43935
390130119001,1120,0.566,0.934,0.686,0.24,0.764,0.445,0.658,0.934,0.395,C,F,C-,B+,D+,B-,C-,F,B-,43935
390130119003,1186,0.711,0.846,0.644,0.34,0.846,0.692,0.644,0.895,0.385,D+,D,C-,B,D,C-,C-,D-,B-,43935
390130120001,730,0.568,0.913,0.855,0.417,0.889,0.837,0.844,0.844,0.467,C,D-,D-,B-,D-,D,D,D,C+,43935
390130120002,1729,0.267,0.858,0.661,0.267,0.686,0.267,0.625,0.694,0.388,B+,D-,C-,B+,C-,B+,C-,D+,B-,43935
390130121001,1128,0.597,0.934,0.711,0.523,0.821,0.694,0.934,0.991,0.428,C,F,D+,C+,D,D+,F,F,B-,43935
390351011011,918,,0.78,0.895,0.895,0.889,0.934,,0.794,,,D,D-,D-,D-,F,,D,,44102
390351011021,1373,,0.78,0.858,0.846,0.858,0.895,,0.611,,,D,D-,D,D-,D-,,C,,44102
390351011022,1079,,0.611,0.821,0.935,0.866,0.934,,0.711,,,C,D,F,D-,F,,D+,,44102
390351011023,717,,0.711,0.895,0.934,0.846,0.866,,0.846,,,D+,D-,F,D,D-,,D,,44102
390351011024,1169,,0.774,0.889,0.934,0.858,0.895,,0.737,,,D,D-,F,D-,D-,,D+,,44102
390351012011,1283,,0.895,0.858,0.935,0.858,0.866,,0.644,,,D-,D-,F,D-,D-,,C-,,44102
390351012012,1395,,0.799,0.837,0.895,0.889,0.934,,0.661,,,D,D,D-,D-,F,,C-,,44102
390351013001,863,,0.889,0.954,0.961,0.889,0.961,,0.934,,,D-,F,F,D-,F,,F,,44102
390351013002,775,,0.858,0.954,0.985,0.895,0.983,,0.934,,,D-,F,F,D-,F,,F,,44102
390351014001,1163,,0.934,0.992,0.934,0.934,0.991,,0.934,,,F,F,F,F,F,,F,,44102
390351014002,1048,,0.913,0.991,0.953,0.935,0.985,,0.934,,,D-,F,F,F,F,,F,,44102
390351015011,819,,0.837,0.895,0.866,0.895,0.913,,0.78,,,D,D-,D-,D-,D-,,D,,44102
390351015012,1534,,0.756,0.934,0.872,0.895,0.895,,0.78,,,D+,F,D-,D-,D-,,D,,44102
390351016031,634,0.992,0.954,0.991,0.991,0.954,0.991,0.991,0.953,0.992,F,F,F,F,F,F,F,F,F,44102;44109
390351016032,737,,0.895,0.934,0.934,0.913,0.934,,0.895,,,D-,F,F,D-,F,,D-,,44102
390351016033,1024,,0.895,0.954,0.889,0.935,0.934,,0.799,,,D-,F,D-,F,F,,D,,44102
390351017001,579,,0.985,0.992,0.991,0.985,0.992,,0.991,,,F,F,F,F,F,,F,,44102
390351017002,998,,0.837,0.935,0.934,0.934,0.895,,0.694,,,D,F,F,F,D-,,D+,,44102
390351017003,957,,0.934,0.934,0.889,0.954,0.954,,0.837,,,F,F,D-,F,F,,D,,44102
390351018001,1033,,0.954,0.991,0.985,0.934,0.991,,0.934,,,F,F,F,F,F,,F,,44102
390351018002,773,,0.895,0.935,0.858,0.934,0.954,,0.858,,,D-,F,D-,F,F,,D-,,44102
390351018003,861,,0.934,0.961,0.846,0.954,0.954,,0.837,,,F,F,D,F,F,,D,,44102
390351019011,757,,0.737,0.866,0.895,0.858,0.872,,0.611,,,D+,D-,D-,D-,D-,,C,,44102
390351019012,773,,0.934,0.992,0.954,0.961,0.991,,0.934,,,F,F,F,F,F,,F,,44102
390351021011,774,,0.837,0.889,0.794,0.934,0.934,,0.895,,,D,D-,D,F,F,,D-,,44102
390351021012,1200,0.934,0.821,0.934,0.866,0.889,0.954,0.821,0.889,0.961,F,D,F,D-,D-,F,D,D-,F,44102;44109
390351021013,1360,0.611,0.751,0.866,0.866,0.895,0.913,0.78,0.799,0.889,C,D+,D-,D-,D-,D-,D,D,D-,44102;44109
390351021021,1135,0.711,0.774,0.844,0.799,0.814,0.866,0.658,0.694,0.954,D+,D,D,D,D,D-,C-,D+,F,44102;44109
390351021022,1530,0.644,0.737,0.935,0.764,0.846,0.895,0.866,0.661,0.895,C-,D+,F,D+,D,D-,D-,C-,D-,44102;44109
390351022001,892,0.794,0.78,0.934,0.889,0.858,0.935,0.756,0.846,0.934,D,D,F,D-,D-,F,D+,D,F,44102;44109
390351022002,1120,0.858,0.799,0.934,0.799,0.837,0.934,0.895,0.837,0.866,D-,D,F,D,D,F,D-,D,D-,44102;44109
390351022003,805,0.866,0.866,0.934,0.855,0.895,0.934,0.858,0.694,0.846,D-,D-,F,D-,D-,F,D-,D+,D,44102;44109
390351023001,636,0.844,0.895,0.961,0.846,0.934,0.934,0.737,0.858,0.954,D,D-,F,D,F,F,D+,D-,F,44102;44109
390351023002,985,0.711,0.858,0.934,0.858,0.934,0.934,0.872,0.737,0.934,D+,D-,F,D-,F,F,D-,D+,F,44102;44109
390351023003,648,0.858,0.858,0.954,0.858,0.934,0.935,0.711,0.866,0.846,D-,D-,F,D-,F,F,D+,D-,D,44102;44109
390351024011,1288,0.644,0.895,0.895,0.799,0.866,0.934,0.846,0.711,0.889,C-,D-,D-,D,D-,F,D,D+,D-,44102;44109
390351024012,835,0.985,0.866,0.934,0.889,0.934,0.961,0.821,0.774,0.846,F,D-,F,D-,F,F,D,D,D,44102;44109
390351024021,1034,0.895,0.799,0.895,0.858,0.889,0.895,0.661,0.658,0.858,D-,D,D-,D-,D-,D-,C-,C-,D-,44102;44109
390351024022,906,0.954,0.934,0.961,0.934,0.934,0.985,0.934,0.858,0.934,F,F,F,F,F,F,F,D-,F,44102;44109
390351024023,1274,0.611,0.821,0.895,0.895,0.895,0.954,0.598,0.658,0.889,C,D,D-,D-,D-,F,C,C-,D-,44102;44109
390351027001,801,0.991,0.934,0.983,0.934,0.934,0.985,0.858,0.934,0.846,F,F,F,F,F,F,D-,F,D,44102;44109
390351027002,1075,0.895,0.835,0.895,0.846,0.889,0.954,0.711,0.821,0.799,D-,D,D-,D,D-,F,D+,D,D,44102;44109
390351027003,804,,0.961,0.991,0.961,0.895,0.991,,0.934,,,F,F,F,D-,F,,F,,44102
390351027004,715,0.992,0.934,0.991,0.985,0.934,0.991,0.934,0.858,0.954,F,F,F,F,F,F,F,D-,F,44102;44109
390351027005,679,0.954,0.934,0.991,0.954,0.934,0.991,0.985,0.895,0.991,F,F,F,F,F,F,F,D-,F,44102;44109
390351028001,800,0.992,0.934,0.991,0.934,0.935,0.991,0.934,0.913,0.934,F,F,F,F,F,F,F,D-,F,44102;44109
390351028002,928,0.895,0.858,0.934,0.934,0.934,0.985,0.764,0.844,0.895,D-,D-,F,F,F,F,D+,D,D-,44102;44109
390351029001,603,0.935,0.934,0.991,0.953,0.934,0.954,0.895,0.895,0.866,F,F,F,F,F,F,D-,D-,D-,44102;44109
390351029002,1289,0.774,0.935,0.934,0.954,0.934,0.934,0.895,0.846,0.934,D,F,F,F,F,F,D-,D,F,44102;44109
390351033001,1272,,0.889,0.78,0.934,0.935,0.794,,0.568,,,D-,D,F,F,D,,C,,44102
390351033002,1488,,0.991,0.895,0.985,0.985,0.889,,0.934,,,F,D-,F,F,D-,,F,,44102
390351035001,546,,0.954,0.991,0.961,0.985,0.961,,0.846,,,F,F,F,F,F,,D,,44102
390351035002,1212,,0.799,0.858,0.889,0.934,0.895,,0.711,,,D,D-,D-,F,D-,,D+,,44102
390351036021,1505,,0.866,0.611,0.844,0.858,0.78,,0.543,,,D-,C,D,D-,D,,C,,44102
390351036022,767,,0.954,0.866,0.954,0.953,0.934,,0.737,,,F,D-,F,F,F,,D+,,44102
390351036023,846,,0.934,0.895,0.934,0.934,0.895,,0.821,,,F,D-,F,F,D-,,D,,44102
390351036024,870,,0.991,0.954,0.992,0.954,0.992,,0.991,,,F,F,F,F,F,,F,,44102
390351038001,880,,0.934,0.991,0.961,0.961,0.991,,0.895,,,F,F,F,F,F,,D-,,44102
390351038002,792,,0.895,0.953,0.934,0.934,0.934,,0.858,,,D-,F,F,F,F,,D-,,44102
390351044001,738,0.935,0.934,0.954,0.991,0.895,0.954,0.954,0.799,0.866,F,F,F,F,D-,F,F,D,D-,44102;44104;44105
390351044002,572,,0.954,0.961,0.991,0.934,0.985,,0.78,,,F,F,F,F,F,,D,,44102
390351048002,539,0.737,0.866,0.895,0.835,0.889,0.895,0.821,0.694,0.794,D+,D-,D-,D,D-,D-,D,D+,D,44102;44109
390351048003,487,0.991,0.934,0.985,0.961,0.934,0.954,0.985,0.774,0.866,F,F,F,F,F,F,F,D,D-,44102;44105;44109
390351048004,594,0.934,0.985,0.983,0.991,0.954,0.992,0.991,0.934,0.991,F,F,F,F,F,F,F,F,F,44102;44104;44105;44109
390351051001,1184,0.934,0.814,0.934,0.889,0.895,0.934,0.694,0.768,0.846,F,D,F,D-,D-,F,D+,D+,D,44102;44109
390351051002,1345,0.991,0.866,0.934,0.934,0.934,0.954,0.837,0.737,0.858,F,D-,F,F,F,F,D,D+,D-,44102;44109
390351051003,1055,0.961,0.954,0.954,0.954,0.866,0.985,0.961,0.858,0.985,F,F,F,F,D-,F,F,D-,F,44102;44109
390351053001,972,0.858,0.889,0.934,0.895,0.866,0.935,0.737,0.694,0.934,D-,D-,F,D-,D-,F,D+,D+,F,44102;44109
390351053002,647,0.991,0.954,0.991,0.991,0.934,0.992,0.985,0.983,0.992,F,F,F,F,F,F,F,F,F,44102;44109
390351053003,751,0.846,0.895,0.895,0.846,0.872,0.934,0.934,0.543,0.846,D,D-,D-,D,D-,F,F,C,D,44102;44109
390351053004,818,0.954,0.611,0.954,0.934,0.934,0.934,0.598,0.78,0.866,F,C,F,F,F,F,C,D,D-,44102;44109
390351054001,1132,0.954,0.858,0.985,0.889,0.934,0.961,0.954,0.799,0.934,F,D-,F,D-,F,F,F,D,F,44102;44109
390351054002,905,0.858,0.837,0.954,0.872,0.866,0.961,0.935,0.866,0.985,D-,D,F,D-,D-,F,F,D-,F,44109
390351054003,1495,0.934,0.858,0.934,0.846,0.934,0.961,0.889,0.694,0.814,F,D-,F,D,F,F,D-,D+,D,44102;44109
390351055001,1746,0.934,0.934,0.954,0.889,0.935,0.961,0.799,0.756,0.954,F,F,F,D-,F,F,D,D+,F,44102;44109
390351056021,926,0.837,0.895,0.934,0.872,0.895,0.935,0.934,0.768,0.935,D,D-,F,D-,D-,F,F,D+,F,44102;44105;44109
390351056022,1072,0.764,0.895,0.934,0.837,0.895,0.934,0.895,0.543,0.814,D+,D-,F,D,D-,F,D-,C,D,44105;44109
390351057001,1206,0.934,0.934,0.866,0.895,0.78,0.934,0.961,0.799,0.985,F,F,D-,D-,D,F,F,D,F,44105;44109
390351057002,2014,0.756,0.694,0.751,0.821,0.694,0.694,0.694,0.658,0.858,D+,D+,D+,D,D+,D+,D+,C-,D-,44105;44109
390351057003,1165,0.985,0.872,0.895,0.799,0.895,0.934,0.895,0.814,0.889,F,D-,D-,D,D-,F,D-,D,D-,44105;44109
390351059001,981,0.934,0.821,0.895,0.751,0.756,0.895,0.694,0.686,0.895,F,D,D-,D+,D+,D-,D+,C-,D-,44109
390351059002,775,0.991,0.934,0.889,0.858,0.523,0.866,0.954,0.835,0.992,F,F,D-,D-,C+,D-,F,D,F,44109
390351059003,1232,0.858,0.837,0.821,0.751,0.445,0.846,0.774,0.598,0.961,D-,D,D,D+,B-,D,D,C,F,44109
390351061001,1340,0.837,0.751,0.844,0.821,0.799,0.895,0.821,0.504,0.954,D,D+,D,D,D,D-,D,C+,F,44109
390351061002,905,0.482,0.658,0.756,0.855,0.711,0.799,0.597,0.388,0.985,C+,C-,D+,D-,D+,D,C,B-,F,44109
390351061003,1414,0.568,0.764,0.837,0.768,0.774,0.934,0.799,0.467,0.895,C,D+,D,D+,D,F,D,C+,D-,44109
390351062001,1235,0.711,0.844,0.872,0.799,0.799,0.934,0.858,0.694,0.934,D+,D,D-,D,D,F,D-,D+,F,44109
390351062002,1475,0.597,0.543,0.821,0.694,0.658,0.568,0.395,0.412,0.794,C,C,D,D+,C-,C,B-,B-,D,44109
390351062003,886,0.934,0.694,0.858,0.846,0.799,0.953,0.895,0.658,0.954,F,D+,D-,D,D,F,D-,C-,F,44109
390351065001,1038,0.694,0.658,0.872,0.751,0.711,0.711,0.694,0.611,0.895,D+,C-,D-,D+,D+,D+,D+,C,D-,44109
390351065002,739,0.644,0.173,0.694,0.661,0.711,0.737,0.504,0.428,0.895,C-,A-,D+,C-,D+,D+,C+,B-,D-,44109
390351065004,644,0.991,0.895,0.954,0.934,0.814,0.961,0.985,0.858,0.991,F,D-,F,F,D,F,F,D-,F,44109
390351066001,1151,0.844,0.568,0.889,0.799,0.737,0.837,0.597,0.543,0.934,D,C,D-,D,D+,D,C,C,F,44109
390351066003,1350,0.774,0.694,0.837,0.694,0.597,0.78,0.597,0.661,0.895,D,D+,D,D+,C,D,C,C-,D-,44109
390351066004,818,0.504,0.794,0.895,0.751,0.625,0.837,0.764,0.78,0.913,C+,D,D-,D+,C-,D,D+,D,D-,44109
390351068001,1364,0.768,0.694,0.954,0.78,0.814,0.895,0.895,0.837,0.934,D+,D+,F,D,D,D-,D-,D,F,44109
390351068002,1440,0.737,0.694,0.872,0.711,0.774,0.934,0.711,0.694,0.895,D+,D+,D-,D+,D,F,D+,D+,D-,44109
390351069001,779,0.934,0.934,0.895,0.934,0.611,0.913,0.837,0.799,0.991,F,F,D-,F,C,D-,D,D,F,44105;44109
390351069002,846,0.821,0.711,0.858,0.837,0.445,0.844,0.846,0.694,0.954,D,D+,D-,D,B-,D,D,D+,F,44105;44109
390351069003,995,0.866,0.568,0.78,0.658,0.694,0.794,0.597,0.611,0.846,D-,C,D,C-,D+,D,C,C,D,44105;44109
390351069004,1003,0.482,0.31,0.794,0.644,0.756,0.837,0.756,0.449,0.934,C+,B,D,C-,D+,D,D+,B-,F,44105;44109
390351070001,738,0.794,0.737,0.78,0.751,0.694,0.658,0.889,0.504,0.954,D,D+,D,D+,D+,C-,D-,C+,F,44105;44109
390351070002,920,0.711,0.658,0.756,0.751,0.644,0.751,0.934,0.737,0.954,D+,C-,D+,D+,C-,D+,F,D+,F,44105;44109
390351071012,1905,,0.985,0.889,0.983,0.872,0.935,,0.611,,,F,D-,F,D-,F,,C,,44108
390351071013,1710,,0.934,0.814,0.934,0.858,0.799,,0.273,,,F,D,F,D-,D,,B+,,44102
390351077011,2679,,0.991,0.821,0.961,0.895,0.992,,0.934,,,F,D,F,D-,F,,F,,44102
390351077012,2845,0.467,0.934,0.846,0.934,0.846,0.821,0.954,0.611,0.774,C+,F,D,F,D,D,F,C,D,44102;44104;44108
390351078021,770,,0.991,0.985,0.992,0.934,0.992,,0.991,,,F,F,F,F,F,,F,,44103;44108
390351078023,2092,0.858,0.991,0.934,0.991,0.934,0.934,0.991,0.954,0.821,D-,F,F,F,F,F,F,F,D,44103;44104;44108
390351082011,776,,0.985,0.954,0.992,0.954,0.991,,0.991,,,F,F,F,F,F,,F,,44103;44108
390351082012,511,,0.991,0.992,0.992,0.991,0.992,,0.991,,,F,F,F,F,F,,F,,44103;44108
390351083011,1041,0.774,0.961,0.961,0.991,0.961,0.991,0.985,0.983,0.895,D,F,F,F,F,F,F,F,D-,44103;44104;44108
390351083012,528,,0.992,0.991,0.992,0.985,0.992,,0.991,,,F,F,F,F,F,,F,,44103;44108
390351084001,1094,,0.985,0.954,0.991,0.961,0.991,,0.954,,,F,F,F,F,F,,F,,44103;44108
390351087011,1499,0.846,0.991,0.991,0.992,0.985,0.991,0.991,0.991,0.846,D,F,F,F,F,F,F,F,D,44104;44108
390351087012,1521,0.24,0.991,0.934,0.934,0.983,0.934,0.737,0.991,0.751,B+,F,F,F,F,F,D+,F,D+,44103;44104
390351087013,1529,0.799,0.991,0.934,0.934,0.985,0.858,0.523,0.954,0.644,D,F,F,F,F,D-,C+,F,C-,44104
390351093011,1089,0.895,0.991,0.954,0.992,0.961,0.991,0.992,0.991,0.78,D-,F,F,F,F,F,F,F,D,44104
390351097012,2294,0.362,0.954,0.872,0.954,0.954,0.889,0.889,0.895,0.768,B,F,D-,F,F,D-,D-,D-,D+,44104
390351098011,969,0.985,0.954,0.889,0.934,0.961,0.895,0.935,0.934,0.694,F,F,D-,F,F,D-,F,F,D+,44104
390351098013,1178,0.611,0.991,0.934,0.954,0.961,0.935,0.799,0.991,0.737,C,F,F,F,F,F,D,F,D+,44104
390351109011,709,0.568,0.774,0.935,0.934,0.934,0.954,0.278,0.846,0.799,C,D,F,F,F,F,B+,D,D,44105;44109
390351109012,1053,0.711,0.895,0.934,0.934,0.985,0.934,0.846,0.954,0.837,D+,D-,F,F,F,F,D,F,D,44104;44105;44109
390351109014,728,0.991,0.934,0.954,0.934,0.991,0.991,0.934,0.934,0.889,F,F,F,F,F,F,F,F,D-,44104;44105;44109
390351112021,659,,0.992,0.991,0.992,0.992,0.991,,0.992,,,F,F,F,F,F,,F,,44103;44108
390351112022,461,,0.992,0.992,0.992,0.991,0.992,,0.992,,,F,F,F,F,F,,F,,44103;44108
390351114013,491,,0.992,0.985,0.991,0.992,0.961,,0.985,,,F,F,F,F,F,,F,,44108
390351117001,548,,0.992,0.991,0.991,0.991,0.991,,0.954,,,F,F,F,F,F,,F,,44103;44106;44108
390351117002,493,,0.992,0.992,0.992,0.991,0.992,,0.992,,,F,F,F,F,F,,F,,44103;44106;44108
390351121001,632,,0.991,0.985,0.992,0.991,0.992,,0.934,,,F,F,F,F,F,,F,,44103;44106;44108
390351121002,1017,,0.992,0.913,0.991,0.983,0.934,,0.953,,,F,D-,F,F,F,,F,,44103;44106
390351122001,433,,0.992,0.985,0.983,0.991,0.991,,0.991,,,F,F,F,F,F,,F,,44103;44106;44108
390351122002,502,,0.992,0.954,0.991,0.991,0.961,,0.954,,,F,F,F,F,F,,F,,44103;44106;44108
390351123011,497,,0.983,0.814,0.961,0.954,0.889,,0.895,,,F,D,F,F,D-,,D-,,44103;44106;44108
390351123012,618,0.799,0.991,0.895,0.992,0.961,0.991,0.983,0.991,0.756,D,F,D-,F,F,F,F,F,D+,44103;44104;44106;44108
390351145011,407,0.992,0.991,0.992,0.992,0.991,0.992,0.992,0.991,0.895,F,F,F,F,F,F,F,F,D-,44104;44120
390351145012,516,0.991,0.985,0.985,0.991,0.991,0.991,0.954,0.985,0.961,F,F,F,F,F,F,F,F,F,44104;44105;44120
390351146001,828,0.794,0.961,0.991,0.991,0.991,0.991,0.961,0.991,0.872,D,F,F,F,F,F,F,F,D-,44104;44105;44120
390351148001,1375,0.837,0.991,0.913,0.895,0.991,0.799,0.858,0.954,0.794,D,F,D-,D-,F,D,D-,F,D,44104;44105;44120
390351148002,769,0.837,0.985,0.961,0.961,0.985,0.913,0.983,0.961,0.799,D,F,F,F,F,D-,F,F,D,44104;44105;44120
390351154001,1062,0.467,0.935,0.846,0.934,0.961,0.954,0.658,0.934,0.961,C+,F,D,F,F,F,C-,F,F,44105;44109;44120
390351154002,895,0.504,0.895,0.934,0.934,0.954,0.935,0.78,0.78,0.872,C+,D-,F,F,F,F,D,D,D-,44105;44109;44120
390351157001,648,0.711,0.895,0.934,0.934,0.961,0.889,0.764,0.694,0.895,D+,D-,F,F,F,D-,D+,D+,D-,44105;44109
390351157002,655,0.625,0.889,0.934,0.799,0.934,0.889,0.934,0.768,0.846,C-,D-,F,D,F,D-,F,D+,D,44105;44109
390351158001,487,,0.934,0.954,0.895,0.991,0.934,,0.934,,,F,F,D-,F,F,,F,,44105
390351158002,579,,0.954,0.991,0.934,0.961,0.985,,0.846,,,F,F,F,F,F,,D,,44105
390351158003,585,,0.872,0.961,0.934,0.985,0.934,,0.889,,,D-,F,F,F,F,,D-,,44105
390351158004,997,0.934,0.954,0.961,0.985,0.961,0.954,0.889,0.858,0.934,F,F,F,F,F,F,D-,D-,F,44105;44120
390351159001,1107,,0.866,0.889,0.846,0.934,0.913,,0.799,,,D-,D-,D,F,D-,,D,,44105;44125
390351159002,1766,,0.821,0.895,0.799,0.961,0.935,,0.821,,,D,D-,D,F,F,,D,,44105;44125
390351159003,762,,0.794,0.694,0.711,0.889,0.598,,0.711,,,D,D+,D+,D-,C,,D+,,44105;44125
390351163001,554,,0.991,0.991,0.991,0.992,0.985,,0.954,,,F,F,F,F,F,,F,,44108
390351163002,797,,0.992,0.991,0.991,0.992,0.991,,0.985,,,F,F,F,F,F,,F,,44108
390351164001,658,,0.992,0.991,0.991,0.992,0.991,,0.991,,,F,F,F,F,F,,F,,44103;44108
390351164002,715,,0.991,0.934,0.954,0.991,0.895,,0.954,,,F,F,F,F,D-,,F,,44103;44108
390351164003,561,,0.991,0.934,0.934,0.991,0.935,,0.991,,,F,F,F,F,F,,F,,44103;44108
390351164004,511,,0.992,0.961,0.985,0.992,0.872,,0.895,,,F,F,F,F,D-,,D-,,44108
390351165001,520,,0.992,0.992,0.991,0.992,0.983,,0.991,,,F,F,F,F,F,,F,,44108
390351165002,770,,0.992,0.961,0.991,0.992,0.934,,0.991,,,F,F,F,F,F,,F,,44103;44108
390351165003,520,,0.991,0.985,0.985,0.992,0.934,,0.991,,,F,F,F,F,F,,F,,44108
390351166001,658,,0.991,0.985,0.991,0.992,0.954,,0.991,,,F,F,F,F,F,,F,,44108
390351166002,475,,0.992,0.992,0.991,0.992,0.985,,0.991,,,F,F,F,F,F,,F,,44108
390351166003,690,,0.991,0.985,0.954,0.991,0.895,,0.961,,,F,F,F,F,D-,,F,,44108
390351167001,688,,0.991,0.985,0.985,0.992,0.934,,0.991,,,F,F,F,F,F,,F,,44108
390351167003,577,,0.992,0.991,0.934,0.992,0.953,,0.934,,,F,F,F,F,F,,F,,44108
390351168001,868,,0.991,0.961,0.961,0.992,0.954,,0.934,,,F,F,F,F,F,,F,,44108
390351168002,685,,0.992,0.991,0.991,0.992,0.991,,0.985,,,F,F,F,F,F,,F,,44108
390351168003,714,,0.992,0.992,0.983,0.992,0.991,,0.991,,,F,F,F,F,F,,F,,44108
390351169001,775,,0.961,0.934,0.985,0.992,0.954,,0.934,,,F,F,F,F,F,,F,,44108
390351169002,561,,0.992,0.992,0.991,0.992,0.992,,0.991,,,F,F,F,F,F,,F,,44108;44110
390351171011,609,,0.895,0.799,0.889,0.954,0.837,,0.764,,,D-,D,D-,F,D,,D+,,44108;44110
390351171012,907,,0.961,0.935,0.934,0.991,0.895,,0.935,,,F,F,F,F,D-,,F,,44108;44110
390351171013,672,,0.961,0.961,0.895,0.991,0.934,,0.961,,,F,F,D-,F,F,,F,,44108;44110
390351171021,489,,0.991,0.992,0.991,0.992,0.983,,0.991,,,F,F,F,F,F,,F,,44108;44110
390351171023,507,,0.991,0.991,0.846,0.992,0.954,,0.961,,,F,F,D,F,F,,F,,44108;44110
390351172011,849,,0.913,0.837,0.799,0.985,0.846,,0.711,,,D-,D,D,F,D,,D+,,44110
390351172012,921,,0.991,0.985,0.934,0.991,0.985,,0.934,,,F,F,F,F,F,,F,,44108;44110
390351172013,1343,,0.991,0.858,0.796,0.985,0.895,,0.866,,,F,D-,D,F,D-,,D-,,44110
390351172031,1080,,0.934,0.858,0.934,0.983,0.934,,0.889,,,F,D-,F,F,F,,D-,,44108;44110
390351172032,677,,0.895,0.934,0.954,0.991,0.954,,0.913,,,D-,F,F,F,F,,D-,,44110
390351173001,601,,0.954,0.991,0.934,0.992,0.985,,0.954,,,F,F,F,F,F,,F,,44108;44110
390351173002,615,,0.991,0.991,0.895,0.992,0.934,,0.991,,,F,F,D-,F,F,,F,,44108;44110
390351173003,636,,0.991,0.985,0.954,0.991,0.985,,0.961,,,F,F,F,F,F,,F,,44108;44110
390351174001,526,,0.954,0.934,0.934,0.991,0.934,,0.895,,,F,F,F,F,F,,D-,,44108;44110
390351174002,744,,0.985,0.934,0.961,0.991,0.935,,0.954,,,F,F,F,F,F,,F,,44108;44110
390351175001,1136,,0.954,0.895,0.985,0.991,0.934,,0.934,,,F,D-,F,F,F,,F,,44108;44110
390351175002,1326,,0.991,0.985,0.934,0.991,0.934,,0.991,,,F,F,F,F,F,,F,,44108;44110
390351176001,1162,,0.837,0.858,0.764,0.985,0.814,,0.846,,,D,D-,D+,F,D,,D,,44110
390351176002,726,,0.935,0.954,0.866,0.991,0.895,,0.846,,,F,F,D-,F,D-,,D,,44108;44110
390351176003,1068,,0.799,0.799,0.821,0.934,0.794,,0.846,,,D,D,D,F,D,,D,,44110
390351177003,660,,0.799,0.872,0.694,0.895,0.774,,0.858,,,D,D-,D+,D-,D,,D-,,44110
390351178001,719,,0.895,0.954,0.895,0.985,0.983,,0.866,,,D-,F,D-,F,F,,D-,,44108;44110
390351178002,1159,,0.889,0.866,0.799,0.985,0.934,,0.895,,,D-,D-,D,F,F,,D-,,44108;44110
390351179001,1185,,0.934,0.934,0.934,0.985,0.954,,0.866,,,F,F,F,F,F,,D-,,44108;44110
390351179002,984,,0.991,0.991,0.954,0.991,0.991,,0.953,,,F,F,F,F,F,,F,,44108;44110
390351181011,703,,0.991,0.991,0.961,0.992,0.961,,0.954,,,F,F,F,F,F,,F,,44103;44106;44108
390351181012,806,,0.991,0.983,0.992,0.992,0.961,,0.991,,,F,F,F,F,F,,F,,44103;44106;44108
390351182001,545,,0.991,0.961,0.991,0.992,0.954,,0.961,,,F,F,F,F,F,,F,,44103;44106;44108
390351182002,513,,0.992,0.991,0.954,0.992,0.934,,0.991,,,F,F,F,F,F,,F,,44103;44106;44108
390351182003,626,,0.991,0.934,0.895,0.991,0.872,,0.934,,,F,F,D-,F,D-,,F,,44103;44108
390351183011,790,,0.992,0.991,0.985,0.992,0.954,,0.961,,,F,F,F,F,F,,F,,44103;44106
390351183012,693,,0.991,0.895,0.889,0.991,0.872,,0.934,,,F,D-,D-,F,D-,,F,,44103;44106;44108
390351183013,756,,0.991,0.961,0.961,0.992,0.954,,0.934,,,F,F,F,F,F,,F,,44103;44106;44108
390351186021,752,,0.991,0.985,0.985,0.991,0.954,,0.954,,,F,F,F,F,F,,F,,44103;44106;44108
390351186022,1034,,0.992,0.799,0.961,0.985,0.858,,0.895,,,F,D,F,F,D-,,D-,,44103;44106;44108
390351188001,1352,0.412,0.953,0.934,0.985,0.985,0.889,0.913,0.934,0.837,B-,F,F,F,F,D-,D-,F,D,44103;44104;44106;44108
390351188002,1379,0.388,0.991,0.78,0.895,0.934,0.661,0.934,0.934,0.799,B-,F,D,D-,F,C-,F,F,D,44103;44104;44106
390351188003,865,,0.985,0.934,0.961,0.985,0.934,,0.895,,,F,F,F,F,F,,D-,,44106;44108
390351189001,529,0.467,0.991,0.934,0.985,0.991,0.934,0.794,0.934,0.694,C+,F,F,F,F,F,D,F,D+,44103;44104;44106;44108
390351189002,924,0.417,0.991,0.889,0.954,0.934,0.895,0.991,0.935,0.756,B-,F,D-,F,F,D-,F,F,D+,44103;44104;44106;44108
390351194011,1009,0.799,0.895,0.895,0.913,0.953,0.814,0.644,0.895,0.737,D,D-,D-,D-,F,D,C-,D-,D+,44104;44106;44120
390351194012,1012,0.855,0.934,0.913,0.961,0.991,0.934,0.751,0.895,0.774,D-,F,D-,F,F,F,D+,D-,D,44104;44120
390351194021,897,0.934,0.934,0.895,0.895,0.991,0.953,0.858,0.895,0.751,F,F,D-,D-,F,F,D-,D-,D+,44104;44105;44120
390351194022,657,0.954,0.954,0.934,0.991,0.991,0.985,0.78,0.858,0.814,F,F,F,F,F,F,D,D-,D,44104;44105;44120
390351195011,907,0.751,0.598,0.821,0.895,0.954,0.764,0.658,0.711,0.774,D+,C,D,D-,F,D+,C-,D+,D,44104;44120
390351195012,971,0.846,0.568,0.799,0.837,0.934,0.799,0.694,0.711,0.737,D,C,D,D,F,D,D+,D+,D+,44104;44120
390351195021,667,0.794,0.895,0.872,0.934,0.985,0.895,0.837,0.799,0.774,D,D-,D-,F,F,D-,D,D,D,44104;44120
390351195022,1152,0.889,0.991,0.895,0.954,0.991,0.954,0.889,0.935,0.837,D-,F,D-,F,F,F,D-,F,D,44104;44105;44120
390351196001,574,0.991,0.985,0.991,0.985,0.991,0.985,0.846,0.991,0.934,F,F,F,F,F,F,D,F,F,44104;44105;44120
390351196002,851,0.846,0.934,0.961,0.983,0.991,0.985,0.799,0.895,0.895,D,F,F,F,F,F,D,D-,D-,44104;44105;44120
390351196003,711,0.991,0.991,0.991,0.934,0.991,0.983,0.837,0.895,0.756,F,F,F,F,F,F,D,D-,D+,44104;44105;44120
390351197011,982,0.482,0.799,0.844,0.895,0.991,0.844,0.388,0.858,0.78,C+,D,D,D-,F,D,B-,D-,D,44104;44105;44120
390351197012,848,0.985,0.934,0.889,0.954,0.991,0.895,0.889,0.934,0.756,F,F,D-,F,F,D-,D-,F,D+,44104;44105;44120
390351197021,904,0.846,0.934,0.934,0.895,0.991,0.934,0.711,0.954,0.694,D,F,F,D-,F,F,D+,F,D+,44104;44105;44120
390351197022,806,0.991,0.985,0.991,0.985,0.992,0.985,0.858,0.954,0.756,F,F,F,F,F,F,D-,F,D+,44104;44105;44120
390351198001,1134,0.935,0.866,0.935,0.961,0.991,0.954,0.658,0.954,0.895,F,D-,F,F,F,F,C-,F,D-,44104;44105;44120
390351198002,751,0.889,0.954,0.934,0.895,0.991,0.895,0.751,0.934,0.844,D-,F,F,D-,F,D-,D+,F,D,44104;44105;44120
390351198003,606,0.992,0.961,0.991,0.913,0.991,0.954,0.858,0.934,0.794,F,F,F,D-,F,F,D-,F,D,44104;44105;44120
390351199001,1058,0.985,0.934,0.895,0.934,0.991,0.954,0.866,0.913,0.934,F,F,D-,F,F,F,D-,D-,F,44104;44105;44120
390351199002,985,0.991,0.961,0.985,0.954,0.992,0.985,0.756,0.985,0.889,F,F,F,F,F,F,D+,F,D-,44104;44105;44120
390351202001,431,0.992,0.992,0.992,0.991,0.992,0.992,0.991,0.991,0.934,F,F,F,F,F,F,F,F,F,44104;44105;44120
390351202002,736,0.985,0.991,0.961,0.934,0.991,0.953,0.299,0.934,0.694,F,F,F,F,F,F,B+,F,D+,44104;44105;44120
390351202003,702,0.992,0.991,0.983,0.934,0.991,0.954,0.954,0.934,0.661,F,F,F,F,F,F,F,F,C-,44104;44105;44120
390351204001,420,0.991,0.954,0.991,0.895,0.991,0.954,0.821,0.934,0.821,F,F,F,D-,F,F,D,F,D,44104;44105;44120
390351204002,630,0.985,0.991,0.961,0.985,0.991,0.961,0.934,0.895,0.799,F,F,F,F,F,F,F,D-,D,44104;44105;44120
390351204003,925,0.991,0.934,0.991,0.954,0.991,0.934,0.794,0.934,0.737,F,F,F,F,F,F,D,F,D+,44104;44105;44120
390351205001,900,0.872,0.934,0.889,0.837,0.991,0.858,0.467,0.756,0.694,D-,F,D-,D,F,D-,C+,D+,D+,44104;44105;44120
390351205002,934,0.991,0.954,0.961,0.954,0.991,0.961,0.799,0.866,0.844,F,F,F,F,F,F,D,D-,D,44104;44105;44120
390351206001,631,0.934,0.934,0.895,0.889,0.991,0.866,0.661,0.686,0.737,F,F,D-,D-,F,D-,C-,C-,D+,44104;44105;44120
390351206002,768,0.991,0.983,0.991,0.991,0.991,0.991,0.954,0.934,0.991,F,F,F,F,F,F,F,F,F,44104;44105;44120
390351206003,714,0.992,0.954,0.985,0.991,0.991,0.991,0.961,0.934,0.985,F,F,F,F,F,F,F,F,F,44104;44105;44120
390351207011,539,0.985,0.934,0.954,0.961,0.991,0.961,0.895,0.889,0.935,F,F,F,F,F,F,D-,D-,F,44104;44105;44120
390351207012,787,0.991,0.961,0.991,0.961,0.992,0.983,0.866,0.961,0.934,F,F,F,F,F,F,D-,F,F,44104;44105;44120
390351207021,748,0.991,0.934,0.934,0.934,0.991,0.934,0.737,0.895,0.799,F,F,F,F,F,F,D+,D-,D,44104;44105;44120
390351207022,896,0.934,0.954,0.889,0.934,0.991,0.934,0.866,0.895,0.837,F,F,D-,F,F,F,D-,D-,D,44104;44105;44120
390351208011,1446,0.985,0.889,0.954,0.954,0.991,0.934,0.78,0.934,0.858,F,D-,F,F,F,F,D,F,D-,44104;44105;44120
390351208012,644,0.991,0.961,0.895,0.889,0.991,0.954,0.751,0.954,0.934,F,F,D-,D-,F,F,D+,F,F,44105;44120
390351208021,1169,0.935,0.934,0.934,0.935,0.991,0.954,0.895,0.934,0.895,F,F,F,F,F,F,D-,F,D-,44104;44105;44120
390351208022,669,0.961,0.961,0.895,0.895,0.991,0.934,0.934,0.858,0.866,F,F,D-,D-,F,F,F,D-,D-,44105;44120
390351211001,634,0.954,0.895,0.961,0.858,0.991,0.934,0.799,0.799,0.934,F,D-,F,D-,F,F,D,D,F,44105;44120
390351211002,558,0.858,0.954,0.913,0.895,0.991,0.895,0.774,0.821,0.756,D-,F,D-,D-,F,D-,D,D,D+,44105;44120
390351211003,607,0.737,0.961,0.934,0.935,0.991,0.934,0.694,0.737,0.837,D+,F,F,F,F,F,D+,D+,D,44105;44120
390351212001,509,0.954,0.895,0.954,0.934,0.991,0.961,0.872,0.866,0.895,F,D-,F,F,F,F,D-,D-,D-,44105;44120
390351212002,881,0.78,0.934,0.934,0.889,0.991,0.934,0.895,0.895,0.799,D,F,F,D-,F,F,D-,D-,D,44105;44120
390351213001,641,,0.954,0.913,0.895,0.985,0.954,,0.889,,,F,D-,D-,F,F,,D-,,44105
390351213002,1128,,0.858,0.913,0.934,0.991,0.895,,0.889,,,D-,D-,F,F,D-,,D-,,44105
390351214011,632,,0.895,0.991,0.934,0.991,0.991,,0.961,,,D-,F,F,F,F,,F,,44105
390351214012,820,0.895,0.934,0.935,0.895,0.991,0.934,0.866,0.837,0.985,D-,F,F,D-,F,F,D-,D,F,44105;44120
390351214032,1199,,0.895,0.913,0.872,0.991,0.954,,0.895,,,D-,D-,D-,F,F,,D-,,44105
390351214033,708,,0.858,0.895,0.711,0.991,0.895,,0.895,,,D-,D-,D+,F,D-,,D-,,44105;44125
390351215001,549,0.597,0.768,0.78,0.751,0.961,0.774,0.644,0.835,0.711,C,D+,D,D+,F,D,C-,D,D+,44105;44120
390351215002,852,,0.821,0.895,0.814,0.991,0.934,,0.844,,,D,D-,D,F,F,,D,,44105
390351215003,601,,0.954,0.961,0.934,0.991,0.983,,0.895,,,F,F,F,F,F,,D-,,44105
390351215004,632,0.961,0.895,0.895,0.889,0.991,0.934,0.895,0.934,0.895,F,D-,D-,D-,F,F,D-,F,D-,44105;44120
390351217001,1009,0.543,0.756,0.711,0.821,0.954,0.799,0.78,0.913,0.837,C,D+,D+,D,F,D,D,D-,D,44105;44120
390351217002,884,0.895,0.934,0.934,0.934,0.991,0.961,0.934,0.934,0.954,D-,F,F,F,F,F,F,F,F,44105;44120
390351217003,829,0.858,0.821,0.799,0.794,0.985,0.895,0.737,0.711,0.934,D-,D,D,D,F,D-,D+,D+,F,44105;44120
390351217004,891,0.568,0.799,0.814,0.774,0.985,0.866,0.658,0.866,0.837,C,D,D,D,F,D-,C-,D-,D,44105;44120
390351218001,840,0.661,0.934,0.799,0.799,0.961,0.737,0.348,0.895,0.814,C-,F,D,D,F,D+,B,D-,D,44105;44120
390351218002,822,0.866,0.889,0.821,0.872,0.961,0.78,0.78,0.934,0.844,D-,D-,D,D-,F,D,D,F,D,44105;44120
390351219001,575,,0.866,0.895,0.774,0.985,0.954,,0.872,,,D-,D-,D,F,F,,D-,,44105
390351219002,686,0.991,0.934,0.954,0.895,0.991,0.934,0.991,0.934,0.991,F,F,F,D-,F,F,F,F,F,44105;44120
390351221001,858,,0.858,0.751,0.799,0.934,0.737,,0.737,,,D-,D+,D,F,D+,,D+,,44105
390351221002,956,,0.934,0.954,0.913,0.985,0.991,,0.954,,,F,F,D-,F,F,,F,,44105
390351221003,1191,,0.934,0.858,0.737,0.954,0.737,,0.895,,,F,D-,D+,F,D+,,D-,,44105
390351222001,878,,0.711,0.934,0.889,0.985,0.961,,0.889,,,D+,F,D-,F,F,,D-,,44105;44125
390351222002,844,,0.794,0.799,0.794,0.934,0.799,,0.895,,,D,D,D,F,D,,D-,,44105;44125
390351223001,737,,0.934,0.889,0.768,0.991,0.935,,0.954,,,F,D-,D+,F,F,,F,,44105;44125
390351223002,980,,0.866,0.934,0.694,0.961,0.858,,0.934,,,D-,F,D+,F,D-,,F,,44105;44125
390351231001,867,,0.597,0.644,0.985,0.711,0.694,,0.543,,,C,C-,F,D+,D+,,C,,44102
390351232001,1083,,0.52,0.835,0.953,0.821,0.799,,0.597,,,C+,D,F,D,D,,C,,44102
390351232002,1143,,0.774,0.866,0.983,0.837,0.895,,0.658,,,D,D-,F,D,D-,,C-,,44102
390351232003,681,,0.568,0.78,0.935,0.737,0.694,,0.385,,,C,D,F,D+,D+,,B-,,44102
390351235011,591,,0.934,0.954,0.992,0.895,0.934,,0.837,,,F,F,F,D-,F,,D,,44102
390351235012,1342,,0.658,0.858,0.934,0.858,0.866,,0.711,,,C-,D-,F,D-,D-,,D+,,44102
390351235014,1637,,0.768,0.961,0.934,0.858,0.934,,0.866,,,D+,F,F,D-,F,,D-,,44102
390351235021,1045,,0.78,0.913,0.954,0.756,0.934,,0.78,,,D,D-,F,D+,F,,D,,44102
390351235022,837,,0.694,0.835,0.934,0.768,0.821,,0.625,,,D+,D,F,D+,D,,C-,,44102
390351235023,836,,0.711,0.895,0.991,0.78,0.889,,0.661,,,D+,D-,F,D,D-,,C-,,44102
390351239001,671,,0.658,0.895,0.846,0.799,0.821,,0.644,,,C-,D-,D,D,D,,C-,,44102
390351239002,896,,0.774,0.858,0.858,0.78,0.837,,0.751,,,D,D-,D-,D,D,,D+,,44102
390351239003,838,,0.658,0.837,0.895,0.858,0.844,,0.658,,,C-,D,D-,D-,D,,C-,,44102
390351239004,918,,0.872,0.934,0.991,0.858,0.934,,0.895,,,D-,F,F,D-,F,,D-,,44102
390351241001,986,,0.78,0.889,0.799,0.895,0.934,,0.711,,,D,D-,D,D-,F,,D+,,44102
390351241002,809,,0.78,0.934,0.835,0.837,0.889,,0.658,,,D,F,D,D,D-,,C-,,44102
390351241003,1043,,0.794,0.895,0.846,0.846,0.934,,0.774,,,D,D-,D,D,F,,D,,44102
390351241004,710,,0.661,0.895,0.858,0.889,0.858,,0.482,,,C-,D-,D-,D-,D-,,C+,,44102
390351241005,767,,0.737,0.895,0.858,0.895,0.934,,0.711,,,D+,D-,D-,D-,F,,D+,,44102
390351241006,987,,0.661,0.934,0.934,0.835,0.934,,0.737,,,C-,F,F,D,F,,D+,,44102
390351242011,828,,0.844,0.934,0.934,0.837,0.866,,0.658,,,D,F,F,D,D-,,C-,,44102
390351261001,1601,,0.934,0.889,0.844,0.954,0.872,,0.846,,,F,D-,D,F,D-,,D,,44108;44110
390351261002,1281,,0.934,0.866,0.78,0.961,0.846,,0.895,,,F,D-,D,F,D,,D-,,44108;44110
390351275011,1377,0.751,0.934,0.895,0.889,0.983,0.895,0.661,0.866,0.846,D+,F,D-,D-,F,D-,C-,D-,D,44105;44120
390351275012,621,0.991,0.954,0.991,0.991,0.991,0.991,0.768,0.934,0.934,F,F,F,F,F,F,D+,F,F,44105;44120
390351275013,745,0.954,0.889,0.934,0.889,0.991,0.954,0.794,0.934,0.934,F,D-,F,D-,F,F,D,F,F,44105;44120
390351311051,832,0.78,0.417,0.611,0.737,0.78,0.611,0.52,0.598,0.837,D,B-,C,D+,D,C,C+,C,D,44120
390351321004,1136,,0.694,0.794,,0.934,0.794,,0.837,,,D+,D,,F,D,,D,,44125
390351323012,1708,,0.764,0.644,,0.837,0.428,,0.658,,,D+,C-,,D,B-,,C-,,44125
390351371011,1013,0.895,0.774,0.895,0.78,0.774,0.78,0.751,0.321,0.837,D-,D,D-,D,D,D,D+,B,D,44109
390351371012,1515,0.737,0.658,0.855,0.799,0.737,0.846,0.961,0.644,0.954,D+,C-,D-,D,D+,D,F,C-,F,44109
390351371021,1430,0.764,0.934,0.913,0.768,0.774,0.895,0.756,0.568,0.858,D+,F,D-,D+,D,D-,D+,C,D-,44109
390351371022,1658,0.523,0.388,0.711,0.774,0.711,0.751,0.385,0.445,0.711,C+,B-,D+,D,D+,D+,B-,B-,D+,44109
390351371023,1415,0.844,0.711,0.835,0.821,0.737,0.889,0.846,0.658,0.913,D,D+,D,D,D+,D-,D,C-,D-,44109
390351371031,1684,0.568,0.543,0.799,0.774,0.543,0.799,0.799,0.644,0.934,C,C,D,D,C,D,D,C-,F,44109
390351371033,2644,0.543,0.418,0.504,0.711,0.353,0.445,0.321,0.388,0.799,C,B-,C+,D+,B,B-,B,B-,D,44109
390351401001,1501,,0.837,0.737,0.737,0.895,0.658,,0.751,,,D,D+,D+,D-,C-,,D+,,44108
390351403011,704,,0.961,0.934,0.895,0.991,0.934,,0.934,,,F,F,D-,F,F,,F,,44108
390351403012,1436,,0.934,0.895,0.934,0.985,0.872,,0.895,,,F,D-,F,F,D-,,D-,,44108
390351403021,1223,,0.961,0.858,0.78,0.954,0.846,,0.889,,,F,D-,D,F,D,,D-,,44108
390351403022,1253,,0.794,0.837,0.821,0.866,0.428,,0.846,,,D,D,D,D-,B-,,D,,44108
390351404001,737,,0.934,0.858,0.889,0.985,0.889,,0.934,,,F,D-,D-,F,D-,,F,,44108
390351404002,1204,,0.658,0.694,0.799,0.895,0.504,,0.799,,,C-,D+,D,D-,C+,,D,,44108
390351404003,1204,,0.799,0.711,0.768,0.858,0.658,,0.844,,,D,D+,D+,D-,C-,,D,,44108
390351405001,798,,0.644,0.756,0.737,0.895,0.756,,0.858,,,C-,D+,D+,D-,D+,,D-,,44108
390351405002,1487,,0.846,0.737,0.799,0.858,0.794,,0.78,,,D,D+,D,D-,D,,D,,44108
390351405003,1060,,0.821,0.611,0.774,0.889,0.737,,0.954,,,D,C,D,D-,D+,,F,,44108
390351406001,1162,,0.846,0.799,0.895,0.895,0.866,,0.799,,,D,D,D-,D-,D-,,D,,44106;44108
390351407011,908,,0.844,0.821,0.895,0.934,0.694,,0.846,,,D,D,D-,F,D+,,D,,44106;44108
390351407012,637,,0.858,0.78,0.895,0.895,0.658,,0.889,,,D-,D,D-,D-,C-,,D-,,44106;44108
390351407013,924,,0.895,0.866,0.858,0.935,0.814,,0.889,,,D-,D-,D-,F,D,,D-,,44106;44108
390351407021,614,,0.858,0.858,0.934,0.934,0.846,,0.858,,,D-,D-,F,F,D,,D-,,44106;44108
390351407022,1047,,0.846,0.895,0.954,0.934,0.846,,0.934,,,D,D-,F,F,D,,F,,44106;44108
390351408001,1138,,0.846,0.799,0.846,0.799,0.799,,0.764,,,D,D,D,D,D,,D+,,44108
390351408002,1110,,0.774,0.756,0.846,0.751,0.625,,0.794,,,D,D+,D,D+,C-,,D,,44108
390351408003,1618,,0.206,0.658,0.814,0.78,0.316,,0.78,,,A-,C-,D,D,B,,D,,44108
390351409001,2048,,0.711,0.644,0.889,0.837,0.611,,0.837,,,D+,C-,D-,D,C,,D,,44108
390351410001,1079,,0.985,0.934,0.961,0.985,0.934,,0.934,,,F,F,F,F,F,,F,,44106;44108
390351411001,1060,,0.449,0.764,0.889,0.895,0.751,,0.751,,,B-,D+,D-,D-,D+,,D+,,44106;44108
390351411002,921,,0.934,0.835,0.961,0.934,0.889,,0.895,,,F,D,F,F,D-,,D-,,44106
390351411003,1010,0.872,0.837,0.694,0.866,0.934,0.794,0.799,0.889,0.768,D-,D,D+,D-,F,D,D,D-,D+,44104;44106
390351411004,1167,0.395,0.835,0.846,0.895,0.934,0.482,0.385,0.895,0.737,B-,D,D,D-,F,C+,B-,D-,D+,44104;44106;44108
390351412001,731,0.568,0.146,0.78,0.855,0.895,0.644,0.214,0.658,0.78,C,A,D,D-,D-,C-,A-,C-,D,44104;44106;44108
390351412002,727,0.661,0.858,0.794,0.895,0.934,0.78,0.543,0.814,0.78,C-,D-,D,D-,F,D,C,D,D,44104;44106;44108
390351412003,853,0.395,0.661,0.78,0.858,0.934,0.711,0.523,0.658,0.711,B-,C-,D,D-,F,D+,C+,C-,D+,44104;44106;44108
390351412004,800,0.611,0.913,0.774,0.954,0.934,0.837,0.934,0.711,0.799,C,D-,D,F,F,D,F,D+,D,44104;44106
390351413001,1747,0.348,0.821,0.711,0.858,0.935,0.611,0.482,0.737,0.711,B,D,D+,D-,F,C,C+,D+,D+,44104;44106;44108;44120
390351413002,1043,0.52,0.737,0.756,0.837,0.895,0.644,0.467,0.694,0.694,C+,D+,D+,D,D-,C-,C+,D+,D+,44104;44106;44120
390351414001,599,0.961,0.237,0.644,0.837,0.889,0.794,0.238,0.661,0.711,F,B+,C-,D,D-,D,B+,C-,D+,44104;44106;44108;44120
390351414002,840,0.658,0.566,0.78,0.814,0.872,0.644,0.543,0.482,0.694,C-,C,D,D,D-,C-,C,C+,D+,44104;44106;44108;44120
390351414003,1021,0.751,0.299,0.611,0.799,0.866,0.598,0.611,0.598,0.711,D+,B+,C,D,D-,C,C,C,D+,44104;44106;44120
390351415001,570,0.799,0.737,0.844,0.895,0.889,0.737,0.814,0.872,0.751,D,D+,D,D-,D-,D+,D,D-,D+,44104;44106;44120
390351415002,1013,0.694,0.321,0.799,0.821,0.821,0.658,0.504,0.764,0.768,D+,B,D,D,D,C-,C+,D+,D+,44104;44120
390351416011,880,0.934,0.321,0.658,0.837,0.837,0.611,0.337,0.711,0.737,F,B,C-,D,D,C,B,D+,D+,44106;44120
390351416012,737,0.768,0.353,0.568,0.821,0.872,0.388,0.336,0.774,0.774,D+,B,C,D,D-,B-,B,D,D,44120
390351416021,706,,0.78,0.711,0.934,0.934,0.866,,0.954,,,D,D+,F,F,D-,,F,,44106;44108
390351416022,820,0.837,0.694,0.523,0.814,0.866,0.543,0.543,0.694,0.78,D,D+,C+,D,D-,C,C,D+,D,44106;44108;44120
390351417001,815,0.866,0.143,0.417,0.794,0.814,0.428,0.173,0.837,0.737,D-,A,B-,D,D,B-,A-,D,D+,44120
390351417002,640,0.846,0.362,0.611,0.768,0.835,0.694,0.467,0.611,0.796,D,B,C,D+,D,D+,C+,C,D,44120
390351501001,596,,0.991,0.991,0.991,0.992,0.991,,0.991,,,F,F,F,F,F,,F,,44108
390351501002,404,,0.992,0.961,0.954,0.992,0.985,,0.991,,,F,F,F,F,F,,F,,44108
390351501003,900,,0.991,0.985,0.954,0.991,0.985,,0.954,,,F,F,F,F,F,,F,,44108
390351503001,415,,0.991,0.992,0.961,0.992,0.991,,0.961,,,F,F,F,F,F,,F,,44108
390351503002,744,,0.992,0.991,0.934,0.992,0.954,,0.991,,,F,F,F,F,F,,F,,44108
390351512001,1569,,0.991,0.934,0.934,0.983,0.961,,0.837,,,F,F,F,F,F,,D,,44108
390351513001,491,,0.992,0.954,0.983,0.991,0.991,,0.991,,,F,F,F,F,F,,F,,44108
390351513002,1309,,0.935,0.895,0.866,0.954,0.837,,0.78,,,F,D-,D-,F,D,,D,,44108
390351515001,471,,0.992,0.992,0.992,0.992,0.992,,0.991,,,F,F,F,F,F,,F,,44108
390351515002,631,,0.992,0.991,0.991,0.992,0.991,,0.991,,,F,F,F,F,F,,F,,44106;44108
390351516001,721,,0.991,0.872,0.934,0.985,0.837,,0.991,,,F,D-,F,F,D,,F,,44106
390351516002,549,,0.992,0.934,0.985,0.985,0.954,,0.991,,,F,F,F,F,F,,F,,44106;44108
390351517001,477,,0.991,0.991,0.934,0.992,0.961,,0.954,,,F,F,F,F,F,,F,,44106;44108
390351517002,542,,0.991,0.985,0.985,0.992,0.961,,0.934,,,F,F,F,F,F,,F,,44106;44108
390351518001,506,,0.991,0.961,0.935,0.992,0.895,,0.954,,,F,F,F,F,D-,,F,,44108
390351518002,708,,0.991,0.991,0.991,0.992,0.991,,0.954,,,F,F,F,F,F,,F,,44106;44108
390351526051,1246,,0.846,0.799,0.661,0.934,0.837,,0.796,,,D,D,C-,F,D,,D,,44108
390351527011,1102,,0.961,0.895,0.858,0.954,0.934,,0.837,,,F,D-,D-,F,F,,D,,44108;44110
390351527012,1299,,0.954,0.858,0.866,0.934,0.934,,0.889,,,F,D-,D-,F,F,,D-,,44110
390351527021,973,,0.889,0.692,0.737,0.844,0.611,,0.598,,,D-,C-,D+,D,C,,C,,44108;44110
390351527022,1454,,0.889,0.846,0.858,0.935,0.737,,0.794,,,D-,D,D-,F,D+,,D,,44108;44110
390351527031,1008,,0.737,0.658,0.644,0.644,0.611,,0.611,,,D+,C-,C-,C-,C,,C,,44108
390351527032,818,,0.774,0.774,0.78,0.895,0.694,,0.768,,,D,D,D,D-,D+,,D+,,44108;44110
390351541001,735,,0.597,0.794,0.78,0.895,0.799,,0.543,,,C,D,D,D-,D,,C,,44105;44125
390351541002,1539,,0.597,0.846,0.846,0.872,0.711,,0.597,,,C,D,D,D-,D+,,C,,44105;44125
390351542001,899,,0.78,0.889,0.858,0.934,0.889,,0.711,,,D,D-,D-,F,D-,,D+,,44105;44125
390351542002,702,,0.799,0.799,0.934,0.934,0.913,,0.711,,,D,D,F,F,D-,,D+,,44105;44125
390351544001,957,,0.694,0.799,0.737,0.913,0.694,,0.644,,,D+,D,D+,D-,D+,,C-,,44105;44125
390351544003,1944,,0.644,0.78,0.658,0.821,0.445,,0.692,,,C-,D,C-,D,B-,,C-,,44105;44125
390351545011,759,,0.694,0.889,0.872,0.895,0.934,,0.737,,,D+,D-,D-,D-,F,,D+,,44105;44125
390351545012,1239,,0.395,0.661,0.711,0.858,0.694,,0.711,,,B-,C-,D+,D-,D+,,D+,,44105;44125
390351545013,763,,0.844,0.661,,0.934,0.794,,0.694,,,D,C-,,F,D,,D+,,44125
390351545014,1031,,0.523,0.482,,0.895,0.694,,0.78,,,C+,C+,,D-,D+,,D,,44125
390351545021,1258,,0.837,0.543,,0.866,0.644,,0.644,,,D,C,,D-,C-,,C-,,44125
390351545022,1120,,0.321,0.523,,0.846,0.353,,0.467,,,B,C+,,D,B,,C+,,44125
390351546011,946,,0.78,0.866,0.821,0.934,0.799,,0.751,,,D,D-,D,F,D,,D+,,44105;44125
390351546012,1418,,0.597,0.737,0.774,0.913,0.523,,0.78,,,C,D+,D,D-,C+,,D,,44105;44125
390351546013,1054,,0.711,0.78,,0.934,0.78,,0.348,,,D+,D,,F,D,,B,,44125
390351546014,846,,0.237,0.611,0.844,0.934,0.737,,0.692,,,B+,C,D,F,D+,,C-,,44105;44125
390351546015,862,,0.24,0.756,0.751,0.934,0.821,,0.568,,,B+,D+,D+,F,D,,C,,44105;44125
390351546031,736,,0.523,0.611,,0.913,0.644,,0.751,,,C+,C,,D-,C-,,D+,,44125
390351546032,955,,0.658,0.751,,0.934,0.895,,0.846,,,C-,D+,,F,D-,,D,,44125
390351546033,667,,0.278,0.611,,0.866,0.568,,0.543,,,B+,C,,D-,C,,C,,44125
390351546034,805,,0.799,0.711,,0.934,0.658,,0.837,,,D,D+,,F,C-,,D,,44125
390351546041,1199,,0.625,0.597,,0.895,0.78,,0.658,,,C-,C,,D-,D,,C-,,44125
390351546042,1026,,0.644,0.326,,0.844,0.428,,0.711,,,C-,B,,D,B-,,D+,,44125
390351546043,1079,,0.143,0.543,,0.934,0.661,,0.737,,,A,C,,F,C-,,D+,,44125
390351546044,949,,0.543,0.658,,0.935,0.694,,0.78,,,C,C-,,F,D+,,D,,44125
390351561011,1424,,0.428,0.794,,0.568,0.661,,0.774,,,B-,D,,C,C-,,D,,44125
390351604002,1348,,0.445,0.597,0.895,0.799,0.543,,0.181,,,B-,C,D-,D,C,,A-,,44102
390351604003,1203,,0.361,0.694,0.895,0.846,0.568,,0.644,,,B,D+,D-,D,C,,C-,,44102
390351605001,1064,,0.661,0.445,0.895,0.889,0.598,,0.395,,,C-,B-,D-,D-,C,,B-,,44102
390351605002,1378,,0.348,0.644,0.913,0.756,0.694,,0.504,,,B,C-,D-,D+,D+,,C+,,44102
390351605003,1352,,0.267,0.658,0.934,0.78,0.52,,0.568,,,B+,C-,F,D,C+,,C,,44102
390351606021,828,,0.774,0.764,0.913,0.794,0.858,,0.568,,,D,D+,D-,D,D-,,C,,44102
390351606022,1189,,0.694,0.866,0.954,0.799,0.895,,0.711,,,D+,D-,F,D,D-,,D+,,44102
390351606023,927,,0.694,0.835,0.954,0.799,0.78,,0.661,,,D+,D,F,D,D,,C-,,44102
390351606031,910,,0.694,0.799,0.934,0.846,0.821,,0.658,,,D+,D,F,D,D,,C-,,44102
390351606041,1443,,0.417,0.504,0.858,0.523,0.543,,0.048,,,B-,C+,D-,C+,C,,A+,,44102
390351606042,1071,,0.611,0.523,0.895,0.711,0.568,,0.388,,,C,C+,D-,D+,C,,B-,,44102
390351612001,1336,,0.543,0.658,0.934,0.78,0.737,,0.467,,,C,C-,F,D,D+,,C+,,44102
390351612002,837,,0.369,0.611,0.934,0.711,0.737,,0.523,,,B,C,F,D+,D+,,C+,,44102
390351612003,728,,0.611,0.711,0.954,0.774,0.694,,0.568,,,C,D+,F,D,D+,,C,,44102
390351613001,1468,,0.52,0.794,0.934,0.799,0.692,,0.598,,,C+,D,F,D,C-,,C,,44102
390351613002,1426,,0.212,0.774,0.954,0.737,0.543,,0.236,,,A-,D,F,D+,C,,B+,,44102
390351614001,824,,0.504,0.611,0.934,0.737,0.694,,0.467,,,C+,C,F,D+,D+,,C+,,44102
390351614002,712,,0.711,0.844,0.954,0.846,0.866,,0.737,,,D+,D,F,D,D-,,D+,,44102
390351614003,825,,0.737,0.78,0.954,0.794,0.895,,0.644,,,D+,D,F,D,D-,,C-,,44102
390351614004,909,,0.52,0.644,0.889,0.78,0.694,,0.348,,,C+,C-,D-,D,D+,,B,,44102
390351615001,898,,0.43,0.658,0.934,0.794,0.711,,0.121,,,B-,C-,F,D,D+,,A,,44102
390351615002,769,,0.181,0.694,0.866,0.711,0.751,,0.611,,,A-,D+,D-,D+,D+,,C,,44102
390351615003,1080,,0.469,0.751,0.934,0.799,0.821,,0.568,,,C+,D+,F,D,D,,C,,44102
390351615004,1093,,0.467,0.737,0.895,0.756,0.794,,0.362,,,C+,D+,D-,D+,D,,B,,44102
390351616001,1018,,0.361,0.694,0.889,0.78,0.711,,0.395,,,B,D+,D-,D,D+,,B-,,44102
390351616002,1022,,0.711,0.895,0.934,0.799,0.858,,0.597,,,D+,D-,F,D,D-,,C,,44102
390351711023,1141,,0.751,0.799,,0.895,0.353,,0.694,,,D+,D,,D-,B,,D+,,44125
390351711024,808,,0.523,0.794,,0.934,0.866,,0.774,,,C+,D,,F,D-,,D,,44125
390351711025,1446,,0.644,0.737,,0.954,0.799,,0.711,,,C-,D+,,F,D,,D+,,44125
390351711031,1232,,0.768,0.846,,0.961,0.934,,0.895,,,D+,D,,F,F,,D-,,44125
390351711032,1863,,0.774,0.844,,0.961,0.78,,0.913,,,D,D,,F,D,,D-,,44125
390351711033,822,,0.764,0.711,0.794,0.954,0.751,,0.756,,,D+,D+,D,F,D+,,D+,,44105;44125
390351712031,736,,0.267,0.644,,0.895,0.737,,0.694,,,B+,C-,,D-,D+,,D+,,44125
390351712032,1994,,0.285,0.694,,0.889,0.737,,0.611,,,B+,D+,,D-,D+,,C,,44125
390351712041,647,,0.895,0.895,,0.985,0.954,,0.934,,,D-,D-,,F,F,,F,,44125
390351712042,1477,,0.611,0.799,,0.934,0.711,,0.737,,,C,D,,F,D+,,D+,,44125
390351712051,1286,,0.774,0.694,,0.934,0.597,,0.711,,,D,D+,,F,C,,D+,,44125
390351712053,1378,,0.644,0.694,,0.934,0.694,,0.858,,,C-,D+,,F,D+,,D-,,44125
390351801022,1251,,0.111,0.299,0.737,0.644,0.417,,0.658,,,A,B+,D+,C-,B-,,C-,,44108
390351801032,1620,,0.467,0.658,0.694,0.661,0.523,,0.566,,,C+,C-,D+,C-,C+,,C,,44108
390351831001,639,0.844,0.035,0.711,0.78,0.858,0.692,0.417,0.711,0.711,D,A+,D+,D,D-,C-,B-,D+,D+,44104;44120
390351831002,906,0.694,0.482,0.568,0.821,0.837,0.644,0.321,0.686,0.737,D+,C+,C,D,D,C-,B,C-,D+,44104;44105;44120
390351831003,1413,0.523,0.644,0.737,0.799,0.913,0.756,0.385,0.837,0.737,C+,C-,D+,D,D-,D+,B-,D,D+,44104;44120
390351832001,939,0.625,0.316,0.543,0.711,0.799,0.482,0.412,0.737,0.756,C-,B,C,D+,D,C+,B-,D+,D+,44120
390351832002,811,0.934,0.048,0.598,0.794,0.858,0.611,0.34,0.694,0.711,F,A+,C,D,D-,C,B,D+,D+,44120
390351832003,950,0.711,0.417,0.644,0.694,0.837,0.568,0.385,0.694,0.737,D+,B-,C-,D+,D,C,B-,D+,D+,44105;44120
390351833002,800,0.737,0.17,0.428,0.768,0.711,0.482,0.597,0.644,0.737,D+,A-,B-,D+,D+,C+,C,C-,D+,44120
390351833003,1223,0.737,0.206,0.185,0.799,0.711,0.467,0.445,0.543,0.751,D+,A-,A-,D,D+,C+,B-,C,D+,44120
390351833004,1812,0.071,0.428,0.504,0.711,0.644,0.348,0.337,0.467,0.774,A+,B-,C+,D+,C-,B,B,C+,D,44120
390351834011,826,0.694,0.846,0.78,0.837,0.895,0.814,0.644,0.934,0.837,D+,D,D,D,D-,D,C-,F,D,44104;44105;44120
390351834012,1436,0.321,0.388,0.543,0.764,0.846,0.644,0.111,0.52,0.737,B,B-,C,D+,D,C-,A,C+,D+,44104;44105;44120
390351834021,1507,0.482,0.799,0.694,0.814,0.935,0.658,0.598,0.821,0.837,C+,D,D+,D,F,C-,C,D,D,44104;44105;44120
390351835011,905,0.658,0.751,0.78,0.78,0.895,0.866,0.837,0.866,0.872,C-,D+,D,D,D-,D-,D,D-,D-,44120
390351835012,1540,0.694,0.597,0.598,0.694,0.846,0.598,0.523,0.872,0.78,D+,C,C,D+,D,C,C+,D-,D,44120
390351835013,692,0.895,0.661,0.658,0.737,0.837,0.694,0.543,0.768,0.866,D-,C-,C-,D+,D,D+,C,D+,D-,44120
390351835021,730,0.991,0.799,0.768,0.774,0.935,0.934,0.872,0.934,0.954,F,D,D+,D,F,F,D-,F,F,44105;44120
390351835022,787,0.428,0.597,0.711,0.764,0.858,0.644,0.282,0.844,0.774,B-,C,D+,D+,D-,C-,B+,D,D,44105;44120
390351835023,1233,0.799,0.337,0.799,0.711,0.78,0.821,0.417,0.837,0.794,D,B,D,D+,D,D,B-,D,D,44105;44120
390351835024,999,0.799,0.566,0.658,0.737,0.846,0.694,0.282,0.644,0.858,D,C,C-,D+,D,D+,B+,C-,D-,44105;44120
390351836031,563,0.961,0.855,0.934,0.954,0.991,0.895,0.872,0.895,0.872,F,D-,F,F,F,D-,D-,D-,D-,44104;44105;44120
390351836032,852,0.568,0.658,0.799,0.794,0.954,0.737,0.337,0.895,0.858,C,C-,D,D,F,D+,B,D-,D-,44105;44120
390351836041,1183,0.737,0.737,0.799,0.799,0.934,0.794,0.24,0.866,0.866,D+,D+,D,D,F,D,B+,D-,D-,44105;44120
390351836042,1393,0.362,0.467,0.737,0.837,0.934,0.78,0.504,0.858,0.866,B,C+,D+,D,F,D,C+,D-,D-,44105;44120
390351836051,1493,0.661,0.692,0.737,0.768,0.872,0.737,0.445,0.866,0.866,C-,C-,D+,D+,D-,D+,B-,D-,D-,44120
390351836052,1374,0.611,0.644,0.644,0.821,0.835,0.611,0.06,0.78,0.794,C,C-,C-,D,D,C,A+,D,D,44120
390351836061,729,0.597,0.658,0.751,0.694,0.846,0.597,0.156,0.794,0.821,C,C-,D+,D+,D,C,A-,D,D,44105;44120
390351836062,853,0.756,0.523,0.543,0.756,0.837,0.469,0.336,0.756,0.799,D+,C+,C,D+,D,C+,B,D+,D,44105;44120
390351851011,1222,,0.934,0.913,0.846,0.934,0.934,,0.913,,,F,D-,D,F,F,,D-,,44108
390351851012,1533,,0.694,0.482,0.694,0.889,0.467,,0.799,,,D+,C+,D+,D-,C+,,D,,44108
390351851021,694,,0.821,0.661,0.737,0.846,0.737,,0.737,,,D,C-,D+,D,D+,,D+,,44108
390351851022,1116,,0.388,0.611,0.768,0.751,0.52,,0.799,,,B-,C,D+,D+,C+,,D,,44108
390351851023,875,,0.756,0.644,0.711,0.844,0.543,,0.866,,,D+,C-,D+,D,C,,D-,,44108
390351851031,1062,,0.658,0.737,0.711,0.774,0.737,,0.814,,,C-,D+,D+,D,D+,,D,,44108
390351851032,1271,,0.543,0.482,0.737,0.756,0.482,,0.844,,,C,C+,D+,D+,C+,,D,,44108
390351851041,1138,,0.417,0.597,0.858,0.644,0.568,,0.482,,,B-,C,D-,C-,C,,C+,,44108
390351851042,1194,,0.991,0.52,0.711,0.568,0.482,,0.711,,,F,C+,D+,C,C+,,D+,,44108
390351851043,1441,,0.128,0.598,0.764,0.52,0.34,,0.756,,,A,C,D+,C+,B,,D+,,44108
390351852011,774,,0.858,0.751,0.799,0.895,0.395,,0.934,,,D-,D+,D,D-,B-,,F,,44108
390351852012,795,,0.934,0.737,0.934,0.895,0.799,,0.78,,,F,D+,F,D-,D,,D,,44108
390351852021,1590,,0.504,0.598,0.711,0.78,0.568,,0.866,,,C+,C,D+,D,C,,D-,,44108
390351852022,1342,,0.866,0.756,0.821,0.895,0.846,,0.872,,,D-,D+,D,D-,D,,D-,,44108
390351852023,977,,0.846,0.799,0.737,0.858,0.751,,0.872,,,D,D,D+,D-,D+,,D-,,44108
390351852024,1058,,0.694,0.737,0.866,0.872,0.751,,0.846,,,D+,D+,D-,D-,D+,,D,,44108
390351852031,1637,,0.597,0.244,0.751,0.52,0.43,,0.751,,,C,B+,D+,C+,B-,,D+,,44108
390351852032,1013,,0.598,0.658,0.814,0.694,0.694,,0.694,,,C,C-,D,D+,D+,,D+,,44108
390351852033,1151,,0.282,0.523,0.799,0.598,0.611,,0.598,,,B+,C+,D,C,C,,C,,44108
390351871031,1467,0.78,0.737,0.658,0.774,0.794,0.694,0.644,0.799,0.866,D,D+,C-,D,D,D+,C-,D,D-,44108;44120
390351871032,1310,,0.799,0.821,0.895,0.895,0.737,,0.837,,,D,D,D-,D-,D+,,D,,44108
390351871041,1514,0.418,0.52,0.428,0.737,0.694,0.543,0.337,0.846,0.794,B-,C+,B-,D+,D+,C,B,D,D,44120
390351871042,741,0.694,0.212,0.469,0.737,0.794,0.482,0.353,0.844,0.737,D+,A-,C+,D+,D,C+,B,D,D+,44120
390351871043,1032,0.821,0.711,0.597,0.799,0.774,0.611,0.543,0.837,0.814,D,D+,C,D,D,C,C,D,D,44120
390351871051,777,0.837,0.737,0.799,0.934,0.814,0.794,0.858,0.934,0.934,D,D+,D,F,D,D,D-,F,F,44108;44120
390351871052,2360,0.337,0.048,0.146,0.737,0.598,0.417,0.362,0.751,0.737,B,A+,A,D+,C,B-,B,D+,D+,44120
390351871061,1060,,0.348,0.467,0.799,0.504,0.321,,0.846,,,B,C+,D,C+,B,,D,,44108
390351871063,1703,0.467,0.837,0.156,0.694,0.428,0.241,0.048,0.661,0.756,C+,D,A-,D+,B-,B+,A+,C-,D+,44120
390351881031,1197,0.889,0.711,0.737,0.895,0.954,0.934,0.844,0.889,0.866,D-,D+,D+,D-,F,F,D,D-,D-,44120
390351881032,906,0.694,0.768,0.799,0.821,0.953,0.694,0.611,0.889,0.895,D+,D+,D,D,F,D+,C,D-,D-,44120
390351928001,1430,,0.846,0.78,0.799,0.934,0.597,,0.895,,,D,D,D,F,C,,D-,,44108
390351960001,655,,0.756,0.821,0.774,0.913,0.566,,0.799,,,D+,D,D,D-,C,,D,,44106;44108
390351960002,1065,,0.694,0.866,0.895,0.866,0.467,,0.799,,,D+,D-,D-,D-,C+,,D,,44106;44108
390351961001,587,0.467,0.543,0.756,0.794,0.737,0.799,0.837,0.661,0.934,C+,C,D+,D,D+,D,D,C-,F,44105;44109
390351961002,1230,0.543,0.846,0.872,0.846,0.913,0.872,0.737,0.837,0.794,C,D,D-,D,D-,D-,D+,D,D,44105;44109
390351961003,618,0.935,0.858,0.954,0.837,0.889,0.889,0.934,0.821,0.774,F,D-,F,D,D-,D-,F,D,D,44105;44109
390351968001,1200,0.482,0.991,0.934,0.954,0.985,0.895,0.961,0.934,0.774,C+,F,F,F,F,D-,F,F,D,44103;44104;44106;44108
390351968003,3789,,0.954,0.658,0.858,0.895,0.24,,0.889,,,F,C-,D-,D-,B+,,D-,,44103;44106;44108
390351970001,2078,,0.866,0.895,0.799,0.934,0.872,,0.846,,,D-,D-,D,F,D-,,D,,44105
390351972002,485,0.934,0.992,0.992,0.992,0.991,0.992,0.992,0.992,0.895,F,F,F,F,F,F,F,F,D-,44103;44104;44106;44108
390351972003,721,0.799,0.954,0.889,0.991,0.961,0.961,0.821,0.934,0.768,D,F,D-,F,F,F,D,F,D+,44104;44106;44108
390351972004,1032,0.658,0.983,0.991,0.954,0.991,0.954,0.837,0.985,0.711,C-,F,F,F,F,F,D,F,D+,44104;44106;44108;44120
390351973001,700,,0.737,0.895,0.954,0.846,0.934,,0.846,,,D+,D-,F,D,F,,D,,44102
390351973002,1251,,0.644,0.756,0.934,0.799,0.846,,0.644,,,C-,D+,F,D,D,,C-,,44102
390351973003,1234,,0.835,0.935,0.934,0.889,0.934,,0.858,,,D,F,F,D-,F,,D-,,44102
390351974001,1268,0.658,0.694,0.794,0.737,0.737,0.837,0.52,0.31,0.799,C-,D+,D,D+,D+,D,C+,B,D,44109
390351974002,1441,0.846,0.756,0.934,0.844,0.799,0.954,0.954,0.799,0.935,D,D+,F,D,D,F,F,D,F,44109
390351974003,1153,0.467,0.568,0.751,0.737,0.694,0.711,0.52,0.445,0.821,C+,C,D+,D+,D+,D+,C+,B-,D,44109
390351975001,774,,0.872,0.953,0.934,0.934,0.954,,0.821,,,D-,F,F,F,F,,D,,44102
390351975002,1140,,0.858,0.895,0.934,0.934,0.934,,0.768,,,D-,D-,F,F,F,,D+,,44102
390351975003,663,,0.934,0.934,0.934,0.954,0.934,,0.794,,,F,F,F,F,F,,D,,44102
390351975004,1286,,0.895,0.661,0.895,0.895,0.846,,0.504,,,D-,C-,D-,D-,D,,C+,,44102
390351976001,720,0.985,0.858,0.961,0.866,0.934,0.961,0.711,0.846,0.835,F,D-,F,D-,F,F,D+,D,D,44102;44109
390351976002,631,0.991,0.934,0.991,0.985,0.934,0.983,0.954,0.934,0.889,F,F,F,F,F,F,F,F,D-,44102;44109
390351976003,657,0.991,0.934,0.991,0.961,0.934,0.991,0.913,0.889,0.991,F,F,F,F,F,F,D-,D-,F,44102;44109
390351976004,1352,0.543,0.799,0.934,0.846,0.913,0.895,0.774,0.568,0.866,C,D,F,D,D-,D-,D,C,D-,44102;44109
390351977001,684,,0.935,0.954,0.985,0.934,0.954,,0.844,,,F,F,F,F,F,,D,,44102
390351977002,920,,0.954,0.991,0.934,0.961,0.991,,0.961,,,F,F,F,F,F,,F,,44102
390351977003,1107,,0.934,0.895,0.934,0.934,0.934,,0.799,,,F,D-,F,F,F,,D,,44102
390351978001,1180,0.737,0.837,0.799,0.895,0.872,0.895,0.895,0.658,0.78,D+,D,D,D-,D-,D-,D-,C-,D,44102;44104
390351978002,1157,0.985,0.913,0.855,0.895,0.889,0.858,0.895,0.598,0.694,F,D-,D-,D-,D-,D-,D-,C,D+,44102;44104;44105
390351978003,757,0.991,0.934,0.889,0.954,0.895,0.934,0.961,0.661,0.858,F,F,D-,F,D-,F,F,C-,D-,44102;44104
390351979001,561,0.934,0.934,0.991,0.991,0.991,0.992,0.991,0.961,0.991,F,F,F,F,F,F,F,F,F,44104;44105;44109
390351979002,525,0.934,0.934,0.985,0.961,0.961,0.985,0.934,0.889,0.844,F,F,F,F,F,F,F,D-,D,44104;44105;44109
390351979003,738,0.934,0.961,0.961,0.991,0.954,0.985,0.991,0.954,0.934,F,F,F,F,F,F,F,F,F,44104;44105
390351980001,479,0.837,0.954,0.934,0.934,0.985,0.954,0.935,0.961,0.844,D,F,F,F,F,F,F,F,D,44104;44105;44120
390351980002,469,0.644,0.954,0.934,0.954,0.991,0.961,0.837,0.991,0.799,C-,F,F,F,F,F,D,F,D,44104;44105;44120
390351980003,596,0.991,0.991,0.991,0.991,0.991,0.992,0.991,0.992,0.961,F,F,F,F,F,F,F,F,F,44104;44105;44109
390351980004,794,0.598,0.961,0.934,0.872,0.991,0.935,0.954,0.954,0.837,C,F,F,D-,F,F,F,F,D,44105;44120
390351981001,563,0.934,0.954,0.985,0.985,0.991,0.991,0.961,0.954,0.991,F,F,F,F,F,F,F,F,F,44104;44105;44109;44120
390351981002,671,0.644,0.858,0.895,0.934,0.961,0.934,0.212,0.694,0.837,C-,D-,D-,F,F,F,A-,D+,D,44105;44109
390351981003,832,0.794,0.953,0.934,0.895,0.961,0.934,0.872,0.855,0.837,D,F,F,D-,F,F,D-,D-,D,44104;44105;44109
390351982001,1662,,0.844,0.846,0.774,0.985,0.895,,0.866,,,D,D,D,F,D-,,D-,,44105;44125
390351982002,978,,0.751,0.954,0.837,0.985,0.866,,0.934,,,D+,F,D,F,D-,,F,,44105;44125
390351982003,756,,0.598,0.895,0.846,0.985,0.934,,0.855,,,C,D-,D,F,F,,D-,,44105;44125
390351984001,906,0.895,0.985,0.954,0.991,0.954,0.934,0.934,0.913,0.756,D-,F,F,F,F,F,F,D-,D+,44104;44106
390351984002,1174,0.821,0.991,0.954,0.954,0.985,0.954,0.934,0.985,0.794,D,F,F,F,F,F,F,F,D,44104;44120
390351984003,853,0.934,0.991,0.935,0.983,0.991,0.934,0.935,0.991,0.756,F,F,F,F,F,F,F,F,D+,44104;44120
390351985001,1155,0.644,0.961,0.913,0.934,0.991,0.934,0.644,0.961,0.711,C-,F,D-,F,F,F,C-,F,D+,44104;44106;44120
390351985002,546,0.935,0.985,0.954,0.991,0.991,0.985,0.751,0.954,0.846,F,F,F,F,F,F,D+,F,D,44104;44106;44120
390351986001,619,0.934,0.934,0.961,0.991,0.992,0.991,0.799,0.954,0.858,F,F,F,F,F,F,D,F,D-,44104;44106;44120
390351986002,984,0.934,0.985,0.934,0.954,0.991,0.934,0.568,0.954,0.794,F,F,F,F,F,F,C,F,D,44104;44106;44120
390351986003,903,0.895,0.961,0.934,0.895,0.991,0.866,0.768,0.954,0.694,D-,F,F,D-,F,D-,D+,F,D+,44104;44120
390351986004,1017,0.934,0.991,0.991,0.954,0.991,0.991,0.961,0.991,0.866,F,F,F,F,F,F,F,F,D-,44104;44120
390351986005,606,0.935,0.961,0.934,0.934,0.954,0.913,0.934,0.954,0.751,F,F,F,F,F,D-,F,F,D+,44104;44106;44120
390351987001,779,0.321,0.991,0.934,0.992,0.991,0.991,0.985,0.991,0.799,B,F,F,F,F,F,F,F,D,44103;44104;44106;44108
390351987002,526,,0.991,0.961,0.992,0.991,0.991,,0.961,,,F,F,F,F,F,,F,,44103;44106;44108
390351987003,640,,0.991,0.954,0.961,0.985,0.934,,0.935,,,F,F,F,F,F,,F,,44103;44106;44108
390351988001,590,,0.991,0.889,0.991,0.991,0.889,,0.934,,,F,D-,F,F,D-,,F,,44103;44106;44108
390351988002,495,,0.991,0.991,0.954,0.992,0.991,,0.961,,,F,F,F,F,F,,F,,44103;44106;44108
390351988003,773,,0.991,0.895,0.992,0.991,0.954,,0.954,,,F,D-,F,F,F,,F,,44103;44106;44108
390351989001,724,,0.992,0.985,0.992,0.991,0.991,,0.954,,,F,F,F,F,F,,F,,44103;44106;44108
390351989002,965,,0.991,0.991,0.992,0.991,0.991,,0.934,,,F,F,F,F,F,,F,,44103;44106;44108
390351990001,499,,0.991,0.991,0.985,0.991,0.991,,0.961,,,F,F,F,F,F,,F,,44103;44106;44108
390351990002,790,,0.991,0.985,0.954,0.991,0.991,,0.954,,,F,F,F,F,F,,F,,44103;44106;44108
390351991001,807,,0.992,0.985,0.991,0.992,0.961,,0.934,,,F,F,F,F,F,,F,,44103;44106;44108
390351991002,494,,0.992,0.991,0.991,0.992,0.991,,0.991,,,F,F,F,F,F,,F,,44103;44106;44108
390351991003,852,,0.992,0.991,0.991,0.992,0.985,,0.985,,,F,F,F,F,F,,F,,44103;44106;44108
390351992001,850,,0.991,0.983,0.954,0.992,0.985,,0.934,,,F,F,F,F,F,,F,,44108
390351992002,778,,0.991,0.985,0.991,0.992,0.985,,0.991,,,F,F,F,F,F,,F,,44108
390351993002,443,,0.992,0.992,0.991,0.992,0.992,,0.992,,,F,F,F,F,F,,F,,44108
390351993003,864,,0.991,0.992,0.991,0.992,0.991,,0.961,,,F,F,F,F,F,,F,,44108
390810002001,1636,,0.837,0.686,0.412,0.568,0.282,,0.388,,,D,C-,B-,C,B+,,B-,,43952
390810002002,1337,,0.858,0.799,0.52,0.78,0.764,,0.799,,,D-,D,C+,D,D+,,D,,43952
390810002003,480,,0.934,0.934,0.711,0.846,0.985,,0.954,,,F,F,D+,D,F,,F,,43952
390810004001,788,,0.751,0.658,0.273,0.814,0.523,,0.467,,,D+,C-,B+,D,C+,,C+,,43952
390810004002,678,,0.692,0.711,0.299,0.78,0.52,,0.362,,,C-,D+,B+,D,C+,,B,,43952
390810004003,1115,,0.821,0.694,0.153,0.799,0.597,,0.78,,,D,D+,A,D,C,,D,,43952
390810006001,925,,0.711,0.78,0.445,0.694,0.799,,0.395,,,D+,D,B-,D+,D,,B-,,43952
390810006002,1565,,0.611,0.711,0.206,0.568,0.412,,0.106,,,C,D+,A-,C,B-,,A,,43952
390810010001,672,,0.658,0.764,0.321,0.543,0.711,,0.756,,,C-,D+,B,C,D+,,D+,,43952
390810010002,746,,0.889,0.913,0.611,0.774,0.858,,0.935,,,D-,D-,C,D,D-,,F,,43952
390810010003,1033,,0.187,0.278,0.023,0.43,0.543,,0.105,,,A-,B+,A+,B-,C,,A,,43952
390810012001,1696,,0.237,0.692,0.078,0.361,0.362,,0.353,,,B+,C-,A,B,B,,B,,43952
390810012002,1620,,0.361,0.658,0.43,0.482,0.568,,0.625,,,B,C-,B-,C+,C,,C-,,43952
390810013001,619,,0.737,0.895,0.321,0.821,0.866,,0.711,,,D+,D-,B,D,D-,,D+,,43952
390810014001,1406,,0.658,0.794,0.17,0.543,0.568,,0.543,,,C-,D,A-,C,C,,C,,43952
390810014002,2509,,0.625,0.711,0.267,0.467,0.353,,0.467,,,C-,D+,B+,C+,B,,C+,,43952
390810124001,689,,0.858,0.895,0.34,0.935,0.934,,0.814,,,D-,D-,B,F,F,,D,,43952
390810124002,853,,0.417,0.428,0.09,0.658,0.428,,0.144,,,B-,B-,A,C-,B-,,A,,43952
390810124003,864,,0.837,0.737,0.121,0.821,0.737,,0.598,,,D,D+,A,D,D+,,C,,43952
390950002011,701,,0.821,,,,0.799,,,,,D,,,,D,,,,43612
390950002012,790,,0.935,,,,0.858,,,,,F,,,,D-,,,,43612
390950002013,991,,0.835,,,,0.794,,,,,D,,,,D,,,,43612
390950002021,1180,,0.821,,,,0.711,,,,,D,,,,D+,,,,43612
390950002022,670,,0.895,,,,0.794,,,,,D-,,,,D,,,,43612
390950003011,1412,,0.837,,,,0.799,,,,,D,,,,D,,,,43612
390950003012,331,,0.837,,,,0.846,,,,,D,,,,D,,,,43612
390950003013,886,,0.799,,,,0.814,,,,,D,,,,D,,,,43612
390950003021,1410,,0.799,,,,0.737,,,,,D,,,,D+,,,,43612
390950003022,1065,,0.858,,,,0.934,,,,,D-,,,,F,,,,43612
390950004001,724,,0.837,,,,0.954,,,,,D,,,,F,,,,43612
390950004002,602,,0.568,,,,0.858,,,,,C,,,,D-,,,,43612
390950004003,695,,0.895,,,,0.895,,,,,D-,,,,D-,,,,43612
390950004004,796,,0.858,,,,0.858,,,,,D-,,,,D-,,,,43612
390950004005,372,,0.751,,,,0.872,,,,,D+,,,,D-,,,,43612
390950004006,531,,0.799,,,,0.895,,,,,D,,,,D-,,,,43612
390950006011,986,,0.837,,,,0.737,,,,,D,,,,D+,,,,43612
390950006012,990,,0.895,,,,0.895,,,,,D-,,,,D-,,,,43612
390950006013,891,,0.846,,,,0.799,,,,,D,,,,D,,,,43612
390950006014,574,,0.895,,,,0.889,,,,,D-,,,,D-,,,,43612
390950006021,643,,0.889,,,,0.934,,,,,D-,,,,F,,,,43612
390950006022,341,,0.934,,,,0.985,,,,,F,,,,F,,,,43612
390950007011,596,,0.866,,,,0.895,,,,,D-,,,,D-,,,,43612
390950007012,637,,0.889,,,,0.961,,,,,D-,,,,F,,,,43612
390950007013,825,,0.866,,,,0.954,,,,,D-,,,,F,,,,43612
390950007021,559,,0.858,,,,0.658,,,,,D-,,,,C-,,,,43612
390950007022,905,,0.844,,,,0.846,,,,,D,,,,D,,,,43612
390950007023,682,,0.895,,,,0.934,,,,,D-,,,,F,,,,43612
390950007031,776,,0.934,,,,0.895,,,,,F,,,,D-,,,,43612
390950008001,867,,0.934,,,,0.961,,,,,F,,,,F,,,,43612
390950008002,411,,0.991,,,,0.983,,,,,F,,,,F,,,,43612
390950009001,687,,0.895,,,,0.935,,,,,D-,,,,F,,,,43612
390950009002,856,,0.768,,,,0.961,,,,,D+,,,,F,,,,43612
390950009003,471,,0.895,,,,0.954,,,,,D-,,,,F,,,,43612
390950010011,548,,0.866,,,,0.991,,,,,D-,,,,F,,,,43612
390950010012,911,,0.837,,,,0.895,,,,,D,,,,D-,,,,43612
390950010021,558,,0.961,,,,0.985,,,,,F,,,,F,,,,43612
390950010022,788,,0.935,,,,0.895,,,,,F,,,,D-,,,,43612
390950010023,486,,0.846,,,,0.935,,,,,D,,,,F,,,,43612
390950011001,489,,0.992,,,,0.992,,,,,F,,,,F,,,,43612
390950011002,484,,0.866,,,,0.846,,,,,D-,,,,D,,,,43612
390950011003,493,,0.954,,,,0.935,,,,,F,,,,F,,,,43612
390950011004,644,,0.895,,,,0.934,,,,,D-,,,,F,,,,43612
390950012011,900,,0.821,,,,0.694,,,,,D,,,,D+,,,,43612
390950013011,742,,0.694,0.214,0.694,0.611,0.597,,0.658,,,D+,A-,D+,C,C,,C-,,43607
390950013012,1146,,0.846,0.644,0.751,0.694,0.814,,0.737,,,D,C-,D+,D+,D,,D+,,43607
390950013013,804,,0.711,0.369,0.611,0.644,0.598,,0.598,,,D+,B,C,C-,C,,C,,43607
390950013021,1296,,0.935,0.846,0.913,0.751,0.934,,0.837,,,F,D,D-,D+,F,,D,,43607
390950013022,811,,0.858,0.566,0.794,0.658,0.711,,0.711,,,D-,C,D,C-,D+,,D+,,43607
390950013031,992,,0.935,0.858,0.78,0.895,0.821,,0.644,,,F,D-,D,D-,D,,C-,,43607
390950013032,784,,0.934,0.866,0.846,0.78,0.866,,0.756,,,F,D-,D,D,D-,,D+,,43607
390950013033,1352,,0.934,0.799,0.694,0.661,0.858,,0.694,,,F,D,D+,C-,D-,,D+,,43607
390950014001,485,,0.991,0.992,0.934,0.983,0.991,,0.991,,,F,F,F,F,F,,F,,43607
390950014002,528,,0.954,0.991,0.866,0.954,0.961,,0.954,,,F,F,D-,F,F,,F,,43607
390950014003,401,,0.985,0.985,0.954,0.934,0.934,,0.846,,,F,F,F,F,F,,D,,43607
390950015001,539,,0.991,0.992,0.913,0.954,0.991,,0.992,,,F,F,D-,F,F,,F,,43607
390950015002,704,,0.991,0.991,0.872,0.934,0.991,,0.991,,,F,F,D-,F,F,,F,,43607
390950016012,768,,0.934,0.954,0.913,0.934,0.983,,0.913,,,F,F,D-,F,F,,D-,,43607
390950016021,597,,0.895,0.983,0.846,0.934,0.985,,0.934,,,D-,F,D,F,F,,F,,43607
390950016022,566,,0.934,0.895,0.644,0.895,0.895,,0.934,,,F,D-,C-,D-,D-,,F,,43607
390950021001,1164,,0.835,0.934,0.764,0.889,0.895,,0.889,,,D,F,D+,D-,D-,,D-,,43605;43607
390950021002,556,,0.756,0.78,0.711,0.844,0.858,,0.445,,,D+,D,D+,D,D-,,B-,,43607
390950021003,626,,0.991,0.961,0.866,0.954,0.991,,0.934,,,F,F,D-,F,F,,F,,43605;43607
390950021004,336,,0.954,0.991,0.858,0.954,0.991,,0.913,,,F,F,D-,F,F,,D-,,43607
390950024011,591,,0.694,0.799,0.821,0.889,0.895,,0.385,,,D+,D,D,D-,D-,,B-,,43607
390950024012,644,,0.866,0.895,0.799,0.954,0.895,,0.661,,,D-,D-,D,F,D-,,C-,,43607
390950024013,1253,,0.821,0.794,0.737,0.855,0.913,,0.774,,,D,D,D+,D-,D-,,D,,43607
390950024014,914,,0.756,0.872,0.711,0.846,0.872,,0.846,,,D+,D-,D+,D,D-,,D,,43607
390950024021,397,,0.954,0.985,0.846,0.954,0.934,,0.866,,,F,F,D,F,F,,D-,,43607
390950024022,495,,0.961,0.983,0.935,0.991,0.991,,0.934,,,F,F,F,F,F,,F,,43607
390950024023,502,,0.935,0.934,0.846,0.961,0.954,,0.895,,,F,F,D,F,F,,D-,,43607
390950025001,386,,0.954,0.991,0.934,0.954,0.985,,0.895,,,F,F,F,F,F,,D-,,43607
390950025002,613,,0.934,0.991,0.889,0.934,0.954,,0.934,,,F,F,D-,F,F,,F,,43605;43607
390950025003,451,,0.985,0.992,0.913,0.991,0.983,,0.954,,,F,F,D-,F,F,,F,,43607
390950026001,714,,0.991,0.991,0.934,0.954,0.992,,0.985,,,F,F,F,F,F,,F,,43605;43607
390950026002,333,,0.953,0.934,0.837,0.954,0.991,,0.935,,,F,F,D,F,F,,F,,43605;43607
390950027001,876,,0.983,0.934,0.934,0.913,0.991,,0.991,,,F,F,F,D-,F,,F,,43605;43607
390950028001,994,,0.992,0.991,0.961,0.961,0.992,,0.992,,,F,F,F,F,F,,F,,43605
390950028002,593,,0.961,0.934,0.934,0.774,0.991,,0.985,,,F,F,F,D,F,,F,,43605
390950029001,894,,0.985,0.991,0.895,0.954,0.991,,0.992,,,F,F,D-,F,F,,F,,43605
390950029002,981,,0.991,0.985,0.954,0.961,0.991,,0.991,,,F,F,F,F,F,,F,,43605
390950030002,476,,0.961,0.961,0.711,0.934,0.934,,0.954,,,F,F,D+,F,F,,F,,43605
390950030003,453,,0.991,0.985,0.858,0.934,0.991,,0.991,,,F,F,D-,F,F,,F,,43605
390950030004,382,,0.934,0.991,0.846,0.895,0.991,,0.991,,,F,F,D,D-,F,,F,,43605
390950031001,394,,0.895,0.934,0.837,0.934,0.935,,0.858,,,D-,F,D,F,F,,D-,,43607
390950031002,615,,0.954,0.991,0.895,0.954,0.991,,0.935,,,F,F,D-,F,F,,F,,43607
390950032001,448,,0.991,0.991,0.895,0.991,0.992,,0.961,,,F,F,D-,F,F,,F,,43607
390950032002,586,,0.895,0.935,0.858,0.985,0.934,,0.895,,,D-,F,D-,F,F,,D-,,43607
390950033001,358,,0.983,0.985,0.895,0.991,0.991,,0.992,,,F,F,D-,F,F,,F,,43605;43607
390950033002,372,,0.991,0.934,0.78,0.985,0.985,,0.954,,,F,F,D,F,F,,F,,43605;43607
390950033003,384,,0.954,0.954,0.821,0.954,0.991,,0.991,,,F,F,D,F,F,,F,,43605;43607
390950035001,331,,0.991,0.983,0.935,0.983,0.991,,0.991,,,F,F,F,F,F,,F,,43605;43607
390950035002,444,,0.954,0.934,0.737,0.934,0.934,,0.756,,,F,F,D+,F,F,,D+,,43607
390950035003,333,,0.991,0.991,0.78,0.961,0.985,,0.985,,,F,F,D,F,F,,F,,43607
390950036001,304,,0.953,0.895,0.846,0.985,0.991,,0.954,,,F,D-,D,F,F,,F,,43605;43607
390950036002,503,,0.985,0.961,0.751,0.985,0.991,,0.991,,,F,F,D+,F,F,,F,,43605;43607
390950036003,241,,0.991,0.992,0.934,0.991,0.992,,0.991,,,F,F,F,F,F,,F,,43605;43607
390950039011,459,,0.895,0.934,0.694,0.913,0.954,,0.658,,,D-,F,D+,D-,F,,C-,,43607
390950039012,829,,0.866,0.866,0.694,0.837,0.844,,0.543,,,D-,D-,D+,D,D,,C,,43607
390950039013,659,,0.934,0.991,0.872,0.895,0.954,,0.934,,,F,F,D-,D-,F,,F,,43607
390950039014,939,,0.737,0.799,0.644,0.774,0.799,,0.611,,,D+,D,C-,D,D,,C,,43607
390950039021,1247,,0.934,0.895,0.692,0.835,0.889,,0.694,,,F,D-,C-,D,D-,,D+,,43607
390950039022,710,,0.858,0.954,0.711,0.858,0.866,,0.644,,,D-,F,D+,D-,D-,,C-,,43607
390950040001,229,,0.954,0.985,0.756,0.934,0.934,,0.991,,,F,F,D+,F,F,,F,,43605;43607
390950040002,927,,0.934,0.992,0.821,0.934,0.954,,0.889,,,F,F,D,F,F,,D-,,43605;43607
390950040003,590,,0.858,0.895,0.694,0.895,0.846,,0.837,,,D-,D-,D+,D-,D,,D,,43607
390950042001,614,,0.889,0.961,0.756,0.934,0.934,,0.846,,,D-,F,D+,F,F,,D,,43605;43607
390950042002,520,,0.954,0.961,0.837,0.934,0.961,,0.934,,,F,F,D,F,F,,F,,43605;43607
390950042003,349,,0.961,0.985,0.895,0.934,0.961,,0.895,,,F,F,D-,F,F,,D-,,43605;43607
390950044011,550,,0.961,0.991,0.846,0.934,0.991,,0.934,,,F,F,D,F,F,,F,,43605;43607
390950044021,1140,,0.858,0.895,0.711,0.934,0.846,,0.711,,,D-,D-,D+,F,D,,D+,,43607
390950044022,804,,0.858,0.858,0.598,0.821,0.658,,0.597,,,D-,D-,C,D,C-,,C,,43607
390950046002,988,,0.543,0.837,0.611,0.889,0.934,,0.961,,,C,D,C,D-,F,,F,,43605
390950046003,436,,0.751,0.961,0.661,0.846,0.934,,0.934,,,D+,F,C-,D,F,,F,,43605
390950047011,1247,,0.895,0.895,0.737,0.799,0.934,,0.934,,,D-,D-,D+,D,F,,F,,43605
390950047012,817,,0.934,0.934,0.751,0.872,0.954,,0.954,,,F,F,D+,D-,F,,F,,43605
390950047013,482,,0.985,0.991,0.858,0.913,0.991,,0.954,,,F,F,D-,D-,F,,F,,43605
390950047014,428,,0.954,0.991,0.991,0.935,0.992,,0.991,,,F,F,F,F,F,,F,,43605
390950047021,443,,0.934,0.983,0.768,0.895,0.895,,0.961,,,F,F,D+,D-,D-,,F,,43605
390950047022,1010,,0.934,0.934,0.598,0.895,0.872,,0.934,,,F,F,C,D-,D-,,F,,43605
390950047023,734,,0.799,0.872,0.692,0.794,0.934,,0.895,,,D,D-,C-,D,F,,D-,,43605
390950047024,635,,0.774,0.866,0.658,0.866,0.934,,0.895,,,D,D-,C-,D-,F,,D-,,43605
390950047025,680,,0.78,0.866,0.756,0.756,0.846,,0.954,,,D,D-,D+,D+,D,,F,,43605
390950048001,961,,0.961,0.991,0.846,0.895,0.991,,0.991,,,F,F,D,D-,F,,F,,43605
390950048002,554,,0.961,0.934,0.858,0.866,0.985,,0.985,,,F,F,D-,D-,F,,F,,43605
390950048003,524,,0.889,0.858,0.799,0.858,0.934,,0.934,,,D-,D-,D,D-,F,,F,,43605
390950048004,546,,0.934,0.983,0.895,0.895,0.985,,0.954,,,F,F,D-,D-,F,,F,,43605
390950049001,1020,,0.799,0.866,0.661,0.846,0.934,,0.872,,,D,D-,C-,D,F,,D-,,43605
390950049002,1152,,0.895,0.934,0.768,0.858,0.961,,0.934,,,D-,F,D+,D-,F,,F,,43605
390950049003,460,,0.913,0.934,0.768,0.768,0.934,,0.858,,,D-,F,D+,D+,F,,D-,,43605
390950050001,1091,,0.694,0.774,0.658,0.737,0.799,,0.846,,,D+,D,C-,D+,D,,D,,43605
390950050002,660,,0.737,0.846,0.711,0.837,0.934,,0.889,,,D+,D,D+,D,F,,D-,,43605
390950051011,690,,0.694,0.837,0.694,0.858,0.913,,0.78,,,D+,D,D+,D-,D-,,D,,43605
390950051012,1023,,0.934,0.954,0.821,0.935,0.934,,0.895,,,F,F,D,F,F,,D-,,43605
390950051013,956,,0.799,0.895,0.711,0.821,0.858,,0.895,,,D,D-,D+,D,D-,,D-,,43605
390950051021,534,,0.794,0.814,0.711,0.858,0.846,,0.895,,,D,D,D+,D-,D,,D-,,43605
390950051022,331,,0.935,0.934,0.711,0.889,0.821,,0.934,,,F,F,D+,D-,D,,F,,43605
390950051023,484,,0.934,0.934,0.751,0.858,0.934,,0.837,,,F,F,D+,D-,F,,D,,43605
390950052001,668,,0.844,0.961,0.756,0.934,0.961,,0.934,,,D,F,D+,F,F,,F,,43605
390950052002,907,,0.821,0.934,0.78,0.799,0.895,,0.889,,,D,F,D,D,D-,,D-,,43605
390950052003,937,,0.821,0.866,0.737,0.835,0.889,,0.78,,,D,D-,D+,D,D-,,D,,43605
390950052004,598,,0.913,0.961,0.799,0.799,0.961,,0.889,,,D-,F,D,D,F,,D-,,43605
390950053001,1051,,0.814,0.872,0.711,0.837,0.799,,0.895,,,D,D-,D+,D,D,,D-,,43605
390950053002,815,,0.568,0.935,0.794,0.846,0.913,,0.866,,,C,F,D,D,D-,,D-,,43605
390950054001,779,,0.872,0.961,0.751,0.889,0.934,,0.934,,,D-,F,D+,D-,F,,F,,43605
390950054002,344,,0.961,0.992,0.895,0.954,0.991,,0.961,,,F,F,D-,F,F,,F,,43605;43607
390950054003,424,,0.872,0.935,0.737,0.934,0.934,,0.895,,,D-,F,D+,F,F,,D-,,43605;43607
390950054004,443,,0.934,0.991,0.935,0.934,0.991,,0.934,,,F,F,F,F,F,,F,,43605;43607
390950054005,571,,0.954,0.985,0.768,0.934,0.961,,0.934,,,F,F,D+,F,F,,F,,43605;43607
390950056021,947,,0.794,,,,0.846,,,,,D,,,,D,,,,43612
390950057011,1151,,0.837,,,,0.814,,,,,D,,,,D,,,,43612
390950057012,1092,,0.846,,,,0.737,,,,,D,,,,D+,,,,43612
390950057013,1172,,0.799,,,,0.597,,,,,D,,,,C,,,,43612
390950057031,702,,0.855,,,,0.889,,,,,D-,,,,D-,,,,43612
390950057032,1009,,0.661,,,,0.794,,,,,C-,,,,D,,,,43612
390950057033,813,,0.78,,,,0.895,,,,,D,,,,D-,,,,43612
390950057041,534,,0.846,,,,0.934,,,,,D,,,,F,,,,43612
390950057042,943,,0.985,,,,0.985,,,,,F,,,,F,,,,43612
390950057043,717,,0.934,,,,0.935,,,,,F,,,,F,,,,43612
390950057044,756,,0.846,,,,0.889,,,,,D,,,,D-,,,,43612
390950057051,999,,0.872,,,,0.846,,,,,D-,,,,D,,,,43612
390950057052,1001,,0.913,,,,0.954,,,,,D-,,,,F,,,,43612
390950058011,1879,,0.895,,,,0.52,,,,,D-,,,,C+,,,,43612
390950058012,627,,0.835,,,,0.751,,,,,D,,,,D+,,,,43612
390950058013,1070,,0.644,,,,0.362,,,,,C-,,,,B,,,,43612
390950058031,853,,0.954,,,,0.756,,,,,F,,,,D+,,,,43612
390950058032,1164,,0.794,,,,0.568,,,,,D,,,,C,,,,43612
390950058041,678,,0.799,,,,0.369,,,,,D,,,,B,,,,43612
390950058042,1446,,0.78,,,,0.568,,,,,D,,,,C,,,,43612
390950058043,714,,0.895,,,,0.794,,,,,D-,,,,D,,,,43612
390950059011,803,,0.598,,,,0.504,,,,,C,,,,C+,,,,43612
390950059012,827,,0.694,,,,0.348,,,,,D+,,,,B,,,,43612
390950059013,1019,,0.597,,,,0.644,,,,,C,,,,C-,,,,43612
390950059021,1381,,0.711,,,,0.598,,,,,D+,,,,C,,,,43612
390950059022,1143,,0.866,,,,0.774,,,,,D-,,,,D,,,,43612
390950059023,1195,,0.711,,,,0.598,,,,,D+,,,,C,,,,43612
390950059024,637,,0.737,,,,0.523,,,,,D+,,,,C+,,,,43612
390950060001,539,,0.774,,,,0.768,,,,,D,,,,D+,,,,43612
390950060002,1147,,0.799,,,,0.711,,,,,D,,,,D+,,,,43612
390950060003,712,,0.52,,,,0.417,,,,,C+,,,,B-,,,,43612
390950061001,978,,0.737,,,,0.412,,,,,D+,,,,B-,,,,43612
390950061002,653,,0.835,,,,0.799,,,,,D,,,,D,,,,43612
390950061003,832,,0.913,,,,0.756,,,,,D-,,,,D+,,,,43612
390950061004,685,,0.821,,,,0.799,,,,,D,,,,D,,,,43612
390950062001,697,,0.934,,,,0.895,,,,,F,,,,D-,,,,43612
390950062002,1283,,0.895,,,,0.78,,,,,D-,,,,D,,,,43612
390950062003,443,,0.889,,,,0.78,,,,,D-,,,,D,,,,43612
390950063001,748,,0.889,,,,0.568,,,,,D-,,,,C,,,,43612
390950063002,717,,0.934,,,,0.78,,,,,F,,,,D,,,,43612
390950063003,618,,0.935,,,,0.821,,,,,F,,,,D,,,,43612
390950063004,1058,,0.895,,,,0.756,,,,,D-,,,,D+,,,,43612
390950064001,835,,0.846,,,,0.566,,,,,D,,,,C,,,,43612
390950064002,720,,0.889,,,,0.711,,,,,D-,,,,D+,,,,43612
390950064003,928,,0.821,,,,0.78,,,,,D,,,,D,,,,43612
390950065001,1064,,0.895,,,,0.694,,,,,D-,,,,D+,,,,43612
390950065002,1168,,0.934,,,,0.934,,,,,F,,,,F,,,,43612
390950066001,651,,0.764,0.846,0.661,0.858,0.934,,0.694,,,D+,D,C-,D-,F,,D+,,43607
390950066002,940,,0.934,0.934,0.821,0.934,0.985,,0.821,,,F,F,D,F,F,,D,,43607
390950066003,569,,0.934,0.858,0.737,0.895,0.934,,0.78,,,F,D-,D+,D-,F,,D,,43607
390950067001,756,,0.895,0.866,0.694,0.866,0.858,,0.694,,,D-,D-,D+,D-,D-,,D+,,43607
390950067002,1486,,0.889,0.934,0.872,0.858,0.934,,0.796,,,D-,F,D-,D-,F,,D,,43607
390950068011,1304,,0.799,0.934,0.737,0.837,0.934,,0.78,,,D,F,D+,D,F,,D,,43607
390950073021,993,,0.128,0.523,0.598,0.711,0.543,,0.52,,,A,C+,C,D+,C,,C+,,43607
390950073022,806,,0.895,0.895,0.694,0.866,0.895,,0.846,,,D-,D-,D+,D-,D-,,D,,43607
390950073023,860,,0.889,0.774,0.711,0.895,0.821,,0.764,,,D-,D,D+,D-,D,,D+,,43607
390950073024,620,,0.711,0.78,0.644,0.794,0.694,,0.598,,,D+,D,C-,D,D+,,C,,43607
390950074011,497,,0.756,0.858,0.737,0.872,0.934,,0.794,,,D+,D-,D+,D-,F,,D,,43607
390950074012,1024,,0.837,0.751,0.756,0.799,0.889,,0.799,,,D,D+,D+,D,D-,,D,,43607
390950074013,1053,,0.889,0.866,0.694,0.846,0.855,,0.866,,,D-,D-,D+,D,D-,,D-,,43607
390950074021,1194,,0.774,0.78,0.694,0.866,0.814,,0.644,,,D,D,D+,D-,D,,C-,,43607
390950074022,1313,,0.814,0.858,0.78,0.661,0.774,,0.799,,,D,D-,D,C-,D,,D,,43607
390950074023,621,,0.846,0.799,0.737,0.846,0.934,,0.78,,,D,D,D+,D,F,,D,,43607
390950075011,755,,0.872,0.658,0.737,0.794,0.694,,0.78,,,D-,C-,D+,D,D+,,D,,43607
390950075012,1023,,0.694,0.694,0.814,0.694,0.504,,0.566,,,D+,D+,D,D+,C+,,C,,43607
390950075021,524,,0.711,0.737,0.889,0.895,0.889,,0.78,,,D+,D+,D-,D-,D-,,D,,43607
390950075022,558,,0.598,0.598,0.737,0.844,0.661,,0.737,,,C,C,D+,D,C-,,D+,,43607
390950075023,817,,0.611,0.543,0.751,0.737,0.644,,0.598,,,C,C,D+,D+,C-,,C,,43607
390950076001,899,,0.751,0.523,0.711,0.428,0.661,,0.611,,,D+,C+,D+,B-,C-,,C,,43607
390950076002,1108,,0.794,0.658,0.814,0.52,0.694,,0.568,,,D,C-,D,C+,D+,,C,,43607
390950076003,920,,0.694,0.105,0.694,0.111,0.361,,0.428,,,D+,A,D+,A,B,,B-,,43607
390950076004,674,,0.299,0.504,0.814,0.353,0.369,,0.353,,,B+,C+,D,B,B,,B,,43607
390950076005,1259,,0.09,0.568,0.774,0.237,0.388,,0.336,,,A,C,D,B+,B-,,B,,43607
390950077002,1342,,0.568,0.737,0.794,0.611,0.543,,0.523,,,C,D+,D,C,C,,C+,,43607
390950077004,686,,0.895,,,,0.961,,,,,D-,,,,F,,,,43612
390950078021,1017,,0.846,,,,0.711,,,,,D,,,,D+,,,,43612
390950079031,1319,,0.764,,,,0.543,,,,,D+,,,,C,,,,43612
390950079043,805,,0.78,,,,0.774,,,,,D,,,,D,,,,43612
390950099011,1109,,0.353,0.611,0.238,0.504,0.644,,0.43,,,B,C,B+,C+,C-,,B-,,43605
390950100011,1375,,0.395,0.737,0.428,0.658,0.78,,0.737,,,B-,D+,B-,C-,D,,D+,,43605
390950100012,1630,,0.504,0.658,0.467,0.658,0.711,,0.336,,,C+,C-,C+,C-,D+,,B,,43605
390950100013,866,,0.895,0.756,0.482,0.711,0.694,,0.837,,,D-,D+,C+,D+,D+,,D,,43605
390950100021,738,,0.385,0.711,0.482,0.597,0.694,,0.43,,,B-,D+,C+,C,D+,,B-,,43605
390950100022,881,,0.846,0.858,0.52,0.764,0.895,,0.694,,,D,D-,C+,D+,D-,,D+,,43605
390950100023,508,,0.428,0.523,0.395,0.504,0.694,,0.543,,,B-,C+,B-,C+,D+,,C,,43605
390950100024,1037,,0.711,0.846,0.543,0.658,0.895,,0.644,,,D+,D,C,C-,D-,,C-,,43605
390950101001,716,,0.598,0.794,0.467,0.467,0.889,,0.644,,,C,D,C+,C+,D-,,C-,,43605
390950101002,620,,0.895,0.934,0.895,0.794,0.934,,0.866,,,D-,F,D-,D,F,,D-,,43605
390950101003,688,,0.658,0.794,0.52,0.694,0.78,,0.482,,,C-,D,C+,D+,D,,C+,,43605
390950101004,916,,0.299,0.846,0.598,0.361,0.794,,0.661,,,B+,D,C,B,D,,C-,,43605
390950101005,1045,,0.523,0.78,0.34,0.388,0.711,,0.34,,,C+,D,B,B-,D+,,B,,43605
390950103001,508,,0.961,0.992,0.889,0.934,0.992,,0.991,,,F,F,D-,F,F,,F,,43605;43607
390950103002,411,,0.991,0.991,0.954,0.934,0.992,,0.985,,,F,F,F,F,F,,F,,43605;43607
390950103003,605,,0.934,0.954,0.78,0.895,0.961,,0.954,,,F,F,D,D-,F,,F,,43605
390950104001,4112,,0.658,0.361,0.711,0.52,0.482,,0.598,,,C-,B,D+,C+,C+,,C,,43607
390950105001,328,,0.991,0.992,0.991,0.983,0.991,,0.991,,,F,F,F,F,F,,F,,43607
390950105002,410,,0.954,0.954,0.756,0.961,0.985,,0.991,,,F,F,D+,F,F,,F,,43607
390950105003,560,,0.991,0.913,0.954,0.895,0.961,,0.983,,,F,D-,F,D-,F,,F,,43605;43607
390950105004,1522,,0.985,0.954,0.737,0.961,0.895,,0.954,,,F,F,D+,F,D-,,F,,43605;43607
390950106001,857,,0.954,0.934,0.737,0.934,0.954,,0.954,,,F,F,D+,F,F,,F,,43605;43607
390950106002,739,,0.961,0.954,0.913,0.895,0.961,,0.983,,,F,F,D-,D-,F,,F,,43605;43607
390950106003,315,,0.961,0.895,0.774,0.934,0.985,,0.934,,,F,D-,D,F,F,,F,,43605;43607
391130001001,938,,0.934,0.954,0.711,0.954,0.858,,0.872,,,F,F,D+,F,D-,,D-,,45405
391130001002,1360,,0.794,0.866,0.644,0.985,0.644,,0.934,,,D,D-,C-,F,C-,,F,,45405
391130001003,707,,0.866,0.872,0.568,0.961,0.858,,0.934,,,D-,D-,C,F,D-,,F,,45405
391130002001,651,,0.872,0.954,0.694,0.934,0.872,,0.954,,,D-,F,D+,F,D-,,F,,45405
391130002002,656,,0.895,0.866,0.711,0.954,0.846,,0.934,,,D-,D-,D+,F,D,,F,,45405
391130002003,868,,0.935,0.934,0.756,0.961,0.889,,0.934,,,F,F,D+,F,D-,,F,,45405
391130003001,759,,0.934,0.934,0.756,0.934,0.858,,0.954,,,F,F,D+,F,D-,,F,,45405
391130003002,481,,0.934,0.934,0.799,0.954,0.837,,0.991,,,F,F,D,F,D,,F,,45405
391130003003,836,,0.846,0.756,0.737,0.954,0.711,,0.961,,,D,D+,D+,F,D+,,F,,45405
391130004001,1150,,0.794,0.78,0.611,0.961,0.611,,0.895,,,D,D,C,F,C,,D-,,45405
391130004002,1127,,0.644,0.799,0.692,0.954,0.428,,0.658,,,C-,D,C-,F,B-,,C-,,45405
391130004003,652,,0.895,0.858,0.774,0.961,0.658,,0.858,,,D-,D-,D,F,C-,,D-,,45405
391130004004,854,,0.846,0.895,0.846,0.985,0.889,,0.934,,,D,D-,D,F,D-,,F,,45405
391130005001,1178,,0.814,0.895,0.751,0.983,0.855,,0.985,,,D,D-,D+,F,D-,,F,,45405
391130005002,636,,0.844,0.895,0.895,0.985,0.837,,0.985,,,D,D-,D-,F,D,,F,,45405
391130005003,514,,0.934,0.934,0.866,0.983,0.895,,0.961,,,F,F,D-,F,D-,,F,,45405
391130005004,800,,0.774,0.895,0.756,0.954,0.794,,0.954,,,D,D-,D+,F,D,,F,,45405
391130005005,960,,0.858,0.895,0.658,0.954,0.658,,0.858,,,D-,D-,C-,F,C-,,D-,,45405
391130006001,650,,0.794,0.756,0.658,0.954,0.523,,0.78,,,D,D+,C-,F,C+,,D,,45405
391130006002,1028,,0.866,0.846,0.661,0.934,0.799,,0.895,,,D-,D,C-,F,D,,D-,,45405
391130007002,448,,0.992,0.992,0.934,0.991,0.992,,0.992,,,F,F,F,F,F,,F,,45405
391130007003,896,,0.895,0.895,0.737,0.985,0.855,,0.934,,,D-,D-,D+,F,D-,,F,,45405
391130008011,1303,,0.794,0.935,0.751,0.985,0.611,,0.895,,,D,F,D+,F,C,,D-,,45405
391130008012,557,,0.934,0.889,0.799,0.954,0.799,,0.985,,,F,D-,D,F,D,,F,,45405
391130008013,1010,,0.934,0.889,0.799,0.985,0.794,,0.934,,,F,D-,D,F,D,,F,,45405
391130008014,1065,,0.935,0.934,0.694,0.985,0.78,,0.934,,,F,F,D+,F,D,,F,,45405
391130008021,713,,0.934,0.954,0.844,0.985,0.895,,0.985,,,F,F,D,F,D-,,F,,45405
391130008022,549,,0.934,0.954,0.866,0.983,0.895,,0.985,,,F,F,D-,F,D-,,F,,45405
391130008023,868,,0.961,0.983,0.934,0.961,0.934,,0.991,,,F,F,F,F,F,,F,,45405
391130009001,836,,0.934,0.858,0.855,0.934,0.774,,0.934,,,F,D-,D-,F,D,,F,,45405
391130009002,628,,0.954,0.954,0.895,0.954,0.934,,0.961,,,F,F,D-,F,F,,F,,45405
391130009003,686,,0.821,0.889,0.737,0.934,0.751,,0.895,,,D,D-,D+,F,D+,,D-,,45405
391130009004,720,,0.895,0.889,0.751,0.954,0.711,,0.934,,,D-,D-,D+,F,D+,,F,,45405
391130010001,467,,0.737,0.895,0.661,0.934,0.737,,0.934,,,D+,D-,C-,F,D+,,F,,45405
391130011001,756,,0.504,0.934,0.774,0.961,0.837,,0.934,,,C+,F,D,F,D,,F,,45405
391130011002,913,,0.934,0.934,0.768,0.961,0.844,,0.961,,,F,F,D+,F,D,,F,,45405
391130011003,1105,,0.768,0.866,0.794,0.954,0.799,,0.961,,,D+,D-,D,F,D,,F,,45405
391130011004,767,,0.935,0.889,0.799,0.961,0.821,,0.935,,,F,D-,D,F,D,,F,,45405
391130011005,583,,0.991,0.992,0.991,0.934,0.991,,0.991,,,F,F,F,F,F,,F,,45405
391130012001,381,,0.992,0.991,0.991,0.934,0.992,,0.992,,,F,F,F,F,F,,F,,45405
391130012002,640,,0.934,0.934,0.846,0.954,0.889,,0.991,,,F,F,D,F,D-,,F,,45405
391130016001,659,,0.934,0.985,0.78,0.934,0.895,,0.954,,,F,F,D,F,D-,,F,,45405
391130016002,1215,,0.794,0.837,0.644,0.835,0.417,,0.858,,,D,D,C-,D,B-,,D-,,45405
391130017001,775,,0.961,0.991,0.934,0.895,0.954,,0.991,,,F,F,F,D-,F,,F,,45405
391130018011,880,,0.895,0.991,0.821,0.799,0.961,,0.991,,,D-,F,D,D,F,,F,,45405
391130018012,1569,,0.935,0.934,0.694,0.644,0.774,,0.935,,,F,F,D+,C-,D,,F,,45405
391130018021,2157,,0.934,0.895,0.658,0.821,0.794,,0.961,,,F,D-,C-,D,D,,F,,45405
391130018022,1584,,0.858,0.846,0.611,0.799,0.799,,0.991,,,D-,D,C,D,D,,F,,45405
391130019001,546,,0.961,0.991,0.799,0.895,0.895,,0.991,,,F,F,D,D-,D-,,F,,45405
391130038001,359,,0.992,0.992,0.934,0.991,0.991,,0.992,,,F,F,F,F,F,,F,,45405
391130703001,569,,0.983,0.934,0.52,0.954,0.768,,0.934,,,F,F,C+,F,D+,,F,,45405
391130703003,1118,,0.751,0.644,0.395,0.934,0.24,,0.895,,,D+,C-,B-,F,B+,,D-,,45405
391130707001,1464,,0.954,0.934,0.837,0.895,0.889,,0.935,,,F,F,D,D-,D-,,F,,45405
391130707002,819,,0.913,0.895,0.658,0.934,0.768,,0.858,,,D-,D-,C-,F,D+,,D-,,45405
391130707003,906,,0.821,0.764,0.52,0.866,0.52,,0.644,,,D,D+,C+,D-,C+,,C-,,45405
391130801001,918,,0.991,0.895,0.658,0.913,0.282,,0.895,,,F,D-,C-,D-,B+,,D-,,45405
391130801002,1569,,0.846,0.799,0.711,0.934,0.504,,0.799,,,D,D,D+,F,C+,,D,,45405
391130801003,651,,0.934,0.935,0.913,0.961,0.799,,0.991,,,F,F,D-,F,D,,F,,45405
391130801005,640,,0.794,0.934,0.846,0.961,0.895,,0.985,,,D,F,D,F,D-,,F,,45405
391130803001,1320,,0.661,0.756,0.756,0.934,0.794,,0.821,,,C-,D+,D+,F,D,,D,,45405
391130803002,886,,0.991,0.961,0.935,0.991,0.991,,0.992,,,F,F,F,F,F,,F,,45405
391130804001,1672,,0.889,0.961,0.858,0.935,0.846,,0.961,,,D-,F,D-,F,D,,F,,45405
391130804002,562,,0.711,0.837,0.737,0.934,0.52,,0.934,,,D+,D,D+,F,C+,,F,,45405
391130804003,918,,0.934,0.895,0.694,0.934,0.799,,0.954,,,F,D-,D+,F,D,,F,,45405
391130805003,786,,0.844,0.858,0.78,0.934,0.799,,0.934,,,D,D-,D,F,D,,F,,45405
391130805004,769,,0.895,0.821,0.768,0.858,0.694,,0.846,,,D-,D,D+,D-,D+,,D,,45405
391130806001,638,,0.866,0.821,0.694,0.837,0.774,,0.846,,,D-,D,D+,D,D,,D,,45405
391130806002,567,,0.934,0.895,0.837,0.895,0.895,,0.991,,,F,D-,D,D-,D-,,F,,45405
391130807001,756,,0.895,0.954,0.895,0.855,0.934,,0.895,,,D-,F,D-,D-,F,,D-,,45405
391130807002,687,,0.794,0.858,0.694,0.934,0.661,,0.78,,,D,D-,D+,F,C-,,D,,45405
391130807003,608,,0.764,0.837,0.686,0.895,0.737,,0.799,,,D+,D,C-,D-,D+,,D,,45405
391131652002,844,,0.954,0.934,0.711,0.934,0.913,,0.961,,,F,F,D+,F,D-,,F,,45405
391517001001,895,,0.985,0.934,0.866,0.756,0.934,,0.934,,,F,F,D-,D+,F,,F,,44710
391517001002,431,,0.991,0.991,0.991,0.895,0.992,,0.992,,,F,F,F,D-,F,,F,,44710
391517010001,1151,,0.934,0.954,0.866,0.872,0.954,,0.935,,,F,F,D-,D-,F,,F,,44710
391517010002,605,,0.935,0.954,0.711,0.835,0.954,,0.934,,,F,F,D+,D,F,,F,,44710
391517010003,1848,,0.751,0.934,0.794,0.799,0.895,,0.768,,,D+,F,D,D,D-,,D+,,44710
391517011001,829,,0.764,0.866,0.895,0.768,0.913,,0.799,,,D+,D-,D-,D+,D-,,D,,44710
391517011002,869,,0.846,0.934,0.895,0.895,0.934,,0.799,,,D,F,D-,D-,F,,D,,44710
391517011003,758,,0.774,0.799,0.737,0.837,0.889,,0.768,,,D,D,D+,D,D-,,D+,,44710
391517011004,822,,0.78,0.846,0.794,0.694,0.837,,0.846,,,D,D,D,D+,D,,D,,44710
391517012001,833,,0.844,0.794,0.821,0.837,0.835,,0.821,,,D,D,D,D,D,,D,,44710
391517012002,872,,0.388,0.794,0.611,0.694,0.543,,0.774,,,B-,D,C,D+,C,,D,,44710
391517012003,992,,0.43,0.694,0.568,0.837,0.611,,0.799,,,B-,D+,C,D,C,,D,,44710
391517012004,1031,,0.821,0.855,0.799,0.756,0.78,,0.78,,,D,D-,D,D+,D,,D,,44710
391517013001,1159,,0.611,0.895,0.821,0.821,0.846,,0.934,,,C,D-,D,D,D,,F,,44710
391517013002,1056,,0.611,0.837,0.78,0.837,0.858,,0.756,,,C,D,D,D,D-,,D+,,44710
391517013003,1655,,0.934,0.644,0.694,0.78,0.467,,0.658,,,F,C-,D+,D,C+,,C-,,44710
391517015001,846,,0.711,0.895,0.895,0.895,0.954,,0.954,,,D+,D-,D-,D-,F,,F,,44710
391517015002,805,,0.821,0.866,0.866,0.837,0.866,,0.895,,,D,D-,D-,D,D-,,D-,,44710
391517015003,1110,,0.644,0.597,0.774,0.737,0.751,,0.837,,,C-,C,D,D+,D+,,D,,44710
391517017001,991,,0.837,0.866,0.751,0.794,0.934,,0.846,,,D,D-,D+,D,F,,D,,44710
391517017002,1102,,0.858,0.934,0.895,0.837,0.991,,0.934,,,D-,F,D-,D,F,,F,,44710
391517017003,651,,0.895,0.821,0.837,0.895,0.934,,0.913,,,D-,D,D,D-,F,,D-,,44710
391517023001,2031,,0.799,0.934,0.52,0.837,0.737,,0.895,,,D,F,C+,D,D+,,D-,,44710
391517025001,576,,0.872,0.935,0.858,0.889,0.934,,0.889,,,D-,F,D-,D-,F,,D-,,44710
391517025002,525,,0.737,0.837,0.711,0.711,0.837,,0.711,,,D+,D,D+,D+,D,,D+,,44710
391517025003,1093,,0.737,0.799,0.566,0.866,0.661,,0.711,,,D+,D,C,D-,C-,,D+,,44710
391517025004,690,,0.711,0.934,0.661,0.799,0.889,,0.889,,,D+,F,C-,D,D-,,D-,,44710
391517116001,888,,0.395,0.844,0.866,0.694,0.799,,0.858,,,B-,D,D-,D+,D,,D-,,44710
391517116005,956,,0.846,0.846,0.694,0.78,0.895,,0.844,,,D,D,D+,D,D-,,D,,44710
391517133003,2100,,0.111,0.316,0.395,0.273,0.012,,0.206,,,A,B,B-,B+,A+,,A-,,44710
391517134011,973,,0.187,0.768,0.794,0.598,0.523,,0.737,,,A-,D+,D,C,C+,,D+,,44710
391517134012,1074,,0.846,0.467,0.625,0.658,0.467,,0.644,,,D,C+,C-,C-,C+,,C-,,44710
391517134013,1345,,0.711,0.756,0.799,0.523,0.445,,0.711,,,D+,D+,D,C+,B-,,D+,,44710
391517134014,592,,0.418,0.694,0.889,0.694,0.611,,0.774,,,B-,D+,D-,D+,C,,D,,44710
391517134015,1171,,0.644,0.482,0.711,0.282,0.428,,0.644,,,C-,C+,D+,B+,B-,,C-,,44710
391517134021,1613,,0.568,0.611,0.694,0.418,0.111,,0.504,,,C,C,D+,B-,A,,C+,,44710
391517134022,1262,,0.299,0.644,0.694,0.326,0.072,,0.568,,,B+,C-,D+,B,A+,,C,,44710
391535017001,486,,0.858,0.953,0.794,0.895,0.935,,0.858,,,D-,F,D,D-,F,,D-,,44320
391535017002,660,,0.858,0.934,0.711,0.799,0.821,,0.737,,,D-,F,D+,D,D,,D+,,44320
391535018001,881,,0.844,0.913,0.889,0.913,0.846,,0.935,,,D,D-,D-,D-,D,,F,,44320
391535019001,1442,,0.895,0.756,0.756,0.889,0.568,,0.821,,,D-,D+,D+,D-,C,,D,,44320
391535019002,803,,0.934,0.844,0.751,0.934,0.445,,0.895,,,F,D,D+,F,B-,,D-,,44320
391535021011,726,,0.985,0.991,0.991,0.961,0.991,,0.991,,,F,F,F,F,F,,F,,44320
391535022001,1299,,0.846,0.895,0.799,0.934,0.799,,0.694,,,D,D-,D,F,D,,D+,,44320
391535022003,851,,0.934,0.934,0.837,0.934,0.889,,0.889,,,F,F,D,F,D-,,D-,,44320
391535041001,929,,0.835,0.991,0.858,0.794,0.934,,0.954,,,D,F,D-,D,F,,F,,44320
391535042001,634,,0.895,0.961,0.837,0.934,0.934,,0.934,,,D-,F,D,F,F,,F,,44320
391535042002,943,,0.934,0.961,0.858,0.934,0.895,,0.985,,,F,F,D-,F,D-,,F,,44320
391535044001,530,,0.934,0.954,0.889,0.954,0.954,,0.954,,,F,F,D-,F,F,,F,,44314
391535044002,689,,0.913,0.991,0.889,0.985,0.934,,0.985,,,D-,F,D-,F,F,,F,,44314
391535045003,617,,0.768,0.934,0.737,0.895,0.774,,0.821,,,D+,F,D+,D-,D,,D,,44314
391535047004,823,,0.625,0.895,0.846,0.858,0.799,,0.661,,,C-,D-,D,D-,D,,C-,,44314
391535047005,745,,0.644,0.858,0.858,0.866,0.858,,0.751,,,C-,D-,D-,D-,D-,,D+,,44314
391535047006,740,,0.737,0.895,0.756,0.934,0.821,,0.756,,,D+,D-,D+,F,D,,D+,,44314
391535048001,680,,0.711,0.895,0.858,0.694,0.658,,0.737,,,D+,D-,D-,D+,C-,,D+,,44314
391535048003,1113,,0.658,0.889,0.799,0.814,0.799,,0.737,,,C-,D-,D,D,D,,D+,,44314
391535048004,612,,0.449,0.711,0.837,0.821,0.644,,0.543,,,B-,D+,D,D,C-,,C,,44314
391535052001,1247,,0.821,0.961,0.844,0.934,0.913,,0.764,,,D,F,D,F,D-,,D+,,44320
391535053001,235,,0.954,0.991,0.895,0.991,0.985,,0.991,,,F,F,D-,F,F,,F,,44314;44320
391535053002,451,,0.844,0.991,0.814,0.954,0.889,,0.913,,,D,F,D,F,D-,,D-,,44314
391535053003,801,,0.985,0.954,0.844,0.983,0.889,,0.935,,,F,F,D,F,D-,,F,,44314
391535054001,1096,,0.866,0.934,0.774,0.934,0.751,,0.694,,,D-,F,D,F,D+,,D+,,44314
391535054002,923,,0.858,0.895,0.78,0.895,0.799,,0.78,,,D-,D-,D,D-,D,,D,,44314
391535054003,629,,0.78,0.844,0.756,0.837,0.756,,0.711,,,D,D,D+,D,D+,,D+,,44314
391535054004,966,,0.756,0.814,0.799,0.858,0.799,,0.799,,,D+,D,D,D-,D,,D,,44314
391535055001,641,,0.934,0.991,0.889,0.889,0.934,,0.872,,,F,F,D-,D-,F,,D-,,44314
391535055002,616,,0.751,0.934,0.855,0.895,0.821,,0.774,,,D+,F,D-,D-,D,,D,,44314
391535055003,722,,0.858,0.934,0.756,0.935,0.837,,0.794,,,D-,F,D+,F,D,,D,,44314
391535055004,581,,0.846,0.961,0.934,0.934,0.954,,0.935,,,D,F,F,F,F,,F,,44314
391535056001,764,,0.872,0.954,0.799,0.954,0.954,,0.889,,,D-,F,D,F,F,,D-,,44314
391535056002,370,,0.846,0.991,0.844,0.961,0.895,,0.934,,,D,F,D,F,D-,,F,,44314
391535057001,633,,0.78,0.934,0.835,0.954,0.895,,0.814,,,D,F,D,F,D-,,D,,44314
391535057002,712,,0.737,0.889,0.837,0.934,0.844,,0.737,,,D+,D-,D,F,D,,D+,,44314
391535057003,573,,0.866,0.934,0.934,0.895,0.954,,0.799,,,D-,F,F,D-,F,,D,,44314
391535057004,755,,0.78,0.934,0.799,0.872,0.895,,0.799,,,D,F,D,D-,D-,,D,,44314
391535058001,508,,0.895,0.991,0.985,0.889,0.985,,0.934,,,D-,F,F,D-,F,,F,,44314
391535058002,994,,0.644,0.799,0.661,0.799,0.611,,0.694,,,C-,D,C-,D,C,,D+,,44314
391535058003,1358,,0.751,0.796,0.644,0.751,0.568,,0.711,,,D+,D,C-,D+,C,,D+,,44314
391535058004,774,,0.774,0.774,0.597,0.737,0.737,,0.611,,,D,D,C,D+,D+,,C,,44314
391535058005,945,,0.737,0.858,0.644,0.799,0.837,,0.895,,,D+,D-,C-,D,D,,D-,,44314
391535059001,1040,,0.737,0.895,0.774,0.799,0.737,,0.78,,,D+,D-,D,D,D+,,D,,44314
391535059002,1336,,0.889,0.954,0.858,0.846,0.774,,0.814,,,D-,F,D-,D,D,,D,,44314
391535061001,641,,0.445,0.737,0.821,0.799,0.794,,0.661,,,B-,D+,D,D,D,,C-,,44320
391535061002,820,,0.756,0.644,0.844,0.658,0.523,,0.467,,,D+,C-,D,C-,C+,,C+,,44320
391535061003,639,,0.844,0.774,0.774,0.774,0.568,,0.469,,,D,D,D,D,C,,C+,,44320
391535061004,1287,,0.889,0.837,0.844,0.858,0.661,,0.821,,,D-,D,D,D-,C-,,D,,44320
391535061005,1834,,0.751,0.711,0.78,0.737,0.661,,0.794,,,D+,D+,D,D+,C-,,D,,44320
391535062001,741,,0.895,0.895,0.846,0.954,0.78,,0.794,,,D-,D-,D,F,D,,D,,44320
391535062002,1093,,0.895,0.895,0.737,0.934,0.895,,0.858,,,D-,D-,D+,F,D-,,D-,,44320
391535062003,752,,0.895,0.889,0.866,0.934,0.858,,0.895,,,D-,D-,D-,F,D-,,D-,,44320
391535062004,1093,,0.872,0.866,0.794,0.934,0.768,,0.846,,,D-,D-,D,F,D+,,D,,44320
391535064001,628,,0.794,0.799,0.694,0.821,0.658,,0.644,,,D,D,D+,D,C-,,C-,,44320
391535064002,553,,0.837,0.837,0.821,0.866,0.658,,0.737,,,D,D,D,D-,C-,,D+,,44320
391535064003,504,,0.934,0.78,0.895,0.895,0.837,,0.858,,,F,D,D-,D-,D,,D-,,44320
391535064004,505,,0.895,0.954,0.895,0.954,0.895,,0.889,,,D-,F,D-,F,D-,,D-,,44320
391535064005,611,,0.737,0.837,0.711,0.889,0.711,,0.686,,,D+,D,D+,D-,D+,,C-,,44320
391535065001,668,,0.934,0.954,0.895,0.954,0.961,,0.934,,,F,F,D-,F,F,,F,,44320
391535065002,1092,,0.895,0.934,0.764,0.985,0.895,,0.913,,,D-,F,D+,F,D-,,D-,,44320
391535065003,836,,0.934,0.985,0.837,0.961,0.895,,0.895,,,F,F,D,F,D-,,D-,,44320
391535066001,678,,0.737,0.855,0.794,0.889,0.644,,0.658,,,D+,D-,D,D-,C-,,C-,,44320
391535066002,815,,0.954,0.934,0.934,0.866,0.934,,0.768,,,F,F,F,D-,F,,D+,,44320
391535066003,702,,0.895,0.953,0.934,0.934,0.866,,0.889,,,D-,F,F,F,D-,,D-,,44320
391535067001,822,,0.858,0.983,0.799,0.961,0.895,,0.913,,,D-,F,D,F,D-,,D-,,44320
391535067002,776,,0.934,0.858,0.846,0.961,0.78,,0.866,,,F,D-,D,F,D,,D-,,44320
391535068001,1592,,0.983,0.985,0.954,0.934,0.961,,0.991,,,F,F,F,F,F,,F,,44320
391535068002,604,,0.934,0.961,0.837,0.934,0.895,,0.954,,,F,F,D,F,D-,,F,,44320
391535071023,758,,0.504,0.566,0.774,0.543,0.385,,0.467,,,C+,C,D,C,B-,,C+,,44320
391535072021,1135,,0.568,0.611,0.794,0.597,0.185,,0.336,,,C,C,D,C,A-,,B,,44320
391535072022,878,,0.625,0.661,0.794,0.814,0.482,,0.244,,,C-,C-,D,D,C+,,B+,,44320
391535072035,773,,0.278,0.694,0.78,0.774,0.543,,0.336,,,B+,D+,D,D,C,,B,,44320
391535073001,589,,0.821,0.711,0.866,0.846,0.774,,0.566,,,D,D+,D-,D,D,,C,,44320
391535073002,681,,0.821,0.774,0.837,0.751,0.686,,0.658,,,D,D,D,D+,C-,,C-,,44320
391535073003,689,,0.799,0.658,0.821,0.774,0.661,,0.598,,,D,C-,D,D,C-,,C,,44320
391535073004,1148,,0.661,0.737,0.844,0.694,0.543,,0.362,,,C-,D+,D,D+,C,,B,,44320
391535074001,928,,0.866,0.799,0.814,0.837,0.737,,0.799,,,D-,D,D,D,D+,,D,,44320
391535075022,764,,0.768,0.858,0.711,0.835,0.658,,0.543,,,D+,D-,D+,D,C-,,C,,44320
391535075023,713,,0.913,0.934,0.844,0.935,0.794,,0.866,,,D-,F,D,F,D,,D-,,44320
391535075024,449,,0.895,0.961,0.855,0.935,0.913,,0.821,,,D-,F,D-,F,D-,,D,,44320
391535075025,797,,0.858,0.913,0.799,0.895,0.661,,0.711,,,D-,D-,D,D-,C-,,D+,,44320
391535083011,615,,0.992,0.991,0.991,0.934,0.992,,0.992,,,F,F,F,F,F,,F,,44320
391535083012,753,,0.954,0.934,0.895,0.895,0.895,,0.954,,,F,F,D-,D-,D-,,F,,44320
391535083991,1001,,0.751,0.985,0.895,0.954,0.934,,0.895,,,D+,F,D-,F,F,,D-,,44320
391535083992,1343,,0.895,0.934,0.737,0.991,0.858,,0.895,,,D-,F,D+,F,D-,,D-,,44320
391535083993,1179,,0.837,0.889,0.737,0.934,0.774,,0.597,,,D,D-,D+,F,D,,C,,44314
391535083994,828,,0.954,0.934,0.954,0.934,0.991,,0.991,,,F,F,F,F,F,,F,,44314
391535086001,1059,,0.821,0.895,0.78,0.961,0.711,,0.837,,,D,D-,D,F,D+,,D,,44320
391535086002,932,,0.961,0.934,0.895,0.954,0.846,,0.935,,,F,F,D-,F,D,,F,,44320
391535086003,825,,0.895,0.961,0.799,0.985,0.889,,0.934,,,D-,F,D,F,D-,,F,,44320
391535088001,787,,0.934,0.895,0.799,0.961,0.821,,0.934,,,F,D-,D,F,D,,F,,44320
391535088002,1026,,0.858,0.895,0.686,0.961,0.661,,0.799,,,D-,D-,C-,F,C-,,D,,44320
391535088003,810,,0.954,0.991,0.954,0.991,0.991,,0.961,,,F,F,F,F,F,,F,,44320
391535088004,1140,,0.934,0.934,0.858,0.954,0.934,,0.934,,,F,F,D-,F,F,,F,,44320
391535088005,809,,0.934,0.895,0.889,0.934,0.895,,0.764,,,F,D-,D-,F,D-,,D+,,44320
391535088006,790,,0.954,0.934,0.895,0.961,0.858,,0.934,,,F,F,D-,F,D-,,F,,44320
391535089002,1705,,0.835,0.799,0.934,0.644,0.467,,0.895,,,D,D,F,C-,C+,,D-,,44320
391535089003,1599,,0.794,0.467,0.711,0.482,0.336,,0.711,,,D,C+,D+,C+,B,,D+,,44320
391535102001,953,,0.694,0.844,0.568,0.799,0.644,,0.694,,,D+,D,C,D,C-,,D+,,44314
391535102002,1416,,0.658,0.711,0.504,0.756,0.598,,0.694,,,C-,D+,C+,D+,C,,D+,,44314
391535102003,1623,,0.858,0.837,0.611,0.799,0.799,,0.737,,,D-,D,C,D,D,,D+,,44314
391535320041,571,,0.598,0.794,0.661,0.764,0.737,,0.694,,,C,D,C-,D+,D+,,D+,,44314
391535334001,1153,,0.661,0.611,0.543,0.299,0.337,,0.428,,,C-,C,C,B+,B,,B-,,44320
391535334002,1833,,0.06,0.241,0.504,0.212,0.212,,0.24,,,A+,B+,C+,A-,A-,,B+,,44320
391535334003,2005,,0.794,0.273,0.417,0.504,0.121,,0.52,,,D,B+,B-,C+,A,,C+,,44320
391535334004,982,,0.711,0.694,0.737,0.282,0.071,,0.568,,,D+,D+,D+,B+,A+,,C,,44320
420030409002,1096,,0.212,0.872,0.799,0.835,0.694,,0.737,,,A-,D-,D,D,D+,,D+,,15210
420030409003,624,,0.799,0.913,0.858,0.846,0.78,,0.661,,,D,D-,D-,D,D,,C-,,15210
420031516001,1160,,0.625,0.751,0.711,0.799,0.598,,0.658,,,C-,D+,D+,D,C,,C-,,15210
420031516002,1145,,0.799,0.895,0.846,0.837,0.821,,0.694,,,D,D-,D,D,D,,D+,,15210
420031517001,885,,0.768,0.961,0.78,0.814,0.935,,0.895,,,D+,F,D,D,F,,D-,,15210
420031517002,649,,0.934,0.954,0.794,0.846,0.934,,0.866,,,F,F,D,D,F,,D-,,15210
420031517003,731,,0.566,0.686,0.756,0.751,0.625,,0.598,,,C,C-,D+,D+,C-,,C,,15210
420031517004,674,,0.598,0.523,0.686,0.737,0.598,,0.644,,,C,C+,C-,D+,C,,C-,,15210
420031517005,898,,0.711,0.774,0.799,0.799,0.774,,0.598,,,D+,D,D,D,D,,C,,15210
420031517006,1119,,0.504,0.543,0.78,0.737,0.711,,0.598,,,C+,C,D,D+,D+,,C,,15210
420031608001,1872,,0.837,0.895,0.846,0.768,0.799,,0.799,,,D,D-,D,D+,D,,D,,15210
420031608002,680,,0.821,0.872,0.799,0.858,0.846,,0.846,,,D,D-,D,D-,D,,D,,15210
420031609001,1151,,0.821,0.846,0.799,0.794,0.895,,0.794,,,D,D,D,D,D-,,D,,15210
420031609002,1410,,0.961,0.934,0.866,0.794,0.846,,0.799,,,F,F,D-,D,D,,D,,15210
420031609003,922,,0.737,0.844,0.694,0.799,0.934,,0.597,,,D+,D,D+,D,F,,C,,15210
420031610001,2666,,0.895,0.954,0.858,0.78,0.895,,0.794,,,D-,F,D-,D,D-,,D,,15210
420031702001,774,,0.985,0.961,0.934,0.846,0.961,,0.954,,,F,F,F,D,F,,F,,15210
420031702002,825,,0.934,0.954,0.794,0.774,0.954,,0.954,,,F,F,D,D,F,,F,,15210
420031702003,1249,,0.934,0.934,0.895,0.756,0.934,,0.764,,,F,F,D-,D+,F,,D+,,15210
420031702004,1136,,0.895,0.889,0.837,0.768,0.895,,0.858,,,D-,D-,D,D+,D-,,D-,,15210
420031706001,1132,,0.844,0.895,0.799,0.756,0.737,,0.625,,,D,D-,D,D+,D+,,C-,,15210
420031706002,643,,0.934,0.991,0.934,0.799,0.934,,0.846,,,F,F,F,D,F,,D,,15210
420031803001,1032,,0.934,0.985,0.895,0.837,0.895,,0.774,,,F,F,D-,D,D-,,D,,15210
420031803002,677,,0.985,0.961,0.985,0.954,0.934,,0.934,,,F,F,F,F,F,,F,,15210
420031807003,790,,0.78,0.846,0.799,0.756,0.737,,0.611,,,D,D,D,D+,D+,,C,,15210
420031903002,716,,0.694,0.934,0.895,0.774,0.799,,0.768,,,D+,F,D-,D,D,,D+,,15210
420031911001,935,,0.611,0.846,0.895,0.799,0.837,,0.872,,,C,D,D-,D,D,,D-,,15210
420031914001,1337,,0.895,0.934,0.858,0.794,0.895,,0.794,,,D-,F,D-,D,D-,,D,,15210
420031914002,1388,,0.711,0.895,0.895,0.837,0.711,,0.694,,,D+,D-,D-,D,D+,,D+,,15210
420031915001,709,,0.821,0.953,0.961,0.866,0.895,,0.686,,,D,F,F,D-,D-,,C-,,15210
420031915002,1296,,0.395,0.799,0.774,0.737,0.644,,0.568,,,B-,D,D,D+,C-,,C,,15210
420031916001,776,,0.799,0.934,0.895,0.889,0.799,,0.821,,,D,F,D-,D-,D,,D,,15210
420031916002,765,,0.768,0.846,0.846,0.837,0.658,,0.598,,,D+,D,D,D,C-,,C,,15210
420031916003,668,,0.694,0.794,0.858,0.858,0.711,,0.658,,,D+,D,D-,D-,D+,,C-,,15210
420031916004,873,,0.711,0.694,0.835,0.858,0.598,,0.598,,,D+,D+,D,D-,C,,C,,15210
420031916005,1059,,0.737,0.799,0.895,0.872,0.78,,0.658,,,D+,D,D-,D-,D,,C-,,15210
420031917001,2116,,0.611,0.756,0.895,0.799,0.568,,0.889,,,C,D+,D-,D,C,,D-,,15210
420031917002,1275,,0.566,0.299,0.799,0.751,0.362,,0.737,,,C,B+,D,D+,B,,D+,,15210
420031918001,722,,0.694,0.737,0.837,0.794,0.858,,0.858,,,D+,D+,D,D,D-,,D-,,15210
420031918002,657,,0.543,0.799,0.658,0.889,0.78,,0.872,,,C,D,C-,D-,D,,D-,,15210
420031918003,648,,0.611,0.197,0.597,0.694,0.428,,0.954,,,C,A-,C,D+,B-,,F,,15210
420031918004,766,,0.482,0.445,0.751,0.764,0.658,,0.913,,,C+,B-,D+,D+,C-,,D-,,15210
420031918005,702,,0.237,0.237,0.737,0.774,0.523,,0.895,,,B+,B+,D+,D,C+,,D-,,15210
420031918006,941,,0.111,0.206,0.737,0.694,0.482,,0.737,,,A,A-,D+,D+,C+,,D+,,15210
420031918007,816,,0.711,0.523,0.858,0.837,0.644,,0.934,,,D+,C+,D-,D,C-,,F,,15210
420031919001,777,,0.644,0.711,0.737,0.768,0.625,,0.872,,,C-,D+,D+,D+,C-,,D-,,15210
420031919002,814,,0.523,0.482,0.889,0.799,0.711,,0.954,,,C+,C+,D-,D,D+,,F,,15210
420031919003,586,,0.611,0.751,0.756,0.794,0.737,,0.913,,,C,D+,D+,D,D+,,D-,,15210
420031920001,682,,0.543,0.543,0.895,0.872,0.417,,0.504,,,C,C,D-,D-,B-,,C+,,15210
420031920002,602,,0.711,0.858,0.934,0.889,0.872,,0.768,,,D+,D-,F,D-,D-,,D+,,15210
420031920003,694,,0.837,0.895,0.991,0.846,0.895,,0.934,,,D,D-,F,D,D-,,F,,15210
420031920004,898,,0.625,0.504,0.711,0.799,0.543,,0.737,,,C-,C+,D+,D,C,,D+,,15210
420031920005,579,,0.711,0.889,0.934,0.895,0.837,,0.837,,,D+,D-,F,D-,D,,D,,15210
420032022001,1299,,0.711,0.866,0.711,0.837,0.837,,0.889,,,D+,D-,D+,D,D,,D-,,15136
420032022003,702,,0.895,0.837,0.694,0.889,0.846,,0.961,,,D-,D,D+,D-,D,,F,,15136
420032023001,818,,0.837,0.78,0.934,0.895,0.768,,0.858,,,D,D,F,D-,D+,,D-,,15210
420032023002,1107,,0.611,0.658,0.837,0.694,0.711,,0.768,,,C,C-,D,D+,D+,,D+,,15210
420032023003,925,,0.794,0.846,0.866,0.756,0.737,,0.837,,,D,D,D-,D+,D+,,D,,15210
420032023004,1277,,0.768,0.661,0.895,0.799,0.611,,0.799,,,D+,C-,D-,D,C,,D,,15210
420032602002,1464,,0.768,0.895,0.794,0.814,0.751,,0.846,,,D+,D-,D,D,D+,,D,,15136
420032614001,643,,0.934,0.934,0.934,0.985,0.934,,0.961,,,F,F,F,F,F,,F,,15136
420032615002,805,,0.934,0.991,0.961,0.934,0.935,,0.934,,,F,F,F,F,F,,F,,15136
420032701001,1523,,0.694,0.799,0.835,0.858,0.711,,0.756,,,D+,D,D,D-,D+,,D+,,15136
420032701002,1055,,0.598,0.835,0.814,0.858,0.78,,0.837,,,C,D,D,D-,D,,D,,15136
420032703001,1127,,0.934,0.895,0.837,0.934,0.872,,0.895,,,F,D-,D,F,D-,,D-,,15136
420032708001,726,,0.774,0.872,0.866,0.814,0.799,,0.895,,,D,D-,D-,D,D,,D-,,15136
420032708002,992,,0.872,0.895,0.858,0.872,0.814,,0.913,,,D-,D-,D-,D-,D,,D-,,15136
420032708003,903,,0.711,0.799,0.934,0.846,0.711,,0.866,,,D+,D,F,D,D+,,D-,,15136
420032716001,759,,0.934,0.961,0.991,0.954,0.961,,0.991,,,F,F,F,F,F,,F,,15136
420032716002,1185,,0.934,0.934,0.934,0.983,0.934,,0.991,,,F,F,F,F,F,,F,,15136
420032716003,1134,,0.934,0.934,0.895,0.985,0.858,,0.961,,,F,F,D-,F,D-,,F,,15136
420032716004,968,,0.935,0.954,0.991,0.985,0.866,,0.961,,,F,F,F,F,D-,,F,,15136
420032814001,840,,0.774,0.858,0.774,0.837,0.837,,0.934,,,D,D-,D,D,D,,F,,15136
420032814002,1712,,0.737,0.844,0.835,0.934,0.821,,0.961,,,D+,D,D,F,D,,F,,15136
420032815001,488,,0.711,0.913,0.835,0.858,0.78,,0.934,,,D+,D-,D,D-,D,,F,,15136
420032815002,959,,0.934,0.895,0.858,0.934,0.934,,0.934,,,F,D-,D-,F,F,,F,,15136
420032901001,633,,0.934,0.991,0.991,0.934,0.961,,0.934,,,F,F,F,F,F,,F,,15210
420032901002,697,,0.895,0.953,0.821,0.934,0.889,,0.844,,,D-,F,D,F,D-,,D,,15210
420032901003,800,,0.858,0.895,0.895,0.934,0.895,,0.954,,,D-,D-,D-,F,D-,,F,,15210
420032902001,927,,0.913,0.983,0.846,0.934,0.954,,0.934,,,D-,F,D,F,F,,F,,15210
420032902002,955,,0.858,0.837,0.954,0.858,0.756,,0.889,,,D-,D,F,D-,D+,,D-,,15210
420032902003,617,,0.187,0.799,0.694,0.895,0.78,,0.711,,,A-,D,D+,D-,D,,D+,,15210
420032902004,678,,0.895,0.751,0.935,0.895,0.751,,0.711,,,D-,D+,F,D-,D+,,D+,,15210
420032902005,964,,0.866,0.934,0.799,0.846,0.895,,0.889,,,D-,F,D,D,D-,,D-,,15210
420032904001,1281,,0.78,0.858,0.794,0.846,0.737,,0.78,,,D,D-,D,D,D+,,D,,15210
420032904002,1240,,0.794,0.935,0.774,0.821,0.895,,0.954,,,D,F,D,D,D-,,F,,15210
420032904003,616,,0.694,0.895,0.658,0.858,0.774,,0.756,,,D+,D-,C-,D-,D,,D+,,15210
420032904004,882,,0.482,0.751,0.694,0.756,0.504,,0.866,,,C+,D+,D+,D+,C+,,D-,,15210
420033001001,787,,0.889,0.913,0.895,0.846,0.737,,0.737,,,D-,D-,D-,D,D+,,D+,,15210
420033001002,772,,0.895,0.895,0.799,0.855,0.837,,0.611,,,D-,D-,D,D-,D,,C,,15210
420033001003,639,,0.895,0.934,0.866,0.858,0.794,,0.799,,,D-,F,D-,D-,D,,D,,15210
420033001004,655,,0.985,0.991,0.858,0.954,0.954,,0.934,,,F,F,D-,F,F,,F,,15210
420033001005,640,,0.895,0.934,0.858,0.895,0.872,,0.846,,,D-,F,D-,D-,D-,,D,,15210
420033204002,1155,,0.692,0.737,0.858,0.799,0.658,,0.837,,,C-,D+,D-,D,C-,,D,,15210
420033206001,1102,,0.566,0.445,0.794,0.711,0.658,,0.913,,,C,B-,D,D+,C-,,D-,,15210
420033206002,1141,,0.395,0.543,0.78,0.756,0.52,,0.844,,,B-,C,D,D+,C+,,D,,15210
420033207001,1117,,0.694,0.598,0.694,0.737,0.568,,0.846,,,D+,C,D+,D+,C,,D,,15210
420034296002,990,,0.361,0.212,0.658,0.644,0.316,,0.694,,,B,A-,C-,C-,B,,D+,,15136
420034297002,954,,0.241,0.52,0.661,0.768,0.644,,0.794,,,B+,C+,C-,D+,C-,,D,,15136
420034311001,1649,,0.385,0.644,0.598,0.711,0.385,,0.895,,,B-,C-,C,D+,B-,,D-,,15136
420034311002,1604,,0.764,0.837,0.814,0.768,0.774,,0.889,,,D+,D,D,D+,D,,D-,,15136
420034315002,856,,0.694,0.794,0.799,0.799,0.799,,0.985,,,D+,D,D,D,D,,F,,15136
420034315003,960,,0.866,0.737,0.895,0.889,0.934,,0.991,,,D-,D+,D-,D-,F,,F,,15136
420034315004,667,,0.658,0.814,0.794,0.794,0.774,,0.934,,,C-,D,D,D,D,,F,,15136
420034324001,934,,0.611,0.611,0.469,0.694,0.467,,0.895,,,C,C,C+,D+,C+,,D-,,15136
420034324003,808,,0.737,0.611,0.751,0.661,0.799,,0.837,,,D+,C,D+,C-,D,,D,,15136
420034513005,1030,,0.34,0.121,0.395,0.128,0.52,,0.144,,,B,A,B-,A,C+,,A,,15136
420034591011,1733,,0.336,0.206,0.598,0.31,0.388,,0.395,,,B,A-,C,B,B-,,B-,,15136
420034591021,2051,,0.34,0.523,0.694,0.52,0.385,,0.267,,,B,C+,D+,C+,B-,,B+,,15136
420034591022,1127,,0.395,0.362,0.568,0.504,0.686,,0.644,,,B-,B,C,C+,C-,,C-,,15136
420034591023,3248,,0.089,0.072,0.467,0.09,0.09,,0.165,,,A,A+,C+,A,A,,A-,,15136
420034592012,2250,,0.821,0.858,0.661,0.428,0.78,,0.568,,,D,D-,C-,B-,D,,C,,15136
420034592014,1095,,0.751,0.611,0.751,0.504,0.711,,0.353,,,D+,C,D+,C+,D+,,B,,15136
420034600011,1654,,0.395,0.52,0.644,0.523,0.543,,0.625,,,B-,C+,C-,C+,C,,C-,,15136
420034600012,1272,,0.34,0.241,0.661,0.504,0.362,,0.482,,,B,B+,C-,C+,B,,C+,,15136
420034600013,1999,,0.482,0.34,0.737,0.611,0.611,,0.661,,,C+,B,D+,C,C,,C-,,15136
420034600021,1171,,0.543,0.543,0.694,0.417,0.597,,0.799,,,C,C,D+,B-,C,,D,,15136
420034600022,1802,,0.597,0.611,0.737,0.52,0.658,,0.658,,,C,C,D+,C+,C-,,C-,,15136
420034600023,803,,0.737,0.267,0.482,0.43,0.482,,0.388,,,D+,B+,C+,B-,C+,,B-,,15136
420034621001,521,,0.872,0.934,0.985,0.895,0.961,,0.961,,,D-,F,F,D-,F,,F,,15136
420034621002,605,,0.694,0.658,0.794,0.737,0.78,,0.934,,,D+,C-,D,D+,D,,F,,15136
420034621003,1398,,0.934,0.846,0.78,0.935,0.794,,0.934,,,F,D,D,F,D,,F,,15136
420034626001,1002,,0.858,0.934,0.611,0.889,0.821,,0.954,,,D-,F,C,D-,D,,F,,15136
420034626002,873,,0.895,0.895,0.644,0.895,0.837,,0.889,,,D-,D-,C-,D-,D,,D-,,15136
420034626004,1276,,0.835,0.737,0.844,0.934,0.895,,0.954,,,D,D+,D,F,D-,,F,,15136
420034639001,1232,,0.858,0.866,0.737,0.858,0.799,,0.799,,,D-,D-,D+,D-,D,,D,,15136
420034639002,722,,0.934,0.934,0.768,0.934,0.895,,0.935,,,F,F,D+,F,D-,,F,,15136
420034643001,1369,,0.316,0.644,0.694,0.78,0.611,,0.934,,,B,C-,D+,D,C,,F,,15136
420034643002,1056,,0.31,0.686,0.737,0.799,0.658,,0.844,,,B,C-,D+,D,C-,,D,,15136
420034643003,966,,0.644,0.78,0.694,0.799,0.799,,0.935,,,C-,D,D+,D,D,,F,,15136
420034644001,1229,,0.934,0.954,0.821,0.935,0.913,,0.934,,,F,F,D,F,D-,,F,,15136
420034644002,1048,,0.934,0.935,0.934,0.913,0.889,,0.954,,,F,F,F,D-,D-,,F,,15136
420034644003,931,,0.934,0.983,0.866,0.934,0.961,,0.934,,,F,F,D-,F,F,,F,,15136
420034690001,978,,0.181,0.181,0.78,0.694,0.611,,0.794,,,A-,A-,D,D+,C,,D,,15210
420034721001,1453,,0.43,0.417,0.799,0.711,0.568,,0.751,,,B-,B-,D,D+,C,,D+,,15210
420034721002,942,,0.156,0.326,0.658,0.737,0.543,,0.934,,,A-,B,C-,D+,C,,F,,15210
420034722001,1143,,0.504,0.523,0.821,0.711,0.711,,0.935,,,C+,C+,D,D+,D+,,F,,15210
420034722002,1081,,0.337,0.568,0.737,0.568,0.686,,0.872,,,B,C,D+,C,C-,,D-,,15210
420034723001,944,,0.846,0.467,0.737,0.756,0.598,,0.711,,,D,C+,D+,D+,C,,D+,,15210
420034723002,905,,0.661,0.611,0.866,0.774,0.711,,0.895,,,C-,C,D-,D,D+,,D-,,15210
420034724001,997,,0.523,0.568,0.794,0.661,0.694,,0.814,,,C+,C,D,C-,D+,,D,,15210
420034724002,779,,0.316,0.105,0.658,0.467,0.523,,0.895,,,B,A,C-,C+,C+,,D-,,15210
420034731001,1410,,0.267,0.187,0.661,0.467,0.469,,0.78,,,B+,A-,C-,C+,C+,,D,,15210
420034731003,914,,0.568,0.388,0.78,0.566,0.694,,0.821,,,C,B-,D,C,D+,,D,,15210
420034731004,759,,0.385,0.417,0.737,0.598,0.644,,0.844,,,B-,B-,D+,C,C-,,D,,15210
420034731005,1034,,0.504,0.348,0.658,0.523,0.52,,0.814,,,C+,B,C-,C+,C+,,D,,15210
420034732001,950,,0.467,0.212,0.661,0.337,0.611,,0.889,,,C+,A-,C-,B,C,,D-,,15210
420034732002,1057,,0.388,0.321,0.543,0.417,0.469,,0.895,,,B-,B,C,B-,C+,,D-,,15210
420034733001,1374,,0.316,0.089,0.482,0.658,0.428,,0.768,,,B,A,C+,C-,B-,,D+,,15210
420034803001,693,,0.598,0.913,0.821,0.751,0.658,,0.794,,,C,D-,D,D+,C-,,D,,15210
420034803002,1537,,0.241,0.611,0.597,0.644,0.467,,0.711,,,B+,C,C,C-,C+,,D+,,15210
420034803003,1383,,0.31,0.692,0.445,0.625,0.187,,0.611,,,B,C-,B-,C-,A-,,C,,15210
420034804001,1274,,0.362,0.241,0.597,0.694,0.369,,0.611,,,B,B+,C,D+,B,,C,,15210
420034810001,853,,0.954,0.895,0.954,0.895,0.954,,0.934,,,F,D-,F,D-,F,,F,,15210
420034810002,826,,0.934,0.934,0.889,0.913,0.889,,0.895,,,F,F,D-,D-,D-,,D-,,15210
420034810003,1046,,0.934,0.961,0.799,0.895,0.934,,0.913,,,F,F,D,D-,F,,D-,,15210
420034810004,669,,0.821,0.985,0.895,0.895,0.858,,0.837,,,D,F,D-,D-,D-,,D,,15210
420034868001,675,,0.991,0.991,0.598,0.991,0.954,,0.934,,,F,F,C,F,F,,F,,15132
420034868002,978,,0.961,0.934,0.644,0.954,0.895,,0.846,,,F,F,C-,F,D-,,D,,15132
420034869001,708,,0.895,0.895,0.543,0.934,0.78,,0.799,,,D-,D-,C,F,D,,D,,15132
420034869002,681,,0.961,0.961,0.774,0.985,0.895,,0.895,,,F,F,D,F,D-,,D-,,15132
420034870001,633,,0.78,0.737,0.428,0.858,0.751,,0.523,,,D,D+,B-,D-,D+,,C+,,15132
420034870002,979,,0.934,0.934,0.866,0.954,0.934,,0.428,,,F,F,D-,F,F,,B-,,15132
420034884002,963,,0.895,0.934,0.428,0.913,0.855,,0.858,,,D-,F,B-,D-,D-,,D-,,15132
420034884003,895,,0.895,0.895,0.597,0.913,0.711,,0.644,,,D-,D-,C,D-,D+,,C-,,15132
420034884004,1736,,0.934,0.954,0.756,0.934,0.872,,0.658,,,F,F,D+,F,D-,,C-,,15132
420034980001,1171,,0.821,0.837,0.237,0.858,0.417,,0.711,,,D,D,B+,D-,B-,,D+,,15132
420034980002,1184,,0.814,0.913,0.326,0.934,0.694,,0.523,,,D,D-,B,F,D+,,C+,,15132
420034993001,647,,0.934,0.895,0.543,0.913,0.799,,0.369,,,F,D-,C,D-,D,,B,,15132
420034993002,1031,,0.737,0.934,0.185,0.935,0.611,,0.285,,,D+,F,A-,F,C,,B+,,15132
420034994001,789,,0.844,0.934,0.336,0.913,0.737,,0.543,,,D,F,B,D-,D+,,C,,15132
420034994002,856,,0.934,0.985,0.598,0.954,0.872,,0.821,,,F,F,C,F,D-,,D,,15132
420034994003,1152,,0.756,0.895,0.568,0.934,0.751,,0.846,,,D+,D-,C,F,D+,,D,,15132
420035003001,1414,,0.954,0.954,0.658,0.913,0.844,,0.768,,,F,F,C-,D-,D,,D+,,15132
420035003002,693,,0.913,0.889,0.52,0.858,0.694,,0.661,,,D-,D-,C+,D-,D+,,C-,,15132
420035003003,635,,0.711,0.954,0.523,0.935,0.846,,0.568,,,D+,F,C+,F,D,,C,,15132
420035003004,938,,0.737,0.855,0.267,0.895,0.543,,0.661,,,D+,D-,B+,D-,C,,C-,,15132
420035010001,1476,,0.774,0.934,0.353,0.846,0.858,,0.597,,,D,F,B,D,D-,,C,,15132
420035030021,1011,,0.934,0.954,0.611,0.913,0.694,,0.611,,,F,F,C,D-,D+,,C,,15132
420035030022,1137,,0.844,0.895,0.428,0.858,0.611,,0.737,,,D,D-,B-,D-,C,,D+,,15132
420035030023,1207,,0.794,0.935,0.482,0.799,0.625,,0.089,,,D,F,C+,D,C-,,A,,15132
420035030024,825,,0.872,0.934,0.467,0.895,0.837,,0.482,,,D-,F,C+,D-,D,,C+,,15132
420035030025,1666,,0.913,0.934,0.611,0.895,0.837,,0.794,,,D-,F,C,D-,D,,D,,15132
420035509001,570,,0.983,0.991,0.737,0.983,0.954,,0.895,,,F,F,D+,F,F,,D-,,15132
420035509002,897,,0.934,0.983,0.482,0.954,0.866,,0.866,,,F,F,C+,F,D-,,D-,,15132
420035512001,1094,,0.961,0.934,0.658,0.935,0.814,,0.774,,,F,F,C-,F,D,,D,,15132
420035512002,1133,,0.78,0.961,0.428,0.934,0.568,,0.858,,,D,F,B-,F,C,,D-,,15132
420035512003,1164,,0.961,0.934,0.52,0.934,0.756,,0.889,,,F,F,C+,F,D+,,D-,,15132
420035513001,868,,0.954,0.985,0.598,0.954,0.895,,0.694,,,F,F,C,F,D-,,D+,,15132
420035513002,1479,,0.737,0.895,0.244,0.799,0.661,,0.661,,,D+,D-,B+,D,C-,,C-,,15132
420035519001,1330,,0.991,0.985,0.858,0.934,0.961,,0.895,,,F,F,D-,F,F,,D-,,15132
420035520001,522,,0.858,0.934,0.395,0.935,0.711,,0.866,,,D-,F,B-,F,D+,,D-,,15132
420035520002,574,,0.961,0.961,0.362,0.961,0.895,,0.711,,,F,F,B,F,D-,,D+,,15132
420035520003,487,,0.985,0.983,0.837,0.961,0.934,,0.858,,,F,F,D,F,F,,D-,,15132
420035520004,711,,0.953,0.934,0.52,0.961,0.846,,0.858,,,F,F,C+,F,D,,D-,,15132
420035521001,552,,0.983,0.991,0.821,0.954,0.934,,0.764,,,F,F,D,F,F,,D+,,15132
420035521002,623,,0.985,0.954,0.644,0.934,0.872,,0.844,,,F,F,C-,F,D-,,D,,15132
420035522001,969,,0.934,0.934,0.417,0.954,0.889,,0.837,,,F,F,B-,F,D-,,D,,15132
420035523001,552,,0.961,0.991,0.711,0.991,0.895,,0.844,,,F,F,D+,F,D-,,D,,15132
420035523002,755,,0.961,0.985,0.467,0.985,0.895,,0.954,,,F,F,C+,F,D-,,F,,15132
420035523003,555,,0.954,0.961,0.764,0.954,0.934,,0.895,,,F,F,D+,F,F,,D-,,15132
420035524001,610,,0.934,0.934,0.504,0.895,0.737,,0.212,,,F,F,C+,D-,D+,,A-,,15132
420035524002,898,,0.895,0.895,0.388,0.934,0.756,,0.644,,,D-,D-,B-,F,D+,,C-,,15132
420035524003,1384,,0.895,0.934,0.523,0.954,0.837,,0.661,,,D-,F,C+,F,D,,C-,,15132
420035623001,1246,,0.895,0.934,0.889,0.934,0.895,,0.814,,,D-,F,D-,F,D-,,D,,15210
420035623003,1869,,0.889,0.954,0.889,0.872,0.895,,0.866,,,D-,F,D-,D-,D-,,D-,,15210
420035624001,759,,0.78,0.799,0.913,0.737,0.661,,0.844,,,D,D,D-,D+,C-,,D,,15210
420035624002,649,,0.991,0.961,0.991,0.954,0.954,,0.961,,,F,F,F,F,F,,F,,15210
420035624003,955,,0.934,0.985,0.895,0.961,0.934,,0.934,,,F,F,D-,F,F,,F,,15210
420035625001,915,,0.954,0.991,0.934,0.991,0.935,,0.985,,,F,F,F,F,F,,F,,15136
420035625002,872,,0.934,0.934,0.889,0.991,0.935,,0.991,,,F,F,D-,F,F,,F,,15136
420035625003,1132,,0.78,0.756,0.756,0.961,0.799,,0.934,,,D,D+,D+,F,D,,F,,15136
420035626002,1217,,0.934,0.985,0.991,0.985,0.895,,0.961,,,F,F,F,F,D-,,F,,15136
420035629011,570,,0.961,0.985,0.954,0.895,0.961,,0.935,,,F,F,F,D-,F,,F,,15210
420035629012,863,,0.794,0.837,0.658,0.711,0.644,,0.737,,,D,D,C-,D+,C-,,D+,,15210
420035630001,1092,,0.611,0.52,0.644,0.764,0.644,,0.895,,,C,C+,C-,D+,C-,,D-,,15136
420035630002,757,,0.846,0.611,0.799,0.846,0.794,,0.78,,,D,C,D,D,D,,D,,15136
420035630003,1079,,0.866,0.794,0.78,0.895,0.756,,0.934,,,D-,D,D,D-,D+,,F,,15136
420035631001,1428,,0.846,0.889,0.935,0.934,0.756,,0.895,,,D,D-,F,F,D+,,D-,,15210
420035642002,918,,0.543,0.658,0.711,0.661,0.568,,0.321,,,C,C-,D+,C-,C,,B,,15132
420035642003,866,,0.694,0.821,0.756,0.52,0.598,,0.143,,,D+,D,D+,C+,C,,A,,15132
420035652001,1274,,0.934,0.934,0.934,0.934,0.934,,0.991,,,F,F,F,F,F,,F,,15136
420035652002,757,,0.934,0.935,0.872,0.991,0.934,,0.985,,,F,F,D-,F,F,,F,,15136
420035652003,709,,0.934,0.961,0.954,0.961,0.934,,0.954,,,F,F,F,F,F,,F,,15136
420035653001,1238,,0.598,0.751,0.694,0.658,0.568,,0.611,,,C,D+,D+,C-,C,,C,,15210
420159503001,945,0.711,0.686,0.504,0.482,0.611,0.395,0.568,0.467,0.144,D+,C-,C+,C+,C,B-,C,C+,A,14892
420159505011,1070,0.237,0.445,0.417,0.299,0.267,0.31,0.52,0.469,0.128,B+,B-,B-,B+,B+,B,C+,C+,A,14892
420210001001,593,,0.934,0.961,0.934,0.858,0.889,,0.983,,,F,F,F,D-,D-,,F,,15902
420210001002,601,0.961,0.954,0.961,0.991,0.866,0.961,0.983,0.985,,F,F,F,F,D-,F,F,F,,15902;15906
420210002001,604,,0.985,0.961,0.658,0.872,0.895,,0.846,,,F,F,C-,D-,D-,,D,,15902
420210003001,677,,0.858,0.954,0.611,0.799,0.799,,0.711,,,D-,F,C,D,D,,D+,,15902
420210003002,877,,0.895,0.954,0.568,0.711,0.837,,0.694,,,D-,F,C,D+,D,,D+,,15902
420210005001,665,,0.711,0.872,0.316,0.799,0.644,,0.467,,,D+,D-,B,D,C-,,C+,,15902
420210005002,823,,0.737,0.985,0.694,0.751,0.821,,0.52,,,D+,F,D+,D+,D,,C+,,15902
420210006001,652,,0.78,0.934,0.611,0.774,0.844,,0.362,,,D,F,C,D,D,,B,,15902
420210006002,954,,0.799,0.953,0.658,0.737,0.78,,0.34,,,D,F,C-,D+,D,,B,,15902
420210007001,920,,0.711,0.756,0.467,0.737,0.361,,0.395,,,D+,D+,C+,D+,B,,B-,,15902
420210007002,1415,,0.644,0.934,0.844,0.756,0.774,,0.799,,,C-,F,D,D+,D,,D,,15902
420210012001,1010,0.611,0.751,0.934,0.467,0.846,0.814,0.388,0.694,,C,D+,F,C+,D,D,B-,D+,,15906
420210012002,855,0.385,0.799,0.935,0.361,0.837,0.858,0.837,0.814,,B-,D,F,B,D,D-,D,D,,15906
420210012003,930,0.523,0.504,0.774,0.353,0.837,0.764,0.644,0.644,,C+,C+,D,B,D,D+,C-,C-,,15906
420210101002,1115,0.504,0.24,0.267,0.34,0.156,0.369,0.644,0.467,,C+,B+,B+,B,A-,B,C-,C+,,15906
420210101003,1629,0.028,0.395,0.045,0.111,0.756,0.121,0.244,0.197,,A+,B-,A+,A,D+,A,B+,A-,,15906
420210102001,628,0.846,0.934,0.935,0.694,0.737,0.895,0.858,0.895,,D,F,F,D+,D+,D-,D-,D-,,15906
420210102002,732,0.644,0.737,0.934,0.568,0.889,0.846,0.821,0.751,,C-,D+,F,C,D-,D,D,D+,,15906
420210103002,1356,,0.388,0.568,0.321,0.467,0.52,,0.321,,,B-,C,B,C+,C+,,B,,15902
420210105001,523,,0.598,0.774,0.237,0.611,0.658,,0.316,,,C,D,B+,C,C-,,B,,15902
420210105002,1053,,0.611,0.756,0.362,0.543,0.504,,0.568,,,C,D+,B,C,C+,,C,,15902
420210105003,1025,,0.694,0.694,0.299,0.711,0.24,,0.428,,,D+,D+,B+,D+,B+,,B-,,15902
420210105004,756,,0.611,0.694,0.568,0.482,0.273,,0.395,,,C,D+,C,C+,B+,,B-,,15902
420210106001,931,,0.43,0.711,0.236,0.316,0.445,,0.445,,,B-,D+,B+,B,B-,,B-,,15902
420210106002,1432,,0.694,0.858,0.361,0.128,0.321,,0.316,,,D+,D-,B,A,B,,B,,15902
420210107002,1907,,0.014,0.273,0.282,0.078,0.185,,0.273,,,A+,B+,B+,A,A-,,B+,,15902
420210108012,719,,0.237,0.568,0.523,0.417,0.336,,0.361,,,B+,C,C+,B-,B,,B,,15902
420210108015,1019,,0.568,0.658,0.353,0.321,0.241,,0.093,,,C,C-,B,B,B+,,A,,15902
420210110001,526,,0.866,0.895,0.285,0.686,0.504,,0.417,,,D-,D-,B+,C-,C+,,B-,,15902
420210110002,1021,,0.799,0.858,0.24,0.611,0.362,,0.237,,,D,D-,B+,C,B,,B+,,15902
420210111001,3297,,0.644,0.52,0.353,0.711,0.24,,0.395,,,C-,C+,B,D+,B+,,B-,,15902
420210111003,775,,0.428,0.78,0.814,0.737,0.774,,0.756,,,B-,D,D,D+,D,,D+,,15902
420210112001,622,,0.337,0.181,0.428,0.644,0.417,,0.445,,,B,A-,B-,C-,B-,,B-,,15902
420210112002,745,,0.598,0.866,0.362,0.78,0.611,,0.52,,,C,D-,B,D,C,,C+,,15902
420210112003,678,,0.093,0.282,0.16,0.694,0.278,,0.299,,,A,B+,A-,D+,B+,,B+,,15902
420210113001,1381,0.428,0.768,0.568,0.568,0.78,0.711,0.625,0.467,,B-,D+,C,C,D,D+,C-,C+,,15902;15906
420210113002,1142,,0.122,0.467,0.362,0.611,0.31,,0.31,,,A,C+,B,C,B,,B,,15902
420210113004,1411,,0.316,0.045,0.144,0.711,0.31,,0.362,,,B,A+,A,D+,B,,B,,15902
420210114001,537,0.121,0.764,0.644,0.321,0.737,0.395,0.445,0.598,,A,D+,C-,B,D+,B-,B-,C,,15906
420210114002,552,0.934,0.895,0.934,0.954,0.799,0.961,0.991,0.934,,F,D-,F,F,D,F,F,F,,15902;15906
420210114003,1104,0.568,0.543,0.469,0.395,0.694,0.348,0.285,0.543,,C,C,C+,B-,D+,B,B+,C,,15906
420210114004,891,0.658,0.954,0.821,0.482,0.794,0.694,0.598,0.694,,C-,F,D,C+,D,D+,C,D+,,15902;15906
420210134001,923,0.934,0.961,0.985,0.913,0.846,0.895,0.895,0.961,,F,F,F,D-,D,D-,D-,F,,15906
420210134002,491,0.846,0.895,0.846,0.445,0.846,0.658,0.52,0.846,,D,D-,D,B-,D,C-,C+,D,,15902;15906
420210134003,591,0.846,0.954,0.913,0.611,0.858,0.934,0.568,0.835,,D,F,D-,C,D-,F,C,D,,15902;15906
420210135001,1008,,0.895,0.858,0.395,0.799,0.737,,0.597,,,D-,D-,B-,D,D+,,C,,15902
420210135002,1719,,0.78,0.895,0.794,0.844,0.644,,0.799,,,D,D-,D,D,C-,,D,,15902
420210136001,873,0.658,0.954,0.711,0.278,0.794,0.523,0.858,0.751,,C-,F,D+,B+,D,C+,D-,D+,,15906
420210136002,953,0.543,0.568,0.794,0.105,0.858,0.336,0.837,0.661,,C,C,D,A,D-,B,D,C-,,15906
420210136003,823,0.658,0.644,0.799,0.316,0.794,0.644,0.799,0.694,,C-,C-,D,B,D,C-,D,D+,,15906
420210136004,465,0.872,0.872,0.866,0.566,0.858,0.694,0.78,0.799,,D-,D-,D-,C,D-,D+,D,D,,15906
420250204001,766,,,,,0.794,,,,,,,,,D,,,,,18252
420250204003,790,,0.794,0.895,0.388,0.844,0.934,,0.983,,,D,D-,B-,D,F,,F,,18252
420370503002,2214,,0.543,0.844,0.467,0.428,0.128,,0.751,,,C,D,C+,B-,A,,D+,,17815
420370503003,1263,,0.395,0.611,0.482,0.445,0.316,,0.362,,,B-,C,C+,B-,B,,B,,17815
420370504003,652,,0.711,0.045,0.336,0.156,0.504,,0.78,,,D+,A+,B,A-,C+,,D,,17815
420370508001,1620,,0.299,0.644,0.278,0.273,0.048,,0.385,,,B+,C-,B+,B+,A+,,B-,,17815
420370508002,1863,,0.237,0.121,0.361,0.014,0.06,,0.837,,,B+,A,B,A+,A+,,D,,17815
420370509001,954,,0.417,0.774,0.799,0.658,0.417,,0.711,,,B-,D,D,C-,B-,,D+,,17815
420370509002,2609,,0.238,0.185,0.299,0.09,0.014,,0.821,,,B+,A-,B+,A,A+,,D,,17815
420370510001,777,,0.285,0.774,0.768,0.417,0.543,,0.895,,,B+,D,D+,B-,C,,D-,,17815
420370510002,805,,0.711,0.794,0.362,0.543,0.566,,0.694,,,D+,D,B,C,C,,D+,,17815
420370510003,913,,0.482,0.751,0.417,0.156,0.156,,0.658,,,C+,D+,B-,A-,A-,,C-,,17815
420370511011,1828,,0.206,0.206,0.385,0.153,0.093,,0.711,,,A-,A-,B-,A,A,,D+,,17815
420370511021,1427,,0.048,0.111,0.267,0.089,0.089,,0.362,,,A+,A,B+,A,A,,B,,17815
420370512001,1211,,0.299,0.504,0.768,0.428,0.285,,0.794,,,B+,C+,D+,B-,B+,,D,,17815
420370512005,559,,0.872,0.751,0.794,0.768,0.866,,0.837,,,D-,D+,D,D+,D-,,D,,17815
420370513002,1502,,0.369,0.694,0.418,0.128,0.111,,0.482,,,B,D+,B-,A,A,,C+,,17815
420454003011,932,0.756,0.934,0.934,0.794,0.934,0.983,0.954,0.934,0.855,D+,F,F,D,F,F,F,F,D-,19139
420454003012,2589,0.128,0.889,0.694,0.694,0.844,0.858,0.889,0.768,0.846,A,D-,D+,D+,D,D-,D-,D+,D,19139
420454003013,1421,0.469,0.954,0.78,0.844,0.913,0.934,0.858,0.895,0.858,C+,F,D,D,D-,F,D-,D-,D-,19139
420454003014,1973,0.048,0.844,0.644,0.611,0.711,0.835,0.611,0.737,0.756,A+,D,C-,C,D+,D,C,D+,D+,19139
420454003022,2329,0.093,0.858,0.821,0.694,0.895,0.934,0.846,0.895,0.895,A,D-,D,D+,D-,F,D,D-,D-,19139
420454004011,1468,0.768,0.934,0.934,0.846,0.837,0.961,0.961,0.934,0.934,D+,F,F,D,D,F,F,F,F,19139
420454004012,2329,0.021,0.794,0.568,0.692,0.611,0.658,0.543,0.686,0.814,A+,D,C,C-,C,C-,C,C-,D,19139
420454004013,1707,0.237,0.889,0.568,0.661,0.814,0.78,0.625,0.756,0.866,B+,D-,C,C-,D,D,C-,D+,D-,19139
420454004022,1687,0.023,0.543,0.52,0.417,0.598,0.467,0.212,0.449,0.756,A+,C,C+,B-,C,C+,A-,B-,D+,19139
420454004023,1122,0.799,0.895,0.774,0.768,0.846,0.934,0.858,0.78,0.895,D,D-,D,D+,D,F,D-,D,D-,19139
420454004024,1079,0.467,0.737,0.737,0.658,0.814,0.814,0.504,0.846,0.934,C+,D+,D+,C-,D,D,C+,D,F,19139
420454005001,1441,0.417,0.934,0.895,0.737,0.889,0.954,0.935,0.858,0.934,B-,F,D-,D+,D-,F,F,D-,F,19131;19139
420454005002,3208,0.185,0.794,0.737,0.445,0.774,0.799,0.658,0.694,0.858,A-,D,D+,B-,D,D,C-,D+,D-,19131
420454006001,2169,0.089,0.737,0.445,0.52,0.694,0.799,0.711,0.658,0.858,A,D+,B-,C+,D+,D,D+,C-,D-,19131
420454006002,1680,0.428,0.686,0.658,0.238,0.694,0.934,0.711,0.694,0.934,B-,C-,C-,B+,D+,F,D+,D+,F,19131
420454006003,1611,0.106,0.658,0.543,0.273,0.644,0.658,0.611,0.625,0.846,A,C-,C,B+,C-,C-,C,C-,D,19131
420454007001,1186,0.237,0.774,0.362,0.611,0.78,0.694,0.774,0.644,0.895,B+,D,B,C,D,D+,D,C-,D-,19131;19139
420454007002,1275,0.504,0.895,0.756,0.711,0.866,0.889,0.799,0.799,0.889,C+,D-,D+,D+,D-,D-,D,D,D-,19139
420454007003,1070,0.156,0.821,0.482,0.523,0.737,0.821,0.799,0.737,0.913,A-,D,C+,C+,D+,D,D,D+,D-,19139
420454007004,1042,0.071,0.611,0.598,0.658,0.751,0.644,0.694,0.611,0.821,A+,C,C,C-,D+,C-,D+,C,D,19131;19139
420454008011,829,0.799,0.837,0.661,0.568,0.794,0.872,0.737,0.799,0.934,D,D,C-,C,D,D-,D+,D,F,19139
420454008012,1226,0.267,0.799,0.568,0.661,0.837,0.794,0.835,0.543,0.934,B+,D,C,C-,D,D,D,C,F,19139
420454017001,2714,0.241,0.821,0.694,0.611,0.756,0.821,0.858,0.837,0.844,B+,D,D+,C,D+,D,D-,D,D,19139
420454018001,1409,0.299,0.774,0.756,0.694,0.78,0.934,0.799,0.694,0.844,B+,D,D+,D+,D,F,D,D+,D,19139
420454018002,1021,0.299,0.711,0.737,0.611,0.78,0.737,0.694,0.78,0.844,B+,D+,D+,C,D,D+,D+,D,D,19139
420454088001,1192,0.278,0.244,0.482,0.467,0.768,0.467,0.206,0.143,0.78,B+,B+,C+,C+,D+,C+,A-,A,D,19131
420454089001,1519,0.078,0.52,0.337,0.197,0.751,0.428,0.045,0.267,0.694,A,C+,B,A-,D+,B-,A+,B+,D+,19131
420454089002,1579,0.156,0.467,0.278,0.395,0.711,0.611,0.181,0.388,0.799,A-,C+,B+,B-,D+,C,A-,B-,D,19131
420454090001,1509,0.417,0.385,0.236,0.362,0.737,0.467,0.187,0.369,0.799,B-,B-,B+,B,D+,C+,A-,B,D,19131
420454105001,1212,0.336,0.858,0.644,0.821,0.866,0.934,0.814,0.866,0.846,B,D-,C-,D,D-,F,D,D-,D,19131;19139
420454105002,1159,0.895,0.934,0.837,0.934,0.954,0.961,0.934,0.913,0.858,D-,F,D,F,F,F,F,D-,D-,19139
420454105003,931,0.954,0.934,0.889,0.846,0.895,0.991,0.954,0.934,0.934,F,F,D-,D,D-,F,F,F,F,19139
420454105004,881,0.445,0.934,0.794,0.774,0.846,0.954,0.895,0.895,0.934,B-,F,D,D,D,F,D-,D-,F,19139
420454105005,1136,0.004,0.692,0.34,0.597,0.737,0.611,0.504,0.337,0.751,A+,C-,B,C,D+,C,C+,B,D+,19139
420512601001,1024,,0.52,0.543,0.428,0.737,0.236,,0.644,,,C+,C,B-,D+,B+,,C-,,15022
420512601002,1355,,0.644,0.78,0.694,0.598,0.445,,0.156,,,C-,D,D+,C,B-,,A-,,15022
420691002001,1259,,0.954,0.611,0.711,0.661,0.694,,0.756,,,F,C,D+,C-,D+,,D+,,18510
420691002002,2197,,0.985,0.889,0.895,0.661,0.954,,0.961,,,F,D-,D-,C-,F,,F,,18510
420691003001,1485,,0.934,0.467,0.316,0.336,0.238,,0.523,,,F,C+,B,B,B+,,C+,,18510
420691003002,1137,,0.835,0.913,0.756,0.658,0.799,,0.799,,,D,D-,D+,C-,D,,D,,18510
420691003003,1606,,0.52,0.737,0.238,0.385,0.337,,0.644,,,C+,D+,B+,B-,B,,C-,,18510
420691004001,1140,,0.428,0.799,0.598,0.282,0.482,,0.418,,,B-,D,C,B+,C+,,B-,,18510
420691004002,899,,0.799,0.934,0.711,0.644,0.78,,0.799,,,D,F,D+,C-,D,,D,,18510
420691005001,1104,,0.756,0.889,0.644,0.568,0.694,,0.661,,,D+,D-,C-,C,D+,,C-,,18510
420691005002,1091,,0.658,0.934,0.814,0.445,0.543,,0.658,,,C-,F,D,B-,C,,C-,,18510
420691006001,842,,0.353,0.644,0.467,0.566,0.361,,0.543,,,B,C-,C+,C,B,,C,,18510
420691006002,1089,,0.24,0.78,0.428,0.369,0.482,,0.362,,,B+,D,B-,B,C+,,B,,18510
420691006003,907,,0.417,0.78,0.337,0.52,0.417,,0.469,,,B-,D,B,C+,B-,,C+,,18510
420691006004,1432,,0.799,0.961,0.799,0.694,0.934,,0.934,,,D,F,D,D+,F,,F,,18510
420691008001,1880,,0.694,0.78,0.611,0.388,0.598,,0.644,,,D+,D,C,B-,C,,C-,,18510
420691008002,1223,,0.799,0.895,0.837,0.598,0.866,,0.837,,,D,D-,D,C,D-,,D,,18510
420691009001,1571,,0.751,0.934,0.756,0.611,0.814,,0.737,,,D+,F,D+,C,D,,D+,,18510
420691010002,686,,0.482,0.694,0.611,0.445,0.543,,0.445,,,C+,D+,C,B-,C,,B-,,18510
420691010003,1058,,0.267,0.611,0.467,0.369,0.504,,0.31,,,B+,C,C+,B,C+,,B,,18510
420691012001,715,,0.658,0.934,0.694,0.7,0.799,,0.644,,,C-,F,D+,D+,D,,C-,,18519
420691012002,1337,,0.895,0.991,0.889,0.735,0.961,,0.846,,,D-,F,D-,D+,F,,D,,18519
420691012003,674,,0.768,0.895,0.768,0.568,0.934,,0.711,,,D+,D-,D+,C,F,,D+,,18519
420691013002,808,,0.858,0.934,0.658,0.658,0.756,,0.598,,,D-,F,C-,C-,D+,,C,,18510
420691014001,1535,,0.751,0.934,0.694,0.686,0.694,,0.658,,,D+,F,D+,C-,D+,,C-,,18510
420691014002,1196,,0.866,0.934,0.799,0.774,0.895,,0.78,,,D-,F,D,D,D-,,D,,18510
420691016001,1253,,0.568,0.78,0.611,0.428,0.445,,0.428,,,C,D,C,B-,B-,,B-,,18510
420691016002,1276,,0.756,0.837,0.598,0.658,0.837,,0.694,,,D+,D,C,C-,D,,D+,,18510
420691017001,940,,0.611,0.895,0.467,0.568,0.543,,0.543,,,C,D-,C+,C,C,,C,,18510
420691017002,1008,,0.598,0.846,0.751,0.385,0.445,,0.467,,,C,D,D+,B-,B-,,C+,,18510
420691017003,1116,,0.52,0.711,0.385,0.523,0.467,,0.523,,,C+,D+,B-,C+,C+,,C+,,18510
420691018002,1789,,0.568,0.837,0.774,0.111,0.348,,0.212,,,C,D,D,A,B,,A-,,18510
420691019001,864,,0.799,0.934,0.858,0.597,0.625,,0.523,,,D,F,D-,C,C-,,C+,,18510
420691019002,548,,0.846,0.985,0.858,0.711,0.858,,0.821,,,D,F,D-,D+,D-,,D,,18510
420691020001,998,,0.751,0.78,0.658,0.523,0.504,,0.78,,,D+,D,C-,C+,C+,,D,,18510
420691020002,1135,,0.774,0.895,0.658,0.694,0.756,,0.756,,,D,D-,C-,D+,D+,,D+,,18510
420691021001,1169,,0.694,0.935,0.611,0.644,0.598,,0.658,,,D+,F,C,C-,C,,C-,,18510
420691021002,1153,,0.835,0.895,0.543,0.644,0.751,,0.523,,,D,D-,C,C-,D+,,C+,,18510
420691022001,631,,0.661,0.858,0.568,0.467,0.774,,0.658,,,C-,D-,C,C+,D,,C-,,18510
420691022002,903,,0.692,0.935,0.504,0.469,0.78,,0.78,,,C-,F,C+,C+,D,,D,,18510
420691022003,878,,0.598,0.814,0.482,0.504,0.598,,0.597,,,C,D,C+,C+,C,,C,,18510
420691023001,888,,0.837,0.934,0.756,0.543,0.774,,0.764,,,D,F,D+,C,D,,D+,,18510
420691023002,747,,0.991,0.991,0.991,0.846,0.991,,0.991,,,F,F,F,D,F,,F,,18510
420691023003,1093,,0.895,0.934,0.768,0.694,0.934,,0.835,,,D-,F,D+,D+,F,,D,,18510
420691023004,863,,0.913,0.934,0.799,0.694,0.934,,0.934,,,D-,F,D,D+,F,,F,,18510
420691025001,1170,,0.858,0.934,0.846,0.774,0.895,,0.895,,,D-,F,D,D,D-,,D-,,18510
420691025002,635,,0.954,0.954,0.821,0.774,0.895,,0.764,,,F,F,D,D,D-,,D+,,18510
420691025003,744,,0.934,0.954,0.774,0.774,0.889,,0.768,,,F,F,D,D,D-,,D+,,18510
420691025004,697,,0.954,0.991,0.983,0.799,0.985,,0.991,,,F,F,F,D,F,,F,,18510
420691026001,741,,0.796,0.866,0.658,0.644,0.78,,0.858,,,D,D-,C-,C-,D,,D-,,18510
420691026002,1084,,0.78,0.821,0.737,0.658,0.711,,0.711,,,D,D,D+,C-,D+,,D+,,18510
420691026003,691,,0.991,0.954,0.991,0.799,0.934,,0.934,,,F,F,F,D,F,,F,,18510
420691027001,1432,,0.711,0.858,0.568,0.504,0.543,,0.737,,,D+,D-,C,C+,C,,D+,,18510
420691027002,1434,,0.598,0.844,0.504,0.568,0.523,,0.658,,,C,D,C+,C,C+,,C-,,18510
420691028001,746,,0.543,0.934,0.694,0.597,0.445,,0.445,,,C,F,D+,C,B-,,B-,,18510
420691028003,874,,0.543,0.913,0.523,0.34,0.445,,0.523,,,C,D-,C+,B,B-,,C+,,18510
420691029001,1500,,0.694,0.934,0.658,0.611,0.644,,0.694,,,D+,F,C-,C,C-,,D+,,18510
420691030001,821,,0.814,0.985,0.837,0.658,0.934,,0.895,,,D,F,D,C-,F,,D-,,18510
420691030002,1337,,0.694,0.858,0.644,0.348,0.694,,0.711,,,D+,D-,C-,B,D+,,D+,,18510
420691112003,1431,,0.417,0.598,0.711,0.362,0.543,,0.353,,,B-,C,D+,B,C,,B,,18519
420691112004,1442,,0.417,0.694,0.694,0.241,0.445,,0.385,,,B-,D+,D+,B+,B-,,B-,,18519
420691112005,1138,,,0.711,,0.417,,,0.467,,,,D+,,B-,,,C+,,18519
420691113001,955,,,0.694,,0.428,,,0.694,,,,D+,,B-,,,D+,,18519
420691113002,751,,,0.866,,0.657,,,0.771,,,,D-,,C-,,,D,,18519
420691114001,1580,,0.299,0.362,0.482,0.267,0.395,,0.417,,,B+,B,C+,B+,B-,,B-,,18519
420691114002,1038,,0.895,0.944,0.991,0.619,0.954,,0.954,,,D-,F,F,C-,F,,F,,18519
420691114003,788,,0.694,0.835,0.794,0.428,0.686,,0.467,,,D+,D,D,B-,C-,,C+,,18519
420691115001,2069,,0.428,0.597,0.625,0.035,0.282,,0.48,,,B-,C,C-,A+,B+,,C+,,18519
420691115002,1298,,0.568,0.774,0.934,0.52,0.543,,0.661,,,C,D,F,C+,C,,C-,,18519
420691116001,1611,,0.934,0.961,0.954,0.598,0.846,,0.961,,,F,F,F,C,D,,F,,18519
420691116002,1060,,0.597,0.7,0.837,0.348,0.417,,0.711,,,C,D+,D,B,B-,,D+,,18519
420691117001,1124,,0.566,0.845,0.858,0.737,0.597,,0.751,,,C,D,D-,D+,C,,D+,,18519
420691117002,940,,0.566,0.611,0.711,0.644,0.611,,0.737,,,C,C,D+,C-,C,,D+,,18519
420691117003,1049,,0.568,0.772,0.694,0.692,0.566,,0.694,,,C,D,D+,C-,C,,D+,,18519
420691120001,1797,,0.568,0.737,0.445,0.348,0.361,,0.43,,,C,D+,B-,B,B,,B-,,18510
420691120002,1692,,0.895,0.934,0.837,0.467,0.644,,0.737,,,D-,F,D,C+,C-,,D+,,18510
420691120003,877,,0.658,0.895,0.737,0.337,0.644,,0.686,,,C-,D-,D+,B,C-,,C-,,18510
420691121001,1122,,0.598,0.889,0.764,0.644,0.694,,0.694,,,C,D-,D+,C-,D+,,D+,,18510
420691121002,1097,,0.523,0.913,0.78,0.543,0.644,,0.611,,,C+,D-,D,C,C-,,C,,18510
420691121003,970,,0.837,0.837,0.737,0.543,0.799,,0.597,,,D,D,D+,C,D,,C,,18510
420691121004,1104,,0.52,0.78,0.388,0.321,0.395,,0.348,,,C+,D,B-,B,B-,,B,,18510
420691122001,1209,,0.273,0.694,0.568,0.361,0.278,,0.417,,,B+,D+,C,B,B+,,B-,,18510
420691122002,1436,,0.482,0.794,0.282,0.273,0.111,,0.278,,,C+,D,B+,B+,A,,B+,,18510
420691123001,714,,0.889,0.814,0.764,0.658,0.794,,0.568,,,D-,D,D+,C-,D,,C,,18510
420691123002,791,,0.737,0.934,0.737,0.597,0.78,,0.644,,,D+,F,D+,C,D,,C-,,18510
420691123003,1233,,0.611,0.934,0.566,0.388,0.504,,0.597,,,C,F,C,B-,C+,,C,,18510
420691125006,1186,,0.913,0.985,0.895,0.611,0.895,,0.934,,,D-,F,D-,C,D-,,F,,18510
420730001001,1898,,0.644,0.661,0.482,0.737,0.482,,0.34,,,C-,C-,C+,D+,C+,,B,,16101
420730001002,2445,,0.369,0.597,0.197,0.568,0.143,,0.144,,,B,C,A-,C,A,,A,,16101
420730002001,2020,,0.711,0.858,0.523,0.821,0.658,,0.543,,,D+,D-,C+,D,C-,,C,,16101
420730003001,1514,,0.644,0.814,0.445,0.835,0.625,,0.543,,,C-,D,B-,D,C-,,C,,16101
420730003002,1231,,0.598,0.794,0.661,0.658,0.469,,0.661,,,C,D,C-,C-,C+,,C-,,16101
420730003003,953,,0.694,0.846,0.417,0.814,0.658,,0.467,,,D+,D,B-,D,C-,,C+,,16101
420730004001,1162,,0.954,0.934,0.467,0.821,0.661,,0.504,,,F,F,C+,D,C-,,C+,,16101
420730004002,614,,0.983,0.954,0.961,0.844,0.889,,0.983,,,F,F,F,D,D-,,F,,16101
420730006001,950,,0.611,0.814,0.361,0.78,0.316,,0.658,,,C,D,B,D,B,,C-,,16101
420730007001,926,,0.799,0.961,0.625,0.837,0.872,,0.644,,,D,F,C-,D,D-,,C-,,16101
420730007002,882,,0.756,0.858,0.504,0.799,0.844,,0.694,,,D+,D-,C+,D,D,,D+,,16101
420730008001,1872,,0.504,0.799,0.089,0.794,0.482,,0.395,,,C+,D,A,D,C+,,B-,,16101
420730008002,2148,,0.799,0.934,0.299,0.837,0.799,,0.568,,,D,F,B+,D,D,,C,,16101
420730009002,1136,,0.895,0.934,0.799,0.872,0.858,,0.598,,,D-,F,D,D-,D-,,C,,16101
420730010001,572,,0.872,0.866,0.598,0.837,0.895,,0.661,,,D-,D-,C,D,D-,,C-,,16101
420730010002,1047,,0.768,0.794,0.105,0.799,0.568,,0.467,,,D+,D,A,D,C,,C+,,16101
420730102021,1243,,0.361,0.052,0.187,0.361,0.089,,0.122,,,B,A+,A-,B,A,,A,,16101
420730106001,1537,,0.568,0.321,0.395,0.482,0.212,,0.644,,,C,B,B-,C+,A-,,C-,,16101
420730106002,723,,0.566,0.282,0.111,0.543,0.214,,0.078,,,C,B+,A,C,A-,,A,,16101
420730107001,2162,,0.504,0.694,0.237,0.692,0.267,,0.212,,,C+,D+,B+,C-,B+,,A-,,16101
420730107002,584,,0.934,0.961,0.799,0.625,0.844,,0.934,,,F,F,D,C-,D,,F,,16101
420730108003,817,,0.598,0.611,0.428,0.568,0.52,,0.388,,,C,C,B-,C,C+,,B-,,16101
420730109003,1028,,0.06,0.244,0.181,0.004,0.267,,0.048,,,A+,B+,A-,A+,B+,,A+,,16101
420730110001,1052,,0.694,0.711,0.711,0.52,0.568,,0.504,,,D+,D+,D+,C+,C,,C+,,16101
420730110002,1142,,0.244,0.467,0.321,0.185,0.694,,0.078,,,B+,C+,B,A-,D+,,A,,16101
420730110003,794,,0.895,0.985,0.866,0.774,0.954,,0.961,,,D-,F,D-,D,F,,F,,16101
420730111001,780,,0.794,0.799,0.362,0.768,0.625,,0.523,,,D,D,B,D+,C-,,C+,,16101
420730111002,1564,,0.694,0.644,0.469,0.611,0.568,,0.467,,,D+,C-,C+,C,C,,C+,,16101
420912043001,439,0.954,0.846,0.751,0.644,0.858,0.934,0.895,0.846,0.913,F,D,D+,C-,D-,F,D-,D,D-,19131
420912043004,879,0.774,0.711,0.568,0.428,0.837,0.844,0.837,0.694,0.889,D,D+,C,B-,D,D,D,D+,D-,19131
420912043005,1560,0.111,0.566,0.482,0.285,0.774,0.768,0.711,0.737,0.837,A,C,C+,B+,D,D+,D+,D+,D,19131
420912044002,1139,0.52,0.212,0.523,0.337,0.846,0.658,0.52,0.267,0.711,C+,A-,C+,B,D,C-,C+,B+,D+,19131
420912044003,698,0.122,0.751,0.52,0.644,0.858,0.895,0.794,0.799,0.895,A,D+,C+,C-,D-,D-,D,D,D-,19131
420912044004,1711,0.181,0.348,0.316,0.467,0.737,0.523,0.504,0.756,0.737,A-,B,B,C+,D+,C+,C+,D+,D+,19131
420912045001,2248,0.385,0.237,0.611,0.267,0.737,0.523,0.267,0.348,0.78,B-,B+,C,B+,D+,C+,B+,B,D,19131
420912045002,2740,0.237,0.467,0.482,0.267,0.711,0.611,0.417,0.428,0.711,B+,C+,C+,B+,D+,C,B-,B-,D+,19131
420912046002,2367,0.105,0.417,0.611,0.543,0.774,0.504,0.611,0.214,0.858,A,B-,C,C,D,C+,C,A-,D-,19131
420912054011,2315,0.428,0.467,0.764,0.122,0.658,0.597,0.336,0.417,0.814,B-,C+,D+,A,C-,C,B,B-,D,19131
420912054021,1748,0.111,0.004,0.694,0.212,0.799,0.504,0.348,0.326,0.756,A,A+,D+,A-,D,C+,B,B,D+,19131
420912055012,878,0.43,0.597,0.799,0.31,0.711,0.299,0.282,0.737,0.764,B-,C,D,B,D+,B+,B+,D+,D+,19131
420912055021,943,0.153,0.362,0.597,0.348,0.644,0.598,0.362,0.504,0.711,A,B,C,B,C-,C,B,C+,D+,19131
420912055022,883,0.395,0.362,0.181,0.278,0.694,0.598,0.021,0.106,0.78,B-,B,A-,B+,D+,C,A+,A,D,19131
420912055023,961,0.181,0.278,0.417,0.278,0.737,0.523,0.004,0.337,0.711,A-,B+,B-,B+,D+,C+,A+,B,D+,19131
420912055024,1025,0.187,0.31,0.523,0.336,0.694,0.566,0.143,0.111,0.737,A-,B,C+,B,D+,C,A,A,D+,19131
420912055031,2569,0.467,0.52,0.756,0.467,0.711,0.611,0.737,0.467,0.858,C+,C+,D+,C+,D+,C,D+,C+,D-,19131
420912055032,1643,0.412,0.348,0.568,0.412,0.694,0.658,0.316,0.566,0.821,B-,B,C,B-,D+,C-,B,C,D,19131
420912055033,1398,0.24,0.353,0.523,0.348,0.686,0.611,0.237,0.121,0.799,B+,B,C+,B,C-,C,B+,A,D,19131
420912056001,908,0.278,0.236,0.412,0.173,0.711,0.34,0.267,0.078,0.78,B+,B+,B-,A-,D+,B,B+,A,D,19131
420912056002,1005,0.611,0.751,0.844,0.445,0.821,0.858,0.913,0.846,0.934,C,D+,D,B-,D,D-,D-,D,F,19131
420912056004,2288,0.06,0.187,0.52,0.24,0.78,0.241,0.417,0.299,0.78,A+,A-,C+,B+,D,B+,B-,B+,D,19131
421010072002,728,0.78,0.954,0.985,0.961,0.934,0.991,0.889,0.991,0.837,D,F,F,F,F,F,D-,F,D,19139
421010072006,928,0.17,0.889,0.751,0.983,0.934,0.895,0.799,0.846,0.751,A-,D-,D+,F,F,D-,D,D,D+,19139
421010073003,645,0.794,0.837,0.872,0.858,0.985,0.737,0.768,0.821,0.694,D,D,D-,D-,F,D+,D+,D,D+,19139
421010073004,880,0.992,0.934,0.913,0.799,0.954,0.889,0.858,0.913,0.837,F,F,D-,D,F,D-,D-,D-,D,19139
421010074001,659,,,0.846,,,,,,,,,D,,,,,,,19139
421010077001,1667,0.09,0.43,0.597,0.661,0.837,0.686,0.686,0.611,0.661,A,B-,C,C-,D,C-,C-,C,C-,19139
421010077002,635,0.895,0.737,0.694,0.866,0.934,0.895,0.934,0.711,0.799,D-,D+,D+,D-,F,D-,F,D+,D,19139
421010078001,893,0.523,0.611,0.737,0.611,0.837,0.837,0.799,0.523,0.711,C+,C,D+,C,D,D,D,C+,D+,19139
421010078002,543,0.866,0.568,0.445,0.658,0.821,0.78,0.756,0.388,0.658,D-,C,B-,C-,D,D,D+,B-,C-,19139
421010078003,836,0.267,0.658,0.658,0.794,0.837,0.866,0.774,0.658,0.799,B+,C-,C-,D,D,D-,D,C-,D,19139
421010078004,969,0.889,0.504,0.764,0.737,0.889,0.866,0.889,0.523,0.694,D-,C+,D+,D+,D-,D-,D-,C+,D+,19139
421010078005,1117,0.794,0.568,0.913,0.751,0.821,0.935,0.858,0.756,0.711,D,C,D-,D+,D,F,D-,D+,D+,19139
421010079001,1078,0.78,0.282,0.362,0.597,0.846,0.858,0.737,0.388,0.658,D,B+,B,C,D,D-,D+,B-,C-,19139
421010079002,1457,0.756,0.445,0.694,0.597,0.895,0.895,0.543,0.686,0.711,D+,B-,D+,C,D-,D-,C,C-,D+,19139
421010079003,1073,0.568,0.611,0.844,0.711,0.889,0.866,0.794,0.846,0.694,C,C,D,D+,D-,D-,D,D,D+,19139
421010079004,1114,0.388,0.52,0.568,0.611,0.866,0.611,0.417,0.504,0.644,B-,C+,C,C,D-,C,B-,C+,C-,19139
421010080001,1068,0.934,0.711,0.821,0.711,0.895,0.889,0.756,0.711,0.661,F,D+,D,D+,D-,D-,D+,D+,C-,19139
421010080002,933,0.954,0.821,0.954,0.934,0.961,0.934,0.889,0.913,0.764,F,D,F,F,F,F,D-,D-,D+,19139
421010080003,746,0.954,0.889,0.794,0.768,0.934,0.961,0.751,0.837,0.737,F,D-,D,D+,F,F,D+,D,D+,19139
421010080004,1195,0.385,0.895,0.523,0.934,0.991,0.895,0.611,0.895,0.737,B-,D-,C+,F,F,D-,C,D-,D+,19139
421010081011,1051,0.144,0.934,0.895,0.954,0.934,0.934,0.756,0.913,0.751,A,F,D-,F,F,F,D+,D-,D+,19139
421010081012,1664,0.035,0.934,0.895,0.935,0.895,0.895,0.837,0.934,0.737,A+,F,D-,F,D-,D-,D,F,D+,19139
421010081022,869,0.913,0.846,0.935,0.954,0.934,0.913,0.872,0.837,0.737,D-,D,F,F,F,D-,D-,D,D+,19139
421010081023,1455,0.004,0.889,0.611,0.985,0.866,0.737,0.644,0.821,0.686,A+,D-,C,F,D-,D+,C-,D,C-,19139
421010081024,1852,0.028,0.837,0.711,0.889,0.814,0.711,0.568,0.686,0.711,A+,D,D+,D-,D,D+,C,C-,D+,19139
421010082001,1015,0.128,0.895,0.866,0.961,0.895,0.954,0.711,0.934,0.661,A,D-,D-,F,D-,F,D+,F,C-,19139
421010082002,1047,0.954,0.934,0.991,0.954,0.934,0.934,0.445,0.895,0.737,F,F,F,F,F,F,B-,D-,D+,19139
421010082003,1104,0.173,0.799,0.737,0.872,0.866,0.821,0.362,0.658,0.694,A-,D,D+,D-,D-,D,B,C-,D+,19139
421010082004,787,0.895,0.934,0.568,0.895,0.934,0.954,0.821,0.895,0.768,D-,F,C,D-,F,F,D,D-,D+,19139
421010082005,729,0.004,0.837,0.846,0.954,0.895,0.711,0.482,0.737,0.658,A+,D,D,F,D-,D+,C+,D+,C-,19139
421010082006,1370,0.048,0.751,0.336,0.934,0.566,0.598,0.348,0.598,0.774,A+,D+,B,F,C,C,B,C,D,19139
421010082007,883,0.543,0.858,0.858,0.895,0.934,0.858,0.625,0.694,0.694,C,D-,D-,D-,F,D-,C-,D+,D+,19139
421010083011,1276,0.568,0.961,0.985,0.991,0.991,0.991,0.954,0.954,0.737,C,F,F,F,F,F,F,F,D+,19131;19139
421010083012,1797,0.004,0.796,0.799,0.934,0.895,0.694,0.751,0.566,0.661,A+,D,D,F,D-,D+,D+,C,C-,19139
421010083013,1237,0.181,0.934,0.934,0.934,0.954,0.913,0.837,0.961,0.799,A-,F,F,F,F,D-,D,F,D,19139
421010083021,983,0.004,0.858,0.611,0.895,0.872,0.756,0.504,0.764,0.694,A+,D-,C,D-,D-,D+,C+,D+,D+,19139
421010083022,1982,0.187,0.954,0.934,0.895,0.764,0.961,0.961,0.934,0.846,A-,F,F,D-,D+,F,F,F,D,19139
421010083023,990,0.711,0.934,0.889,0.985,0.991,0.953,0.895,0.889,0.814,D+,F,D-,F,F,F,D-,D-,D,19139
421010083024,1043,0.048,0.889,0.895,0.934,0.846,0.858,0.598,0.866,0.711,A+,D-,D-,F,D,D-,C,D-,D+,19139
421010084001,1107,0.004,0.799,0.658,0.934,0.846,0.694,0.504,0.417,0.694,A+,D,C-,F,D,D+,C+,B-,D+,19139
421010084002,809,0.122,0.858,0.799,0.991,0.991,0.799,0.794,0.895,0.694,A,D-,D,F,F,D,D,D-,D+,19139
421010084004,762,0.686,0.895,0.711,0.934,0.934,0.934,0.961,0.866,0.661,C-,D-,D+,F,F,F,F,D-,C-,19139
421010084005,723,0.388,0.858,0.768,0.961,0.895,0.821,0.737,0.954,0.694,B-,D-,D+,F,D-,D,D+,F,D+,19139
421010084006,570,0.991,0.954,0.821,0.889,0.961,0.895,0.895,0.954,0.774,F,F,D,D-,F,D-,D-,F,D,19139
421010085001,660,0.711,0.934,0.78,0.895,0.934,0.954,0.774,0.774,0.814,D+,F,D,D-,F,F,D,D,D,19139
421010085002,891,0.934,0.895,0.889,0.954,0.934,0.954,0.821,0.78,0.799,F,D-,D-,F,F,F,D,D,D,19139
421010085003,887,0.985,0.934,0.895,0.934,0.954,0.934,0.523,0.954,0.78,F,F,D-,F,F,F,C+,F,D,19139
421010085005,1239,0.014,0.837,0.658,0.889,0.895,0.855,0.568,0.694,0.711,A+,D,C-,D-,D-,D-,C,D+,D+,19139
421010085007,1305,0.991,0.985,0.954,0.991,0.866,0.985,0.895,0.991,0.855,F,F,F,F,D-,F,D-,F,D-,19139
421010086011,1149,0.837,0.846,0.751,0.837,0.895,0.895,0.837,0.844,0.644,D,D,D+,D,D-,D-,D,D,C-,19139
421010086012,2063,0.09,0.299,0.814,0.543,0.694,0.799,0.597,0.445,0.644,A,B+,D,C,D+,D,C,B-,C-,19139
421010086021,1419,0.353,0.799,0.711,0.799,0.866,0.985,0.934,0.866,0.711,B,D,D+,D,D-,F,F,D-,D+,19139
421010086022,1192,0.326,0.737,0.34,0.751,0.846,0.737,0.523,0.794,0.737,B,D+,B,D+,D,D+,C+,D,D+,19139
421010086023,841,0.991,0.954,0.568,0.858,0.934,0.934,0.799,0.711,0.737,F,F,C,D-,F,F,D,D+,D+,19139
421010087011,1192,0.212,0.428,0.388,0.598,0.794,0.694,0.751,0.212,0.661,A-,B-,B-,C,D,D+,D+,A-,C-,19139
421010087012,1229,0.06,0.077,0.543,0.644,0.711,0.598,0.814,0.078,0.644,A+,A,C,C-,D+,C,D,A,C-,19139
421010087013,1926,0.445,0.711,0.774,0.658,0.837,0.934,0.934,0.658,0.774,B-,D+,D,C-,D,F,F,C-,D,19139
421010087021,770,0.048,0.362,0.504,0.796,0.694,0.523,0.872,0.644,0.692,A+,B,C+,D,D+,C+,D-,C-,C-,19139
421010087022,1183,0.021,0.504,0.543,0.644,0.78,0.428,0.866,0.52,0.658,A+,C+,C,C-,D,B-,D-,C+,C-,19139
421010087023,1488,0.661,0.52,0.737,0.598,0.889,0.799,0.934,0.694,0.711,C-,C+,D+,C,D-,D,F,D+,D+,19139
421010088011,1600,0.658,0.794,0.156,0.737,0.821,0.934,0.991,0.111,0.694,C-,D,A-,D+,D,F,F,A,D+,19139
421010088021,1023,0.035,0.348,0.644,0.644,0.846,0.625,0.846,0.128,0.694,A+,B,C-,C-,D,C-,D,A,D+,19139
421010088022,1431,0.737,0.889,0.737,0.837,0.837,0.961,0.985,0.658,0.737,D+,D-,D+,D,D,F,F,C-,D+,19139
421010088023,1179,0.165,0.418,0.756,0.611,0.799,0.644,0.934,0.568,0.694,A-,B-,D+,C,D,C-,F,C,D+,19139
421010088024,1820,0.173,0.045,0.105,0.711,0.768,0.445,0.895,0.048,0.694,A-,A+,A,D+,D+,B-,D-,A+,D+,19139
421010088025,1127,0.428,0.694,0.543,0.814,0.855,0.866,0.954,0.543,0.799,B-,D+,C,D,D-,D-,F,C,D,19139
421010090001,2323,0.004,0.858,0.077,0.598,0.658,0.181,0.895,0.004,0.658,A+,D-,A,C,C-,A-,D-,A+,C-,19139
421010090002,1900,0.185,0.469,0.661,0.694,0.846,0.694,0.756,0.412,0.658,A-,C+,C-,D+,D,D+,D+,B-,C-,19131;19139
421010090003,3471,0.014,0.077,0.395,0.543,0.756,0.273,0.764,0.128,0.694,A+,A,B-,C,D+,B+,D+,A,D+,19139
421010091001,983,0.934,0.895,0.837,0.821,0.895,0.889,0.934,0.821,0.661,F,D-,D,D,D-,D-,F,D,C-,19139
421010091002,1397,0.866,0.846,0.566,0.821,0.895,0.913,0.846,0.625,0.711,D-,D,C,D,D-,D-,D,C-,D+,19139
421010091003,1554,0.035,0.764,0.417,0.895,0.821,0.658,0.913,0.756,0.686,A+,D+,B-,D-,D,C-,D-,D+,C-,19139
421010092001,1773,0.428,0.934,0.694,0.846,0.78,0.935,0.846,0.934,0.799,B-,F,D+,D,D,F,D,F,D,19131;19139
421010092002,2201,0.267,0.644,0.523,0.737,0.837,0.837,0.858,0.821,0.658,B+,C-,C+,D+,D,D,D-,D,C-,19131;19139
421010093002,890,0.267,0.844,0.482,0.934,0.895,0.768,0.543,0.597,0.644,B+,D,C+,F,D-,D+,C,C,C-,19139
421010093003,741,0.934,0.913,0.694,0.954,0.934,0.954,0.872,0.799,0.837,F,D-,D+,F,F,F,D-,D,D,19139
421010093004,799,0.31,0.895,0.661,0.991,0.934,0.954,0.774,0.866,0.821,B,D-,C-,F,F,F,D,D-,D,19139
421010093005,1232,0.934,0.935,0.889,0.961,0.983,0.895,0.737,0.934,0.644,F,F,D-,F,F,D-,D+,F,C-,19139
421010094001,626,0.543,0.934,0.467,0.954,0.934,0.889,0.774,0.985,0.644,C,F,C+,F,F,D-,D,F,C-,19139
421010094002,1258,0.711,0.934,0.846,0.985,0.991,0.934,0.858,0.934,0.625,D+,F,D,F,F,F,D-,F,C-,19131;19139
421010094004,1290,0.625,0.934,0.644,0.934,0.954,0.961,0.855,0.934,0.661,C-,F,C-,F,F,F,D-,F,C-,19139
421010095001,684,0.299,0.866,0.935,0.934,0.934,0.866,0.799,0.858,0.711,B+,D-,F,F,F,D-,D,D-,D+,19139
421010095002,845,0.625,0.934,0.644,0.985,0.889,0.895,0.711,0.814,0.694,C-,F,C-,F,D-,D-,D+,D,D+,19139
421010095003,1760,0.004,0.889,0.694,0.961,0.934,0.768,0.794,0.866,0.644,A+,D-,D+,F,F,D+,D,D-,C-,19131;19139
421010096001,1197,0.895,0.895,0.866,0.895,0.991,0.934,0.935,0.961,0.711,D-,D-,D-,D-,F,F,F,F,D+,19131;19139
421010096002,752,0.895,0.895,0.858,,0.934,0.954,0.934,,,D-,D-,D-,,F,F,F,,,19139
421010096003,867,0.934,0.954,0.866,0.954,0.985,0.954,0.799,0.934,0.694,F,F,D-,F,F,F,D,F,D+,19139
421010096004,734,0.846,0.935,0.837,0.983,0.991,0.991,0.985,0.991,0.737,D,F,D,F,F,F,F,F,D+,19139
421010096005,725,0.694,0.961,0.934,0.934,0.961,0.934,0.934,0.991,0.711,D+,F,F,F,F,F,F,F,D+,19139
421010098011,1029,0.09,0.467,0.156,0.768,0.846,0.644,0.543,0.711,0.837,A,C+,A-,D+,D,C-,C,D+,D,19139
421010098012,1177,0.504,0.78,0.644,0.866,0.895,0.866,0.913,0.821,0.934,C+,D,C-,D-,D-,D-,D-,D,F,19131;19139
421010098021,1848,0.09,0.644,0.417,0.837,0.895,0.543,0.568,0.711,0.799,A,C-,B-,D,D-,C,C,D+,D,19131;19139
421010098022,1968,0.045,0.658,0.111,0.794,0.889,0.611,0.764,0.737,0.794,A+,C-,A,D,D-,C,D+,D+,D,19131;19139
421010098023,1679,0.078,0.658,0.156,0.794,0.934,0.658,0.661,0.694,0.821,A,C-,A-,D,F,C-,C-,D+,D,19131
421010100001,1389,0.009,0.866,0.467,0.934,0.934,0.751,0.661,0.764,0.737,A+,D-,C+,F,F,D+,C-,D+,D+,19131;19139
421010100002,711,0.872,0.935,0.774,0.934,0.934,0.895,0.889,0.934,0.751,D-,F,D,F,F,D-,D-,F,D+,19139
421010100003,679,0.417,0.913,0.395,0.935,0.934,0.889,0.78,0.78,0.837,B-,D-,B-,F,F,D-,D,D,D,19139
421010100004,1618,0.122,0.844,0.467,0.895,0.78,0.889,0.934,0.895,0.78,A,D,C+,D-,D,D-,F,D-,D,19131;19139
421010101001,845,0.895,0.961,0.686,0.991,0.991,0.934,0.866,0.991,0.737,D-,F,C-,F,F,F,D-,F,D+,19139
421010101002,813,0.035,0.889,0.122,0.985,0.597,0.543,0.337,0.428,0.644,A+,D-,A,F,C,C,B,B-,C-,19139
421010101003,701,0.273,0.895,0.858,0.889,0.895,0.889,0.895,0.985,0.694,B+,D-,D-,D-,D-,D-,D-,F,D+,19139
421010101004,922,0.794,0.954,0.961,0.991,0.991,0.934,0.954,0.991,0.751,D,F,F,F,F,F,F,F,D+,19139
421010101005,676,0.991,0.954,0.985,0.991,0.991,0.985,0.954,0.991,0.934,F,F,F,F,F,F,F,F,F,19139
421010101006,971,0.658,0.895,0.78,0.983,0.991,0.895,0.78,0.889,0.711,C-,D-,D,F,F,D-,D,D-,D+,19139
421010102001,766,0.543,0.895,0.568,0.934,0.985,0.913,0.774,0.694,0.711,C,D-,C,F,F,D-,D,D+,D+,19139
421010102002,1040,0.504,0.934,0.846,0.983,0.961,0.961,0.889,0.961,0.737,C+,F,D,F,F,F,D-,F,D+,19131;19139
421010102003,1341,0.105,0.934,0.844,0.991,0.991,0.934,0.694,0.991,0.658,A,F,D,F,F,F,D+,F,C-,19139
421010103001,1329,0.658,0.934,0.837,0.991,0.983,0.985,0.858,0.934,0.711,C-,F,D,F,F,F,D-,F,D+,19131;19139
421010103002,1243,0.756,0.934,0.934,0.991,0.983,0.895,0.794,0.935,0.658,D+,F,F,F,F,D-,D,F,C-,19139
421010104001,1455,0.187,0.866,0.598,0.821,0.961,0.794,0.796,0.934,0.658,A-,D-,C,D,F,D,D,F,C-,19139
421010104002,873,0.991,0.961,0.846,0.889,0.961,0.954,0.954,0.954,0.768,F,F,D,D-,F,F,F,F,D+,19131;19139
421010104003,1245,0.934,0.895,0.661,0.934,0.934,0.889,0.658,0.858,0.658,F,D-,C-,F,F,D-,C-,D-,C-,19131;19139
421010105001,1604,0.895,0.934,0.737,0.913,0.837,0.961,0.872,0.895,0.661,D-,F,D+,D-,D,F,D-,D-,C-,19131;19139
421010105002,1759,0.799,0.895,0.644,0.895,0.895,0.934,0.844,0.934,0.658,D,D-,C-,D-,D-,F,D,F,C-,19131;19139
421010106001,685,0.991,0.858,0.934,0.961,0.991,0.961,0.78,0.895,0.889,F,D-,F,F,F,F,D,D-,D-,19139
421010106002,791,0.991,0.934,0.991,0.985,0.934,0.991,0.961,0.991,0.846,F,F,F,F,F,F,F,F,D,19131;19139
421010107001,1219,0.992,0.991,0.991,0.985,0.991,0.991,0.991,0.991,0.954,F,F,F,F,F,F,F,F,F,19131;19139
421010107002,1013,0.991,0.837,0.895,0.934,0.934,0.794,0.568,0.78,0.711,F,D,D-,F,F,D,C,D,D+,19139
421010107003,1247,0.844,0.799,0.543,0.934,0.913,0.737,0.625,0.872,0.694,D,D,C,F,D-,D+,C-,D-,D+,19139
421010108001,1557,0.445,0.934,0.504,0.846,0.895,0.913,0.889,0.935,0.737,B-,F,C+,D,D-,D-,D-,F,D+,19139
421010108002,1190,0.353,0.846,0.737,0.774,0.934,0.913,0.866,0.866,0.711,B,D,D+,D,F,D-,D-,D-,D+,19131;19139
421010108003,1189,0.285,0.889,0.78,0.961,0.821,0.934,0.611,0.895,0.737,B+,D-,D,F,D,F,C,D-,D+,19131;19139
421010109001,1029,0.543,0.799,0.417,0.837,0.895,0.866,0.711,0.935,0.737,C,D,B-,D,D-,D-,D+,F,D+,19139
421010109003,973,0.566,0.846,0.694,0.711,0.913,0.858,0.737,0.934,0.661,C,D,D+,D+,D-,D-,D+,F,C-,19139
421010110001,551,0.934,0.991,0.985,0.934,0.991,0.954,0.985,0.78,0.751,F,F,F,F,F,F,F,D,D+,19131;19139
421010110002,797,0.954,0.794,0.299,0.934,0.913,0.768,0.711,0.428,0.694,F,D,B+,F,D-,D+,D+,B-,D+,19139
421010110003,872,0.895,0.934,0.658,0.985,0.991,0.934,0.895,0.889,0.794,D-,F,C-,F,F,F,D-,D-,D,19139
421010110004,1158,0.837,0.934,0.913,0.934,0.954,0.934,0.858,0.751,0.768,D,F,D-,F,F,F,D-,D+,D+,19139
421010111001,516,0.895,0.985,0.991,0.954,0.985,0.953,0.985,0.991,0.756,D-,F,F,F,F,F,F,F,D+,19131;19139
421010111002,1034,0.185,0.934,0.872,0.934,0.985,0.961,0.934,0.954,0.756,A-,F,D-,F,F,F,F,F,D+,19131;19139
421010111003,754,0.991,0.961,0.991,0.991,0.991,0.985,0.954,0.991,0.934,F,F,F,F,F,F,F,F,F,19131;19139
421010111004,1233,0.244,0.961,0.934,0.991,0.991,0.991,0.954,0.991,0.837,B+,F,F,F,F,F,F,F,D,19131;19139
421010112001,644,0.934,0.991,0.895,0.985,0.991,0.991,0.961,0.991,0.711,F,F,D-,F,F,F,F,F,D+,19139
421010112002,779,0.611,0.985,0.711,0.961,0.985,0.934,0.837,0.991,0.768,C,F,D+,F,F,F,D,F,D+,19139
421010112003,829,0.282,0.895,0.598,0.934,0.985,0.934,0.799,0.954,0.658,B+,D-,C,F,F,F,D,F,C-,19139
421010112004,933,0.611,0.934,0.737,0.934,0.954,0.913,0.78,0.961,0.661,C,F,D+,F,F,D-,D,F,C-,19139
421010112005,792,0.062,0.774,0.598,0.895,0.913,0.686,0.278,0.751,0.658,A+,D,C,D-,D-,C-,B+,D+,C-,19139
421010112006,782,0.837,0.985,0.694,0.985,0.991,0.961,0.799,0.961,0.768,D,F,D+,F,F,F,D,F,D+,19139
421010112007,839,0.028,0.889,0.611,0.934,0.799,0.814,0.644,0.858,0.711,A+,D-,C,F,D,D,C-,D-,D+,19139
421010113001,1042,0.658,0.934,0.694,0.895,0.961,0.934,0.846,0.934,0.694,C-,F,D+,D-,F,F,D,F,D+,19131;19139
421010113002,809,0.004,0.895,0.711,0.934,0.954,0.737,0.611,0.844,0.644,A+,D-,D+,F,F,D+,C,D,C-,19139
421010113003,983,0.122,0.889,0.34,0.961,0.961,0.895,0.611,0.985,0.694,A,D-,B,F,F,D-,C,F,D+,19139
421010114001,1213,0.285,0.953,0.889,0.985,0.991,0.954,0.858,0.961,0.846,B+,F,D-,F,F,F,D-,F,D,19131;19139
421010114002,772,0.694,0.711,0.417,0.961,0.954,0.799,0.568,0.835,0.768,D+,D+,B-,F,F,D,C,D,D+,19139
421010114003,846,0.566,0.794,0.611,0.985,0.934,0.837,0.799,0.954,0.694,C,D,C,F,F,D,D,F,D+,19139
421010114004,898,0.004,0.661,0.267,0.934,0.846,0.611,0.428,0.711,0.611,A+,C-,B+,F,D,C,B-,D+,C,19139
421010114005,1603,0.014,0.711,0.206,0.934,0.895,0.737,0.467,0.658,0.711,A+,D+,A-,F,D-,D+,C+,C-,D+,19131;19139
421010114006,988,0.992,0.934,0.934,0.961,0.985,0.991,0.934,0.954,0.961,F,F,F,F,F,F,F,F,F,19131
421010115001,858,0.337,0.658,0.035,0.858,0.794,0.568,0.504,0.737,0.694,B,C-,A+,D-,D,C,C+,D+,D+,19139
421010115002,1174,0.267,0.751,0.185,0.837,0.858,0.644,0.543,0.751,0.711,B+,D+,A-,D,D-,C-,C,D+,D+,19139
421010115003,1127,0.316,0.799,0.395,0.889,0.837,0.711,0.764,0.799,0.774,B,D,B-,D-,D,D+,D+,D,D,19131;19139
421010115004,945,0.004,0.611,0.128,0.895,0.737,0.395,0.173,0.412,0.774,A+,C,A,D-,D+,B-,A-,B-,D,19139
421010117001,999,0.737,0.31,0.17,0.711,0.799,0.694,0.523,0.597,0.737,D+,B,A-,D+,D,D+,C+,C,D+,19131
421010117002,894,0.321,0.799,0.568,0.835,0.895,0.895,0.821,0.756,0.837,B,D,C,D,D-,D-,D,D+,D,19131
421010118001,736,0.991,0.837,0.78,0.821,0.985,0.953,0.895,0.866,0.774,F,D,D,D,F,F,D-,D-,D,19131
421010118002,1039,0.143,0.799,0.048,0.934,0.934,0.774,0.737,0.694,0.644,A,D,A+,F,F,D,D+,D+,C-,19131
421010118003,1138,0.961,0.991,0.934,0.985,0.991,0.991,0.985,0.983,0.764,F,F,F,F,F,F,F,F,D+,19131
421010118005,1324,0.206,0.768,0.467,0.78,0.934,0.774,0.711,0.814,0.756,A-,D+,C+,D,F,D,D+,D,D+,19131
421010119001,1291,0.445,0.889,,0.934,0.934,0.895,,0.895,0.611,B-,D-,,F,F,D-,,D-,C,19131
421010119002,1685,0.858,0.799,0.417,0.866,0.895,0.78,0.711,0.858,0.694,D-,D,B-,D-,D-,D,D+,D-,D+,19131
421010119004,548,0.991,0.895,0.895,0.934,0.991,0.961,0.934,0.954,0.799,F,D-,D-,F,F,F,F,F,D,19131
421010120001,1943,0.009,0.799,0.395,0.737,0.913,0.846,0.889,0.78,0.794,A+,D,B-,D+,D-,D,D-,D,D,19131
421010121001,1610,0.523,0.858,0.756,0.872,0.934,0.889,0.799,0.78,0.78,C+,D-,D+,D-,F,D-,D,D,D,19131
421010121002,1207,0.658,0.692,0.658,0.694,0.934,0.799,0.799,0.737,0.799,C-,C-,C-,D+,F,D,D,D+,D,19131
421010122011,1237,0.694,0.799,0.237,0.934,0.895,0.895,0.846,0.543,0.837,D+,D,B+,F,D-,D-,D,C,D,19131
421010122012,759,0.299,0.934,0.144,0.934,0.866,0.872,0.895,0.737,0.768,B+,F,A,F,D-,D-,D-,D+,D+,19131
421010122031,658,0.625,0.821,0.418,0.78,0.934,0.991,0.991,0.774,0.846,C-,D,B-,D,F,F,F,D,D,19131
421010122042,1347,0.412,0.846,0.348,0.858,0.935,0.835,0.543,0.658,0.756,B-,D,B,D-,F,D,C,C-,D+,19131
421010122043,935,0.598,0.837,0.181,0.895,0.934,0.954,0.837,0.895,0.858,C,D,A-,D-,F,F,D,D-,D-,19131
421010125022,2052,0.385,0.445,0.078,0.737,0.913,0.751,0.934,0.694,0.658,B-,B-,A,D+,D-,D+,F,D+,C-,19131
421010135002,2205,0.012,0.244,0.236,0.625,0.858,0.661,0.78,0.751,0.611,A+,B+,B+,C-,D-,C-,D,D+,C,19131
421010135003,1312,0.206,0.611,0.361,0.692,0.934,0.658,0.774,0.858,0.644,A-,C,B,C-,F,C-,D,D-,C-,19131
421010137011,729,0.072,0.611,0.658,0.711,0.844,0.598,0.482,0.658,0.658,A+,C,C-,D+,D,C,C+,C-,C-,19131
421010137012,1393,,,,,,,0.644,,,,,,,,,C-,,,19131
421010138001,601,,,0.895,,,,0.799,,,,,D-,,,,D,,,19131
421010138002,1525,0.009,0.844,0.799,0.644,0.934,0.889,0.913,0.934,0.658,A+,D,D,C-,F,D-,D-,F,C-,19131
421010139002,1203,0.004,0.858,0.985,0.895,0.737,0.895,0.756,0.934,0.794,A+,D-,F,D-,D+,D-,D+,F,D,19131
421010139003,850,0.78,0.934,0.866,0.794,0.934,0.934,0.985,0.961,0.658,D,F,D-,D,F,F,F,F,C-,19131
421010148001,1099,0.52,0.934,0.78,0.889,0.821,0.985,0.934,0.954,0.694,C+,F,D,D-,D,F,F,F,D+,19131
421010151021,1488,0.991,0.934,0.774,0.954,0.895,0.895,0.568,0.844,0.711,F,F,D,F,D-,D-,C,D,D+,19131
421010151023,1935,0.244,0.961,0.543,0.934,0.954,0.934,0.768,0.983,0.694,B+,F,C,F,F,F,D+,F,D+,19131
421010152001,2310,0.009,0.954,0.846,0.934,0.737,0.954,0.934,0.991,0.658,A+,F,D,F,D+,F,F,F,C-,19131
421010152003,1884,0.866,0.895,0.821,0.889,0.991,0.889,0.694,0.78,0.694,D-,D-,D,D-,F,D-,D+,D,D+,19131
421010168001,1522,0.889,0.954,0.846,0.961,0.961,0.934,0.983,0.895,0.661,D-,F,D,F,F,F,F,D-,C-,19131
421010169011,1051,0.774,0.934,,0.991,0.954,0.985,,0.866,0.658,D,F,,F,F,F,,D-,C-,19131
421010169013,1255,0.889,0.954,0.756,0.895,0.991,0.985,0.954,0.961,0.661,D-,F,D+,D-,F,F,F,F,C-,19131
421010169024,1330,0.858,0.985,0.658,0.954,0.961,0.889,0.895,0.991,0.737,D-,F,C-,F,F,D-,D-,F,D+,19131
421010170001,1384,0.78,0.913,0.895,0.78,0.934,0.934,0.895,0.954,0.737,D,D-,D-,D,F,F,D-,F,D+,19131
421010170002,491,0.821,0.991,0.985,0.991,0.934,0.991,0.991,0.991,0.895,D,F,F,F,F,F,F,F,D-,19131
421010170003,1251,0.737,0.934,0.774,0.866,0.954,0.895,0.858,0.985,0.858,D+,F,D,D-,F,D-,D-,F,D-,19131
421010171003,1469,0.06,0.934,0.895,0.934,0.846,0.961,0.954,0.954,0.78,A+,F,D-,F,D,F,F,F,D,19131
421010171004,746,0.418,0.934,0.872,0.961,0.837,0.934,0.889,0.935,0.751,B-,F,D-,F,D,F,D-,F,D+,19131
421010207011,1247,0.237,0.737,0.658,0.686,0.866,0.711,0.895,0.751,0.756,B+,D+,C-,C-,D-,D+,D-,D+,D+,19131
421010207012,1796,0.187,0.523,0.121,0.362,0.889,0.78,0.889,0.568,0.694,A-,C+,A,B,D-,D,D-,C,D+,19131
421010207021,855,0.661,0.694,0.504,0.611,0.855,0.837,0.846,0.625,0.756,C-,D+,C+,C,D-,D,D,C-,D+,19131
421010369022,1821,0.128,0.625,0.173,0.625,0.737,0.611,0.991,0.206,0.644,A,C-,A-,C-,D+,C,F,A-,C-,19139
421010369024,783,0.143,0.764,0.52,0.751,0.821,0.961,0.991,0.128,0.611,A,D+,C+,D+,D,F,F,A,C,19139
421010369025,1597,0.31,0.143,0.06,0.598,0.821,0.694,0.799,0.181,0.658,B,A,A+,C,D,D+,D,A-,C-,19139
421010375001,2160,0.048,0.644,0.482,0.799,0.78,0.711,0.711,0.686,0.737,A+,C-,C+,D,D,D+,D+,C-,D+,19131
421010375002,1914,0.071,0.543,0.014,0.774,0.78,0.467,0.568,0.428,0.768,A+,C,A+,D,D,C+,C,B-,D+,19131
421070003003,1548,,0.543,0.267,0.388,0.121,0.388,,0.417,,,C,B+,B-,A,B-,,B-,,18252
421070025001,1074,,,,,0.584,,,,,,,,,C,,,,,18252
421070026001,1054,,0.737,0.523,0.417,0.735,0.774,,0.737,,,D+,C+,B-,D+,D,,D+,,18252
421070026004,1097,,0.156,0.326,0.694,0.692,0.711,,0.78,,,A-,B,D+,C-,D+,,D,,18252
421070027001,1208,,0.31,0.267,0.093,0.584,0.523,,0.278,,,B,B+,A,C,C+,,B+,,18252
421070027002,687,,0.523,0.597,0.299,0.52,0.711,,0.361,,,C+,C,B+,C+,D+,,B,,18252
421070027003,1018,,0.78,0.751,0.644,,0.837,,0.846,,,D,D+,C-,,D,,D,,18252
421070028001,674,,0.799,0.837,0.273,,0.872,,0.934,,,D,D,B+,,D-,,F,,18252
421070028002,618,,0.814,0.756,0.467,0.658,0.799,,0.954,,,D,D+,C+,C-,D,,F,,18252
421070028003,1134,,0.611,0.796,0.093,0.661,0.737,,0.895,,,C,D,A,C-,D+,,D-,,18252
421070029001,694,,,,,0.611,,,,,,,,,C,,,,,18252
421257817001,1925,,0.035,0.187,0.644,0.428,0.428,,0.299,,,A+,A-,C-,B-,B-,,B+,,15022
421257817002,1688,,0.062,0.523,0.267,0.52,0.52,,0.06,,,A+,C+,B+,C+,C+,,A+,,15022
421257827001,682,,0.78,0.895,0.206,0.78,0.658,,0.385,,,D,D-,A-,D,C-,,B-,,15022
421257827002,621,,0.658,0.799,0.316,0.694,0.467,,0.417,,,C-,D,B,D+,C+,,B-,,15022
421257832001,1573,,0.78,0.737,0.388,0.764,0.658,,0.31,,,D,D+,B-,D+,C-,,B,,15022
421257832002,872,,0.858,0.934,0.821,0.846,0.934,,0.774,,,D-,F,D,D,F,,D,,15022
421257833001,473,,0.858,0.961,0.756,0.858,0.858,,0.954,,,D-,F,D+,D-,D-,,F,,15022
421257833002,1316,,0.658,0.661,0.267,0.764,0.737,,0.412,,,C-,C-,B+,D+,D+,,B-,,15022
421257840001,1304,,0.43,0.369,0.598,0.711,0.566,,0.316,,,B-,B,C,D+,C,,B,,15022
421298052001,1094,,0.751,0.568,0.316,0.774,0.504,,0.361,,,D+,C,B,D,C+,,B,,15022
421298052002,757,,0.895,0.837,0.361,0.858,0.756,,0.362,,,D-,D,B,D-,D+,,B,,15022
421298054001,737,,0.985,0.961,0.935,0.768,0.934,,0.934,,,F,F,F,D+,F,,F,,15022
421298054002,640,,0.954,0.934,0.611,0.858,0.954,,0.837,,,F,F,C,D-,F,,D,,15022
421298055001,1294,,0.661,0.122,0.316,0.611,0.34,,0.361,,,C-,A,B,C,B,,B,,15022
421298055002,1220,,0.568,0.751,0.428,0.737,0.737,,0.449,,,C,D+,B-,D+,D+,,B-,,15022
421298055003,1134,,0.568,0.31,0.467,0.658,0.644,,0.273,,,C,B,C+,C-,C-,,B+,,15022
421298056001,1873,,0.395,0.694,0.428,0.799,0.611,,0.756,,,B-,D+,B-,D,C,,D+,,15022
421298058002,1134,,0.52,0.445,0.105,0.568,0.445,,0.173,,,C+,B-,A,C,B-,,A-,,15022
511610302012,1686,0.361,0.568,0.072,0.128,0.278,0.06,0.597,0.035,0.212,B,C,A+,A,B+,A+,C,A+,A-,24012
511610302013,2395,0.244,0.895,0.111,0.24,0.185,0.111,0.52,0.278,0.756,B+,D-,A,B+,A-,A,C+,B+,D+,24012
511610302032,2515,0.236,0.543,0.212,0.78,0.321,0.273,0.31,0.111,0.711,B+,C,A-,D,B,B+,B,A,D+,24012
511610302051,1890,0.316,0.523,0.299,0.362,0.52,0.185,0.428,0.206,0.737,B,C+,B+,B,C+,A-,B-,A-,D+,24012
511610302061,3002,0.128,0.504,0.467,0.523,0.388,0.181,0.417,0.077,0.711,A,C+,C+,C+,B-,A-,B-,A,D+,24012
511610302062,1435,0.523,0.543,0.482,0.846,0.694,0.395,0.686,0.418,0.866,C+,C,C+,D,D+,B-,C-,B-,D-,24012
511610302071,1129,0.417,0.768,0.482,0.658,0.658,0.362,0.694,0.467,0.872,B-,D+,C+,C-,C-,B,D+,C+,D-,24012
511610302072,1643,0.504,0.889,0.774,0.694,0.694,0.737,0.794,0.799,0.889,C+,D-,D,D+,D+,D+,D,D,D-,24012
511610311011,1426,0.543,0.78,0.794,0.756,0.751,0.52,0.751,0.991,0.611,C,D,D,D+,D+,C+,D+,F,C,24013
511610311012,2037,0.449,0.644,0.737,0.837,0.597,0.348,0.523,0.991,0.661,B-,C-,D+,D,C,B,C+,F,C-,24012;24013
511610311013,1094,0.895,0.858,0.889,0.954,0.799,0.846,0.872,0.991,0.692,D-,D-,D-,F,D,D,D-,F,C-,24012;24013
511610311021,2136,0.694,0.395,0.321,0.385,0.469,0.181,0.17,0.467,0.52,D+,B-,B,B-,C+,A-,A-,C+,C+,24012
511610311022,1349,0.866,0.78,0.598,0.895,0.625,0.799,0.644,0.991,0.658,D-,D,C,D-,C-,D,C-,F,C-,24012;24013
511610312012,1744,0.428,0.711,0.598,0.417,0.469,0.417,0.543,0.866,0.543,B-,D+,C,B-,C+,B-,C,D-,C,24012
511610312013,1195,0.692,0.395,0.388,0.611,0.316,0.385,0.237,0.523,0.523,C-,B-,B-,C,B,B-,B+,C+,C+,24012
511610312021,1178,0.694,0.467,0.395,0.895,0.128,0.321,0.362,0.241,0.52,D+,C+,B-,D-,A,B,B,B+,C+,24012
511610312022,882,0.737,0.694,0.611,0.846,0.273,0.661,0.686,0.299,0.658,D+,D+,C,D,B+,C-,C-,B+,C-,24012
511610312023,1884,0.467,0.321,0.023,0.428,0.17,0.004,0.31,0.072,0.694,C+,B,A+,B-,A-,A+,B,A+,D+,24012
511610312024,2231,0.237,0.206,0.028,0.417,0.128,0.009,0.236,0.004,0.467,B+,A-,A+,B-,A,A+,B+,A+,C+,24012
517308105001,806,0.895,0.934,0.954,0.504,0.991,0.658,0.858,0.934,0.814,D-,F,F,C+,F,C-,D-,F,D,23805
517308105002,652,0.889,0.991,0.961,0.568,0.991,0.934,0.913,0.934,0.895,D-,F,F,C,F,F,D-,F,D-,23805
517308105003,1573,0.661,0.895,0.866,0.244,0.985,0.597,0.658,0.934,0.737,C-,D-,D-,B+,F,C,C-,F,D+,23805
517308106002,636,0.568,0.985,0.991,0.52,0.991,0.934,0.934,0.961,0.737,C,F,F,C+,F,F,F,F,D+,23805
517308107002,1032,0.751,0.954,0.934,0.661,0.961,0.774,0.866,0.934,0.764,D+,F,F,C-,F,D,D-,F,D+,23805
517308109001,1294,0.794,0.794,0.774,0.336,0.934,0.543,0.737,0.895,0.78,D,D,D,B,F,C,D+,D-,D,23805
517308109002,931,0.504,0.568,0.644,0.299,0.895,0.445,0.568,0.837,0.658,C+,C,C-,B+,D-,B-,C,D,C-,23805
517308109003,1117,0.711,0.934,0.858,0.598,0.954,0.756,0.934,0.934,0.846,D+,F,D-,C,F,D+,F,F,D,23805
517308110001,2100,0.711,0.611,0.934,0.694,0.954,0.418,0.846,0.895,0.895,D+,C,F,D+,F,B-,D,D-,D-,23805
517308110002,745,0.835,0.934,0.799,0.336,0.934,0.625,0.737,0.895,0.794,D,F,D,B,F,C-,D+,D-,D,23805
517308110003,1602,0.316,0.598,0.934,0.34,0.991,0.711,0.694,0.866,0.895,B,C,F,B,F,D+,D+,D-,D-,23805
517308111001,816,0.543,0.467,0.846,0.369,0.934,0.43,0.644,0.78,0.799,C,C+,D,B,F,B-,C-,D,D,23805
517308111002,1280,0.751,0.799,0.751,0.128,0.895,0.814,0.895,0.934,0.961,D+,D,D+,A,D-,D,D-,F,F,23805
517308111003,1178,0.543,0.644,0.711,0.362,0.954,0.694,0.934,0.934,0.799,C,C-,D+,B,F,D+,F,F,D,23805
517308112001,1711,0.756,0.934,0.846,0.644,0.954,0.935,0.934,0.913,0.934,D+,F,D,C-,F,F,F,D-,F,23805
517308112002,723,0.467,0.504,0.837,0.299,0.913,0.644,0.694,0.751,0.694,C+,C+,D,B+,D-,C-,D+,D+,D+,23805
517700001001,1202,0.597,0.895,0.889,0.469,0.568,0.597,0.844,0.991,0.756,C,D-,D-,C+,C,C,D,F,D+,24012
517700001002,1511,0.799,0.889,0.872,0.644,0.417,0.611,0.799,0.985,0.799,D,D-,D-,C-,B-,C,D,F,D,24012
517700001003,1083,0.694,0.889,0.934,0.737,0.385,0.756,0.889,0.991,0.934,D+,D-,F,D+,B-,D+,D-,F,F,24012
517700003001,1103,0.78,0.895,0.844,0.482,0.78,0.799,0.858,0.991,0.821,D,D-,D,C+,D,D,D-,F,D,24012
517700003002,1585,0.267,0.751,0.661,0.361,0.658,0.237,0.644,0.644,0.768,B+,D+,C-,B,C-,B+,C-,C-,D+,24012
517700003003,2225,0.52,0.992,0.991,0.913,0.846,0.991,0.991,0.991,0.954,C+,F,F,D-,D,F,F,F,F,24012
517700004001,1733,0.52,0.895,0.961,0.837,0.794,0.661,0.954,0.858,0.858,C+,D-,F,D,D,C-,F,D-,D-,24012
517700004002,2032,0.482,0.837,0.821,0.751,0.737,0.78,0.934,0.837,0.934,C+,D,D,D+,D+,D,F,D,F,24012
517700004003,1585,0.686,0.78,0.814,0.395,0.694,0.395,0.711,0.991,0.866,C-,D,D,B-,D+,B-,D+,F,D-,24012
517700005001,1996,0.661,0.953,0.934,0.895,0.711,0.711,0.934,0.991,0.895,C-,F,F,D-,D+,D+,F,F,D-,24012
517700005002,852,0.895,0.799,0.799,0.858,0.837,0.837,0.934,0.991,0.934,D-,D,D,D-,D,D,F,F,F,24012
517700005003,879,0.992,0.991,0.934,0.991,0.934,0.991,0.985,0.991,0.985,F,F,F,F,F,F,F,F,F,24012
517700005004,1048,0.661,0.866,0.983,0.858,0.661,0.543,0.954,0.796,0.858,C-,D-,F,D-,C-,C,F,D,D-,24012
517700006011,980,0.267,0.658,0.694,0.799,0.814,0.237,0.756,0.467,0.711,B+,C-,D+,D,D,B+,D+,C+,D+,24012
517700006012,1749,0.467,0.568,0.78,0.78,0.991,0.299,0.611,0.449,0.794,C+,C,D,D,F,B+,C,B-,D,24012
517700006013,1087,0.889,0.895,0.961,0.934,0.796,0.872,0.895,0.991,0.821,D-,D-,F,F,D,D-,D-,F,D,24012
517700006014,1282,0.661,0.985,0.821,0.858,0.644,0.737,0.961,0.992,0.872,C-,F,D,D-,C-,D+,F,F,D-,24012
517700006021,1194,0.711,0.934,0.935,0.837,0.694,0.694,0.934,0.991,0.858,D+,F,F,D,D+,D+,F,F,D-,24012;24013
517700006022,1450,0.611,0.837,0.934,0.821,0.644,0.361,0.858,0.985,0.611,C,D,F,D,C-,B,D-,F,C,24012
517700006023,1012,0.846,0.858,0.774,0.796,0.661,0.445,0.737,0.985,0.644,D,D-,D,D,C-,B-,D+,F,C-,24012
517700009001,3755,0.644,0.954,0.954,0.821,0.644,0.737,0.934,0.991,0.934,C-,F,F,D,C-,D+,F,F,F,24012
517700009002,2004,0.821,0.889,0.889,0.737,0.686,0.751,0.895,0.991,0.934,D,D-,D-,D+,C-,D+,D-,F,F,24012
517700010001,1157,0.711,0.985,0.991,0.694,0.711,0.895,0.935,0.991,0.895,D+,F,F,D+,D+,D-,F,F,D-,24012;24013
517700010002,917,0.954,0.934,0.992,0.768,0.889,0.866,0.913,0.991,0.895,F,F,F,D+,D-,D-,D-,F,D-,24012
517700011001,636,0.934,0.991,0.985,0.889,0.799,0.991,0.991,0.992,0.991,F,F,F,D-,D,F,F,F,F,24013
517700011002,1431,0.858,0.985,0.799,0.737,0.385,0.866,0.895,0.991,0.985,D-,F,D,D+,B-,D-,D-,F,F,24013
517700012001,1047,0.858,0.872,0.934,0.858,0.661,0.846,0.821,0.991,0.737,D-,D-,F,D-,C-,D,D,F,D+,24013
517700012002,1170,0.799,0.895,0.934,0.523,0.566,0.737,0.889,0.991,0.889,D,D-,F,C+,C,D+,D-,F,D-,24013
517700012003,1339,0.598,0.895,0.913,0.482,0.52,0.694,0.934,0.991,0.855,C,D-,D-,C+,C+,D+,F,F,D-,24013
517700018001,837,0.814,0.846,0.821,0.52,0.482,0.611,0.821,0.985,0.799,D,D,D,C+,C+,C,D,F,D,24013
517700018002,840,0.895,0.611,0.658,0.445,0.482,0.482,0.821,0.985,0.821,D-,C,C-,B-,C+,C+,D,F,D,24013
517700019001,572,0.954,0.985,0.991,0.866,0.895,0.961,0.934,0.991,0.934,F,F,F,D-,D-,F,F,F,F,24012
517700022001,1276,0.661,0.78,0.523,0.418,0.445,0.467,0.694,0.961,0.846,C-,D,C+,B-,B-,C+,D+,F,D,24012
517700022002,1558,0.412,0.756,0.658,0.469,0.34,0.348,0.794,0.991,0.837,B-,D+,C-,C+,B,B,D,F,D,24012
517700023011,968,0.846,0.954,0.961,0.794,0.866,0.934,0.895,0.889,0.799,D,F,F,D,D-,F,D-,D-,D,24012
517700023012,2285,0.187,0.78,0.694,0.361,0.504,0.504,0.78,0.751,0.895,A-,D,D+,B,C+,C+,D,D+,D-,24012
517700023021,1383,0.737,0.858,0.692,0.467,0.611,0.694,0.644,0.78,0.913,D+,D-,C-,C+,C,D+,C-,D,D-,24012
517700023022,2420,0.52,0.764,0.661,0.348,0.238,0.361,0.799,0.467,0.846,C+,D+,C-,B,B+,B,D,C+,D,24012
517700024001,1682,0.482,0.858,0.934,0.467,0.711,0.694,0.799,0.991,0.78,C+,D-,F,C+,D+,D+,D,F,D,24012
517700024002,565,0.991,0.954,0.935,0.658,0.78,0.934,0.821,0.991,0.889,F,F,F,C-,D,F,D,F,D-,24012
517700024003,1545,0.694,0.934,0.954,0.611,0.568,0.756,0.78,0.983,0.814,D+,F,F,C,C,D+,D,F,D,24012
517700025011,1174,0.985,0.821,0.954,0.799,0.844,0.799,0.991,0.991,0.78,F,D,F,D,D,D,F,F,D,24012;24013
517700025012,1458,0.866,0.991,0.935,0.934,0.799,0.895,0.866,0.991,0.954,D-,F,F,F,D,D-,D-,F,F,24012;24013
517700025021,946,0.658,0.934,0.895,0.78,0.611,0.658,0.814,0.991,0.866,C-,F,D-,D,C,C-,D,F,D-,24012;24013
517700025022,1933,0.774,0.961,0.934,0.837,0.837,0.866,0.866,0.991,0.858,D,F,F,D,D,D-,D-,F,D-,24012
517700026001,1219,0.768,0.985,0.991,0.611,0.799,0.954,0.872,0.991,0.737,D+,F,F,C,D,F,D-,F,D+,24012;24013
517700026002,685,0.711,0.954,0.991,0.794,0.756,0.794,0.858,0.991,0.858,D+,F,F,D,D+,D,D-,F,D-,24013
517700026003,719,0.895,0.991,0.961,0.895,0.846,0.895,0.934,0.991,0.866,D-,F,F,D-,D,D-,F,F,D-,24012;24013
517700027001,1646,0.598,0.895,0.954,0.543,0.737,0.611,0.78,0.991,0.711,C,D-,F,C,D+,C,D,F,D+,24013
517700027002,979,0.78,0.895,0.961,0.482,0.844,0.661,0.846,0.991,0.34,D,D-,F,C+,D,C-,D,F,B,24013
517700027003,662,0.889,0.872,0.954,0.504,0.814,0.889,0.837,0.991,0.482,D-,D-,F,C+,D,D-,D,F,C+,24013
517700027004,664,0.835,0.934,0.985,0.774,0.858,0.858,0.794,0.991,0.566,D,F,F,D,D-,D-,D,F,C,24013
517700027005,1240,0.895,0.846,0.954,0.568,0.78,0.774,0.935,0.991,0.482,D-,D,F,C,D,D,F,F,C+,24013
517700028004,1566,0.737,0.694,0.858,0.611,0.992,0.543,0.799,0.991,0.644,D+,D+,D-,C,F,C,D,F,C-,24013
540090311031,1563,,0.737,0.285,0.361,0.694,0.144,,0.06,,,D+,B+,B,D+,A,,A+,,43952
540090311032,1015,,0.482,0.858,0.954,0.935,0.866,,0.799,,,C+,D-,F,F,D-,,D,,43952
540290213002,1602,,0.835,0.737,0.934,0.895,0.362,,0.794,,,D,D+,F,D-,B,,D,,43952
540690002001,571,0.694,0.768,0.837,0.187,0.711,0.694,0.768,0.661,0.523,D+,D+,D,A-,D+,D+,D+,C-,C+,43935
540690002002,1139,0.17,0.837,0.658,0.181,0.388,0.388,0.597,0.504,0.644,A-,D,C-,A-,B-,B-,C,C+,C-,43935
540690002003,815,0.837,0.543,0.895,0.934,0.895,0.814,0.895,0.658,0.821,D,C,D-,F,D-,D,D-,C-,D,43935
540690002004,759,0.543,0.821,0.821,0.445,0.756,0.694,0.711,0.445,0.504,C,D,D,B-,D+,D+,D+,B-,C+,43935
540690003001,1166,0.048,0.316,0.237,0.078,0.316,0.089,0.504,0.954,0.467,A+,B,B+,A,B,A,C+,F,C+,43935
540690004002,309,0.934,0.991,0.991,0.934,0.837,0.934,0.954,0.934,0.846,F,F,F,F,D,F,F,F,D,43935
540690005001,615,0.128,0.751,0.299,0.598,0.895,0.273,0.611,0.985,0.428,A,D+,B+,C,D-,B+,C,F,B-,43935
540690015001,768,0.105,0.711,0.395,0.237,0.694,0.153,0.523,0.895,0.78,A,D+,B-,B+,D+,A,C+,D-,D,43935
540690015002,1139,0.361,0.385,0.326,0.611,0.428,0.353,0.598,0.889,0.644,B,B-,B,C,B-,B,C,D-,C-,43935
