id,address,source,zip_page,view,type,image,zoom,fit_score,block_group,grade,position,position_iqr,at_address_position,pixels,edge_distance_m,neighbours,bg_inside,note
g06,"299 Robinson St, Binghamton, NY 13904",photo list,13905,0,Assault,maps/types_sample/13905_assault.png,12.835,0.662,360070007001,D,0.799,0.799-0.799,0.799,1015,6,360070007002 D- at 6 m,1.0,
f015,"276 Harry L Dr, Johnson City, NY 13790",file 14,13905,0,Assault,maps/types_sample/13905_assault.png,12.835,0.662,360070138003,B+,0.299,0.299-0.299,0.299,473,129,,1.0,
f019,"47 Lydia St, Binghamton, NY 13905",file 14,13905,0,Assault,maps/types_sample/13905_assault.png,12.835,0.662,360070003003,D-,0.895,0.895-0.895,0.895,614,176,,1.0,
f038,"90 Gaylord St, Binghamton, NY 13904",file 14,13905,0,Assault,maps/types_sample/13905_assault.png,12.835,0.662,360070007003,D-,0.895,0.895-0.895,0.895,527,68,,1.0,
f055,"12 Franklin St, Binghamton, NY 13905",file 14,13905,0,Assault,maps/types_sample/13905_assault.png,12.835,0.662,360070003002,D-,0.889,0.889-0.889,0.889,642,61,,1.0,
f061,"31 Crandall St, Binghamton, NY 13905",file 14,13905,0,Assault,maps/types_sample/13905_assault.png,12.835,0.662,360070002001,D-,0.895,0.895-0.895,0.895,1792,102,,1.0,
f067,"33 Lydia St, Binghamton, NY 13905",file 14,13905,0,Assault,maps/types_sample/13905_assault.png,12.835,0.662,360070003003,D-,0.895,0.895-0.895,0.895,614,165,,1.0,
f068,"40 Robinson St, Binghamton, NY 13901",file 14,13905,0,Assault,maps/types_sample/13905_assault.png,12.835,0.662,360070005002,F,0.934,0.934-0.934,0.934,634,95,,1.0,
f069,"127 Burbank Ave, Johnson City, NY 13790",file 14,13905,0,Assault,maps/types_sample/13905_assault.png,12.835,0.662,360070141003,D,0.774,0.774-0.774,0.774,1563,181,,1.0,
f073,"17 Way St, Binghamton, NY 13901",file 14,13905,0,Assault,maps/types_sample/13905_assault.png,12.835,0.662,360070005003,D-,0.895,0.895-0.895,0.895,1155,96,,1.0,
f084,"34 Pearne St, Binghamton, NY 13901",file 14,13905,0,Assault,maps/types_sample/13905_assault.png,12.835,0.662,360070005001,D-,0.913,0.913-0.913,0.913,383,135,,1.0,
f091,"28 Glenwood Ave, Binghamton, NY 13905",file 14,13905,0,Assault,maps/types_sample/13905_assault.png,12.835,0.662,360070002002,F,0.934,0.934-0.934,0.934,389,6,360070002003 D- at 6 m,1.0,
f093,"5 Julian St, Binghamton, NY 13905",file 14,13905,0,Assault,maps/types_sample/13905_assault.png,12.835,0.662,360070002003,D-,0.895,0.895-0.895,0.895,455,6,360070002002 F at 6 m,1.0,
f094,"67 S Washington St, Binghamton, NY 13903",file 14,13905,0,Assault,maps/types_sample/13905_assault.png,12.835,0.662,360070017005,F,0.954,0.954-0.954,0.954,418,104,,1.0,
g06,"299 Robinson St, Binghamton, NY 13904",photo list,13905,0,Robbery,maps/types_sample/13905_robbery.png,12.835,0.662,360070007001,A+,0.06,0.06-0.06,0.06,992,6,360070007002 D- at 6 m,1.0,
f015,"276 Harry L Dr, Johnson City, NY 13790",file 14,13905,0,Robbery,maps/types_sample/13905_robbery.png,12.835,0.662,360070138003,B+,0.267,0.267-0.267,0.267,476,129,,1.0,
f019,"47 Lydia St, Binghamton, NY 13905",file 14,13905,0,Robbery,maps/types_sample/13905_robbery.png,12.835,0.662,360070003003,C-,0.644,0.644-0.644,0.644,612,176,,1.0,
f038,"90 Gaylord St, Binghamton, NY 13904",file 14,13905,0,Robbery,maps/types_sample/13905_robbery.png,12.835,0.662,360070007003,C+,0.467,0.467-0.467,0.467,531,68,,1.0,
f055,"12 Franklin St, Binghamton, NY 13905",file 14,13905,0,Robbery,maps/types_sample/13905_robbery.png,12.835,0.662,360070003002,D,0.794,0.794-0.794,0.794,643,61,,1.0,
f061,"31 Crandall St, Binghamton, NY 13905",file 14,13905,0,Robbery,maps/types_sample/13905_robbery.png,12.835,0.662,360070002001,D-,0.895,0.895-0.895,0.895,1792,102,,1.0,
f067,"33 Lydia St, Binghamton, NY 13905",file 14,13905,0,Robbery,maps/types_sample/13905_robbery.png,12.835,0.662,360070003003,C-,0.644,0.644-0.644,0.644,612,165,,1.0,
f068,"40 Robinson St, Binghamton, NY 13901",file 14,13905,0,Robbery,maps/types_sample/13905_robbery.png,12.835,0.662,360070005002,F,0.934,0.934-0.934,0.934,636,95,,1.0,
f069,"127 Burbank Ave, Johnson City, NY 13790",file 14,13905,0,Robbery,maps/types_sample/13905_robbery.png,12.835,0.662,360070141003,C+,0.52,0.52-0.52,0.52,1570,181,,1.0,
f073,"17 Way St, Binghamton, NY 13901",file 14,13905,0,Robbery,maps/types_sample/13905_robbery.png,12.835,0.662,360070005003,D-,0.866,0.866-0.866,0.866,1157,96,,1.0,
f084,"34 Pearne St, Binghamton, NY 13901",file 14,13905,0,Robbery,maps/types_sample/13905_robbery.png,12.835,0.662,360070005001,C-,0.658,0.658-0.658,0.658,385,135,,1.0,
f091,"28 Glenwood Ave, Binghamton, NY 13905",file 14,13905,0,Robbery,maps/types_sample/13905_robbery.png,12.835,0.662,360070002002,D,0.78,0.78-0.78,0.78,380,6,360070002003 C+ at 6 m,1.0,
f093,"5 Julian St, Binghamton, NY 13905",file 14,13905,0,Robbery,maps/types_sample/13905_robbery.png,12.835,0.662,360070002003,C+,0.504,0.504-0.504,0.504,455,6,360070002002 D at 6 m,1.0,
f094,"67 S Washington St, Binghamton, NY 13903",file 14,13905,0,Robbery,maps/types_sample/13905_robbery.png,12.835,0.662,360070017005,F,0.934,0.934-0.934,0.934,418,104,,1.0,
g06,"299 Robinson St, Binghamton, NY 13904",photo list,13905,0,Arson,maps/types_sample/13905_arson.png,12.835,0.662,360070007001,A-,0.206,0.206-0.206,0.206,1015,6,360070007002 C- at 6 m,1.0,
f015,"276 Harry L Dr, Johnson City, NY 13790",file 14,13905,0,Arson,maps/types_sample/13905_arson.png,12.835,0.662,360070138003,D+,0.737,0.737-0.737,0.737,481,129,,1.0,
f019,"47 Lydia St, Binghamton, NY 13905",file 14,13905,0,Arson,maps/types_sample/13905_arson.png,12.835,0.662,360070003003,C,0.597,0.597-0.597,0.597,618,176,,1.0,
f038,"90 Gaylord St, Binghamton, NY 13904",file 14,13905,0,Arson,maps/types_sample/13905_arson.png,12.835,0.662,360070007003,A,0.128,0.128-0.128,0.128,523,68,,1.0,
f055,"12 Franklin St, Binghamton, NY 13905",file 14,13905,0,Arson,maps/types_sample/13905_arson.png,12.835,0.662,360070003002,C,0.611,0.611-0.611,0.611,644,61,,1.0,on the C/C- line
f061,"31 Crandall St, Binghamton, NY 13905",file 14,13905,0,Arson,maps/types_sample/13905_arson.png,12.835,0.662,360070002001,D+,0.764,0.764-0.764,0.764,1777,102,,1.0,on the D+/D line
f067,"33 Lydia St, Binghamton, NY 13905",file 14,13905,0,Arson,maps/types_sample/13905_arson.png,12.835,0.662,360070003003,C,0.597,0.597-0.597,0.597,618,165,,1.0,
f068,"40 Robinson St, Binghamton, NY 13901",file 14,13905,0,Arson,maps/types_sample/13905_arson.png,12.835,0.662,360070005002,D,0.794,0.794-0.794,0.794,626,95,,1.0,
f069,"127 Burbank Ave, Johnson City, NY 13790",file 14,13905,0,Arson,maps/types_sample/13905_arson.png,12.835,0.662,360070141003,C,0.611,0.611-0.611,0.611,1563,181,,1.0,on the C/C- line
f073,"17 Way St, Binghamton, NY 13901",file 14,13905,0,Arson,maps/types_sample/13905_arson.png,12.835,0.662,360070005003,D,0.774,0.774-0.774,0.774,1152,96,,1.0,
f084,"34 Pearne St, Binghamton, NY 13901",file 14,13905,0,Arson,maps/types_sample/13905_arson.png,12.835,0.662,360070005001,C+,0.523,0.523-0.523,0.523,382,135,,1.0,
f091,"28 Glenwood Ave, Binghamton, NY 13905",file 14,13905,0,Arson,maps/types_sample/13905_arson.png,12.835,0.662,360070002002,C-,0.644,0.644-0.644,0.644,386,6,360070002003 B+ at 6 m,1.0,
f093,"5 Julian St, Binghamton, NY 13905",file 14,13905,0,Arson,maps/types_sample/13905_arson.png,12.835,0.662,360070002003,B+,0.237,0.237-0.237,0.237,456,6,360070002002 C- at 6 m,1.0,
f094,"67 S Washington St, Binghamton, NY 13903",file 14,13905,0,Arson,maps/types_sample/13905_arson.png,12.835,0.662,360070017005,D+,0.711,0.711-0.711,0.711,418,104,,1.0,
g06,"299 Robinson St, Binghamton, NY 13904",photo list,13905,0,Vandalism,maps/types_sample/13905_vandalism.png,12.835,0.662,360070007001,B,0.316,0.316-0.316,0.316,997,6,360070007002 C+ at 6 m,1.0,
f015,"276 Harry L Dr, Johnson City, NY 13790",file 14,13905,0,Vandalism,maps/types_sample/13905_vandalism.png,12.835,0.662,360070138003,C+,0.504,0.504-0.504,0.504,480,129,,1.0,
f019,"47 Lydia St, Binghamton, NY 13905",file 14,13905,0,Vandalism,maps/types_sample/13905_vandalism.png,12.835,0.662,360070003003,C+,0.467,0.467-0.467,0.467,614,176,,1.0,
f038,"90 Gaylord St, Binghamton, NY 13904",file 14,13905,0,Vandalism,maps/types_sample/13905_vandalism.png,12.835,0.662,360070007003,A-,0.17,0.17-0.17,0.17,523,68,,1.0,
f055,"12 Franklin St, Binghamton, NY 13905",file 14,13905,0,Vandalism,maps/types_sample/13905_vandalism.png,12.835,0.662,360070003002,C+,0.52,0.52-0.52,0.52,653,61,,1.0,
f061,"31 Crandall St, Binghamton, NY 13905",file 14,13905,0,Vandalism,maps/types_sample/13905_vandalism.png,12.835,0.662,360070002001,C,0.543,0.543-0.543,0.543,1800,102,,1.0,on the C+/C line
f067,"33 Lydia St, Binghamton, NY 13905",file 14,13905,0,Vandalism,maps/types_sample/13905_vandalism.png,12.835,0.662,360070003003,C+,0.467,0.467-0.467,0.467,614,165,,1.0,
f068,"40 Robinson St, Binghamton, NY 13901",file 14,13905,0,Vandalism,maps/types_sample/13905_vandalism.png,12.835,0.662,360070005002,C,0.543,0.543-0.543,0.543,636,95,,1.0,on the C+/C line
f069,"127 Burbank Ave, Johnson City, NY 13790",file 14,13905,0,Vandalism,maps/types_sample/13905_vandalism.png,12.835,0.662,360070141003,B-,0.43,0.43-0.43,0.43,1566,181,,1.0,
f073,"17 Way St, Binghamton, NY 13901",file 14,13905,0,Vandalism,maps/types_sample/13905_vandalism.png,12.835,0.662,360070005003,C+,0.523,0.523-0.523,0.523,1157,96,,1.0,
f084,"34 Pearne St, Binghamton, NY 13901",file 14,13905,0,Vandalism,maps/types_sample/13905_vandalism.png,12.835,0.662,360070005001,C+,0.467,0.467-0.467,0.467,381,135,,1.0,
f091,"28 Glenwood Ave, Binghamton, NY 13905",file 14,13905,0,Vandalism,maps/types_sample/13905_vandalism.png,12.835,0.662,360070002002,C+,0.504,0.504-0.504,0.504,385,6,360070002003 C+ at 6 m,1.0,
f093,"5 Julian St, Binghamton, NY 13905",file 14,13905,0,Vandalism,maps/types_sample/13905_vandalism.png,12.835,0.662,360070002003,C+,0.52,0.52-0.52,0.52,457,6,360070002002 C+ at 6 m,1.0,
f094,"67 S Washington St, Binghamton, NY 13903",file 14,13905,0,Vandalism,maps/types_sample/13905_vandalism.png,12.835,0.662,360070017005,C,0.568,0.568-0.568,0.568,424,104,,1.0,
g06,"299 Robinson St, Binghamton, NY 13904",photo list,13905,0,Murder,maps/types_sample/13905_murder.png,12.835,0.662,360070007001,D,0.799,0.799-0.799,0.799,1007,6,360070007002 F at 6 m,1.0,
f015,"276 Harry L Dr, Johnson City, NY 13790",file 14,13905,0,Murder,maps/types_sample/13905_murder.png,12.835,0.662,360070138003,D+,0.756,0.756-0.756,0.756,481,129,,1.0,
f019,"47 Lydia St, Binghamton, NY 13905",file 14,13905,0,Murder,maps/types_sample/13905_murder.png,12.835,0.662,360070003003,D-,0.895,0.895-0.895,0.895,608,176,,1.0,
f038,"90 Gaylord St, Binghamton, NY 13904",file 14,13905,0,Murder,maps/types_sample/13905_murder.png,12.835,0.662,360070007003,C-,0.661,0.661-0.661,0.661,532,68,,1.0,
f055,"12 Franklin St, Binghamton, NY 13905",file 14,13905,0,Murder,maps/types_sample/13905_murder.png,12.835,0.662,360070003002,D+,0.711,0.711-0.711,0.711,650,61,,1.0,
f061,"31 Crandall St, Binghamton, NY 13905",file 14,13905,0,Murder,maps/types_sample/13905_murder.png,12.835,0.662,360070002001,F,0.934,0.934-0.934,0.934,1791,102,,1.0,
f067,"33 Lydia St, Binghamton, NY 13905",file 14,13905,0,Murder,maps/types_sample/13905_murder.png,12.835,0.662,360070003003,D-,0.895,0.895-0.895,0.895,608,165,,1.0,
f068,"40 Robinson St, Binghamton, NY 13901",file 14,13905,0,Murder,maps/types_sample/13905_murder.png,12.835,0.662,360070005002,F,0.934,0.934-0.934,0.934,634,95,,1.0,
f069,"127 Burbank Ave, Johnson City, NY 13790",file 14,13905,0,Murder,maps/types_sample/13905_murder.png,12.835,0.662,360070141003,D-,0.895,0.895-0.895,0.895,1566,181,,1.0,
f073,"17 Way St, Binghamton, NY 13901",file 14,13905,0,Murder,maps/types_sample/13905_murder.png,12.835,0.662,360070005003,D+,0.751,0.751-0.751,0.751,1157,96,,1.0,
f084,"34 Pearne St, Binghamton, NY 13901",file 14,13905,0,Murder,maps/types_sample/13905_murder.png,12.835,0.662,360070005001,D,0.799,0.799-0.799,0.799,380,135,,1.0,
f091,"28 Glenwood Ave, Binghamton, NY 13905",file 14,13905,0,Murder,maps/types_sample/13905_murder.png,12.835,0.662,360070002002,F,0.934,0.934-0.934,0.934,386,6,360070002003 D- at 6 m,1.0,
f093,"5 Julian St, Binghamton, NY 13905",file 14,13905,0,Murder,maps/types_sample/13905_murder.png,12.835,0.662,360070002003,D-,0.858,0.858-0.858,0.858,462,6,360070002002 F at 6 m,1.0,
f094,"67 S Washington St, Binghamton, NY 13903",file 14,13905,0,Murder,maps/types_sample/13905_murder.png,12.835,0.662,360070017005,F,0.954,0.954-0.954,0.954,418,104,,1.0,
g06,"299 Robinson St, Binghamton, NY 13904",photo list,13905,0,Vehicle Theft,maps/types_sample/13905_vehicle_theft.png,12.835,0.662,360070007001,A-,0.185,0.185-0.185,0.185,1005,6,360070007002 B at 6 m,1.0,
f015,"276 Harry L Dr, Johnson City, NY 13790",file 14,13905,0,Vehicle Theft,maps/types_sample/13905_vehicle_theft.png,12.835,0.662,360070138003,A-,0.187,0.187-0.187,0.187,478,129,,1.0,
f019,"47 Lydia St, Binghamton, NY 13905",file 14,13905,0,Vehicle Theft,maps/types_sample/13905_vehicle_theft.png,12.835,0.662,360070003003,A-,0.206,0.206-0.206,0.206,608,176,,1.0,
f038,"90 Gaylord St, Binghamton, NY 13904",file 14,13905,0,Vehicle Theft,maps/types_sample/13905_vehicle_theft.png,12.835,0.662,360070007003,A-,0.181,0.181-0.181,0.181,525,68,,1.0,
f055,"12 Franklin St, Binghamton, NY 13905",file 14,13905,0,Vehicle Theft,maps/types_sample/13905_vehicle_theft.png,12.835,0.662,360070003002,B+,0.267,0.267-0.267,0.267,645,61,,1.0,
f061,"31 Crandall St, Binghamton, NY 13905",file 14,13905,0,Vehicle Theft,maps/types_sample/13905_vehicle_theft.png,12.835,0.662,360070002001,B+,0.278,0.278-0.278,0.278,1772,102,,1.0,
f067,"33 Lydia St, Binghamton, NY 13905",file 14,13905,0,Vehicle Theft,maps/types_sample/13905_vehicle_theft.png,12.835,0.662,360070003003,A-,0.206,0.206-0.206,0.206,608,165,,1.0,
f068,"40 Robinson St, Binghamton, NY 13901",file 14,13905,0,Vehicle Theft,maps/types_sample/13905_vehicle_theft.png,12.835,0.662,360070005002,B+,0.299,0.299-0.299,0.299,627,95,,1.0,
f069,"127 Burbank Ave, Johnson City, NY 13790",file 14,13905,0,Vehicle Theft,maps/types_sample/13905_vehicle_theft.png,12.835,0.662,360070141003,A-,0.206,0.206-0.206,0.206,1565,181,,1.0,
f073,"17 Way St, Binghamton, NY 13901",file 14,13905,0,Vehicle Theft,maps/types_sample/13905_vehicle_theft.png,12.835,0.662,360070005003,B+,0.282,0.282-0.282,0.282,1150,96,,1.0,
f084,"34 Pearne St, Binghamton, NY 13901",file 14,13905,0,Vehicle Theft,maps/types_sample/13905_vehicle_theft.png,12.835,0.662,360070005001,A-,0.212,0.212-0.212,0.212,383,135,,1.0,
f091,"28 Glenwood Ave, Binghamton, NY 13905",file 14,13905,0,Vehicle Theft,maps/types_sample/13905_vehicle_theft.png,12.835,0.662,360070002002,B+,0.299,0.299-0.299,0.299,381,6,360070002003 B+ at 6 m,1.0,
f093,"5 Julian St, Binghamton, NY 13905",file 14,13905,0,Vehicle Theft,maps/types_sample/13905_vehicle_theft.png,12.835,0.662,360070002003,B+,0.273,0.273-0.273,0.273,444,6,360070002002 B+ at 6 m,1.0,
f094,"67 S Washington St, Binghamton, NY 13903",file 14,13905,0,Vehicle Theft,maps/types_sample/13905_vehicle_theft.png,12.835,0.662,360070017005,B+,0.278,0.278-0.278,0.278,411,104,,1.0,
g06,"299 Robinson St, Binghamton, NY 13904",photo list,13905,0,Burglary,maps/types_sample/13905_burglary.png,12.835,0.662,360070007001,D-,0.866,0.866-0.866,0.866,1021,6,360070007002 F at 6 m,1.0,
f015,"276 Harry L Dr, Johnson City, NY 13790",file 14,13905,0,Burglary,maps/types_sample/13905_burglary.png,12.835,0.662,360070138003,D-,0.895,0.895-0.895,0.895,482,129,,1.0,
f019,"47 Lydia St, Binghamton, NY 13905",file 14,13905,0,Burglary,maps/types_sample/13905_burglary.png,12.835,0.662,360070003003,F,0.934,0.934-0.934,0.934,616,176,,1.0,
f038,"90 Gaylord St, Binghamton, NY 13904",file 14,13905,0,Burglary,maps/types_sample/13905_burglary.png,12.835,0.662,360070007003,D-,0.895,0.895-0.895,0.895,531,68,,1.0,
f055,"12 Franklin St, Binghamton, NY 13905",file 14,13905,0,Burglary,maps/types_sample/13905_burglary.png,12.835,0.662,360070003002,F,0.934,0.934-0.934,0.934,653,61,,1.0,
f061,"31 Crandall St, Binghamton, NY 13905",file 14,13905,0,Burglary,maps/types_sample/13905_burglary.png,12.835,0.662,360070002001,F,0.985,0.985-0.985,0.985,1780,102,,1.0,
f067,"33 Lydia St, Binghamton, NY 13905",file 14,13905,0,Burglary,maps/types_sample/13905_burglary.png,12.835,0.662,360070003003,F,0.934,0.934-0.934,0.934,616,165,,1.0,
f068,"40 Robinson St, Binghamton, NY 13901",file 14,13905,0,Burglary,maps/types_sample/13905_burglary.png,12.835,0.662,360070005002,F,0.954,0.954-0.954,0.954,636,95,,1.0,
f069,"127 Burbank Ave, Johnson City, NY 13790",file 14,13905,0,Burglary,maps/types_sample/13905_burglary.png,12.835,0.662,360070141003,F,0.954,0.954-0.954,0.954,1562,181,,1.0,
f073,"17 Way St, Binghamton, NY 13901",file 14,13905,0,Burglary,maps/types_sample/13905_burglary.png,12.835,0.662,360070005003,F,0.934,0.934-0.934,0.934,1158,96,,1.0,
f084,"34 Pearne St, Binghamton, NY 13901",file 14,13905,0,Burglary,maps/types_sample/13905_burglary.png,12.835,0.662,360070005001,F,0.934,0.934-0.934,0.934,383,135,,1.0,
f091,"28 Glenwood Ave, Binghamton, NY 13905",file 14,13905,0,Burglary,maps/types_sample/13905_burglary.png,12.835,0.662,360070002002,F,0.961,0.961-0.961,0.961,382,6,360070002003 F at 6 m,1.0,
f093,"5 Julian St, Binghamton, NY 13905",file 14,13905,0,Burglary,maps/types_sample/13905_burglary.png,12.835,0.662,360070002003,F,0.954,0.954-0.954,0.954,449,6,360070002002 F at 6 m,1.0,
f094,"67 S Washington St, Binghamton, NY 13903",file 14,13905,0,Burglary,maps/types_sample/13905_burglary.png,12.835,0.662,360070017005,F,0.961,0.961-0.961,0.961,415,104,,1.0,
g06,"299 Robinson St, Binghamton, NY 13904",photo list,13905,0,Theft,maps/types_sample/13905_theft.png,12.835,0.662,360070007001,C,0.568,0.568-0.568,0.568,1029,6,360070007002 D at 6 m,1.0,
f015,"276 Harry L Dr, Johnson City, NY 13790",file 14,13905,0,Theft,maps/types_sample/13905_theft.png,12.835,0.662,360070138003,B-,0.445,0.445-0.445,0.445,481,129,,1.0,
f019,"47 Lydia St, Binghamton, NY 13905",file 14,13905,0,Theft,maps/types_sample/13905_theft.png,12.835,0.662,360070003003,C,0.597,0.597-0.597,0.597,613,176,,1.0,
f038,"90 Gaylord St, Binghamton, NY 13904",file 14,13905,0,Theft,maps/types_sample/13905_theft.png,12.835,0.662,360070007003,D,0.799,0.799-0.799,0.799,528,68,,1.0,
f055,"12 Franklin St, Binghamton, NY 13905",file 14,13905,0,Theft,maps/types_sample/13905_theft.png,12.835,0.662,360070003002,D-,0.872,0.872-0.872,0.872,646,61,,1.0,
f061,"31 Crandall St, Binghamton, NY 13905",file 14,13905,0,Theft,maps/types_sample/13905_theft.png,12.835,0.662,360070002001,F,0.934,0.934-0.934,0.934,1801,102,,1.0,
f067,"33 Lydia St, Binghamton, NY 13905",file 14,13905,0,Theft,maps/types_sample/13905_theft.png,12.835,0.662,360070003003,C,0.597,0.597-0.597,0.597,613,165,,1.0,
f068,"40 Robinson St, Binghamton, NY 13901",file 14,13905,0,Theft,maps/types_sample/13905_theft.png,12.835,0.662,360070005002,D-,0.858,0.858-0.858,0.858,639,95,,1.0,
f069,"127 Burbank Ave, Johnson City, NY 13790",file 14,13905,0,Theft,maps/types_sample/13905_theft.png,12.835,0.662,360070141003,C,0.598,0.598-0.598,0.598,1566,181,,1.0,
f073,"17 Way St, Binghamton, NY 13901",file 14,13905,0,Theft,maps/types_sample/13905_theft.png,12.835,0.662,360070005003,F,0.934,0.934-0.934,0.934,1158,96,,1.0,
f084,"34 Pearne St, Binghamton, NY 13901",file 14,13905,0,Theft,maps/types_sample/13905_theft.png,12.835,0.662,360070005001,D+,0.756,0.756-0.756,0.756,381,135,,1.0,
f091,"28 Glenwood Ave, Binghamton, NY 13905",file 14,13905,0,Theft,maps/types_sample/13905_theft.png,12.835,0.662,360070002002,D-,0.895,0.895-0.895,0.895,386,6,360070002003 C at 6 m,1.0,
f093,"5 Julian St, Binghamton, NY 13905",file 14,13905,0,Theft,maps/types_sample/13905_theft.png,12.835,0.662,360070002003,C,0.543,0.543-0.543,0.543,457,6,360070002002 D- at 6 m,1.0,on the C+/C line
f094,"67 S Washington St, Binghamton, NY 13903",file 14,13905,0,Theft,maps/types_sample/13905_theft.png,12.835,0.662,360070017005,F,0.961,0.961-0.961,0.961,415,104,,1.0,
g06,"299 Robinson St, Binghamton, NY 13904",photo list,13905,0,Drug-Related Crime,maps/types_sample/13905_drug.png,12.835,0.662,360070007001,B+,0.282,0.282-0.282,0.282,997,6,360070007002 D+ at 6 m,1.0,
f015,"276 Harry L Dr, Johnson City, NY 13790",file 14,13905,0,Drug-Related Crime,maps/types_sample/13905_drug.png,12.835,0.662,360070138003,B,0.337,0.337-0.337,0.337,471,129,,1.0,
f019,"47 Lydia St, Binghamton, NY 13905",file 14,13905,0,Drug-Related Crime,maps/types_sample/13905_drug.png,12.835,0.662,360070003003,B-,0.43,0.43-0.43,0.43,609,176,,1.0,
f038,"90 Gaylord St, Binghamton, NY 13904",file 14,13905,0,Drug-Related Crime,maps/types_sample/13905_drug.png,12.835,0.662,360070007003,B+,0.278,0.278-0.278,0.278,523,68,,1.0,
f055,"12 Franklin St, Binghamton, NY 13905",file 14,13905,0,Drug-Related Crime,maps/types_sample/13905_drug.png,12.835,0.662,360070003002,B-,0.388,0.388-0.388,0.388,644,61,,1.0,on the B/B- line
f061,"31 Crandall St, Binghamton, NY 13905",file 14,13905,0,Drug-Related Crime,maps/types_sample/13905_drug.png,12.835,0.662,360070002001,D,0.844,0.844-0.844,0.844,1800,102,,1.0,on the D/D- line
f067,"33 Lydia St, Binghamton, NY 13905",file 14,13905,0,Drug-Related Crime,maps/types_sample/13905_drug.png,12.835,0.662,360070003003,B-,0.43,0.43-0.43,0.43,609,165,,1.0,
f068,"40 Robinson St, Binghamton, NY 13901",file 14,13905,0,Drug-Related Crime,maps/types_sample/13905_drug.png,12.835,0.662,360070005002,C+,0.482,0.482-0.482,0.482,637,95,,1.0,
f069,"127 Burbank Ave, Johnson City, NY 13790",file 14,13905,0,Drug-Related Crime,maps/types_sample/13905_drug.png,12.835,0.662,360070141003,B,0.336,0.336-0.336,0.336,1565,181,,1.0,
f073,"17 Way St, Binghamton, NY 13901",file 14,13905,0,Drug-Related Crime,maps/types_sample/13905_drug.png,12.835,0.662,360070005003,C+,0.504,0.504-0.504,0.504,1157,96,,1.0,
f084,"34 Pearne St, Binghamton, NY 13901",file 14,13905,0,Drug-Related Crime,maps/types_sample/13905_drug.png,12.835,0.662,360070005001,C+,0.482,0.482-0.482,0.482,383,135,,1.0,
f091,"28 Glenwood Ave, Binghamton, NY 13905",file 14,13905,0,Drug-Related Crime,maps/types_sample/13905_drug.png,12.835,0.662,360070002002,C+,0.482,0.482-0.482,0.482,388,6,360070002003 B- at 6 m,1.0,
f093,"5 Julian St, Binghamton, NY 13905",file 14,13905,0,Drug-Related Crime,maps/types_sample/13905_drug.png,12.835,0.662,360070002003,B-,0.445,0.445-0.445,0.445,455,6,360070002002 C+ at 6 m,1.0,
f094,"67 S Washington St, Binghamton, NY 13903",file 14,13905,0,Drug-Related Crime,maps/types_sample/13905_drug.png,12.835,0.662,360070017005,C+,0.523,0.523-0.523,0.523,421,104,,1.0,
f063,"259 Sunset Dr, Corning, NY 14830",file 14,14830,1,Robbery,maps/types_sample/14830_robbery.png,12.835,0.641,361019626001,B,0.348,0.348-0.348,0.348,2340,387,,1.0,
f063,"259 Sunset Dr, Corning, NY 14830",file 14,14830,1,Assault,maps/types_sample/14830_assault.png,12.835,0.641,361019626001,D+,0.694,0.694-0.694,0.694,2363,387,,1.0,on the C-/D+ line
f063,"259 Sunset Dr, Corning, NY 14830",file 14,14830,1,Drug-Related Crime,maps/types_sample/14830_drug.png,12.835,0.641,361019626001,D+,0.694,0.694-0.694,0.694,2363,387,,1.0,on the C-/D+ line; tab label missing; crime inferred by elimination
f063,"259 Sunset Dr, Corning, NY 14830",file 14,14830,1,Arson,maps/types_sample/14830_arson.png,12.835,0.641,361019626001,D+,0.694,0.694-0.694,0.694,2363,387,,1.0,on the C-/D+ line
f063,"259 Sunset Dr, Corning, NY 14830",file 14,14830,1,Murder,maps/types_sample/14830_murder.png,12.835,0.641,361019626001,B-,0.388,0.388-0.388,0.388,2335,387,,1.0,on the B/B- line
f063,"259 Sunset Dr, Corning, NY 14830",file 14,14830,1,Vehicle Theft,maps/types_sample/14830_vehicle_theft.png,12.835,0.641,361019626001,A,0.111,0.111-0.111,0.111,2334,387,,1.0,
f063,"259 Sunset Dr, Corning, NY 14830",file 14,14830,1,Vandalism,maps/types_sample/14830_vandalism.png,12.835,0.641,361019626001,C+,0.467,0.467-0.467,0.467,2356,387,,1.0,
f063,"259 Sunset Dr, Corning, NY 14830",file 14,14830,2,Burglary,maps/types_sample/14830_burglary.png,12.835,0.644,361019626001,D,0.821,0.821-0.821,0.821,2341,387,,1.0,
f063,"259 Sunset Dr, Corning, NY 14830",file 14,14830,2,Theft,maps/types_sample/14830_theft.png,12.835,0.644,361019626001,D,0.821,0.821-0.821,0.821,2351,387,,1.0,
g08,"372 Diven Ave, Elmira, NY 14901",photo list,14901,5,Robbery,maps/types_sample/14901_robbery.png,12.74,0.63,360150001002,D,0.846,0.846-0.846,0.846,2891,157,,1.0,on the D/D- line
f028,"613 Walnut St, Elmira, NY 14901",file 14,14901,5,Robbery,maps/types_sample/14901_robbery.png,12.74,0.63,360150005001,B,0.362,0.362-0.362,0.362,665,6,360150006002 C- at 6 m,1.0,
f031,"1104 Lake St, Elmira, NY 14901",file 14,14901,5,Robbery,maps/types_sample/14901_robbery.png,12.74,0.63,360150001003,D-,0.858,0.858-0.858,0.858,411,79,,1.0,
f035,"324 Diven Ave, Elmira, NY 14901",file 14,14901,5,Robbery,maps/types_sample/14901_robbery.png,12.74,0.63,360150001002,D,0.846,0.846-0.846,0.846,2891,334,,1.0,on the D/D- line
f059,"360 Diven Ave, Elmira, NY 14901",file 14,14901,5,Robbery,maps/types_sample/14901_robbery.png,12.74,0.63,360150001002,D,0.846,0.846-0.846,0.846,2891,228,,1.0,on the D/D- line
f071,"226 Crete Ave, Elmira, NY 14901",file 14,14901,5,Robbery,maps/types_sample/14901_robbery.png,12.74,0.63,360150002001,D+,0.737,0.737-0.737,0.737,1062,172,,1.0,
g08,"372 Diven Ave, Elmira, NY 14901",photo list,14901,5,Assault,maps/types_sample/14901_assault.png,12.74,0.63,360150001002,D-,0.895,0.895-0.895,0.895,2887,157,,1.0,tab label missing; crime inferred by elimination
f028,"613 Walnut St, Elmira, NY 14901",file 14,14901,5,Assault,maps/types_sample/14901_assault.png,12.74,0.63,360150005001,C,0.611,0.611-0.611,0.611,663,6,360150006002 F at 6 m,1.0,on the C/C- line; tab label missing; crime inferred by elimination
f031,"1104 Lake St, Elmira, NY 14901",file 14,14901,5,Assault,maps/types_sample/14901_assault.png,12.74,0.63,360150001003,F,0.934,0.934-0.934,0.934,406,79,,1.0,tab label missing; crime inferred by elimination
f035,"324 Diven Ave, Elmira, NY 14901",file 14,14901,5,Assault,maps/types_sample/14901_assault.png,12.74,0.63,360150001002,D-,0.895,0.895-0.895,0.895,2887,334,,1.0,tab label missing; crime inferred by elimination
f059,"360 Diven Ave, Elmira, NY 14901",file 14,14901,5,Assault,maps/types_sample/14901_assault.png,12.74,0.63,360150001002,D-,0.895,0.895-0.895,0.895,2887,228,,1.0,tab label missing; crime inferred by elimination
f071,"226 Crete Ave, Elmira, NY 14901",file 14,14901,5,Assault,maps/types_sample/14901_assault.png,12.74,0.63,360150002001,D-,0.895,0.895-0.895,0.895,1059,172,,1.0,tab label missing; crime inferred by elimination
g08,"372 Diven Ave, Elmira, NY 14901",photo list,14901,5,Drug-Related Crime,maps/types_sample/14901_drug.png,12.74,0.63,360150001002,D+,0.756,0.756-0.756,0.756,2886,157,,1.0,
f028,"613 Walnut St, Elmira, NY 14901",file 14,14901,5,Drug-Related Crime,maps/types_sample/14901_drug.png,12.74,0.63,360150005001,A+,0.028,0.028-0.028,0.028,654,6,360150006002 B+ at 6 m,1.0,
f031,"1104 Lake St, Elmira, NY 14901",file 14,14901,5,Drug-Related Crime,maps/types_sample/14901_drug.png,12.74,0.63,360150001003,B-,0.417,0.417-0.417,0.417,401,79,,1.0,
f035,"324 Diven Ave, Elmira, NY 14901",file 14,14901,5,Drug-Related Crime,maps/types_sample/14901_drug.png,12.74,0.63,360150001002,D+,0.756,0.756-0.756,0.756,2886,334,,1.0,
f059,"360 Diven Ave, Elmira, NY 14901",file 14,14901,5,Drug-Related Crime,maps/types_sample/14901_drug.png,12.74,0.63,360150001002,D+,0.756,0.756-0.756,0.756,2886,228,,1.0,
f071,"226 Crete Ave, Elmira, NY 14901",file 14,14901,5,Drug-Related Crime,maps/types_sample/14901_drug.png,12.74,0.63,360150002001,B-,0.417,0.417-0.417,0.417,1054,172,,1.0,
g08,"372 Diven Ave, Elmira, NY 14901",photo list,14901,5,Arson,maps/types_sample/14901_arson.png,12.74,0.63,360150001002,F,0.934,0.934-0.934,0.934,2895,157,,1.0,
f028,"613 Walnut St, Elmira, NY 14901",file 14,14901,5,Arson,maps/types_sample/14901_arson.png,12.74,0.63,360150005001,D,0.794,0.794-0.794,0.794,661,6,360150006002 D at 6 m,1.0,
f031,"1104 Lake St, Elmira, NY 14901",file 14,14901,5,Arson,maps/types_sample/14901_arson.png,12.74,0.63,360150001003,F,0.954,0.954-0.954,0.954,403,79,,1.0,
f035,"324 Diven Ave, Elmira, NY 14901",file 14,14901,5,Arson,maps/types_sample/14901_arson.png,12.74,0.63,360150001002,F,0.934,0.934-0.934,0.934,2895,334,,1.0,
f059,"360 Diven Ave, Elmira, NY 14901",file 14,14901,5,Arson,maps/types_sample/14901_arson.png,12.74,0.63,360150001002,F,0.934,0.934-0.934,0.934,2895,228,,1.0,
f071,"226 Crete Ave, Elmira, NY 14901",file 14,14901,5,Arson,maps/types_sample/14901_arson.png,12.74,0.63,360150002001,C,0.611,0.611-0.611,0.611,1049,172,,1.0,on the C/C- line
g08,"372 Diven Ave, Elmira, NY 14901",photo list,14901,5,Vandalism,maps/types_sample/14901_vandalism.png,12.74,0.63,360150001002,C+,0.504,0.504-0.504,0.504,2887,157,,1.0,
f028,"613 Walnut St, Elmira, NY 14901",file 14,14901,5,Vandalism,maps/types_sample/14901_vandalism.png,12.74,0.63,360150005001,B+,0.282,0.282-0.282,0.282,661,6,360150006002 C+ at 6 m,1.0,
f031,"1104 Lake St, Elmira, NY 14901",file 14,14901,5,Vandalism,maps/types_sample/14901_vandalism.png,12.74,0.63,360150001003,C,0.543,0.543-0.543,0.543,408,79,,1.0,on the C+/C line
f035,"324 Diven Ave, Elmira, NY 14901",file 14,14901,5,Vandalism,maps/types_sample/14901_vandalism.png,12.74,0.63,360150001002,C+,0.504,0.504-0.504,0.504,2887,334,,1.0,
f059,"360 Diven Ave, Elmira, NY 14901",file 14,14901,5,Vandalism,maps/types_sample/14901_vandalism.png,12.74,0.63,360150001002,C+,0.504,0.504-0.504,0.504,2887,228,,1.0,
f071,"226 Crete Ave, Elmira, NY 14901",file 14,14901,5,Vandalism,maps/types_sample/14901_vandalism.png,12.74,0.63,360150002001,C+,0.52,0.52-0.52,0.52,1063,172,,1.0,
g08,"372 Diven Ave, Elmira, NY 14901",photo list,14901,5,Vehicle Theft,maps/types_sample/14901_vehicle_theft.png,12.74,0.63,360150001002,A-,0.187,0.187-0.187,0.187,2876,157,,1.0,
f028,"613 Walnut St, Elmira, NY 14901",file 14,14901,5,Vehicle Theft,maps/types_sample/14901_vehicle_theft.png,12.74,0.63,360150005001,A,0.143,0.143-0.143,0.143,659,6,360150006002 A- at 6 m,1.0,
f031,"1104 Lake St, Elmira, NY 14901",file 14,14901,5,Vehicle Theft,maps/types_sample/14901_vehicle_theft.png,12.74,0.63,360150001003,B+,0.244,0.244-0.244,0.244,403,79,,1.0,
f035,"324 Diven Ave, Elmira, NY 14901",file 14,14901,5,Vehicle Theft,maps/types_sample/14901_vehicle_theft.png,12.74,0.63,360150001002,A-,0.187,0.187-0.187,0.187,2876,334,,1.0,
f059,"360 Diven Ave, Elmira, NY 14901",file 14,14901,5,Vehicle Theft,maps/types_sample/14901_vehicle_theft.png,12.74,0.63,360150001002,A-,0.187,0.187-0.187,0.187,2876,228,,1.0,
f071,"226 Crete Ave, Elmira, NY 14901",file 14,14901,5,Vehicle Theft,maps/types_sample/14901_vehicle_theft.png,12.74,0.63,360150002001,A-,0.212,0.212-0.212,0.212,1053,172,,1.0,
g08,"372 Diven Ave, Elmira, NY 14901",photo list,14901,5,Burglary,maps/types_sample/14901_burglary.png,12.74,0.63,360150001002,F,0.961,0.961-0.961,0.961,2871,157,,1.0,
f028,"613 Walnut St, Elmira, NY 14901",file 14,14901,5,Burglary,maps/types_sample/14901_burglary.png,12.74,0.63,360150005001,D-,0.858,0.858-0.858,0.858,671,6,360150006002 D- at 6 m,1.0,
f031,"1104 Lake St, Elmira, NY 14901",file 14,14901,5,Burglary,maps/types_sample/14901_burglary.png,12.74,0.63,360150001003,D-,0.895,0.895-0.895,0.895,403,79,,1.0,
f035,"324 Diven Ave, Elmira, NY 14901",file 14,14901,5,Burglary,maps/types_sample/14901_burglary.png,12.74,0.63,360150001002,F,0.961,0.961-0.961,0.961,2871,334,,1.0,
f059,"360 Diven Ave, Elmira, NY 14901",file 14,14901,5,Burglary,maps/types_sample/14901_burglary.png,12.74,0.63,360150001002,F,0.961,0.961-0.961,0.961,2871,228,,1.0,
f071,"226 Crete Ave, Elmira, NY 14901",file 14,14901,5,Burglary,maps/types_sample/14901_burglary.png,12.74,0.63,360150002001,D-,0.913,0.913-0.913,0.913,1070,172,,1.0,
g08,"372 Diven Ave, Elmira, NY 14901",photo list,14901,5,Theft,maps/types_sample/14901_theft.png,12.74,0.63,360150001002,D-,0.895,0.895-0.895,0.895,2876,157,,1.0,
f028,"613 Walnut St, Elmira, NY 14901",file 14,14901,5,Theft,maps/types_sample/14901_theft.png,12.74,0.63,360150005001,D,0.846,0.846-0.846,0.846,668,6,360150006002 D- at 6 m,1.0,on the D/D- line
f031,"1104 Lake St, Elmira, NY 14901",file 14,14901,5,Theft,maps/types_sample/14901_theft.png,12.74,0.63,360150001003,D-,0.895,0.895-0.895,0.895,403,79,,1.0,
f035,"324 Diven Ave, Elmira, NY 14901",file 14,14901,5,Theft,maps/types_sample/14901_theft.png,12.74,0.63,360150001002,D-,0.895,0.895-0.895,0.895,2876,334,,1.0,
f059,"360 Diven Ave, Elmira, NY 14901",file 14,14901,5,Theft,maps/types_sample/14901_theft.png,12.74,0.63,360150001002,D-,0.895,0.895-0.895,0.895,2876,228,,1.0,
f071,"226 Crete Ave, Elmira, NY 14901",file 14,14901,5,Theft,maps/types_sample/14901_theft.png,12.74,0.63,360150002001,F,0.934,0.934-0.934,0.934,1073,172,,1.0,
g08,"372 Diven Ave, Elmira, NY 14901",photo list,14901,5,Murder,maps/types_sample/14901_murder.png,12.74,0.63,360150001002,D+,0.751,0.751-0.751,0.751,2889,157,,1.0,
f028,"613 Walnut St, Elmira, NY 14901",file 14,14901,5,Murder,maps/types_sample/14901_murder.png,12.74,0.63,360150005001,C+,0.467,0.467-0.467,0.467,667,6,360150006002 D at 6 m,1.0,
f031,"1104 Lake St, Elmira, NY 14901",file 14,14901,5,Murder,maps/types_sample/14901_murder.png,12.74,0.63,360150001003,D-,0.895,0.895-0.895,0.895,403,79,,1.0,
f035,"324 Diven Ave, Elmira, NY 14901",file 14,14901,5,Murder,maps/types_sample/14901_murder.png,12.74,0.63,360150001002,D+,0.751,0.751-0.751,0.751,2889,334,,1.0,
f059,"360 Diven Ave, Elmira, NY 14901",file 14,14901,5,Murder,maps/types_sample/14901_murder.png,12.74,0.63,360150001002,D+,0.751,0.751-0.751,0.751,2889,228,,1.0,
f071,"226 Crete Ave, Elmira, NY 14901",file 14,14901,5,Murder,maps/types_sample/14901_murder.png,12.74,0.63,360150002001,D,0.837,0.837-0.837,0.837,1060,172,,1.0,
g01,"639 Conover Rd, Durham, NC 27703",photo list,27703,6,Assault,maps/types_sample/27703_assault.png,12.735,0.58,370630018083,B,0.353,0.353-0.353,0.353,2817,272,,1.0,
g01,"639 Conover Rd, Durham, NC 27703",photo list,27703,6,Drug-Related Crime,maps/types_sample/27703_drug.png,12.735,0.58,370630018083,B-,0.445,0.445-0.445,0.445,2820,272,,1.0,
g01,"639 Conover Rd, Durham, NC 27703",photo list,27703,6,Arson,maps/types_sample/27703_arson.png,12.735,0.58,370630018083,B+,0.273,0.273-0.273,0.273,2775,272,,1.0,
g01,"639 Conover Rd, Durham, NC 27703",photo list,27703,6,Vandalism,maps/types_sample/27703_vandalism.png,12.735,0.58,370630018083,C+,0.52,0.52-0.52,0.52,2820,272,,1.0,
g01,"639 Conover Rd, Durham, NC 27703",photo list,27703,6,Murder,maps/types_sample/27703_murder.png,12.735,0.58,370630018083,B+,0.294,0.294-0.294,0.294,2785,272,,1.0,
g01,"639 Conover Rd, Durham, NC 27703",photo list,27703,6,Vehicle Theft,maps/types_sample/27703_vehicle_theft.png,12.735,0.58,370630018083,D+,0.711,0.711-0.711,0.711,2822,272,,1.0,
g01,"639 Conover Rd, Durham, NC 27703",photo list,27703,6,Burglary,maps/types_sample/27703_burglary.png,12.735,0.58,370630018083,D+,0.694,0.694-0.694,0.694,2825,272,,1.0,on the C-/D+ line
g01,"639 Conover Rd, Durham, NC 27703",photo list,27703,6,Theft,maps/types_sample/27703_theft.png,12.735,0.58,370630018083,D+,0.711,0.711-0.711,0.711,2827,272,,1.0,
g01,"639 Conover Rd, Durham, NC 27703",photo list,27703,6,Robbery,maps/types_sample/27703_robbery.png,12.735,0.58,370630018083,C+,0.504,0.504-0.504,0.504,2820,272,,1.0,
g02,"306 Troy Ave NE, Roanoke, VA 24012",photo list,24012,7,Assault,maps/types_sample/24012_assault.png,12.735,0.555,517700004001,D-,0.895,0.895-0.895,0.895,1646,277,,1.0,
f076,"4102 Richland Ave NW, Roanoke, VA 24012",file 14,24012,7,Assault,maps/types_sample/24012_assault.png,12.735,0.555,517700003002,D+,0.751,0.751-0.751,0.751,1344,212,,1.0,
f092,"126 Troy Ave NE, Roanoke, VA 24012",file 14,24012,7,Assault,maps/types_sample/24012_assault.png,12.735,0.555,517700004001,D-,0.895,0.895-0.895,0.895,1646,113,,1.0,
f103,"28 Hillcrest Ave NE, Roanoke, VA 24012",file 14,24012,7,Assault,maps/types_sample/24012_assault.png,12.735,0.555,517700005001,F,0.953,0.953-0.953,0.953,1737,170,,1.0,
g02,"306 Troy Ave NE, Roanoke, VA 24012",photo list,24012,7,Drug-Related Crime,maps/types_sample/24012_drug.png,12.735,0.555,517700004001,D,0.837,0.837-0.837,0.837,1652,277,,1.0,
f076,"4102 Richland Ave NW, Roanoke, VA 24012",file 14,24012,7,Drug-Related Crime,maps/types_sample/24012_drug.png,12.735,0.555,517700003002,B,0.361,0.361-0.361,0.361,1341,212,,1.0,
f092,"126 Troy Ave NE, Roanoke, VA 24012",file 14,24012,7,Drug-Related Crime,maps/types_sample/24012_drug.png,12.735,0.555,517700004001,D,0.837,0.837-0.837,0.837,1652,113,,1.0,
f103,"28 Hillcrest Ave NE, Roanoke, VA 24012",file 14,24012,7,Drug-Related Crime,maps/types_sample/24012_drug.png,12.735,0.555,517700005001,D-,0.895,0.895-0.895,0.895,1729,170,,1.0,
g02,"306 Troy Ave NE, Roanoke, VA 24012",photo list,24012,7,Robbery,maps/types_sample/24012_robbery.png,12.735,0.555,517700004001,C-,0.661,0.661-0.661,0.661,1661,277,,1.0,
f076,"4102 Richland Ave NW, Roanoke, VA 24012",file 14,24012,7,Robbery,maps/types_sample/24012_robbery.png,12.735,0.555,517700003002,B+,0.237,0.237-0.237,0.237,1344,212,,1.0,
f092,"126 Troy Ave NE, Roanoke, VA 24012",file 14,24012,7,Robbery,maps/types_sample/24012_robbery.png,12.735,0.555,517700004001,C-,0.661,0.661-0.661,0.661,1661,113,,1.0,
f103,"28 Hillcrest Ave NE, Roanoke, VA 24012",file 14,24012,7,Robbery,maps/types_sample/24012_robbery.png,12.735,0.555,517700005001,D+,0.711,0.711-0.711,0.711,1739,170,,1.0,
g02,"306 Troy Ave NE, Roanoke, VA 24012",photo list,24012,7,Vandalism,maps/types_sample/24012_vandalism.png,12.735,0.555,517700004001,D-,0.858,0.858-0.858,0.858,1678,277,,1.0,
f076,"4102 Richland Ave NW, Roanoke, VA 24012",file 14,24012,7,Vandalism,maps/types_sample/24012_vandalism.png,12.735,0.555,517700003002,C-,0.644,0.644-0.644,0.644,1341,212,,1.0,
f092,"126 Troy Ave NE, Roanoke, VA 24012",file 14,24012,7,Vandalism,maps/types_sample/24012_vandalism.png,12.735,0.555,517700004001,D-,0.858,0.858-0.858,0.858,1678,113,,1.0,
f103,"28 Hillcrest Ave NE, Roanoke, VA 24012",file 14,24012,7,Vandalism,maps/types_sample/24012_vandalism.png,12.735,0.555,517700005001,F,0.991,0.991-0.991,0.991,1720,170,,1.0,
g02,"306 Troy Ave NE, Roanoke, VA 24012",photo list,24012,7,Murder,maps/types_sample/24012_murder.png,12.735,0.555,517700004001,D,0.794,0.794-0.794,0.794,1638,277,,1.0,
f076,"4102 Richland Ave NW, Roanoke, VA 24012",file 14,24012,7,Murder,maps/types_sample/24012_murder.png,12.735,0.555,517700003002,C-,0.658,0.658-0.658,0.658,1355,212,,1.0,
f092,"126 Troy Ave NE, Roanoke, VA 24012",file 14,24012,7,Murder,maps/types_sample/24012_murder.png,12.735,0.555,517700004001,D,0.794,0.794-0.794,0.794,1638,113,,1.0,
f103,"28 Hillcrest Ave NE, Roanoke, VA 24012",file 14,24012,7,Murder,maps/types_sample/24012_murder.png,12.735,0.555,517700005001,D+,0.711,0.711-0.711,0.711,1738,170,,1.0,
g02,"306 Troy Ave NE, Roanoke, VA 24012",photo list,24012,7,Vehicle Theft,maps/types_sample/24012_vehicle_theft.png,12.735,0.555,517700004001,D-,0.858,0.858-0.858,0.858,1671,277,,1.0,
f076,"4102 Richland Ave NW, Roanoke, VA 24012",file 14,24012,7,Vehicle Theft,maps/types_sample/24012_vehicle_theft.png,12.735,0.555,517700003002,D+,0.768,0.768-0.768,0.768,1327,212,,1.0,on the D+/D line
f092,"126 Troy Ave NE, Roanoke, VA 24012",file 14,24012,7,Vehicle Theft,maps/types_sample/24012_vehicle_theft.png,12.735,0.555,517700004001,D-,0.858,0.858-0.858,0.858,1671,113,,1.0,
f103,"28 Hillcrest Ave NE, Roanoke, VA 24012",file 14,24012,7,Vehicle Theft,maps/types_sample/24012_vehicle_theft.png,12.735,0.555,517700005001,D-,0.895,0.895-0.895,0.895,1737,170,,1.0,
g02,"306 Troy Ave NE, Roanoke, VA 24012",photo list,24012,7,Burglary,maps/types_sample/24012_burglary.png,12.735,0.555,517700004001,F,0.961,0.961-0.961,0.961,1641,277,,1.0,
f076,"4102 Richland Ave NW, Roanoke, VA 24012",file 14,24012,7,Burglary,maps/types_sample/24012_burglary.png,12.735,0.555,517700003002,C-,0.661,0.661-0.661,0.661,1346,212,,1.0,
f092,"126 Troy Ave NE, Roanoke, VA 24012",file 14,24012,7,Burglary,maps/types_sample/24012_burglary.png,12.735,0.555,517700004001,F,0.961,0.961-0.961,0.961,1641,113,,1.0,
f103,"28 Hillcrest Ave NE, Roanoke, VA 24012",file 14,24012,7,Burglary,maps/types_sample/24012_burglary.png,12.735,0.555,517700005001,F,0.934,0.934-0.934,0.934,1746,170,,1.0,
g02,"306 Troy Ave NE, Roanoke, VA 24012",photo list,24012,7,Theft,maps/types_sample/24012_theft.png,12.735,0.555,517700004001,F,0.954,0.954-0.954,0.954,1662,277,,1.0,
f076,"4102 Richland Ave NW, Roanoke, VA 24012",file 14,24012,7,Theft,maps/types_sample/24012_theft.png,12.735,0.555,517700003002,C-,0.644,0.644-0.644,0.644,1353,212,,1.0,
f092,"126 Troy Ave NE, Roanoke, VA 24012",file 14,24012,7,Theft,maps/types_sample/24012_theft.png,12.735,0.555,517700004001,F,0.954,0.954-0.954,0.954,1662,113,,1.0,
f103,"28 Hillcrest Ave NE, Roanoke, VA 24012",file 14,24012,7,Theft,maps/types_sample/24012_theft.png,12.735,0.555,517700005001,F,0.934,0.934-0.934,0.934,1742,170,,1.0,
g02,"306 Troy Ave NE, Roanoke, VA 24012",photo list,24012,7,Arson,maps/types_sample/24012_arson.png,12.735,0.555,517700004001,C+,0.52,0.52-0.52,0.52,1658,277,,1.0,
f076,"4102 Richland Ave NW, Roanoke, VA 24012",file 14,24012,7,Arson,maps/types_sample/24012_arson.png,12.735,0.555,517700003002,B+,0.267,0.267-0.267,0.267,1335,212,,1.0,
f092,"126 Troy Ave NE, Roanoke, VA 24012",file 14,24012,7,Arson,maps/types_sample/24012_arson.png,12.735,0.555,517700004001,C+,0.52,0.52-0.52,0.52,1658,113,,1.0,
f103,"28 Hillcrest Ave NE, Roanoke, VA 24012",file 14,24012,7,Arson,maps/types_sample/24012_arson.png,12.735,0.555,517700005001,C-,0.661,0.661-0.661,0.661,1740,170,,1.0,
g14,"814 Varsity Dr, Fayetteville, NC 28301",photo list,28301,8,Assault,maps/types_sample/28301_assault.png,13.335,0.597,370510011002,F,0.954,0.954-0.954,0.954,5723,390,,1.0,
f119,"2316 Edgar St, Fayetteville, NC 28301",file 14,28301,8,Assault,maps/types_sample/28301_assault.png,13.335,0.597,370510011002,F,0.954,0.954-0.954,0.954,5723,238,,1.0,
f122,"2311 Nickey Ave, Fayetteville, NC 28301",file 14,28301,8,Assault,maps/types_sample/28301_assault.png,13.335,0.597,370510011002,F,0.954,0.954-0.954,0.954,5723,111,,1.0,
g14,"814 Varsity Dr, Fayetteville, NC 28301",photo list,28301,8,Drug-Related Crime,maps/types_sample/28301_drug.png,13.335,0.597,370510011002,D+,0.711,0.711-0.711,0.711,5723,390,,1.0,
f119,"2316 Edgar St, Fayetteville, NC 28301",file 14,28301,8,Drug-Related Crime,maps/types_sample/28301_drug.png,13.335,0.597,370510011002,D+,0.711,0.711-0.711,0.711,5723,238,,1.0,
f122,"2311 Nickey Ave, Fayetteville, NC 28301",file 14,28301,8,Drug-Related Crime,maps/types_sample/28301_drug.png,13.335,0.597,370510011002,D+,0.711,0.711-0.711,0.711,5723,111,,1.0,
g14,"814 Varsity Dr, Fayetteville, NC 28301",photo list,28301,8,Arson,maps/types_sample/28301_arson.png,13.335,0.597,370510011002,F,0.934,0.934-0.934,0.934,5723,390,,1.0,
f119,"2316 Edgar St, Fayetteville, NC 28301",file 14,28301,8,Arson,maps/types_sample/28301_arson.png,13.335,0.597,370510011002,F,0.934,0.934-0.934,0.934,5723,238,,1.0,
f122,"2311 Nickey Ave, Fayetteville, NC 28301",file 14,28301,8,Arson,maps/types_sample/28301_arson.png,13.335,0.597,370510011002,F,0.934,0.934-0.934,0.934,5723,111,,1.0,
g14,"814 Varsity Dr, Fayetteville, NC 28301",photo list,28301,8,Vandalism,maps/types_sample/28301_vandalism.png,13.335,0.597,370510011002,D-,0.895,0.895-0.895,0.895,5710,390,,1.0,
f119,"2316 Edgar St, Fayetteville, NC 28301",file 14,28301,8,Vandalism,maps/types_sample/28301_vandalism.png,13.335,0.597,370510011002,D-,0.895,0.895-0.895,0.895,5710,238,,1.0,
f122,"2311 Nickey Ave, Fayetteville, NC 28301",file 14,28301,8,Vandalism,maps/types_sample/28301_vandalism.png,13.335,0.597,370510011002,D-,0.895,0.895-0.895,0.895,5710,111,,1.0,
g14,"814 Varsity Dr, Fayetteville, NC 28301",photo list,28301,8,Murder,maps/types_sample/28301_murder.png,13.335,0.597,370510011002,F,0.983,0.983-0.983,0.983,5683,390,,1.0,
f119,"2316 Edgar St, Fayetteville, NC 28301",file 14,28301,8,Murder,maps/types_sample/28301_murder.png,13.335,0.597,370510011002,F,0.983,0.983-0.983,0.983,5683,238,,1.0,
f122,"2311 Nickey Ave, Fayetteville, NC 28301",file 14,28301,8,Murder,maps/types_sample/28301_murder.png,13.335,0.597,370510011002,F,0.983,0.983-0.983,0.983,5683,111,,1.0,
g14,"814 Varsity Dr, Fayetteville, NC 28301",photo list,28301,8,Vehicle Theft,maps/types_sample/28301_vehicle_theft.png,13.335,0.597,370510011002,D+,0.737,0.737-0.737,0.737,5699,390,,1.0,
f119,"2316 Edgar St, Fayetteville, NC 28301",file 14,28301,8,Vehicle Theft,maps/types_sample/28301_vehicle_theft.png,13.335,0.597,370510011002,D+,0.737,0.737-0.737,0.737,5699,238,,1.0,
f122,"2311 Nickey Ave, Fayetteville, NC 28301",file 14,28301,8,Vehicle Theft,maps/types_sample/28301_vehicle_theft.png,13.335,0.597,370510011002,D+,0.737,0.737-0.737,0.737,5699,111,,1.0,
g14,"814 Varsity Dr, Fayetteville, NC 28301",photo list,28301,8,Burglary,maps/types_sample/28301_burglary.png,13.335,0.597,370510011002,F,0.934,0.934-0.934,0.934,5732,390,,1.0,
f119,"2316 Edgar St, Fayetteville, NC 28301",file 14,28301,8,Burglary,maps/types_sample/28301_burglary.png,13.335,0.597,370510011002,F,0.934,0.934-0.934,0.934,5732,238,,1.0,
f122,"2311 Nickey Ave, Fayetteville, NC 28301",file 14,28301,8,Burglary,maps/types_sample/28301_burglary.png,13.335,0.597,370510011002,F,0.934,0.934-0.934,0.934,5732,111,,1.0,
g14,"814 Varsity Dr, Fayetteville, NC 28301",photo list,28301,8,Theft,maps/types_sample/28301_theft.png,13.335,0.597,370510011002,D+,0.737,0.737-0.737,0.737,5699,390,,1.0,
f119,"2316 Edgar St, Fayetteville, NC 28301",file 14,28301,8,Theft,maps/types_sample/28301_theft.png,13.335,0.597,370510011002,D+,0.737,0.737-0.737,0.737,5699,238,,1.0,
f122,"2311 Nickey Ave, Fayetteville, NC 28301",file 14,28301,8,Theft,maps/types_sample/28301_theft.png,13.335,0.597,370510011002,D+,0.737,0.737-0.737,0.737,5699,111,,1.0,
g14,"814 Varsity Dr, Fayetteville, NC 28301",photo list,28301,8,Robbery,maps/types_sample/28301_robbery.png,13.335,0.597,370510011002,D,0.844,0.844-0.844,0.844,5726,390,,1.0,on the D/D- line
f119,"2316 Edgar St, Fayetteville, NC 28301",file 14,28301,8,Robbery,maps/types_sample/28301_robbery.png,13.335,0.597,370510011002,D,0.844,0.844-0.844,0.844,5726,238,,1.0,on the D/D- line
f122,"2311 Nickey Ave, Fayetteville, NC 28301",file 14,28301,8,Robbery,maps/types_sample/28301_robbery.png,13.335,0.597,370510011002,D,0.844,0.844-0.844,0.844,5726,111,,1.0,on the D/D- line
g15,"1021 Penmar Ave SE, Roanoke, VA 24013",photo list,24013,9,Assault,maps/types_sample/24013_assault.png,13.735,0.469,517700027003,D-,0.872,0.872-0.872,0.872,10663,6,517700027004 F at 6 m,1.0,
f079,"515 Albemarle Ave SE, Roanoke, VA 24013",file 14,24013,9,Assault,maps/types_sample/24013_assault.png,13.735,0.469,517700027002,D-,0.895,0.895-0.895,0.895,5123,6,517700027001 D- at 6 m,1.0,
g15,"1021 Penmar Ave SE, Roanoke, VA 24013",photo list,24013,9,Robbery,maps/types_sample/24013_robbery.png,13.735,0.469,517700027003,D-,0.889,0.889-0.889,0.889,10635,6,517700027004 D- at 6 m,1.0,
f079,"515 Albemarle Ave SE, Roanoke, VA 24013",file 14,24013,9,Robbery,maps/types_sample/24013_robbery.png,13.735,0.469,517700027002,C-,0.661,0.661-0.661,0.661,5126,6,517700027001 C at 6 m,1.0,
g15,"1021 Penmar Ave SE, Roanoke, VA 24013",photo list,24013,9,Arson,maps/types_sample/24013_arson.png,13.735,0.469,517700027003,D-,0.889,0.889-0.889,0.889,10634,6,517700027004 D at 6 m,1.0,
f079,"515 Albemarle Ave SE, Roanoke, VA 24013",file 14,24013,9,Arson,maps/types_sample/24013_arson.png,13.735,0.469,517700027002,D,0.78,0.78-0.78,0.78,5081,6,517700027001 C at 6 m,1.0,
g15,"1021 Penmar Ave SE, Roanoke, VA 24013",photo list,24013,9,Vandalism,maps/types_sample/24013_vandalism.png,13.735,0.469,517700027003,F,0.991,0.991-0.991,0.991,10636,6,517700027004 F at 6 m,1.0,
f079,"515 Albemarle Ave SE, Roanoke, VA 24013",file 14,24013,9,Vandalism,maps/types_sample/24013_vandalism.png,13.735,0.469,517700027002,F,0.991,0.991-0.991,0.991,5099,6,517700027001 F at 6 m,1.0,
g15,"1021 Penmar Ave SE, Roanoke, VA 24013",photo list,24013,9,Murder,maps/types_sample/24013_murder.png,13.735,0.469,517700027003,D,0.814,0.814-0.814,0.814,10656,6,517700027004 D- at 6 m,1.0,
f079,"515 Albemarle Ave SE, Roanoke, VA 24013",file 14,24013,9,Murder,maps/types_sample/24013_murder.png,13.735,0.469,517700027002,D,0.844,0.844-0.844,0.844,5127,6,517700027001 D+ at 6 m,1.0,on the D/D- line
g15,"1021 Penmar Ave SE, Roanoke, VA 24013",photo list,24013,9,Vehicle Theft,maps/types_sample/24013_vehicle_theft.png,13.735,0.469,517700027003,C+,0.482,0.482-0.482,0.482,10683,6,517700027004 C at 6 m,1.0,
f079,"515 Albemarle Ave SE, Roanoke, VA 24013",file 14,24013,9,Vehicle Theft,maps/types_sample/24013_vehicle_theft.png,13.735,0.469,517700027002,B,0.34,0.34-0.34,0.34,5089,6,517700027001 D+ at 6 m,1.0,
g15,"1021 Penmar Ave SE, Roanoke, VA 24013",photo list,24013,9,Burglary,maps/types_sample/24013_burglary.png,13.735,0.469,517700027003,F,0.954,0.954-0.954,0.954,10677,6,517700027004 F at 6 m,1.0,
f079,"515 Albemarle Ave SE, Roanoke, VA 24013",file 14,24013,9,Burglary,maps/types_sample/24013_burglary.png,13.735,0.469,517700027002,F,0.961,0.961-0.961,0.961,5100,6,517700027001 F at 6 m,1.0,
g15,"1021 Penmar Ave SE, Roanoke, VA 24013",photo list,24013,9,Theft,maps/types_sample/24013_theft.png,13.735,0.469,517700027003,D,0.837,0.837-0.837,0.837,10684,6,517700027004 D at 6 m,1.0,
f079,"515 Albemarle Ave SE, Roanoke, VA 24013",file 14,24013,9,Theft,maps/types_sample/24013_theft.png,13.735,0.469,517700027002,D,0.846,0.846-0.846,0.846,5127,6,517700027001 D at 6 m,1.0,on the D/D- line
g15,"1021 Penmar Ave SE, Roanoke, VA 24013",photo list,24013,9,Drug-Related Crime,maps/types_sample/24013_drug.png,13.735,0.469,517700027003,C+,0.504,0.504-0.504,0.504,10666,6,517700027004 D at 6 m,1.0,
f079,"515 Albemarle Ave SE, Roanoke, VA 24013",file 14,24013,9,Drug-Related Crime,maps/types_sample/24013_drug.png,13.735,0.469,517700027002,C+,0.482,0.482-0.482,0.482,5124,6,517700027001 C at 6 m,1.0,
g13,"1934 Oakland St, Petersburg, VA 23805",photo list,23805,10,Assault,maps/types_sample/23805_assault.png,12.835,0.474,517308109001,D,0.794,0.794-0.794,0.794,1517,80,,0.7,
g13,"1934 Oakland St, Petersburg, VA 23805",photo list,23805,10,Drug-Related Crime,maps/types_sample/23805_drug.png,12.835,0.474,517308109001,B,0.336,0.336-0.336,0.336,1523,80,,0.7,
g13,"1934 Oakland St, Petersburg, VA 23805",photo list,23805,10,Arson,maps/types_sample/23805_arson.png,12.835,0.474,517308109001,D,0.794,0.794-0.794,0.794,1517,80,,0.7,
g13,"1934 Oakland St, Petersburg, VA 23805",photo list,23805,10,Vandalism,maps/types_sample/23805_vandalism.png,12.835,0.474,517308109001,D-,0.895,0.895-0.895,0.895,1531,80,,0.7,
g13,"1934 Oakland St, Petersburg, VA 23805",photo list,23805,10,Murder,maps/types_sample/23805_murder.png,12.835,0.474,517308109001,F,0.934,0.934-0.934,0.934,1531,80,,0.7,
g13,"1934 Oakland St, Petersburg, VA 23805",photo list,23805,10,Vehicle Theft,maps/types_sample/23805_vehicle_theft.png,12.835,0.474,517308109001,D,0.78,0.78-0.78,0.78,1510,80,,0.7,
g13,"1934 Oakland St, Petersburg, VA 23805",photo list,23805,10,Burglary,maps/types_sample/23805_burglary.png,12.835,0.474,517308109001,D,0.774,0.774-0.774,0.774,1517,80,,0.7,
g13,"1934 Oakland St, Petersburg, VA 23805",photo list,23805,10,Theft,maps/types_sample/23805_theft.png,12.835,0.474,517308109001,D+,0.737,0.737-0.737,0.737,1536,80,,0.7,
g13,"1934 Oakland St, Petersburg, VA 23805",photo list,23805,10,Robbery,maps/types_sample/23805_robbery.png,12.835,0.474,517308109001,C,0.543,0.543-0.543,0.543,1540,80,,0.7,on the C+/C line
g03,"918 Star St, Rocky Mount, NC 27804",photo list,27804,11,Assault,maps/types_sample/27804_assault.png,12.735,0.659,371270104003,F,0.985,0.985-0.985,0.985,2396,24,371270104002 F at 24 m,1.0,
f104,"108 S Pine St, Rocky Mount, NC 27804",file 14,27804,11,Assault,maps/types_sample/27804_assault.png,12.735,0.659,371270104003,F,0.985,0.985-0.985,0.985,2396,6,371270104002 F at 6 m,1.0,
g03,"918 Star St, Rocky Mount, NC 27804",photo list,27804,11,Arson,maps/types_sample/27804_arson.png,12.735,0.659,371270104003,D,0.837,0.837-0.837,0.837,2414,24,371270104002 D+ at 24 m,1.0,
f104,"108 S Pine St, Rocky Mount, NC 27804",file 14,27804,11,Arson,maps/types_sample/27804_arson.png,12.735,0.659,371270104003,D,0.837,0.837-0.837,0.837,2414,6,371270104002 D+ at 6 m,1.0,
g03,"918 Star St, Rocky Mount, NC 27804",photo list,27804,11,Vandalism,maps/types_sample/27804_vandalism.png,12.735,0.659,371270104003,D,0.799,0.799-0.799,0.799,2399,24,371270104002 B- at 24 m,1.0,
f104,"108 S Pine St, Rocky Mount, NC 27804",file 14,27804,11,Vandalism,maps/types_sample/27804_vandalism.png,12.735,0.659,371270104003,D,0.799,0.799-0.799,0.799,2399,6,371270104002 B- at 6 m,1.0,
g03,"918 Star St, Rocky Mount, NC 27804",photo list,27804,11,Murder,maps/types_sample/27804_murder.png,12.735,0.659,371270104003,F,0.961,0.961-0.961,0.961,2399,24,371270104002 F at 24 m,1.0,
f104,"108 S Pine St, Rocky Mount, NC 27804",file 14,27804,11,Murder,maps/types_sample/27804_murder.png,12.735,0.659,371270104003,F,0.961,0.961-0.961,0.961,2399,6,371270104002 F at 6 m,1.0,
g03,"918 Star St, Rocky Mount, NC 27804",photo list,27804,11,Vehicle Theft,maps/types_sample/27804_vehicle_theft.png,12.735,0.659,371270104003,D-,0.866,0.866-0.866,0.866,2415,24,371270104002 D at 24 m,1.0,
f104,"108 S Pine St, Rocky Mount, NC 27804",file 14,27804,11,Vehicle Theft,maps/types_sample/27804_vehicle_theft.png,12.735,0.659,371270104003,D-,0.866,0.866-0.866,0.866,2415,6,371270104002 D at 6 m,1.0,
g03,"918 Star St, Rocky Mount, NC 27804",photo list,27804,11,Burglary,maps/types_sample/27804_burglary.png,12.735,0.659,371270104003,F,0.934,0.934-0.934,0.934,2418,24,371270104002 F at 24 m,1.0,
f104,"108 S Pine St, Rocky Mount, NC 27804",file 14,27804,11,Burglary,maps/types_sample/27804_burglary.png,12.735,0.659,371270104003,F,0.934,0.934-0.934,0.934,2418,6,371270104002 F at 6 m,1.0,
g03,"918 Star St, Rocky Mount, NC 27804",photo list,27804,11,Theft,maps/types_sample/27804_theft.png,12.735,0.659,371270104003,C,0.543,0.543-0.543,0.543,2429,24,371270104002 F at 24 m,1.0,on the C+/C line
f104,"108 S Pine St, Rocky Mount, NC 27804",file 14,27804,11,Theft,maps/types_sample/27804_theft.png,12.735,0.659,371270104003,C,0.543,0.543-0.543,0.543,2429,6,371270104002 F at 6 m,1.0,on the C+/C line
g03,"918 Star St, Rocky Mount, NC 27804",photo list,27804,11,Robbery,maps/types_sample/27804_robbery.png,12.735,0.659,371270104003,F,0.935,0.935-0.935,0.935,2427,24,371270104002 F at 24 m,1.0,
f104,"108 S Pine St, Rocky Mount, NC 27804",file 14,27804,11,Robbery,maps/types_sample/27804_robbery.png,12.735,0.659,371270104003,F,0.935,0.935-0.935,0.935,2427,6,371270104002 F at 6 m,1.0,
g03,"918 Star St, Rocky Mount, NC 27804",photo list,27804,12,Drug-Related Crime,maps/types_sample/27804_drug.png,12.735,0.655,371270104003,A+,0.028,0.028-0.028,0.028,2364,24,371270104002 A+ at 24 m,1.0,
f104,"108 S Pine St, Rocky Mount, NC 27804",file 14,27804,12,Drug-Related Crime,maps/types_sample/27804_drug.png,12.735,0.655,371270104003,A+,0.028,0.028-0.028,0.028,2364,6,371270104002 A+ at 6 m,1.0,
g05,"509 Naylor Rd, Johnstown, PA 15906",photo list,15906,13,Assault,maps/types_sample/15906_assault.png,12.985,0.651,420210101003,B-,0.395,0.395-0.395,0.395,88019,107,,0.8,
f033,"214 Barron Ave, Johnstown, PA 15906",file 14,15906,13,Assault,maps/types_sample/15906_assault.png,12.985,0.651,420210012002,D,0.799,0.799-0.799,0.799,415,53,420210114003 C at 53 m,1.0,
g05,"509 Naylor Rd, Johnstown, PA 15906",photo list,15906,13,Drug-Related Crime,maps/types_sample/15906_drug.png,12.985,0.651,420210101003,A,0.111,0.111-0.111,0.111,88002,107,,0.8,
f033,"214 Barron Ave, Johnstown, PA 15906",file 14,15906,13,Drug-Related Crime,maps/types_sample/15906_drug.png,12.985,0.651,420210012002,B,0.361,0.361-0.361,0.361,419,53,420210114003 B- at 53 m,1.0,
g05,"509 Naylor Rd, Johnstown, PA 15906",photo list,15906,13,Arson,maps/types_sample/15906_arson.png,12.985,0.651,420210101003,A+,0.028,0.028-0.028,0.028,87903,107,,0.8,
f033,"214 Barron Ave, Johnstown, PA 15906",file 14,15906,13,Arson,maps/types_sample/15906_arson.png,12.985,0.651,420210012002,B-,0.385,0.385-0.385,0.385,418,53,420210114003 C at 53 m,1.0,on the B/B- line
g05,"509 Naylor Rd, Johnstown, PA 15906",photo list,15906,13,Vandalism,maps/types_sample/15906_vandalism.png,12.985,0.651,420210101003,A-,0.197,0.197-0.197,0.197,88127,107,,0.8,
f033,"214 Barron Ave, Johnstown, PA 15906",file 14,15906,13,Vandalism,maps/types_sample/15906_vandalism.png,12.985,0.651,420210012002,D,0.814,0.814-0.814,0.814,418,53,420210114003 C at 53 m,1.0,
g05,"509 Naylor Rd, Johnstown, PA 15906",photo list,15906,13,Robbery,maps/types_sample/15906_robbery.png,12.985,0.651,420210101003,A,0.121,0.121-0.121,0.121,88001,107,,0.8,
f033,"214 Barron Ave, Johnstown, PA 15906",file 14,15906,13,Robbery,maps/types_sample/15906_robbery.png,12.985,0.651,420210012002,D-,0.858,0.858-0.858,0.858,430,53,420210114003 B at 53 m,1.0,
g05,"509 Naylor Rd, Johnstown, PA 15906",photo list,15906,13,Burglary,maps/types_sample/15906_burglary.png,12.985,0.651,420210101003,A+,0.045,0.045-0.045,0.045,87933,107,,0.8,
f033,"214 Barron Ave, Johnstown, PA 15906",file 14,15906,13,Burglary,maps/types_sample/15906_burglary.png,12.985,0.651,420210012002,F,0.935,0.935-0.935,0.935,424,53,420210114003 C+ at 53 m,1.0,
g05,"509 Naylor Rd, Johnstown, PA 15906",photo list,15906,13,Theft,maps/types_sample/15906_theft.png,12.985,0.651,420210101003,B+,0.244,0.244-0.244,0.244,88177,107,,0.8,
f033,"214 Barron Ave, Johnstown, PA 15906",file 14,15906,13,Theft,maps/types_sample/15906_theft.png,12.985,0.651,420210012002,D,0.837,0.837-0.837,0.837,423,53,420210114003 B+ at 53 m,1.0,
g05,"509 Naylor Rd, Johnstown, PA 15906",photo list,15906,13,Murder,maps/types_sample/15906_murder.png,12.985,0.651,420210101003,D+,0.756,0.756-0.756,0.756,88191,107,,0.8,
f033,"214 Barron Ave, Johnstown, PA 15906",file 14,15906,13,Murder,maps/types_sample/15906_murder.png,12.985,0.651,420210012002,D,0.837,0.837-0.837,0.837,426,53,420210114003 D+ at 53 m,1.0,
g12,"3601 Memphis Ave, Cleveland, OH 44109",photo list,44109,14,Assault,maps/types_sample/44109_assault.png,13.235,0.488,390351974002,D+,0.756,0.756-0.756,0.756,4208,78,,1.0,
g12,"3601 Memphis Ave, Cleveland, OH 44109",photo list,44109,14,Drug-Related Crime,maps/types_sample/44109_drug.png,13.235,0.488,390351974002,D,0.844,0.844-0.844,0.844,4234,78,,1.0,on the D/D- line
g12,"3601 Memphis Ave, Cleveland, OH 44109",photo list,44109,14,Arson,maps/types_sample/44109_arson.png,13.235,0.488,390351974002,D,0.846,0.846-0.846,0.846,4234,78,,1.0,on the D/D- line
g12,"3601 Memphis Ave, Cleveland, OH 44109",photo list,44109,14,Vandalism,maps/types_sample/44109_vandalism.png,13.235,0.488,390351974002,D,0.799,0.799-0.799,0.799,4217,78,,1.0,
g12,"3601 Memphis Ave, Cleveland, OH 44109",photo list,44109,14,Murder,maps/types_sample/44109_murder.png,13.235,0.488,390351974002,D,0.799,0.799-0.799,0.799,4217,78,,1.0,
g12,"3601 Memphis Ave, Cleveland, OH 44109",photo list,44109,14,Vehicle Theft,maps/types_sample/44109_vehicle_theft.png,13.235,0.488,390351974002,F,0.935,0.935-0.935,0.935,4233,78,,1.0,
g12,"3601 Memphis Ave, Cleveland, OH 44109",photo list,44109,14,Burglary,maps/types_sample/44109_burglary.png,13.235,0.488,390351974002,F,0.934,0.934-0.934,0.934,4238,78,,1.0,
g12,"3601 Memphis Ave, Cleveland, OH 44109",photo list,44109,14,Theft,maps/types_sample/44109_theft.png,13.235,0.488,390351974002,F,0.954,0.954-0.954,0.954,4233,78,,1.0,
g12,"3601 Memphis Ave, Cleveland, OH 44109",photo list,44109,14,Robbery,maps/types_sample/44109_robbery.png,13.235,0.488,390351974002,F,0.954,0.954-0.954,0.954,4214,78,,1.0,
g04,"3446 E 125th St, Cleveland, OH 44120",photo list,44120,15,Assault,maps/types_sample/44120_assault.png,13.24,0.43,390351207012,F,0.961,0.961-0.961,0.961,1142,143,,1.0,
g09,"9816 Manor Ave, Cleveland, OH 44104",photo list,44120,15,Assault,maps/types_sample/44120_assault.png,13.24,0.43,390351202003,F,0.991,0.991-0.991,0.991,1320,6,390351202002 F at 6 m,1.0,
f049,"10001 Sophia Ave, Cleveland, OH 44104",file 14,44120,15,Assault,maps/types_sample/44120_assault.png,13.24,0.43,390351202001,F,0.992,0.992-0.992,0.992,744,101,,1.0,
g04,"3446 E 125th St, Cleveland, OH 44120",photo list,44120,15,Drug-Related Crime,maps/types_sample/44120_drug.png,13.24,0.43,390351207012,F,0.961,0.961-0.961,0.961,1142,143,,1.0,
g09,"9816 Manor Ave, Cleveland, OH 44104",photo list,44120,15,Drug-Related Crime,maps/types_sample/44120_drug.png,13.24,0.43,390351202003,F,0.934,0.934-0.934,0.934,1333,6,390351202002 F at 6 m,1.0,
f049,"10001 Sophia Ave, Cleveland, OH 44104",file 14,44120,15,Drug-Related Crime,maps/types_sample/44120_drug.png,13.24,0.43,390351202001,F,0.991,0.991-0.991,0.991,744,101,,1.0,
g04,"3446 E 125th St, Cleveland, OH 44120",photo list,44120,15,Arson,maps/types_sample/44120_arson.png,13.24,0.43,390351207012,F,0.991,0.991-0.991,0.991,1142,143,,1.0,
g09,"9816 Manor Ave, Cleveland, OH 44104",photo list,44120,15,Arson,maps/types_sample/44120_arson.png,13.24,0.43,390351202003,F,0.992,0.992-0.992,0.992,1324,6,390351202002 F at 6 m,1.0,
f049,"10001 Sophia Ave, Cleveland, OH 44104",file 14,44120,15,Arson,maps/types_sample/44120_arson.png,13.24,0.43,390351202001,F,0.992,0.992-0.992,0.992,742,101,,1.0,
g04,"3446 E 125th St, Cleveland, OH 44120",photo list,44120,15,Vandalism,maps/types_sample/44120_vandalism.png,13.24,0.43,390351207012,F,0.961,0.961-0.961,0.961,1144,143,,1.0,
g09,"9816 Manor Ave, Cleveland, OH 44104",photo list,44120,15,Vandalism,maps/types_sample/44120_vandalism.png,13.24,0.43,390351202003,F,0.934,0.934-0.934,0.934,1333,6,390351202002 F at 6 m,1.0,
f049,"10001 Sophia Ave, Cleveland, OH 44104",file 14,44120,15,Vandalism,maps/types_sample/44120_vandalism.png,13.24,0.43,390351202001,F,0.991,0.991-0.991,0.991,744,101,,1.0,
g04,"3446 E 125th St, Cleveland, OH 44120",photo list,44120,15,Murder,maps/types_sample/44120_murder.png,13.24,0.43,390351207012,F,0.992,0.992-0.992,0.992,1146,143,,1.0,
g09,"9816 Manor Ave, Cleveland, OH 44104",photo list,44120,15,Murder,maps/types_sample/44120_murder.png,13.24,0.43,390351202003,F,0.991,0.991-0.991,0.991,1324,6,390351202002 F at 6 m,1.0,
f049,"10001 Sophia Ave, Cleveland, OH 44104",file 14,44120,15,Murder,maps/types_sample/44120_murder.png,13.24,0.43,390351202001,F,0.992,0.992-0.992,0.992,742,101,,1.0,
g04,"3446 E 125th St, Cleveland, OH 44120",photo list,44120,15,Robbery,maps/types_sample/44120_robbery.png,13.24,0.43,390351207012,F,0.983,0.983-0.983,0.983,1145,143,,1.0,
g09,"9816 Manor Ave, Cleveland, OH 44104",photo list,44120,15,Robbery,maps/types_sample/44120_robbery.png,13.24,0.43,390351202003,F,0.954,0.954-0.954,0.954,1330,6,390351202002 F at 6 m,1.0,
f049,"10001 Sophia Ave, Cleveland, OH 44104",file 14,44120,15,Robbery,maps/types_sample/44120_robbery.png,13.24,0.43,390351202001,F,0.992,0.992-0.992,0.992,744,101,,1.0,
g04,"3446 E 125th St, Cleveland, OH 44120",photo list,44120,15,Burglary,maps/types_sample/44120_burglary.png,13.24,0.43,390351207012,F,0.991,0.991-0.991,0.991,1142,143,,1.0,
g09,"9816 Manor Ave, Cleveland, OH 44104",photo list,44120,15,Burglary,maps/types_sample/44120_burglary.png,13.24,0.43,390351202003,F,0.983,0.983-0.983,0.983,1324,6,390351202002 F at 6 m,1.0,
f049,"10001 Sophia Ave, Cleveland, OH 44104",file 14,44120,15,Burglary,maps/types_sample/44120_burglary.png,13.24,0.43,390351202001,F,0.992,0.992-0.992,0.992,744,101,,1.0,
g04,"3446 E 125th St, Cleveland, OH 44120",photo list,44120,15,Theft,maps/types_sample/44120_theft.png,13.24,0.43,390351207012,D-,0.866,0.866-0.866,0.866,1169,143,,1.0,
g09,"9816 Manor Ave, Cleveland, OH 44104",photo list,44120,15,Theft,maps/types_sample/44120_theft.png,13.24,0.43,390351202003,F,0.954,0.954-0.954,0.954,1330,6,390351202002 B+ at 6 m,1.0,
f049,"10001 Sophia Ave, Cleveland, OH 44104",file 14,44120,15,Theft,maps/types_sample/44120_theft.png,13.24,0.43,390351202001,F,0.991,0.991-0.991,0.991,742,101,,1.0,
g04,"3446 E 125th St, Cleveland, OH 44120",photo list,44120,15,Vehicle Theft,maps/types_sample/44120_vehicle_theft.png,13.24,0.43,390351207012,F,0.934,0.934-0.934,0.934,1166,143,,1.0,
g09,"9816 Manor Ave, Cleveland, OH 44104",photo list,44120,15,Vehicle Theft,maps/types_sample/44120_vehicle_theft.png,13.24,0.43,390351202003,C-,0.661,0.661-0.661,0.661,1333,6,390351202002 D+ at 6 m,1.0,
f049,"10001 Sophia Ave, Cleveland, OH 44104",file 14,44120,15,Vehicle Theft,maps/types_sample/44120_vehicle_theft.png,13.24,0.43,390351202001,F,0.934,0.934-0.934,0.934,747,101,,1.0,
g04,"3446 E 125th St, Cleveland, OH 44120",photo list,44120,15,Assault,maps/types_sample/44120_assault_2.png,13.24,0.43,390351207012,F,0.961,0.961-0.961,0.961,1142,143,,1.0,
g09,"9816 Manor Ave, Cleveland, OH 44104",photo list,44120,15,Assault,maps/types_sample/44120_assault_2.png,13.24,0.43,390351202003,F,0.991,0.991-0.991,0.991,1320,6,390351202002 F at 6 m,1.0,
f049,"10001 Sophia Ave, Cleveland, OH 44104",file 14,44120,15,Assault,maps/types_sample/44120_assault_2.png,13.24,0.43,390351202001,F,0.992,0.992-0.992,0.992,744,101,,1.0,
g04,"3446 E 125th St, Cleveland, OH 44120",photo list,44120,15,Drug-Related Crime,maps/types_sample/44120_drug_2.png,13.24,0.43,390351207012,F,0.961,0.961-0.961,0.961,1142,143,,1.0,
g09,"9816 Manor Ave, Cleveland, OH 44104",photo list,44120,15,Drug-Related Crime,maps/types_sample/44120_drug_2.png,13.24,0.43,390351202003,F,0.934,0.934-0.934,0.934,1333,6,390351202002 F at 6 m,1.0,
f049,"10001 Sophia Ave, Cleveland, OH 44104",file 14,44120,15,Drug-Related Crime,maps/types_sample/44120_drug_2.png,13.24,0.43,390351202001,F,0.991,0.991-0.991,0.991,744,101,,1.0,
g04,"3446 E 125th St, Cleveland, OH 44120",photo list,44120,15,Arson,maps/types_sample/44120_arson_2.png,13.24,0.43,390351207012,F,0.991,0.991-0.991,0.991,1142,143,,1.0,
g09,"9816 Manor Ave, Cleveland, OH 44104",photo list,44120,15,Arson,maps/types_sample/44120_arson_2.png,13.24,0.43,390351202003,F,0.992,0.992-0.992,0.992,1324,6,390351202002 F at 6 m,1.0,
f049,"10001 Sophia Ave, Cleveland, OH 44104",file 14,44120,15,Arson,maps/types_sample/44120_arson_2.png,13.24,0.43,390351202001,F,0.992,0.992-0.992,0.992,742,101,,1.0,
g04,"3446 E 125th St, Cleveland, OH 44120",photo list,44120,15,Vandalism,maps/types_sample/44120_vandalism_2.png,13.24,0.43,390351207012,F,0.961,0.961-0.961,0.961,1144,143,,1.0,
g09,"9816 Manor Ave, Cleveland, OH 44104",photo list,44120,15,Vandalism,maps/types_sample/44120_vandalism_2.png,13.24,0.43,390351202003,F,0.934,0.934-0.934,0.934,1333,6,390351202002 F at 6 m,1.0,
f049,"10001 Sophia Ave, Cleveland, OH 44104",file 14,44120,15,Vandalism,maps/types_sample/44120_vandalism_2.png,13.24,0.43,390351202001,F,0.991,0.991-0.991,0.991,744,101,,1.0,
g04,"3446 E 125th St, Cleveland, OH 44120",photo list,44120,15,Murder,maps/types_sample/44120_murder_2.png,13.24,0.43,390351207012,F,0.992,0.992-0.992,0.992,1146,143,,1.0,
g09,"9816 Manor Ave, Cleveland, OH 44104",photo list,44120,15,Murder,maps/types_sample/44120_murder_2.png,13.24,0.43,390351202003,F,0.991,0.991-0.991,0.991,1324,6,390351202002 F at 6 m,1.0,
f049,"10001 Sophia Ave, Cleveland, OH 44104",file 14,44120,15,Murder,maps/types_sample/44120_murder_2.png,13.24,0.43,390351202001,F,0.992,0.992-0.992,0.992,742,101,,1.0,
g04,"3446 E 125th St, Cleveland, OH 44120",photo list,44120,15,Vehicle Theft,maps/types_sample/44120_vehicle_theft_2.png,13.24,0.43,390351207012,F,0.934,0.934-0.934,0.934,1166,143,,1.0,
g09,"9816 Manor Ave, Cleveland, OH 44104",photo list,44120,15,Vehicle Theft,maps/types_sample/44120_vehicle_theft_2.png,13.24,0.43,390351202003,C-,0.661,0.661-0.661,0.661,1333,6,390351202002 D+ at 6 m,1.0,
f049,"10001 Sophia Ave, Cleveland, OH 44104",file 14,44120,15,Vehicle Theft,maps/types_sample/44120_vehicle_theft_2.png,13.24,0.43,390351202001,F,0.934,0.934-0.934,0.934,747,101,,1.0,
g04,"3446 E 125th St, Cleveland, OH 44120",photo list,44120,15,Burglary,maps/types_sample/44120_burglary_2.png,13.24,0.43,390351207012,F,0.991,0.991-0.991,0.991,1142,143,,1.0,
g09,"9816 Manor Ave, Cleveland, OH 44104",photo list,44120,15,Burglary,maps/types_sample/44120_burglary_2.png,13.24,0.43,390351202003,F,0.983,0.983-0.983,0.983,1324,6,390351202002 F at 6 m,1.0,
f049,"10001 Sophia Ave, Cleveland, OH 44104",file 14,44120,15,Burglary,maps/types_sample/44120_burglary_2.png,13.24,0.43,390351202001,F,0.992,0.992-0.992,0.992,744,101,,1.0,
g04,"3446 E 125th St, Cleveland, OH 44120",photo list,44120,15,Theft,maps/types_sample/44120_theft_2.png,13.24,0.43,390351207012,D-,0.866,0.866-0.866,0.866,1169,143,,1.0,
g09,"9816 Manor Ave, Cleveland, OH 44104",photo list,44120,15,Theft,maps/types_sample/44120_theft_2.png,13.24,0.43,390351202003,F,0.954,0.954-0.954,0.954,1330,6,390351202002 B+ at 6 m,1.0,
f049,"10001 Sophia Ave, Cleveland, OH 44104",file 14,44120,15,Theft,maps/types_sample/44120_theft_2.png,13.24,0.43,390351202001,F,0.991,0.991-0.991,0.991,742,101,,1.0,
g04,"3446 E 125th St, Cleveland, OH 44120",photo list,44120,15,Robbery,maps/types_sample/44120_robbery_2.png,13.24,0.43,390351207012,F,0.983,0.983-0.983,0.983,1145,143,,1.0,
g09,"9816 Manor Ave, Cleveland, OH 44104",photo list,44120,15,Robbery,maps/types_sample/44120_robbery_2.png,13.24,0.43,390351202003,F,0.954,0.954-0.954,0.954,1330,6,390351202002 F at 6 m,1.0,
f049,"10001 Sophia Ave, Cleveland, OH 44104",file 14,44120,15,Robbery,maps/types_sample/44120_robbery_2.png,13.24,0.43,390351202001,F,0.992,0.992-0.992,0.992,744,101,,1.0,
g10,"245 N Ruby St, Philadelphia, PA 19139",photo list,19131,16,Assault,maps/types_sample/19131_assault.png,13.235,0.567,421010093005,F,0.935,0.935-0.935,0.935,182,59,421010094002 F at 59 m,1.0,
g11,"4902 Kershaw St, Philadelphia, PA 19131",photo list,19131,16,Assault,maps/types_sample/19131_assault.png,13.235,0.567,421010111003,F,0.961,0.961-0.961,0.961,395,68,,1.0,
g10,"245 N Ruby St, Philadelphia, PA 19139",photo list,19131,16,Drug-Related Crime,maps/types_sample/19131_drug.png,13.235,0.567,421010093005,F,0.961,0.961-0.961,0.961,182,59,421010094002 F at 59 m,1.0,
g11,"4902 Kershaw St, Philadelphia, PA 19131",photo list,19131,16,Drug-Related Crime,maps/types_sample/19131_drug.png,13.235,0.567,421010111003,F,0.991,0.991-0.991,0.991,395,68,,1.0,
g10,"245 N Ruby St, Philadelphia, PA 19139",photo list,19131,16,Arson,maps/types_sample/19131_arson.png,13.235,0.567,421010093005,F,0.934,0.934-0.934,0.934,184,59,421010094002 D+ at 59 m,1.0,
g11,"4902 Kershaw St, Philadelphia, PA 19131",photo list,19131,16,Arson,maps/types_sample/19131_arson.png,13.235,0.567,421010111003,F,0.991,0.991-0.991,0.991,395,68,,1.0,
g10,"245 N Ruby St, Philadelphia, PA 19139",photo list,19131,16,Robbery,maps/types_sample/19131_robbery.png,13.235,0.567,421010093005,D-,0.895,0.895-0.895,0.895,182,59,421010094002 F at 59 m,1.0,
g11,"4902 Kershaw St, Philadelphia, PA 19131",photo list,19131,16,Robbery,maps/types_sample/19131_robbery.png,13.235,0.567,421010111003,F,0.985,0.985-0.985,0.985,395,68,,1.0,
g10,"245 N Ruby St, Philadelphia, PA 19139",photo list,19131,16,Murder,maps/types_sample/19131_murder.png,13.235,0.567,421010093005,F,0.983,0.983-0.983,0.983,181,59,421010094002 F at 59 m,1.0,
g11,"4902 Kershaw St, Philadelphia, PA 19131",photo list,19131,16,Murder,maps/types_sample/19131_murder.png,13.235,0.567,421010111003,F,0.991,0.991-0.991,0.991,395,68,,1.0,
g10,"245 N Ruby St, Philadelphia, PA 19139",photo list,19131,16,Vehicle Theft,maps/types_sample/19131_vehicle_theft.png,13.235,0.567,421010093005,C-,0.644,0.644-0.644,0.644,184,59,421010094002 C- at 59 m,1.0,
g11,"4902 Kershaw St, Philadelphia, PA 19131",photo list,19131,16,Vehicle Theft,maps/types_sample/19131_vehicle_theft.png,13.235,0.567,421010111003,F,0.934,0.934-0.934,0.934,405,68,,1.0,
g10,"245 N Ruby St, Philadelphia, PA 19139",photo list,19131,16,Vandalism,maps/types_sample/19131_vandalism.png,13.235,0.567,421010093005,F,0.934,0.934-0.934,0.934,184,59,421010094002 F at 59 m,1.0,
g11,"4902 Kershaw St, Philadelphia, PA 19131",photo list,19131,16,Vandalism,maps/types_sample/19131_vandalism.png,13.235,0.567,421010111003,F,0.991,0.991-0.991,0.991,395,68,,1.0,
g10,"245 N Ruby St, Philadelphia, PA 19139",photo list,19131,17,Burglary,maps/types_sample/19131_burglary.png,13.235,0.508,421010093005,D-,0.889,0.889-0.889,0.889,170,59,421010094002 D at 59 m,1.0,
g11,"4902 Kershaw St, Philadelphia, PA 19131",photo list,19131,17,Burglary,maps/types_sample/19131_burglary.png,13.235,0.508,421010111003,F,0.991,0.991-0.991,0.991,381,68,,1.0,
g10,"245 N Ruby St, Philadelphia, PA 19139",photo list,19131,17,Theft,maps/types_sample/19131_theft.png,13.235,0.508,421010093005,D+,0.737,0.737-0.737,0.737,173,59,421010094002 D- at 59 m,1.0,
g11,"4902 Kershaw St, Philadelphia, PA 19131",photo list,19131,17,Theft,maps/types_sample/19131_theft.png,13.235,0.508,421010111003,F,0.954,0.954-0.954,0.954,390,68,,1.0,
g10,"245 N Ruby St, Philadelphia, PA 19139",photo list,19139,18,Assault,maps/types_sample/19139_assault.png,13.735,0.501,421010093005,F,0.935,0.935-0.935,0.935,575,59,421010094002 F at 59 m,1.0,
g11,"4902 Kershaw St, Philadelphia, PA 19131",photo list,19139,18,Assault,maps/types_sample/19139_assault.png,13.735,0.501,421010111003,F,0.961,0.961-0.961,0.961,1209,68,,1.0,
g10,"245 N Ruby St, Philadelphia, PA 19139",photo list,19139,18,Drug-Related Crime,maps/types_sample/19139_drug.png,13.735,0.501,421010093005,F,0.961,0.961-0.961,0.961,570,59,421010094002 F at 59 m,1.0,
g11,"4902 Kershaw St, Philadelphia, PA 19131",photo list,19139,18,Drug-Related Crime,maps/types_sample/19139_drug.png,13.735,0.501,421010111003,F,0.991,0.991-0.991,0.991,1208,68,,1.0,
g10,"245 N Ruby St, Philadelphia, PA 19139",photo list,19139,18,Arson,maps/types_sample/19139_arson.png,13.735,0.501,421010093005,F,0.934,0.934-0.934,0.934,576,59,421010094002 D+ at 59 m,1.0,
g11,"4902 Kershaw St, Philadelphia, PA 19131",photo list,19139,18,Arson,maps/types_sample/19139_arson.png,13.735,0.501,421010111003,F,0.991,0.991-0.991,0.991,1208,68,,1.0,
g10,"245 N Ruby St, Philadelphia, PA 19139",photo list,19139,18,Vandalism,maps/types_sample/19139_vandalism.png,13.735,0.501,421010093005,F,0.934,0.934-0.934,0.934,576,59,421010094002 F at 59 m,1.0,
g11,"4902 Kershaw St, Philadelphia, PA 19131",photo list,19139,18,Vandalism,maps/types_sample/19139_vandalism.png,13.735,0.501,421010111003,F,0.991,0.991-0.991,0.991,1208,68,,1.0,
g10,"245 N Ruby St, Philadelphia, PA 19139",photo list,19139,18,Robbery,maps/types_sample/19139_robbery.png,13.735,0.501,421010093005,D-,0.895,0.895-0.895,0.895,573,59,421010094002 F at 59 m,1.0,
g11,"4902 Kershaw St, Philadelphia, PA 19131",photo list,19139,18,Robbery,maps/types_sample/19139_robbery.png,13.735,0.501,421010111003,F,0.985,0.985-0.985,0.985,1208,68,,1.0,
g10,"245 N Ruby St, Philadelphia, PA 19139",photo list,19139,19,Murder,maps/types_sample/19139_murder.png,13.735,0.5,421010093005,F,0.983,0.983-0.983,0.983,569,59,421010094002 F at 59 m,1.0,
g11,"4902 Kershaw St, Philadelphia, PA 19131",photo list,19139,19,Murder,maps/types_sample/19139_murder.png,13.735,0.5,421010111003,F,0.991,0.991-0.991,0.991,1208,68,,1.0,
g10,"245 N Ruby St, Philadelphia, PA 19139",photo list,19139,19,Vehicle Theft,maps/types_sample/19139_vehicle_theft.png,13.735,0.5,421010093005,C-,0.644,0.644-0.644,0.644,576,59,421010094002 C- at 59 m,1.0,
g11,"4902 Kershaw St, Philadelphia, PA 19131",photo list,19139,19,Vehicle Theft,maps/types_sample/19139_vehicle_theft.png,13.735,0.5,421010111003,F,0.934,0.934-0.934,0.934,1228,68,,1.0,
g10,"245 N Ruby St, Philadelphia, PA 19139",photo list,19139,19,Burglary,maps/types_sample/19139_burglary.png,13.735,0.5,421010093005,D-,0.889,0.889-0.889,0.889,567,59,421010094002 D at 59 m,1.0,
g11,"4902 Kershaw St, Philadelphia, PA 19131",photo list,19139,19,Burglary,maps/types_sample/19139_burglary.png,13.735,0.5,421010111003,F,0.991,0.991-0.991,0.991,1208,68,,1.0,
g10,"245 N Ruby St, Philadelphia, PA 19139",photo list,19139,19,Theft,maps/types_sample/19139_theft.png,13.735,0.5,421010093005,D+,0.737,0.737-0.737,0.737,573,59,421010094002 D- at 59 m,1.0,
g11,"4902 Kershaw St, Philadelphia, PA 19131",photo list,19139,19,Theft,maps/types_sample/19139_theft.png,13.735,0.5,421010111003,F,0.954,0.954-0.954,0.954,1229,68,,1.0,
g04,"3446 E 125th St, Cleveland, OH 44120",photo list,44104,20,Assault,maps/types_sample/44104_assault.png,13.235,0.494,390351207012,F,0.961,0.961-0.961,0.961,1150,143,,1.0,
g09,"9816 Manor Ave, Cleveland, OH 44104",photo list,44104,20,Assault,maps/types_sample/44104_assault.png,13.235,0.494,390351202003,F,0.991,0.991-0.991,0.991,1342,6,390351202002 F at 6 m,1.0,
f049,"10001 Sophia Ave, Cleveland, OH 44104",file 14,44104,20,Assault,maps/types_sample/44104_assault.png,13.235,0.494,390351202001,F,0.992,0.992-0.992,0.992,761,101,,1.0,
g04,"3446 E 125th St, Cleveland, OH 44120",photo list,44104,20,Drug-Related Crime,maps/types_sample/44104_drug.png,13.235,0.494,390351207012,F,0.961,0.961-0.961,0.961,1150,143,,1.0,
g09,"9816 Manor Ave, Cleveland, OH 44104",photo list,44104,20,Drug-Related Crime,maps/types_sample/44104_drug.png,13.235,0.494,390351202003,F,0.934,0.934-0.934,0.934,1355,6,390351202002 F at 6 m,1.0,
f049,"10001 Sophia Ave, Cleveland, OH 44104",file 14,44104,20,Drug-Related Crime,maps/types_sample/44104_drug.png,13.235,0.494,390351202001,F,0.991,0.991-0.991,0.991,761,101,,1.0,
g04,"3446 E 125th St, Cleveland, OH 44120",photo list,44104,20,Arson,maps/types_sample/44104_arson.png,13.235,0.494,390351207012,F,0.991,0.991-0.991,0.991,1150,143,,1.0,
g09,"9816 Manor Ave, Cleveland, OH 44104",photo list,44104,20,Arson,maps/types_sample/44104_arson.png,13.235,0.494,390351202003,F,0.992,0.992-0.992,0.992,1344,6,390351202002 F at 6 m,1.0,
f049,"10001 Sophia Ave, Cleveland, OH 44104",file 14,44104,20,Arson,maps/types_sample/44104_arson.png,13.235,0.494,390351202001,F,0.992,0.992-0.992,0.992,759,101,,1.0,
g04,"3446 E 125th St, Cleveland, OH 44120",photo list,44104,20,Vandalism,maps/types_sample/44104_vandalism.png,13.235,0.494,390351207012,F,0.961,0.961-0.961,0.961,1152,143,,1.0,
g09,"9816 Manor Ave, Cleveland, OH 44104",photo list,44104,20,Vandalism,maps/types_sample/44104_vandalism.png,13.235,0.494,390351202003,F,0.934,0.934-0.934,0.934,1355,6,390351202002 F at 6 m,1.0,
f049,"10001 Sophia Ave, Cleveland, OH 44104",file 14,44104,20,Vandalism,maps/types_sample/44104_vandalism.png,13.235,0.494,390351202001,F,0.991,0.991-0.991,0.991,761,101,,1.0,
g04,"3446 E 125th St, Cleveland, OH 44120",photo list,44104,20,Murder,maps/types_sample/44104_murder.png,13.235,0.494,390351207012,F,0.992,0.992-0.992,0.992,1152,143,,1.0,
g09,"9816 Manor Ave, Cleveland, OH 44104",photo list,44104,20,Murder,maps/types_sample/44104_murder.png,13.235,0.494,390351202003,F,0.991,0.991-0.991,0.991,1344,6,390351202002 F at 6 m,1.0,
f049,"10001 Sophia Ave, Cleveland, OH 44104",file 14,44104,20,Murder,maps/types_sample/44104_murder.png,13.235,0.494,390351202001,F,0.992,0.992-0.992,0.992,759,101,,1.0,
g04,"3446 E 125th St, Cleveland, OH 44120",photo list,44104,20,Vehicle Theft,maps/types_sample/44104_vehicle_theft.png,13.235,0.494,390351207012,F,0.934,0.934-0.934,0.934,1164,143,,1.0,
g09,"9816 Manor Ave, Cleveland, OH 44104",photo list,44104,20,Vehicle Theft,maps/types_sample/44104_vehicle_theft.png,13.235,0.494,390351202003,C-,0.661,0.661-0.661,0.661,1354,6,390351202002 D+ at 6 m,1.0,
f049,"10001 Sophia Ave, Cleveland, OH 44104",file 14,44104,20,Vehicle Theft,maps/types_sample/44104_vehicle_theft.png,13.235,0.494,390351202001,F,0.934,0.934-0.934,0.934,768,101,,1.0,
g04,"3446 E 125th St, Cleveland, OH 44120",photo list,44104,20,Burglary,maps/types_sample/44104_burglary.png,13.235,0.494,390351207012,F,0.991,0.991-0.991,0.991,1150,143,,1.0,
g09,"9816 Manor Ave, Cleveland, OH 44104",photo list,44104,20,Burglary,maps/types_sample/44104_burglary.png,13.235,0.494,390351202003,F,0.983,0.983-0.983,0.983,1344,6,390351202002 F at 6 m,1.0,
f049,"10001 Sophia Ave, Cleveland, OH 44104",file 14,44104,20,Burglary,maps/types_sample/44104_burglary.png,13.235,0.494,390351202001,F,0.992,0.992-0.992,0.992,761,101,,1.0,
g04,"3446 E 125th St, Cleveland, OH 44120",photo list,44104,20,Theft,maps/types_sample/44104_theft.png,13.235,0.494,390351207012,D-,0.866,0.866-0.866,0.866,1167,143,,1.0,
g09,"9816 Manor Ave, Cleveland, OH 44104",photo list,44104,20,Theft,maps/types_sample/44104_theft.png,13.235,0.494,390351202003,F,0.954,0.954-0.954,0.954,1351,6,390351202002 B+ at 6 m,1.0,
f049,"10001 Sophia Ave, Cleveland, OH 44104",file 14,44104,20,Theft,maps/types_sample/44104_theft.png,13.235,0.494,390351202001,F,0.991,0.991-0.991,0.991,760,101,,1.0,
g04,"3446 E 125th St, Cleveland, OH 44120",photo list,44104,20,Robbery,maps/types_sample/44104_robbery.png,13.235,0.494,390351207012,F,0.983,0.983-0.983,0.983,1151,143,,1.0,
g09,"9816 Manor Ave, Cleveland, OH 44104",photo list,44104,20,Robbery,maps/types_sample/44104_robbery.png,13.235,0.494,390351202003,F,0.954,0.954-0.954,0.954,1351,6,390351202002 F at 6 m,1.0,
f049,"10001 Sophia Ave, Cleveland, OH 44104",file 14,44104,20,Robbery,maps/types_sample/44104_robbery.png,13.235,0.494,390351202001,F,0.992,0.992-0.992,0.992,761,101,,1.0,
g07,"312 N 7th St, Martins Ferry, OH 43935",photo list,43935,21,Assault,maps/types_sample/43935_assault.png,13.24,0.631,390130120002,D-,0.858,0.858-0.858,0.858,28171,77,,1.0,
g07,"312 N 7th St, Martins Ferry, OH 43935",photo list,43935,21,Drug-Related Crime,maps/types_sample/43935_drug.png,13.24,0.631,390130120002,B+,0.267,0.267-0.267,0.267,28050,77,,1.0,
g07,"312 N 7th St, Martins Ferry, OH 43935",photo list,43935,21,Arson,maps/types_sample/43935_arson.png,13.24,0.631,390130120002,B+,0.267,0.267-0.267,0.267,28063,77,,1.0,
g07,"312 N 7th St, Martins Ferry, OH 43935",photo list,43935,21,Vandalism,maps/types_sample/43935_vandalism.png,13.24,0.631,390130120002,D+,0.694,0.694-0.694,0.694,28144,77,,1.0,on the C-/D+ line
g07,"312 N 7th St, Martins Ferry, OH 43935",photo list,43935,21,Murder,maps/types_sample/43935_murder.png,13.24,0.631,390130120002,C-,0.686,0.686-0.686,0.686,28128,77,,1.0,
g07,"312 N 7th St, Martins Ferry, OH 43935",photo list,43935,21,Vehicle Theft,maps/types_sample/43935_vehicle_theft.png,13.24,0.631,390130120002,B-,0.388,0.388-0.388,0.388,28078,77,,1.0,on the B/B- line
g07,"312 N 7th St, Martins Ferry, OH 43935",photo list,43935,21,Burglary,maps/types_sample/43935_burglary.png,13.24,0.631,390130120002,C-,0.661,0.661-0.661,0.661,28128,77,,1.0,
g07,"312 N 7th St, Martins Ferry, OH 43935",photo list,43935,21,Theft,maps/types_sample/43935_theft.png,13.24,0.631,390130120002,C-,0.625,0.625-0.625,0.625,28098,77,,1.0,
g07,"312 N 7th St, Martins Ferry, OH 43935",photo list,43935,21,Robbery,maps/types_sample/43935_robbery.png,13.24,0.631,390130120002,B+,0.267,0.267-0.267,0.267,28063,77,,1.0,
f015,"276 Harry L Dr, Johnson City, NY 13790",file 14,13790,23,Assault,maps/types_sample/13790_assault.png,13.085,0.653,360070138003,B+,0.299,0.299-0.299,0.299,821,129,,1.0,
f019,"47 Lydia St, Binghamton, NY 13905",file 14,13790,23,Assault,maps/types_sample/13790_assault.png,13.085,0.653,360070003003,D-,0.895,0.895-0.895,0.895,987,176,,1.0,
f055,"12 Franklin St, Binghamton, NY 13905",file 14,13790,23,Assault,maps/types_sample/13790_assault.png,13.085,0.653,360070003002,D-,0.889,0.889-0.889,0.889,1042,61,,1.0,
f061,"31 Crandall St, Binghamton, NY 13905",file 14,13790,23,Assault,maps/types_sample/13790_assault.png,13.085,0.653,360070002001,D-,0.895,0.895-0.895,0.895,2711,102,,1.0,
f067,"33 Lydia St, Binghamton, NY 13905",file 14,13790,23,Assault,maps/types_sample/13790_assault.png,13.085,0.653,360070003003,D-,0.895,0.895-0.895,0.895,987,165,,1.0,
f068,"40 Robinson St, Binghamton, NY 13901",file 14,13790,23,Assault,maps/types_sample/13790_assault.png,13.085,0.653,360070005002,F,0.934,0.934-0.934,0.934,1041,95,,0.98,
f069,"127 Burbank Ave, Johnson City, NY 13790",file 14,13790,23,Assault,maps/types_sample/13790_assault.png,13.085,0.653,360070141003,D,0.774,0.774-0.774,0.774,2384,181,,1.0,
f073,"17 Way St, Binghamton, NY 13901",file 14,13790,23,Assault,maps/types_sample/13790_assault.png,13.085,0.653,360070005003,D-,0.895,0.895-0.895,0.895,1773,96,,1.0,
f084,"34 Pearne St, Binghamton, NY 13901",file 14,13790,23,Assault,maps/types_sample/13790_assault.png,13.085,0.653,360070005001,D-,0.913,0.913-0.913,0.913,690,135,,1.0,
f091,"28 Glenwood Ave, Binghamton, NY 13905",file 14,13790,23,Assault,maps/types_sample/13790_assault.png,13.085,0.653,360070002002,F,0.934,0.934-0.934,0.934,677,6,360070002003 D- at 6 m,1.0,
f093,"5 Julian St, Binghamton, NY 13905",file 14,13790,23,Assault,maps/types_sample/13790_assault.png,13.085,0.653,360070002003,D-,0.895,0.895-0.895,0.895,795,6,360070002002 F at 6 m,1.0,
f015,"276 Harry L Dr, Johnson City, NY 13790",file 14,13790,23,Drug-Related Crime,maps/types_sample/13790_drug.png,13.085,0.653,360070138003,B,0.337,0.337-0.337,0.337,819,129,,1.0,
f019,"47 Lydia St, Binghamton, NY 13905",file 14,13790,23,Drug-Related Crime,maps/types_sample/13790_drug.png,13.085,0.653,360070003003,B-,0.43,0.43-0.43,0.43,984,176,,1.0,
f055,"12 Franklin St, Binghamton, NY 13905",file 14,13790,23,Drug-Related Crime,maps/types_sample/13790_drug.png,13.085,0.653,360070003002,B-,0.388,0.388-0.388,0.388,1047,61,,1.0,on the B/B- line
f061,"31 Crandall St, Binghamton, NY 13905",file 14,13790,23,Drug-Related Crime,maps/types_sample/13790_drug.png,13.085,0.653,360070002001,D,0.844,0.844-0.844,0.844,2717,102,,1.0,on the D/D- line
f067,"33 Lydia St, Binghamton, NY 13905",file 14,13790,23,Drug-Related Crime,maps/types_sample/13790_drug.png,13.085,0.653,360070003003,B-,0.43,0.43-0.43,0.43,984,165,,1.0,
f068,"40 Robinson St, Binghamton, NY 13901",file 14,13790,23,Drug-Related Crime,maps/types_sample/13790_drug.png,13.085,0.653,360070005002,C+,0.482,0.482-0.482,0.482,1043,95,,0.98,
f069,"127 Burbank Ave, Johnson City, NY 13790",file 14,13790,23,Drug-Related Crime,maps/types_sample/13790_drug.png,13.085,0.653,360070141003,B,0.336,0.336-0.336,0.336,2384,181,,1.0,
f073,"17 Way St, Binghamton, NY 13901",file 14,13790,23,Drug-Related Crime,maps/types_sample/13790_drug.png,13.085,0.653,360070005003,C+,0.504,0.504-0.504,0.504,1776,96,,1.0,
f084,"34 Pearne St, Binghamton, NY 13901",file 14,13790,23,Drug-Related Crime,maps/types_sample/13790_drug.png,13.085,0.653,360070005001,C+,0.482,0.482-0.482,0.482,691,135,,1.0,
f091,"28 Glenwood Ave, Binghamton, NY 13905",file 14,13790,23,Drug-Related Crime,maps/types_sample/13790_drug.png,13.085,0.653,360070002002,C+,0.482,0.482-0.482,0.482,675,6,360070002003 B- at 6 m,1.0,
f093,"5 Julian St, Binghamton, NY 13905",file 14,13790,23,Drug-Related Crime,maps/types_sample/13790_drug.png,13.085,0.653,360070002003,B-,0.445,0.445-0.445,0.445,795,6,360070002002 C+ at 6 m,1.0,
f015,"276 Harry L Dr, Johnson City, NY 13790",file 14,13790,23,Arson,maps/types_sample/13790_arson.png,13.085,0.653,360070138003,D+,0.737,0.737-0.737,0.737,827,129,,1.0,
f019,"47 Lydia St, Binghamton, NY 13905",file 14,13790,23,Arson,maps/types_sample/13790_arson.png,13.085,0.653,360070003003,C,0.597,0.597-0.597,0.597,993,176,,1.0,
f055,"12 Franklin St, Binghamton, NY 13905",file 14,13790,23,Arson,maps/types_sample/13790_arson.png,13.085,0.653,360070003002,C,0.611,0.611-0.611,0.611,1046,61,,1.0,on the C/C- line
f061,"31 Crandall St, Binghamton, NY 13905",file 14,13790,23,Arson,maps/types_sample/13790_arson.png,13.085,0.653,360070002001,D+,0.764,0.764-0.764,0.764,2692,102,,1.0,on the D+/D line
f067,"33 Lydia St, Binghamton, NY 13905",file 14,13790,23,Arson,maps/types_sample/13790_arson.png,13.085,0.653,360070003003,C,0.597,0.597-0.597,0.597,993,165,,1.0,
f068,"40 Robinson St, Binghamton, NY 13901",file 14,13790,23,Arson,maps/types_sample/13790_arson.png,13.085,0.653,360070005002,D,0.794,0.794-0.794,0.794,1032,95,,0.98,
f069,"127 Burbank Ave, Johnson City, NY 13790",file 14,13790,23,Arson,maps/types_sample/13790_arson.png,13.085,0.653,360070141003,C,0.611,0.611-0.611,0.611,2384,181,,1.0,on the C/C- line
f073,"17 Way St, Binghamton, NY 13901",file 14,13790,23,Arson,maps/types_sample/13790_arson.png,13.085,0.653,360070005003,D,0.774,0.774-0.774,0.774,1764,96,,1.0,
f084,"34 Pearne St, Binghamton, NY 13901",file 14,13790,23,Arson,maps/types_sample/13790_arson.png,13.085,0.653,360070005001,C+,0.523,0.523-0.523,0.523,689,135,,1.0,
f091,"28 Glenwood Ave, Binghamton, NY 13905",file 14,13790,23,Arson,maps/types_sample/13790_arson.png,13.085,0.653,360070002002,C-,0.644,0.644-0.644,0.644,675,6,360070002003 B+ at 6 m,1.0,
f093,"5 Julian St, Binghamton, NY 13905",file 14,13790,23,Arson,maps/types_sample/13790_arson.png,13.085,0.653,360070002003,B+,0.237,0.237-0.237,0.237,795,6,360070002002 C- at 6 m,1.0,
f015,"276 Harry L Dr, Johnson City, NY 13790",file 14,13790,23,Vandalism,maps/types_sample/13790_vandalism.png,13.085,0.653,360070138003,C+,0.504,0.504-0.504,0.504,827,129,,1.0,
f019,"47 Lydia St, Binghamton, NY 13905",file 14,13790,23,Vandalism,maps/types_sample/13790_vandalism.png,13.085,0.653,360070003003,C+,0.467,0.467-0.467,0.467,987,176,,1.0,
f055,"12 Franklin St, Binghamton, NY 13905",file 14,13790,23,Vandalism,maps/types_sample/13790_vandalism.png,13.085,0.653,360070003002,C+,0.52,0.52-0.52,0.52,1055,61,,1.0,
f061,"31 Crandall St, Binghamton, NY 13905",file 14,13790,23,Vandalism,maps/types_sample/13790_vandalism.png,13.085,0.653,360070002001,C,0.543,0.543-0.543,0.543,2716,102,,1.0,on the C+/C line
f067,"33 Lydia St, Binghamton, NY 13905",file 14,13790,23,Vandalism,maps/types_sample/13790_vandalism.png,13.085,0.653,360070003003,C+,0.467,0.467-0.467,0.467,987,165,,1.0,
f068,"40 Robinson St, Binghamton, NY 13901",file 14,13790,23,Vandalism,maps/types_sample/13790_vandalism.png,13.085,0.653,360070005002,C,0.543,0.543-0.543,0.543,1043,95,,0.98,on the C+/C line
f069,"127 Burbank Ave, Johnson City, NY 13790",file 14,13790,23,Vandalism,maps/types_sample/13790_vandalism.png,13.085,0.653,360070141003,B-,0.43,0.43-0.43,0.43,2386,181,,1.0,
f073,"17 Way St, Binghamton, NY 13901",file 14,13790,23,Vandalism,maps/types_sample/13790_vandalism.png,13.085,0.653,360070005003,C+,0.523,0.523-0.523,0.523,1776,96,,1.0,
f084,"34 Pearne St, Binghamton, NY 13901",file 14,13790,23,Vandalism,maps/types_sample/13790_vandalism.png,13.085,0.653,360070005001,C+,0.467,0.467-0.467,0.467,689,135,,1.0,
f091,"28 Glenwood Ave, Binghamton, NY 13905",file 14,13790,23,Vandalism,maps/types_sample/13790_vandalism.png,13.085,0.653,360070002002,C+,0.504,0.504-0.504,0.504,675,6,360070002003 C+ at 6 m,1.0,
f093,"5 Julian St, Binghamton, NY 13905",file 14,13790,23,Vandalism,maps/types_sample/13790_vandalism.png,13.085,0.653,360070002003,C+,0.52,0.52-0.52,0.52,797,6,360070002002 C+ at 6 m,1.0,
f015,"276 Harry L Dr, Johnson City, NY 13790",file 14,13790,23,Murder,maps/types_sample/13790_murder.png,13.085,0.653,360070138003,D+,0.756,0.756-0.756,0.756,827,129,,1.0,
f019,"47 Lydia St, Binghamton, NY 13905",file 14,13790,23,Murder,maps/types_sample/13790_murder.png,13.085,0.653,360070003003,D-,0.895,0.895-0.895,0.895,981,176,,1.0,
f055,"12 Franklin St, Binghamton, NY 13905",file 14,13790,23,Murder,maps/types_sample/13790_murder.png,13.085,0.653,360070003002,D+,0.711,0.711-0.711,0.711,1052,61,,1.0,
f061,"31 Crandall St, Binghamton, NY 13905",file 14,13790,23,Murder,maps/types_sample/13790_murder.png,13.085,0.653,360070002001,F,0.934,0.934-0.934,0.934,2711,102,,1.0,
f067,"33 Lydia St, Binghamton, NY 13905",file 14,13790,23,Murder,maps/types_sample/13790_murder.png,13.085,0.653,360070003003,D-,0.895,0.895-0.895,0.895,981,165,,1.0,
f068,"40 Robinson St, Binghamton, NY 13901",file 14,13790,23,Murder,maps/types_sample/13790_murder.png,13.085,0.653,360070005002,F,0.934,0.934-0.934,0.934,1041,95,,0.98,
f069,"127 Burbank Ave, Johnson City, NY 13790",file 14,13790,23,Murder,maps/types_sample/13790_murder.png,13.085,0.653,360070141003,D-,0.895,0.895-0.895,0.895,2386,181,,1.0,
f073,"17 Way St, Binghamton, NY 13901",file 14,13790,23,Murder,maps/types_sample/13790_murder.png,13.085,0.653,360070005003,D+,0.751,0.751-0.751,0.751,1778,96,,1.0,
f084,"34 Pearne St, Binghamton, NY 13901",file 14,13790,23,Murder,maps/types_sample/13790_murder.png,13.085,0.653,360070005001,D,0.799,0.799-0.799,0.799,683,135,,1.0,
f091,"28 Glenwood Ave, Binghamton, NY 13905",file 14,13790,23,Murder,maps/types_sample/13790_murder.png,13.085,0.653,360070002002,F,0.934,0.934-0.934,0.934,675,6,360070002003 D- at 6 m,1.0,
f093,"5 Julian St, Binghamton, NY 13905",file 14,13790,23,Murder,maps/types_sample/13790_murder.png,13.085,0.653,360070002003,D-,0.858,0.858-0.858,0.858,802,6,360070002002 F at 6 m,1.0,
f015,"276 Harry L Dr, Johnson City, NY 13790",file 14,13790,23,Vehicle Theft,maps/types_sample/13790_vehicle_theft.png,13.085,0.653,360070138003,A-,0.187,0.187-0.187,0.187,826,129,,1.0,
f019,"47 Lydia St, Binghamton, NY 13905",file 14,13790,23,Vehicle Theft,maps/types_sample/13790_vehicle_theft.png,13.085,0.653,360070003003,A-,0.206,0.206-0.206,0.206,981,176,,1.0,
f055,"12 Franklin St, Binghamton, NY 13905",file 14,13790,23,Vehicle Theft,maps/types_sample/13790_vehicle_theft.png,13.085,0.653,360070003002,B+,0.267,0.267-0.267,0.267,1048,61,,1.0,
f061,"31 Crandall St, Binghamton, NY 13905",file 14,13790,23,Vehicle Theft,maps/types_sample/13790_vehicle_theft.png,13.085,0.653,360070002001,B+,0.278,0.278-0.278,0.278,2688,102,,1.0,
f067,"33 Lydia St, Binghamton, NY 13905",file 14,13790,23,Vehicle Theft,maps/types_sample/13790_vehicle_theft.png,13.085,0.653,360070003003,A-,0.206,0.206-0.206,0.206,981,165,,1.0,
f068,"40 Robinson St, Binghamton, NY 13901",file 14,13790,23,Vehicle Theft,maps/types_sample/13790_vehicle_theft.png,13.085,0.653,360070005002,B+,0.299,0.299-0.299,0.299,1032,95,,0.98,
f069,"127 Burbank Ave, Johnson City, NY 13790",file 14,13790,23,Vehicle Theft,maps/types_sample/13790_vehicle_theft.png,13.085,0.653,360070141003,A-,0.206,0.206-0.206,0.206,2386,181,,1.0,
f073,"17 Way St, Binghamton, NY 13901",file 14,13790,23,Vehicle Theft,maps/types_sample/13790_vehicle_theft.png,13.085,0.653,360070005003,B+,0.282,0.282-0.282,0.282,1763,96,,1.0,
f084,"34 Pearne St, Binghamton, NY 13901",file 14,13790,23,Vehicle Theft,maps/types_sample/13790_vehicle_theft.png,13.085,0.653,360070005001,A-,0.212,0.212-0.212,0.212,688,135,,1.0,
f091,"28 Glenwood Ave, Binghamton, NY 13905",file 14,13790,23,Vehicle Theft,maps/types_sample/13790_vehicle_theft.png,13.085,0.653,360070002002,B+,0.299,0.299-0.299,0.299,669,6,360070002003 B+ at 6 m,1.0,
f093,"5 Julian St, Binghamton, NY 13905",file 14,13790,23,Vehicle Theft,maps/types_sample/13790_vehicle_theft.png,13.085,0.653,360070002003,B+,0.273,0.273-0.273,0.273,783,6,360070002002 B+ at 6 m,1.0,
f015,"276 Harry L Dr, Johnson City, NY 13790",file 14,13790,23,Burglary,maps/types_sample/13790_burglary.png,13.085,0.653,360070138003,D-,0.895,0.895-0.895,0.895,830,129,,1.0,
f019,"47 Lydia St, Binghamton, NY 13905",file 14,13790,23,Burglary,maps/types_sample/13790_burglary.png,13.085,0.653,360070003003,F,0.934,0.934-0.934,0.934,989,176,,1.0,
f055,"12 Franklin St, Binghamton, NY 13905",file 14,13790,23,Burglary,maps/types_sample/13790_burglary.png,13.085,0.653,360070003002,F,0.934,0.934-0.934,0.934,1055,61,,1.0,
f061,"31 Crandall St, Binghamton, NY 13905",file 14,13790,23,Burglary,maps/types_sample/13790_burglary.png,13.085,0.653,360070002001,F,0.985,0.985-0.985,0.985,2697,102,,1.0,
f067,"33 Lydia St, Binghamton, NY 13905",file 14,13790,23,Burglary,maps/types_sample/13790_burglary.png,13.085,0.653,360070003003,F,0.934,0.934-0.934,0.934,989,165,,1.0,
f068,"40 Robinson St, Binghamton, NY 13901",file 14,13790,23,Burglary,maps/types_sample/13790_burglary.png,13.085,0.653,360070005002,F,0.954,0.954-0.954,0.954,1042,95,,0.98,
f069,"127 Burbank Ave, Johnson City, NY 13790",file 14,13790,23,Burglary,maps/types_sample/13790_burglary.png,13.085,0.653,360070141003,F,0.954,0.954-0.954,0.954,2383,181,,1.0,
f073,"17 Way St, Binghamton, NY 13901",file 14,13790,23,Burglary,maps/types_sample/13790_burglary.png,13.085,0.653,360070005003,F,0.934,0.934-0.934,0.934,1777,96,,1.0,
f084,"34 Pearne St, Binghamton, NY 13901",file 14,13790,23,Burglary,maps/types_sample/13790_burglary.png,13.085,0.653,360070005001,F,0.934,0.934-0.934,0.934,689,135,,1.0,
f091,"28 Glenwood Ave, Binghamton, NY 13905",file 14,13790,23,Burglary,maps/types_sample/13790_burglary.png,13.085,0.653,360070002002,F,0.961,0.961-0.961,0.961,671,6,360070002003 F at 6 m,1.0,
f093,"5 Julian St, Binghamton, NY 13905",file 14,13790,23,Burglary,maps/types_sample/13790_burglary.png,13.085,0.653,360070002003,F,0.954,0.954-0.954,0.954,789,6,360070002002 F at 6 m,1.0,
f015,"276 Harry L Dr, Johnson City, NY 13790",file 14,13790,23,Theft,maps/types_sample/13790_theft.png,13.085,0.653,360070138003,B-,0.445,0.445-0.445,0.445,830,129,,1.0,
f019,"47 Lydia St, Binghamton, NY 13905",file 14,13790,23,Theft,maps/types_sample/13790_theft.png,13.085,0.653,360070003003,C,0.597,0.597-0.597,0.597,987,176,,1.0,
f055,"12 Franklin St, Binghamton, NY 13905",file 14,13790,23,Theft,maps/types_sample/13790_theft.png,13.085,0.653,360070003002,D-,0.872,0.872-0.872,0.872,1050,61,,1.0,
f061,"31 Crandall St, Binghamton, NY 13905",file 14,13790,23,Theft,maps/types_sample/13790_theft.png,13.085,0.653,360070002001,F,0.934,0.934-0.934,0.934,2719,102,,1.0,
f067,"33 Lydia St, Binghamton, NY 13905",file 14,13790,23,Theft,maps/types_sample/13790_theft.png,13.085,0.653,360070003003,C,0.597,0.597-0.597,0.597,987,165,,1.0,
f068,"40 Robinson St, Binghamton, NY 13901",file 14,13790,23,Theft,maps/types_sample/13790_theft.png,13.085,0.653,360070005002,D-,0.858,0.858-0.858,0.858,1043,95,,0.98,
f069,"127 Burbank Ave, Johnson City, NY 13790",file 14,13790,23,Theft,maps/types_sample/13790_theft.png,13.085,0.653,360070141003,C,0.598,0.598-0.598,0.598,2386,181,,1.0,
f073,"17 Way St, Binghamton, NY 13901",file 14,13790,23,Theft,maps/types_sample/13790_theft.png,13.085,0.653,360070005003,F,0.934,0.934-0.934,0.934,1777,96,,1.0,
f084,"34 Pearne St, Binghamton, NY 13901",file 14,13790,23,Theft,maps/types_sample/13790_theft.png,13.085,0.653,360070005001,D+,0.756,0.756-0.756,0.756,688,135,,1.0,
f091,"28 Glenwood Ave, Binghamton, NY 13905",file 14,13790,23,Theft,maps/types_sample/13790_theft.png,13.085,0.653,360070002002,D-,0.895,0.895-0.895,0.895,675,6,360070002003 C at 6 m,1.0,
f093,"5 Julian St, Binghamton, NY 13905",file 14,13790,23,Theft,maps/types_sample/13790_theft.png,13.085,0.653,360070002003,C,0.543,0.543-0.543,0.543,796,6,360070002002 D- at 6 m,1.0,on the C+/C line
f015,"276 Harry L Dr, Johnson City, NY 13790",file 14,13790,23,Robbery,maps/types_sample/13790_robbery.png,13.085,0.653,360070138003,B+,0.267,0.267-0.267,0.267,825,129,,1.0,
f019,"47 Lydia St, Binghamton, NY 13905",file 14,13790,23,Robbery,maps/types_sample/13790_robbery.png,13.085,0.653,360070003003,C-,0.644,0.644-0.644,0.644,987,176,,1.0,
f055,"12 Franklin St, Binghamton, NY 13905",file 14,13790,23,Robbery,maps/types_sample/13790_robbery.png,13.085,0.653,360070003002,D,0.794,0.794-0.794,0.794,1044,61,,1.0,
f061,"31 Crandall St, Binghamton, NY 13905",file 14,13790,23,Robbery,maps/types_sample/13790_robbery.png,13.085,0.653,360070002001,D-,0.895,0.895-0.895,0.895,2711,102,,1.0,
f067,"33 Lydia St, Binghamton, NY 13905",file 14,13790,23,Robbery,maps/types_sample/13790_robbery.png,13.085,0.653,360070003003,C-,0.644,0.644-0.644,0.644,987,165,,1.0,
f068,"40 Robinson St, Binghamton, NY 13901",file 14,13790,23,Robbery,maps/types_sample/13790_robbery.png,13.085,0.653,360070005002,F,0.934,0.934-0.934,0.934,1043,95,,0.98,
f069,"127 Burbank Ave, Johnson City, NY 13790",file 14,13790,23,Robbery,maps/types_sample/13790_robbery.png,13.085,0.653,360070141003,C+,0.52,0.52-0.52,0.52,2391,181,,1.0,
f073,"17 Way St, Binghamton, NY 13901",file 14,13790,23,Robbery,maps/types_sample/13790_robbery.png,13.085,0.653,360070005003,D-,0.866,0.866-0.866,0.866,1779,96,,1.0,
f084,"34 Pearne St, Binghamton, NY 13901",file 14,13790,23,Robbery,maps/types_sample/13790_robbery.png,13.085,0.653,360070005001,C-,0.658,0.658-0.658,0.658,693,135,,1.0,
f091,"28 Glenwood Ave, Binghamton, NY 13905",file 14,13790,23,Robbery,maps/types_sample/13790_robbery.png,13.085,0.653,360070002002,D,0.78,0.78-0.78,0.78,669,6,360070002003 C+ at 6 m,1.0,
f093,"5 Julian St, Binghamton, NY 13905",file 14,13790,23,Robbery,maps/types_sample/13790_robbery.png,13.085,0.653,360070002003,C+,0.504,0.504-0.504,0.504,795,6,360070002002 D at 6 m,1.0,
g06,"299 Robinson St, Binghamton, NY 13904",photo list,13903,25,Robbery,maps/types_sample/13903_robbery.png,12.985,0.519,360070007001,A+,0.06,0.06-0.06,0.06,820,6,360070007002 D- at 6 m,0.62,
f019,"47 Lydia St, Binghamton, NY 13905",file 14,13903,25,Robbery,maps/types_sample/13903_robbery.png,12.985,0.519,360070003003,C-,0.644,0.644-0.644,0.644,849,176,,1.0,
f038,"90 Gaylord St, Binghamton, NY 13904",file 14,13903,25,Robbery,maps/types_sample/13903_robbery.png,12.985,0.519,360070007003,C+,0.467,0.467-0.467,0.467,547,68,,0.67,
f055,"12 Franklin St, Binghamton, NY 13905",file 14,13903,25,Robbery,maps/types_sample/13903_robbery.png,12.985,0.519,360070003002,D,0.794,0.794-0.794,0.794,833,61,,0.81,
f061,"31 Crandall St, Binghamton, NY 13905",file 14,13903,25,Robbery,maps/types_sample/13903_robbery.png,12.985,0.519,360070002001,D-,0.895,0.895-0.895,0.895,2151,102,,0.88,
f067,"33 Lydia St, Binghamton, NY 13905",file 14,13903,25,Robbery,maps/types_sample/13903_robbery.png,12.985,0.519,360070003003,C-,0.644,0.644-0.644,0.644,849,165,,1.0,
f068,"40 Robinson St, Binghamton, NY 13901",file 14,13903,25,Robbery,maps/types_sample/13903_robbery.png,12.985,0.519,360070005002,F,0.934,0.934-0.934,0.934,860,95,,1.0,
f069,"127 Burbank Ave, Johnson City, NY 13790",file 14,13903,25,Robbery,maps/types_sample/13903_robbery.png,12.985,0.519,360070141003,C+,0.52,0.52-0.52,0.52,2008,181,,1.0,
f073,"17 Way St, Binghamton, NY 13901",file 14,13903,25,Robbery,maps/types_sample/13903_robbery.png,12.985,0.519,360070005003,D-,0.866,0.866-0.866,0.866,1266,96,,0.76,
f084,"34 Pearne St, Binghamton, NY 13901",file 14,13903,25,Robbery,maps/types_sample/13903_robbery.png,12.985,0.519,360070005001,C-,0.658,0.658-0.658,0.658,580,135,,1.0,
f091,"28 Glenwood Ave, Binghamton, NY 13905",file 14,13903,25,Robbery,maps/types_sample/13903_robbery.png,12.985,0.519,360070002002,D,0.78,0.78-0.78,0.78,536,6,360070002003 C+ at 6 m,0.98,
f094,"67 S Washington St, Binghamton, NY 13903",file 14,13903,25,Robbery,maps/types_sample/13903_robbery.png,12.985,0.519,360070017005,F,0.934,0.934-0.934,0.934,581,104,,1.0,
g06,"299 Robinson St, Binghamton, NY 13904",photo list,13903,25,Assault,maps/types_sample/13903_assault.png,12.985,0.519,360070007001,D,0.799,0.799-0.799,0.799,834,6,360070007002 D- at 6 m,0.62,
f019,"47 Lydia St, Binghamton, NY 13905",file 14,13903,25,Assault,maps/types_sample/13903_assault.png,12.985,0.519,360070003003,D-,0.895,0.895-0.895,0.895,850,176,,1.0,
f038,"90 Gaylord St, Binghamton, NY 13904",file 14,13903,25,Assault,maps/types_sample/13903_assault.png,12.985,0.519,360070007003,D-,0.895,0.895-0.895,0.895,543,68,,0.67,
f055,"12 Franklin St, Binghamton, NY 13905",file 14,13903,25,Assault,maps/types_sample/13903_assault.png,12.985,0.519,360070003002,D-,0.889,0.889-0.889,0.889,833,61,,0.81,
f061,"31 Crandall St, Binghamton, NY 13905",file 14,13903,25,Assault,maps/types_sample/13903_assault.png,12.985,0.519,360070002001,D-,0.895,0.895-0.895,0.895,2151,102,,0.88,
f067,"33 Lydia St, Binghamton, NY 13905",file 14,13903,25,Assault,maps/types_sample/13903_assault.png,12.985,0.519,360070003003,D-,0.895,0.895-0.895,0.895,850,165,,1.0,
f068,"40 Robinson St, Binghamton, NY 13901",file 14,13903,25,Assault,maps/types_sample/13903_assault.png,12.985,0.519,360070005002,F,0.934,0.934-0.934,0.934,859,95,,1.0,
f069,"127 Burbank Ave, Johnson City, NY 13790",file 14,13903,25,Assault,maps/types_sample/13903_assault.png,12.985,0.519,360070141003,D,0.774,0.774-0.774,0.774,1996,181,,1.0,
f073,"17 Way St, Binghamton, NY 13901",file 14,13903,25,Assault,maps/types_sample/13903_assault.png,12.985,0.519,360070005003,D-,0.895,0.895-0.895,0.895,1265,96,,0.76,
f084,"34 Pearne St, Binghamton, NY 13901",file 14,13903,25,Assault,maps/types_sample/13903_assault.png,12.985,0.519,360070005001,D-,0.913,0.913-0.913,0.913,572,135,,1.0,
f091,"28 Glenwood Ave, Binghamton, NY 13905",file 14,13903,25,Assault,maps/types_sample/13903_assault.png,12.985,0.519,360070002002,F,0.934,0.934-0.934,0.934,547,6,360070002003 D- at 6 m,0.98,
f094,"67 S Washington St, Binghamton, NY 13903",file 14,13903,25,Assault,maps/types_sample/13903_assault.png,12.985,0.519,360070017005,F,0.954,0.954-0.954,0.954,581,104,,1.0,
g06,"299 Robinson St, Binghamton, NY 13904",photo list,13903,25,Drug-Related Crime,maps/types_sample/13903_drug.png,12.985,0.519,360070007001,B+,0.282,0.282-0.282,0.282,825,6,360070007002 D+ at 6 m,0.62,
f019,"47 Lydia St, Binghamton, NY 13905",file 14,13903,25,Drug-Related Crime,maps/types_sample/13903_drug.png,12.985,0.519,360070003003,B-,0.43,0.43-0.43,0.43,845,176,,1.0,
f038,"90 Gaylord St, Binghamton, NY 13904",file 14,13903,25,Drug-Related Crime,maps/types_sample/13903_drug.png,12.985,0.519,360070007003,B+,0.278,0.278-0.278,0.278,537,68,,0.67,
f055,"12 Franklin St, Binghamton, NY 13905",file 14,13903,25,Drug-Related Crime,maps/types_sample/13903_drug.png,12.985,0.519,360070003002,B-,0.388,0.388-0.388,0.388,834,61,,0.81,on the B/B- line
f061,"31 Crandall St, Binghamton, NY 13905",file 14,13903,25,Drug-Related Crime,maps/types_sample/13903_drug.png,12.985,0.519,360070002001,D,0.844,0.844-0.844,0.844,2159,102,,0.88,on the D/D- line
f067,"33 Lydia St, Binghamton, NY 13905",file 14,13903,25,Drug-Related Crime,maps/types_sample/13903_drug.png,12.985,0.519,360070003003,B-,0.43,0.43-0.43,0.43,845,165,,1.0,
f068,"40 Robinson St, Binghamton, NY 13901",file 14,13903,25,Drug-Related Crime,maps/types_sample/13903_drug.png,12.985,0.519,360070005002,C+,0.482,0.482-0.482,0.482,860,95,,1.0,
f069,"127 Burbank Ave, Johnson City, NY 13790",file 14,13903,25,Drug-Related Crime,maps/types_sample/13903_drug.png,12.985,0.519,360070141003,B,0.336,0.336-0.336,0.336,1997,181,,1.0,
f073,"17 Way St, Binghamton, NY 13901",file 14,13903,25,Drug-Related Crime,maps/types_sample/13903_drug.png,12.985,0.519,360070005003,C+,0.504,0.504-0.504,0.504,1267,96,,0.76,
f084,"34 Pearne St, Binghamton, NY 13901",file 14,13903,25,Drug-Related Crime,maps/types_sample/13903_drug.png,12.985,0.519,360070005001,C+,0.482,0.482-0.482,0.482,572,135,,1.0,
f091,"28 Glenwood Ave, Binghamton, NY 13905",file 14,13903,25,Drug-Related Crime,maps/types_sample/13903_drug.png,12.985,0.519,360070002002,C+,0.482,0.482-0.482,0.482,546,6,360070002003 B- at 6 m,0.98,
f094,"67 S Washington St, Binghamton, NY 13903",file 14,13903,25,Drug-Related Crime,maps/types_sample/13903_drug.png,12.985,0.519,360070017005,C+,0.523,0.523-0.523,0.523,582,104,,1.0,
g06,"299 Robinson St, Binghamton, NY 13904",photo list,13903,25,Arson,maps/types_sample/13903_arson.png,12.985,0.519,360070007001,A-,0.206,0.206-0.206,0.206,834,6,360070007002 C- at 6 m,0.62,
f019,"47 Lydia St, Binghamton, NY 13905",file 14,13903,25,Arson,maps/types_sample/13903_arson.png,12.985,0.519,360070003003,C,0.597,0.597-0.597,0.597,850,176,,1.0,
f038,"90 Gaylord St, Binghamton, NY 13904",file 14,13903,25,Arson,maps/types_sample/13903_arson.png,12.985,0.519,360070007003,A,0.128,0.128-0.128,0.128,537,68,,0.67,
f055,"12 Franklin St, Binghamton, NY 13905",file 14,13903,25,Arson,maps/types_sample/13903_arson.png,12.985,0.519,360070003002,C,0.611,0.611-0.611,0.611,833,61,,0.81,on the C/C- line
f061,"31 Crandall St, Binghamton, NY 13905",file 14,13903,25,Arson,maps/types_sample/13903_arson.png,12.985,0.519,360070002001,D+,0.764,0.764-0.764,0.764,2131,102,,0.88,on the D+/D line
f067,"33 Lydia St, Binghamton, NY 13905",file 14,13903,25,Arson,maps/types_sample/13903_arson.png,12.985,0.519,360070003003,C,0.597,0.597-0.597,0.597,850,165,,1.0,
f068,"40 Robinson St, Binghamton, NY 13901",file 14,13903,25,Arson,maps/types_sample/13903_arson.png,12.985,0.519,360070005002,D,0.794,0.794-0.794,0.794,852,95,,1.0,
f069,"127 Burbank Ave, Johnson City, NY 13790",file 14,13903,25,Arson,maps/types_sample/13903_arson.png,12.985,0.519,360070141003,C,0.611,0.611-0.611,0.611,1996,181,,1.0,on the C/C- line
f073,"17 Way St, Binghamton, NY 13901",file 14,13903,25,Arson,maps/types_sample/13903_arson.png,12.985,0.519,360070005003,D,0.774,0.774-0.774,0.774,1256,96,,0.76,
f084,"34 Pearne St, Binghamton, NY 13901",file 14,13903,25,Arson,maps/types_sample/13903_arson.png,12.985,0.519,360070005001,C+,0.523,0.523-0.523,0.523,572,135,,1.0,
f091,"28 Glenwood Ave, Binghamton, NY 13905",file 14,13903,25,Arson,maps/types_sample/13903_arson.png,12.985,0.519,360070002002,C-,0.644,0.644-0.644,0.644,545,6,360070002003 B+ at 6 m,0.98,
f094,"67 S Washington St, Binghamton, NY 13903",file 14,13903,25,Arson,maps/types_sample/13903_arson.png,12.985,0.519,360070017005,D+,0.711,0.711-0.711,0.711,580,104,,1.0,
g06,"299 Robinson St, Binghamton, NY 13904",photo list,13903,25,Murder,maps/types_sample/13903_murder.png,12.985,0.519,360070007001,D,0.799,0.799-0.799,0.799,832,6,360070007002 F at 6 m,0.62,
f019,"47 Lydia St, Binghamton, NY 13905",file 14,13903,25,Murder,maps/types_sample/13903_murder.png,12.985,0.519,360070003003,D-,0.895,0.895-0.895,0.895,844,176,,1.0,
f038,"90 Gaylord St, Binghamton, NY 13904",file 14,13903,25,Murder,maps/types_sample/13903_murder.png,12.985,0.519,360070007003,C-,0.661,0.661-0.661,0.661,549,68,,0.67,
f055,"12 Franklin St, Binghamton, NY 13905",file 14,13903,25,Murder,maps/types_sample/13903_murder.png,12.985,0.519,360070003002,D+,0.711,0.711-0.711,0.711,839,61,,0.81,
f061,"31 Crandall St, Binghamton, NY 13905",file 14,13903,25,Murder,maps/types_sample/13903_murder.png,12.985,0.519,360070002001,F,0.934,0.934-0.934,0.934,2149,102,,0.88,
f067,"33 Lydia St, Binghamton, NY 13905",file 14,13903,25,Murder,maps/types_sample/13903_murder.png,12.985,0.519,360070003003,D-,0.895,0.895-0.895,0.895,844,165,,1.0,
f068,"40 Robinson St, Binghamton, NY 13901",file 14,13903,25,Murder,maps/types_sample/13903_murder.png,12.985,0.519,360070005002,F,0.934,0.934-0.934,0.934,859,95,,1.0,
f069,"127 Burbank Ave, Johnson City, NY 13790",file 14,13903,25,Murder,maps/types_sample/13903_murder.png,12.985,0.519,360070141003,D-,0.895,0.895-0.895,0.895,2002,181,,1.0,
f073,"17 Way St, Binghamton, NY 13901",file 14,13903,25,Murder,maps/types_sample/13903_murder.png,12.985,0.519,360070005003,D+,0.751,0.751-0.751,0.751,1267,96,,0.76,
f084,"34 Pearne St, Binghamton, NY 13901",file 14,13903,25,Murder,maps/types_sample/13903_murder.png,12.985,0.519,360070005001,D,0.799,0.799-0.799,0.799,567,135,,1.0,
f091,"28 Glenwood Ave, Binghamton, NY 13905",file 14,13903,25,Murder,maps/types_sample/13903_murder.png,12.985,0.519,360070002002,F,0.934,0.934-0.934,0.934,545,6,360070002003 D- at 6 m,0.98,
f094,"67 S Washington St, Binghamton, NY 13903",file 14,13903,25,Murder,maps/types_sample/13903_murder.png,12.985,0.519,360070017005,F,0.954,0.954-0.954,0.954,581,104,,1.0,
g06,"299 Robinson St, Binghamton, NY 13904",photo list,13903,25,Vehicle Theft,maps/types_sample/13903_vehicle_theft.png,12.985,0.519,360070007001,A-,0.185,0.185-0.185,0.185,831,6,360070007002 B at 6 m,0.62,
f019,"47 Lydia St, Binghamton, NY 13905",file 14,13903,25,Vehicle Theft,maps/types_sample/13903_vehicle_theft.png,12.985,0.519,360070003003,A-,0.206,0.206-0.206,0.206,844,176,,1.0,
f038,"90 Gaylord St, Binghamton, NY 13904",file 14,13903,25,Vehicle Theft,maps/types_sample/13903_vehicle_theft.png,12.985,0.519,360070007003,A-,0.181,0.181-0.181,0.181,539,68,,0.67,
f055,"12 Franklin St, Binghamton, NY 13905",file 14,13903,25,Vehicle Theft,maps/types_sample/13903_vehicle_theft.png,12.985,0.519,360070003002,B+,0.267,0.267-0.267,0.267,834,61,,0.81,
f061,"31 Crandall St, Binghamton, NY 13905",file 14,13903,25,Vehicle Theft,maps/types_sample/13903_vehicle_theft.png,12.985,0.519,360070002001,B+,0.278,0.278-0.278,0.278,2124,102,,0.88,
f067,"33 Lydia St, Binghamton, NY 13905",file 14,13903,25,Vehicle Theft,maps/types_sample/13903_vehicle_theft.png,12.985,0.519,360070003003,A-,0.206,0.206-0.206,0.206,844,165,,1.0,
f068,"40 Robinson St, Binghamton, NY 13901",file 14,13903,25,Vehicle Theft,maps/types_sample/13903_vehicle_theft.png,12.985,0.519,360070005002,B+,0.299,0.299-0.299,0.299,852,95,,1.0,
f069,"127 Burbank Ave, Johnson City, NY 13790",file 14,13903,25,Vehicle Theft,maps/types_sample/13903_vehicle_theft.png,12.985,0.519,360070141003,A-,0.206,0.206-0.206,0.206,1998,181,,1.0,
f073,"17 Way St, Binghamton, NY 13901",file 14,13903,25,Vehicle Theft,maps/types_sample/13903_vehicle_theft.png,12.985,0.519,360070005003,B+,0.282,0.282-0.282,0.282,1255,96,,0.76,
f084,"34 Pearne St, Binghamton, NY 13901",file 14,13903,25,Vehicle Theft,maps/types_sample/13903_vehicle_theft.png,12.985,0.519,360070005001,A-,0.212,0.212-0.212,0.212,572,135,,1.0,
f091,"28 Glenwood Ave, Binghamton, NY 13905",file 14,13903,25,Vehicle Theft,maps/types_sample/13903_vehicle_theft.png,12.985,0.519,360070002002,B+,0.299,0.299-0.299,0.299,536,6,360070002003 B+ at 6 m,0.98,
f094,"67 S Washington St, Binghamton, NY 13903",file 14,13903,25,Vehicle Theft,maps/types_sample/13903_vehicle_theft.png,12.985,0.519,360070017005,B+,0.278,0.278-0.278,0.278,571,104,,1.0,
g06,"299 Robinson St, Binghamton, NY 13904",photo list,13903,25,Burglary,maps/types_sample/13903_burglary.png,12.985,0.519,360070007001,D-,0.866,0.866-0.866,0.866,838,6,360070007002 F at 6 m,0.62,
f019,"47 Lydia St, Binghamton, NY 13905",file 14,13903,25,Burglary,maps/types_sample/13903_burglary.png,12.985,0.519,360070003003,F,0.934,0.934-0.934,0.934,850,176,,1.0,
f038,"90 Gaylord St, Binghamton, NY 13904",file 14,13903,25,Burglary,maps/types_sample/13903_burglary.png,12.985,0.519,360070007003,D-,0.895,0.895-0.895,0.895,547,68,,0.67,
f055,"12 Franklin St, Binghamton, NY 13905",file 14,13903,25,Burglary,maps/types_sample/13903_burglary.png,12.985,0.519,360070003002,F,0.934,0.934-0.934,0.934,841,61,,0.81,
f061,"31 Crandall St, Binghamton, NY 13905",file 14,13903,25,Burglary,maps/types_sample/13903_burglary.png,12.985,0.519,360070002001,F,0.985,0.985-0.985,0.985,2133,102,,0.88,
f067,"33 Lydia St, Binghamton, NY 13905",file 14,13903,25,Burglary,maps/types_sample/13903_burglary.png,12.985,0.519,360070003003,F,0.934,0.934-0.934,0.934,850,165,,1.0,
f068,"40 Robinson St, Binghamton, NY 13901",file 14,13903,25,Burglary,maps/types_sample/13903_burglary.png,12.985,0.519,360070005002,F,0.954,0.954-0.954,0.954,861,95,,1.0,
f069,"127 Burbank Ave, Johnson City, NY 13790",file 14,13903,25,Burglary,maps/types_sample/13903_burglary.png,12.985,0.519,360070141003,F,0.954,0.954-0.954,0.954,2000,181,,1.0,
f073,"17 Way St, Binghamton, NY 13901",file 14,13903,25,Burglary,maps/types_sample/13903_burglary.png,12.985,0.519,360070005003,F,0.934,0.934-0.934,0.934,1267,96,,0.76,
f084,"34 Pearne St, Binghamton, NY 13901",file 14,13903,25,Burglary,maps/types_sample/13903_burglary.png,12.985,0.519,360070005001,F,0.934,0.934-0.934,0.934,572,135,,1.0,
f091,"28 Glenwood Ave, Binghamton, NY 13905",file 14,13903,25,Burglary,maps/types_sample/13903_burglary.png,12.985,0.519,360070002002,F,0.961,0.961-0.961,0.961,539,6,360070002003 F at 6 m,0.98,
f094,"67 S Washington St, Binghamton, NY 13903",file 14,13903,25,Burglary,maps/types_sample/13903_burglary.png,12.985,0.519,360070017005,F,0.961,0.961-0.961,0.961,577,104,,1.0,
g06,"299 Robinson St, Binghamton, NY 13904",photo list,13903,25,Theft,maps/types_sample/13903_theft.png,12.985,0.519,360070007001,C,0.568,0.568-0.568,0.568,845,6,360070007002 D at 6 m,0.62,
f019,"47 Lydia St, Binghamton, NY 13905",file 14,13903,25,Theft,maps/types_sample/13903_theft.png,12.985,0.519,360070003003,C,0.597,0.597-0.597,0.597,849,176,,1.0,
f038,"90 Gaylord St, Binghamton, NY 13904",file 14,13903,25,Theft,maps/types_sample/13903_theft.png,12.985,0.519,360070007003,D,0.799,0.799-0.799,0.799,544,68,,0.67,
f055,"12 Franklin St, Binghamton, NY 13905",file 14,13903,25,Theft,maps/types_sample/13903_theft.png,12.985,0.519,360070003002,D-,0.872,0.872-0.872,0.872,837,61,,0.81,
f061,"31 Crandall St, Binghamton, NY 13905",file 14,13903,25,Theft,maps/types_sample/13903_theft.png,12.985,0.519,360070002001,F,0.934,0.934-0.934,0.934,2161,102,,0.88,
f067,"33 Lydia St, Binghamton, NY 13905",file 14,13903,25,Theft,maps/types_sample/13903_theft.png,12.985,0.519,360070003003,C,0.597,0.597-0.597,0.597,849,165,,1.0,
f068,"40 Robinson St, Binghamton, NY 13901",file 14,13903,25,Theft,maps/types_sample/13903_theft.png,12.985,0.519,360070005002,D-,0.858,0.858-0.858,0.858,865,95,,1.0,
f069,"127 Burbank Ave, Johnson City, NY 13790",file 14,13903,25,Theft,maps/types_sample/13903_theft.png,12.985,0.519,360070141003,C,0.598,0.598-0.598,0.598,2002,181,,1.0,
f073,"17 Way St, Binghamton, NY 13901",file 14,13903,25,Theft,maps/types_sample/13903_theft.png,12.985,0.519,360070005003,F,0.934,0.934-0.934,0.934,1267,96,,0.76,
f084,"34 Pearne St, Binghamton, NY 13901",file 14,13903,25,Theft,maps/types_sample/13903_theft.png,12.985,0.519,360070005001,D+,0.756,0.756-0.756,0.756,572,135,,1.0,
f091,"28 Glenwood Ave, Binghamton, NY 13905",file 14,13903,25,Theft,maps/types_sample/13903_theft.png,12.985,0.519,360070002002,D-,0.895,0.895-0.895,0.895,544,6,360070002003 C at 6 m,0.98,
f094,"67 S Washington St, Binghamton, NY 13903",file 14,13903,25,Theft,maps/types_sample/13903_theft.png,12.985,0.519,360070017005,F,0.961,0.961-0.961,0.961,577,104,,1.0,
g06,"299 Robinson St, Binghamton, NY 13904",photo list,13903,25,Vandalism,maps/types_sample/13903_vandalism.png,12.985,0.519,360070007001,B,0.316,0.316-0.316,0.316,826,6,360070007002 C+ at 6 m,0.62,
f019,"47 Lydia St, Binghamton, NY 13905",file 14,13903,25,Vandalism,maps/types_sample/13903_vandalism.png,12.985,0.519,360070003003,C+,0.467,0.467-0.467,0.467,850,176,,1.0,
f038,"90 Gaylord St, Binghamton, NY 13904",file 14,13903,25,Vandalism,maps/types_sample/13903_vandalism.png,12.985,0.519,360070007003,A-,0.17,0.17-0.17,0.17,537,68,,0.67,
f055,"12 Franklin St, Binghamton, NY 13905",file 14,13903,25,Vandalism,maps/types_sample/13903_vandalism.png,12.985,0.519,360070003002,C+,0.52,0.52-0.52,0.52,841,61,,0.81,
f061,"31 Crandall St, Binghamton, NY 13905",file 14,13903,25,Vandalism,maps/types_sample/13903_vandalism.png,12.985,0.519,360070002001,C,0.543,0.543-0.543,0.543,2159,102,,0.88,on the C+/C line
f067,"33 Lydia St, Binghamton, NY 13905",file 14,13903,25,Vandalism,maps/types_sample/13903_vandalism.png,12.985,0.519,360070003003,C+,0.467,0.467-0.467,0.467,850,165,,1.0,
f068,"40 Robinson St, Binghamton, NY 13901",file 14,13903,25,Vandalism,maps/types_sample/13903_vandalism.png,12.985,0.519,360070005002,C,0.543,0.543-0.543,0.543,860,95,,1.0,on the C+/C line
f069,"127 Burbank Ave, Johnson City, NY 13790",file 14,13903,25,Vandalism,maps/types_sample/13903_vandalism.png,12.985,0.519,360070141003,B-,0.43,0.43-0.43,0.43,2002,181,,1.0,
f073,"17 Way St, Binghamton, NY 13901",file 14,13903,25,Vandalism,maps/types_sample/13903_vandalism.png,12.985,0.519,360070005003,C+,0.523,0.523-0.523,0.523,1267,96,,0.76,
f084,"34 Pearne St, Binghamton, NY 13901",file 14,13903,25,Vandalism,maps/types_sample/13903_vandalism.png,12.985,0.519,360070005001,C+,0.467,0.467-0.467,0.467,570,135,,1.0,
f091,"28 Glenwood Ave, Binghamton, NY 13905",file 14,13903,25,Vandalism,maps/types_sample/13903_vandalism.png,12.985,0.519,360070002002,C+,0.504,0.504-0.504,0.504,544,6,360070002003 C+ at 6 m,0.98,
f094,"67 S Washington St, Binghamton, NY 13903",file 14,13903,25,Vandalism,maps/types_sample/13903_vandalism.png,12.985,0.519,360070017005,C,0.568,0.568-0.568,0.568,583,104,,1.0,
g06,"299 Robinson St, Binghamton, NY 13904",photo list,13904,26,Robbery,maps/types_sample/13904_robbery.png,12.735,0.631,360070007001,A+,0.06,0.06-0.06,0.06,806,6,360070007002 D- at 6 m,1.0,
f019,"47 Lydia St, Binghamton, NY 13905",file 14,13904,26,Robbery,maps/types_sample/13904_robbery.png,12.735,0.631,360070003003,C-,0.644,0.644-0.644,0.644,487,176,,1.0,
f038,"90 Gaylord St, Binghamton, NY 13904",file 14,13904,26,Robbery,maps/types_sample/13904_robbery.png,12.735,0.631,360070007003,C+,0.467,0.467-0.467,0.467,424,68,,1.0,
f055,"12 Franklin St, Binghamton, NY 13905",file 14,13904,26,Robbery,maps/types_sample/13904_robbery.png,12.735,0.631,360070003002,D,0.794,0.794-0.794,0.794,525,61,,1.0,
f061,"31 Crandall St, Binghamton, NY 13905",file 14,13904,26,Robbery,maps/types_sample/13904_robbery.png,12.735,0.631,360070002001,D-,0.895,0.895-0.895,0.895,1469,102,,1.0,
f067,"33 Lydia St, Binghamton, NY 13905",file 14,13904,26,Robbery,maps/types_sample/13904_robbery.png,12.735,0.631,360070003003,C-,0.644,0.644-0.644,0.644,487,165,,1.0,
f068,"40 Robinson St, Binghamton, NY 13901",file 14,13904,26,Robbery,maps/types_sample/13904_robbery.png,12.735,0.631,360070005002,F,0.934,0.934-0.934,0.934,519,95,,1.0,
f069,"127 Burbank Ave, Johnson City, NY 13790",file 14,13904,26,Robbery,maps/types_sample/13904_robbery.png,12.735,0.631,360070141003,C+,0.52,0.52-0.52,0.52,559,181,,0.45,block group partly off the map
f073,"17 Way St, Binghamton, NY 13901",file 14,13904,26,Robbery,maps/types_sample/13904_robbery.png,12.735,0.631,360070005003,D-,0.866,0.866-0.866,0.866,974,96,,1.0,
f084,"34 Pearne St, Binghamton, NY 13901",file 14,13904,26,Robbery,maps/types_sample/13904_robbery.png,12.735,0.631,360070005001,C-,0.658,0.658-0.658,0.658,300,135,,1.0,
f091,"28 Glenwood Ave, Binghamton, NY 13905",file 14,13904,26,Robbery,maps/types_sample/13904_robbery.png,12.735,0.631,360070002002,D,0.78,0.78-0.78,0.78,282,6,360070002003 C+ at 6 m,1.0,
f093,"5 Julian St, Binghamton, NY 13905",file 14,13904,26,Robbery,maps/types_sample/13904_robbery.png,12.735,0.631,360070002003,C+,0.504,0.504-0.504,0.504,350,6,360070002002 D at 6 m,1.0,
f094,"67 S Washington St, Binghamton, NY 13903",file 14,13904,26,Robbery,maps/types_sample/13904_robbery.png,12.735,0.631,360070017005,F,0.934,0.934-0.934,0.934,341,104,,1.0,
g06,"299 Robinson St, Binghamton, NY 13904",photo list,13904,26,Assault,maps/types_sample/13904_assault.png,12.735,0.631,360070007001,D,0.799,0.799-0.799,0.799,811,6,360070007002 D- at 6 m,1.0,
f019,"47 Lydia St, Binghamton, NY 13905",file 14,13904,26,Assault,maps/types_sample/13904_assault.png,12.735,0.631,360070003003,D-,0.895,0.895-0.895,0.895,488,176,,1.0,
f038,"90 Gaylord St, Binghamton, NY 13904",file 14,13904,26,Assault,maps/types_sample/13904_assault.png,12.735,0.631,360070007003,D-,0.895,0.895-0.895,0.895,423,68,,1.0,
f055,"12 Franklin St, Binghamton, NY 13905",file 14,13904,26,Assault,maps/types_sample/13904_assault.png,12.735,0.631,360070003002,D-,0.889,0.889-0.889,0.889,525,61,,1.0,
f061,"31 Crandall St, Binghamton, NY 13905",file 14,13904,26,Assault,maps/types_sample/13904_assault.png,12.735,0.631,360070002001,D-,0.895,0.895-0.895,0.895,1469,102,,1.0,
f067,"33 Lydia St, Binghamton, NY 13905",file 14,13904,26,Assault,maps/types_sample/13904_assault.png,12.735,0.631,360070003003,D-,0.895,0.895-0.895,0.895,488,165,,1.0,
f068,"40 Robinson St, Binghamton, NY 13901",file 14,13904,26,Assault,maps/types_sample/13904_assault.png,12.735,0.631,360070005002,F,0.934,0.934-0.934,0.934,518,95,,1.0,
f069,"127 Burbank Ave, Johnson City, NY 13790",file 14,13904,26,Assault,maps/types_sample/13904_assault.png,12.735,0.631,360070141003,D,0.774,0.774-0.774,0.774,555,181,,0.45,block group partly off the map
f073,"17 Way St, Binghamton, NY 13901",file 14,13904,26,Assault,maps/types_sample/13904_assault.png,12.735,0.631,360070005003,D-,0.895,0.895-0.895,0.895,971,96,,1.0,
f084,"34 Pearne St, Binghamton, NY 13901",file 14,13904,26,Assault,maps/types_sample/13904_assault.png,12.735,0.631,360070005001,D-,0.913,0.913-0.913,0.913,296,135,,1.0,
f091,"28 Glenwood Ave, Binghamton, NY 13905",file 14,13904,26,Assault,maps/types_sample/13904_assault.png,12.735,0.631,360070002002,F,0.934,0.934-0.934,0.934,289,6,360070002003 D- at 6 m,1.0,
f093,"5 Julian St, Binghamton, NY 13905",file 14,13904,26,Assault,maps/types_sample/13904_assault.png,12.735,0.631,360070002003,D-,0.895,0.895-0.895,0.895,350,6,360070002002 F at 6 m,1.0,
f094,"67 S Washington St, Binghamton, NY 13903",file 14,13904,26,Assault,maps/types_sample/13904_assault.png,12.735,0.631,360070017005,F,0.954,0.954-0.954,0.954,341,104,,1.0,
g06,"299 Robinson St, Binghamton, NY 13904",photo list,13904,26,Drug-Related Crime,maps/types_sample/13904_drug.png,12.735,0.631,360070007001,B+,0.282,0.282-0.282,0.282,807,6,360070007002 D+ at 6 m,1.0,
f019,"47 Lydia St, Binghamton, NY 13905",file 14,13904,26,Drug-Related Crime,maps/types_sample/13904_drug.png,12.735,0.631,360070003003,B-,0.43,0.43-0.43,0.43,485,176,,1.0,
f038,"90 Gaylord St, Binghamton, NY 13904",file 14,13904,26,Drug-Related Crime,maps/types_sample/13904_drug.png,12.735,0.631,360070007003,B+,0.278,0.278-0.278,0.278,416,68,,1.0,
f055,"12 Franklin St, Binghamton, NY 13905",file 14,13904,26,Drug-Related Crime,maps/types_sample/13904_drug.png,12.735,0.631,360070003002,B-,0.388,0.388-0.388,0.388,528,61,,1.0,on the B/B- line
f061,"31 Crandall St, Binghamton, NY 13905",file 14,13904,26,Drug-Related Crime,maps/types_sample/13904_drug.png,12.735,0.631,360070002001,D,0.844,0.844-0.844,0.844,1471,102,,1.0,on the D/D- line
f067,"33 Lydia St, Binghamton, NY 13905",file 14,13904,26,Drug-Related Crime,maps/types_sample/13904_drug.png,12.735,0.631,360070003003,B-,0.43,0.43-0.43,0.43,485,165,,1.0,
f068,"40 Robinson St, Binghamton, NY 13901",file 14,13904,26,Drug-Related Crime,maps/types_sample/13904_drug.png,12.735,0.631,360070005002,C+,0.482,0.482-0.482,0.482,519,95,,1.0,
f069,"127 Burbank Ave, Johnson City, NY 13790",file 14,13904,26,Drug-Related Crime,maps/types_sample/13904_drug.png,12.735,0.631,360070141003,B,0.336,0.336-0.336,0.336,556,181,,0.45,block group partly off the map
f073,"17 Way St, Binghamton, NY 13901",file 14,13904,26,Drug-Related Crime,maps/types_sample/13904_drug.png,12.735,0.631,360070005003,C+,0.504,0.504-0.504,0.504,972,96,,1.0,
f084,"34 Pearne St, Binghamton, NY 13901",file 14,13904,26,Drug-Related Crime,maps/types_sample/13904_drug.png,12.735,0.631,360070005001,C+,0.482,0.482-0.482,0.482,296,135,,1.0,
f091,"28 Glenwood Ave, Binghamton, NY 13905",file 14,13904,26,Drug-Related Crime,maps/types_sample/13904_drug.png,12.735,0.631,360070002002,C+,0.482,0.482-0.482,0.482,288,6,360070002003 B- at 6 m,1.0,
f093,"5 Julian St, Binghamton, NY 13905",file 14,13904,26,Drug-Related Crime,maps/types_sample/13904_drug.png,12.735,0.631,360070002003,B-,0.445,0.445-0.445,0.445,350,6,360070002002 C+ at 6 m,1.0,
f094,"67 S Washington St, Binghamton, NY 13903",file 14,13904,26,Drug-Related Crime,maps/types_sample/13904_drug.png,12.735,0.631,360070017005,C+,0.523,0.523-0.523,0.523,342,104,,1.0,
g06,"299 Robinson St, Binghamton, NY 13904",photo list,13904,26,Vandalism,maps/types_sample/13904_vandalism.png,12.735,0.631,360070007001,B,0.316,0.316-0.316,0.316,807,6,360070007002 C+ at 6 m,1.0,
f019,"47 Lydia St, Binghamton, NY 13905",file 14,13904,26,Vandalism,maps/types_sample/13904_vandalism.png,12.735,0.631,360070003003,C+,0.467,0.467-0.467,0.467,488,176,,1.0,
f038,"90 Gaylord St, Binghamton, NY 13904",file 14,13904,26,Vandalism,maps/types_sample/13904_vandalism.png,12.735,0.631,360070007003,A-,0.17,0.17-0.17,0.17,416,68,,1.0,
f055,"12 Franklin St, Binghamton, NY 13905",file 14,13904,26,Vandalism,maps/types_sample/13904_vandalism.png,12.735,0.631,360070003002,C+,0.52,0.52-0.52,0.52,536,61,,1.0,
f061,"31 Crandall St, Binghamton, NY 13905",file 14,13904,26,Vandalism,maps/types_sample/13904_vandalism.png,12.735,0.631,360070002001,C,0.543,0.543-0.543,0.543,1471,102,,1.0,on the C+/C line
f067,"33 Lydia St, Binghamton, NY 13905",file 14,13904,26,Vandalism,maps/types_sample/13904_vandalism.png,12.735,0.631,360070003003,C+,0.467,0.467-0.467,0.467,488,165,,1.0,
f068,"40 Robinson St, Binghamton, NY 13901",file 14,13904,26,Vandalism,maps/types_sample/13904_vandalism.png,12.735,0.631,360070005002,C,0.543,0.543-0.543,0.543,519,95,,1.0,on the C+/C line
f069,"127 Burbank Ave, Johnson City, NY 13790",file 14,13904,26,Vandalism,maps/types_sample/13904_vandalism.png,12.735,0.631,360070141003,B-,0.43,0.43-0.43,0.43,558,181,,0.45,block group partly off the map
f073,"17 Way St, Binghamton, NY 13901",file 14,13904,26,Vandalism,maps/types_sample/13904_vandalism.png,12.735,0.631,360070005003,C+,0.523,0.523-0.523,0.523,972,96,,1.0,
f084,"34 Pearne St, Binghamton, NY 13901",file 14,13904,26,Vandalism,maps/types_sample/13904_vandalism.png,12.735,0.631,360070005001,C+,0.467,0.467-0.467,0.467,294,135,,1.0,
f091,"28 Glenwood Ave, Binghamton, NY 13905",file 14,13904,26,Vandalism,maps/types_sample/13904_vandalism.png,12.735,0.631,360070002002,C+,0.504,0.504-0.504,0.504,288,6,360070002003 C+ at 6 m,1.0,
f093,"5 Julian St, Binghamton, NY 13905",file 14,13904,26,Vandalism,maps/types_sample/13904_vandalism.png,12.735,0.631,360070002003,C+,0.52,0.52-0.52,0.52,352,6,360070002002 C+ at 6 m,1.0,
f094,"67 S Washington St, Binghamton, NY 13903",file 14,13904,26,Vandalism,maps/types_sample/13904_vandalism.png,12.735,0.631,360070017005,C,0.568,0.568-0.568,0.568,343,104,,1.0,
g06,"299 Robinson St, Binghamton, NY 13904",photo list,13904,26,Murder,maps/types_sample/13904_murder.png,12.735,0.631,360070007001,D,0.799,0.799-0.799,0.799,808,6,360070007002 F at 6 m,1.0,
f019,"47 Lydia St, Binghamton, NY 13905",file 14,13904,26,Murder,maps/types_sample/13904_murder.png,12.735,0.631,360070003003,D-,0.895,0.895-0.895,0.895,485,176,,1.0,
f038,"90 Gaylord St, Binghamton, NY 13904",file 14,13904,26,Murder,maps/types_sample/13904_murder.png,12.735,0.631,360070007003,C-,0.661,0.661-0.661,0.661,426,68,,1.0,
f055,"12 Franklin St, Binghamton, NY 13905",file 14,13904,26,Murder,maps/types_sample/13904_murder.png,12.735,0.631,360070003002,D+,0.711,0.711-0.711,0.711,536,61,,1.0,
f061,"31 Crandall St, Binghamton, NY 13905",file 14,13904,26,Murder,maps/types_sample/13904_murder.png,12.735,0.631,360070002001,F,0.934,0.934-0.934,0.934,1469,102,,1.0,
f067,"33 Lydia St, Binghamton, NY 13905",file 14,13904,26,Murder,maps/types_sample/13904_murder.png,12.735,0.631,360070003003,D-,0.895,0.895-0.895,0.895,485,165,,1.0,
f068,"40 Robinson St, Binghamton, NY 13901",file 14,13904,26,Murder,maps/types_sample/13904_murder.png,12.735,0.631,360070005002,F,0.934,0.934-0.934,0.934,518,95,,1.0,
f069,"127 Burbank Ave, Johnson City, NY 13790",file 14,13904,26,Murder,maps/types_sample/13904_murder.png,12.735,0.631,360070141003,D-,0.895,0.895-0.895,0.895,558,181,,0.45,block group partly off the map
f073,"17 Way St, Binghamton, NY 13901",file 14,13904,26,Murder,maps/types_sample/13904_murder.png,12.735,0.631,360070005003,D+,0.751,0.751-0.751,0.751,972,96,,1.0,
f084,"34 Pearne St, Binghamton, NY 13901",file 14,13904,26,Murder,maps/types_sample/13904_murder.png,12.735,0.631,360070005001,D,0.799,0.799-0.799,0.799,293,135,,1.0,
f091,"28 Glenwood Ave, Binghamton, NY 13905",file 14,13904,26,Murder,maps/types_sample/13904_murder.png,12.735,0.631,360070002002,F,0.934,0.934-0.934,0.934,288,6,360070002003 D- at 6 m,1.0,
f093,"5 Julian St, Binghamton, NY 13905",file 14,13904,26,Murder,maps/types_sample/13904_murder.png,12.735,0.631,360070002003,D-,0.858,0.858-0.858,0.858,358,6,360070002002 F at 6 m,1.0,
f094,"67 S Washington St, Binghamton, NY 13903",file 14,13904,26,Murder,maps/types_sample/13904_murder.png,12.735,0.631,360070017005,F,0.954,0.954-0.954,0.954,341,104,,1.0,
g06,"299 Robinson St, Binghamton, NY 13904",photo list,13904,26,Vehicle Theft,maps/types_sample/13904_vehicle_theft.png,12.735,0.631,360070007001,A-,0.185,0.185-0.185,0.185,807,6,360070007002 B at 6 m,1.0,
f019,"47 Lydia St, Binghamton, NY 13905",file 14,13904,26,Vehicle Theft,maps/types_sample/13904_vehicle_theft.png,12.735,0.631,360070003003,A-,0.206,0.206-0.206,0.206,485,176,,1.0,
f038,"90 Gaylord St, Binghamton, NY 13904",file 14,13904,26,Vehicle Theft,maps/types_sample/13904_vehicle_theft.png,12.735,0.631,360070007003,A-,0.181,0.181-0.181,0.181,418,68,,1.0,
f055,"12 Franklin St, Binghamton, NY 13905",file 14,13904,26,Vehicle Theft,maps/types_sample/13904_vehicle_theft.png,12.735,0.631,360070003002,B+,0.267,0.267-0.267,0.267,530,61,,1.0,
f061,"31 Crandall St, Binghamton, NY 13905",file 14,13904,26,Vehicle Theft,maps/types_sample/13904_vehicle_theft.png,12.735,0.631,360070002001,B+,0.278,0.278-0.278,0.278,1457,102,,1.0,
f067,"33 Lydia St, Binghamton, NY 13905",file 14,13904,26,Vehicle Theft,maps/types_sample/13904_vehicle_theft.png,12.735,0.631,360070003003,A-,0.206,0.206-0.206,0.206,485,165,,1.0,
f068,"40 Robinson St, Binghamton, NY 13901",file 14,13904,26,Vehicle Theft,maps/types_sample/13904_vehicle_theft.png,12.735,0.631,360070005002,B+,0.299,0.299-0.299,0.299,509,95,,1.0,
f069,"127 Burbank Ave, Johnson City, NY 13790",file 14,13904,26,Vehicle Theft,maps/types_sample/13904_vehicle_theft.png,12.735,0.631,360070141003,A-,0.206,0.206-0.206,0.206,558,181,,0.45,block group partly off the map
f073,"17 Way St, Binghamton, NY 13901",file 14,13904,26,Vehicle Theft,maps/types_sample/13904_vehicle_theft.png,12.735,0.631,360070005003,B+,0.282,0.282-0.282,0.282,966,96,,1.0,
f084,"34 Pearne St, Binghamton, NY 13901",file 14,13904,26,Vehicle Theft,maps/types_sample/13904_vehicle_theft.png,12.735,0.631,360070005001,A-,0.212,0.212-0.212,0.212,295,135,,1.0,
f091,"28 Glenwood Ave, Binghamton, NY 13905",file 14,13904,26,Vehicle Theft,maps/types_sample/13904_vehicle_theft.png,12.735,0.631,360070002002,B+,0.299,0.299-0.299,0.299,282,6,360070002003 B+ at 6 m,1.0,
f093,"5 Julian St, Binghamton, NY 13905",file 14,13904,26,Vehicle Theft,maps/types_sample/13904_vehicle_theft.png,12.735,0.631,360070002003,B+,0.273,0.273-0.273,0.273,343,6,360070002002 B+ at 6 m,1.0,
f094,"67 S Washington St, Binghamton, NY 13903",file 14,13904,26,Vehicle Theft,maps/types_sample/13904_vehicle_theft.png,12.735,0.631,360070017005,B+,0.278,0.278-0.278,0.278,333,104,,1.0,
g06,"299 Robinson St, Binghamton, NY 13904",photo list,13904,26,Burglary,maps/types_sample/13904_burglary.png,12.735,0.631,360070007001,D-,0.866,0.866-0.866,0.866,814,6,360070007002 F at 6 m,1.0,
f019,"47 Lydia St, Binghamton, NY 13905",file 14,13904,26,Burglary,maps/types_sample/13904_burglary.png,12.735,0.631,360070003003,F,0.934,0.934-0.934,0.934,491,176,,1.0,
f038,"90 Gaylord St, Binghamton, NY 13904",file 14,13904,26,Burglary,maps/types_sample/13904_burglary.png,12.735,0.631,360070007003,D-,0.895,0.895-0.895,0.895,424,68,,1.0,
f055,"12 Franklin St, Binghamton, NY 13905",file 14,13904,26,Burglary,maps/types_sample/13904_burglary.png,12.735,0.631,360070003002,F,0.934,0.934-0.934,0.934,536,61,,1.0,
f061,"31 Crandall St, Binghamton, NY 13905",file 14,13904,26,Burglary,maps/types_sample/13904_burglary.png,12.735,0.631,360070002001,F,0.985,0.985-0.985,0.985,1460,102,,1.0,
f067,"33 Lydia St, Binghamton, NY 13905",file 14,13904,26,Burglary,maps/types_sample/13904_burglary.png,12.735,0.631,360070003003,F,0.934,0.934-0.934,0.934,491,165,,1.0,
f068,"40 Robinson St, Binghamton, NY 13901",file 14,13904,26,Burglary,maps/types_sample/13904_burglary.png,12.735,0.631,360070005002,F,0.954,0.954-0.954,0.954,518,95,,1.0,
f069,"127 Burbank Ave, Johnson City, NY 13790",file 14,13904,26,Burglary,maps/types_sample/13904_burglary.png,12.735,0.631,360070141003,F,0.954,0.954-0.954,0.954,556,181,,0.45,block group partly off the map
f073,"17 Way St, Binghamton, NY 13901",file 14,13904,26,Burglary,maps/types_sample/13904_burglary.png,12.735,0.631,360070005003,F,0.934,0.934-0.934,0.934,973,96,,1.0,
f084,"34 Pearne St, Binghamton, NY 13901",file 14,13904,26,Burglary,maps/types_sample/13904_burglary.png,12.735,0.631,360070005001,F,0.934,0.934-0.934,0.934,295,135,,1.0,
f091,"28 Glenwood Ave, Binghamton, NY 13905",file 14,13904,26,Burglary,maps/types_sample/13904_burglary.png,12.735,0.631,360070002002,F,0.961,0.961-0.961,0.961,282,6,360070002003 F at 6 m,1.0,
f093,"5 Julian St, Binghamton, NY 13905",file 14,13904,26,Burglary,maps/types_sample/13904_burglary.png,12.735,0.631,360070002003,F,0.954,0.954-0.954,0.954,347,6,360070002002 F at 6 m,1.0,
f094,"67 S Washington St, Binghamton, NY 13903",file 14,13904,26,Burglary,maps/types_sample/13904_burglary.png,12.735,0.631,360070017005,F,0.961,0.961-0.961,0.961,333,104,,1.0,
g06,"299 Robinson St, Binghamton, NY 13904",photo list,13904,26,Theft,maps/types_sample/13904_theft.png,12.735,0.631,360070007001,C,0.568,0.568-0.568,0.568,825,6,360070007002 D at 6 m,1.0,
f019,"47 Lydia St, Binghamton, NY 13905",file 14,13904,26,Theft,maps/types_sample/13904_theft.png,12.735,0.631,360070003003,C,0.597,0.597-0.597,0.597,488,176,,1.0,
f038,"90 Gaylord St, Binghamton, NY 13904",file 14,13904,26,Theft,maps/types_sample/13904_theft.png,12.735,0.631,360070007003,D,0.799,0.799-0.799,0.799,423,68,,1.0,
f055,"12 Franklin St, Binghamton, NY 13905",file 14,13904,26,Theft,maps/types_sample/13904_theft.png,12.735,0.631,360070003002,D-,0.872,0.872-0.872,0.872,531,61,,1.0,
f061,"31 Crandall St, Binghamton, NY 13905",file 14,13904,26,Theft,maps/types_sample/13904_theft.png,12.735,0.631,360070002001,F,0.934,0.934-0.934,0.934,1474,102,,1.0,
f067,"33 Lydia St, Binghamton, NY 13905",file 14,13904,26,Theft,maps/types_sample/13904_theft.png,12.735,0.631,360070003003,C,0.597,0.597-0.597,0.597,488,165,,1.0,
f068,"40 Robinson St, Binghamton, NY 13901",file 14,13904,26,Theft,maps/types_sample/13904_theft.png,12.735,0.631,360070005002,D-,0.858,0.858-0.858,0.858,521,95,,1.0,
f069,"127 Burbank Ave, Johnson City, NY 13790",file 14,13904,26,Theft,maps/types_sample/13904_theft.png,12.735,0.631,360070141003,C,0.598,0.598-0.598,0.598,558,181,,0.45,block group partly off the map
f073,"17 Way St, Binghamton, NY 13901",file 14,13904,26,Theft,maps/types_sample/13904_theft.png,12.735,0.631,360070005003,F,0.934,0.934-0.934,0.934,973,96,,1.0,
f084,"34 Pearne St, Binghamton, NY 13901",file 14,13904,26,Theft,maps/types_sample/13904_theft.png,12.735,0.631,360070005001,D+,0.756,0.756-0.756,0.756,294,135,,1.0,
f091,"28 Glenwood Ave, Binghamton, NY 13905",file 14,13904,26,Theft,maps/types_sample/13904_theft.png,12.735,0.631,360070002002,D-,0.895,0.895-0.895,0.895,288,6,360070002003 C at 6 m,1.0,
f093,"5 Julian St, Binghamton, NY 13905",file 14,13904,26,Theft,maps/types_sample/13904_theft.png,12.735,0.631,360070002003,C,0.543,0.543-0.543,0.543,351,6,360070002002 D- at 6 m,1.0,on the C+/C line
f094,"67 S Washington St, Binghamton, NY 13903",file 14,13904,26,Theft,maps/types_sample/13904_theft.png,12.735,0.631,360070017005,F,0.961,0.961-0.961,0.961,335,104,,1.0,
g06,"299 Robinson St, Binghamton, NY 13904",photo list,13904,26,Arson,maps/types_sample/13904_arson.png,12.735,0.631,360070007001,A-,0.206,0.206-0.206,0.206,811,6,360070007002 C- at 6 m,1.0,
f019,"47 Lydia St, Binghamton, NY 13905",file 14,13904,26,Arson,maps/types_sample/13904_arson.png,12.735,0.631,360070003003,C,0.597,0.597-0.597,0.597,493,176,,1.0,
f038,"90 Gaylord St, Binghamton, NY 13904",file 14,13904,26,Arson,maps/types_sample/13904_arson.png,12.735,0.631,360070007003,A,0.128,0.128-0.128,0.128,414,68,,1.0,
f055,"12 Franklin St, Binghamton, NY 13905",file 14,13904,26,Arson,maps/types_sample/13904_arson.png,12.735,0.631,360070003002,C,0.611,0.611-0.611,0.611,527,61,,1.0,on the C/C- line
f061,"31 Crandall St, Binghamton, NY 13905",file 14,13904,26,Arson,maps/types_sample/13904_arson.png,12.735,0.631,360070002001,D+,0.764,0.764-0.764,0.764,1458,102,,1.0,on the D+/D line
f067,"33 Lydia St, Binghamton, NY 13905",file 14,13904,26,Arson,maps/types_sample/13904_arson.png,12.735,0.631,360070003003,C,0.597,0.597-0.597,0.597,493,165,,1.0,
f068,"40 Robinson St, Binghamton, NY 13901",file 14,13904,26,Arson,maps/types_sample/13904_arson.png,12.735,0.631,360070005002,D,0.794,0.794-0.794,0.794,507,95,,1.0,
f069,"127 Burbank Ave, Johnson City, NY 13790",file 14,13904,26,Arson,maps/types_sample/13904_arson.png,12.735,0.631,360070141003,C,0.611,0.611-0.611,0.611,555,181,,0.45,on the C/C- line; block group partly off the map
f073,"17 Way St, Binghamton, NY 13901",file 14,13904,26,Arson,maps/types_sample/13904_arson.png,12.735,0.631,360070005003,D,0.774,0.774-0.774,0.774,966,96,,1.0,
f084,"34 Pearne St, Binghamton, NY 13901",file 14,13904,26,Arson,maps/types_sample/13904_arson.png,12.735,0.631,360070005001,C+,0.523,0.523-0.523,0.523,294,135,,1.0,
f091,"28 Glenwood Ave, Binghamton, NY 13905",file 14,13904,26,Arson,maps/types_sample/13904_arson.png,12.735,0.631,360070002002,C-,0.644,0.644-0.644,0.644,288,6,360070002003 B+ at 6 m,1.0,
f093,"5 Julian St, Binghamton, NY 13905",file 14,13904,26,Arson,maps/types_sample/13904_arson.png,12.735,0.631,360070002003,B+,0.237,0.237-0.237,0.237,351,6,360070002002 C- at 6 m,1.0,
f094,"67 S Washington St, Binghamton, NY 13903",file 14,13904,26,Arson,maps/types_sample/13904_arson.png,12.735,0.631,360070017005,D+,0.711,0.711-0.711,0.711,340,104,,1.0,
